Year	Title	Chart positions\nAU	Chart positions\nCA	Chart positions\nIE	Chart positions\nNL	Chart positions\nNZ	Chart positions\nUK	Chart positions\nUS\nHot 100	Chart positions\nUS\nAirplay	Chart positions\nUS\nAlternative
1995	"You Oughta Know" A	4	20	—	11	25	22	—	13	1
1995	"Hand in My Pocket"	13	1	—	—	7	26	—	15	1
1996	"Ironic"	3	1	8	6	3	11	4	2	1
1996	"You Learn"	20	1	—	13	—	24	6	1	7
1996	"Head Over Feet"	12	1	11	33	27	7	—	3	25
1997	"All I Really Want"	40	2	—	—	—	59	—	65	14
