"Rank","Views","Closed","Item"
"1","1,319,214","10 July 2013","A printer which was stated to be faulty and 'possessed' was listed by nickftward to be on sale. He used quite a lot of humour and sarcasm to describe it, which made the auction more fun. His description:
\"Words cannot express how much I hate this printer. It never works when I need it to - it's like it knows when I have to urgently print something. It randomly decides if it wants to work wirelessly or not. And scanning wirelessly? Forget about it! When you first turn it on it will play an endless symphony of sounds that are simply there to fool you into thinking that it might actually do what it's designed to do. Don't be fooled. This thing is evil incarnate.\" The winner of the auction was kornholio, with a winning bid of $280 ($1 Reserve Price)"
"2","1,072,893","3 June 2006","Wellington Hurricanes player Tana Umaga hit team-mate Chris Masoe with a Roxy handbag at the \"Jolly Poacher\" bar in Christchurch after Masoe got into an altercation with a patron. The owner of the bag auctioned it via TradeMe for $22,750, generating a large media-story and over 1 million page-views before the auction closed."
"3","810,802","18 June 2009","Mike Whittaker (mikew4) listed his old Kelvinator washing machine under the title 'Scary Washing Machine' due to its behaviour when washing. He created a fictional story about how it sucked his shoes, pants, iron and wife into a vortex, beyond which, there are dinosaurs. The pictures he drew of the supposed dinosaurs are being sold as fund-raisers for NZ charities. T-Shirt company 'MrVintage' has created its own Scary Washing Machine Range of men's and women's T-shirts. The washing machine eventually sold for $5,160."
"4","459,420","1 August 2012","The implosion of Radio Network House on 5 August 2012 was New Zealand's first ever controlled building demolition by explosives. Like most other buildings in the Christchurch Central City, Radio Network House was damaged beyond repair in the 22 February 2011 Christchurch earthquake. The right to push the button for the implosion was put up for auction and became the auction with the third highest page views ever. The winning bid was for $26,000 and the consortium of demolition contractors let the Child Cancer Foundation nominate a six-year-old boy from Queenstown."
"5","355,889","20 January 2012","YOUR Tattoo on my Bum!!"
"6","384,705","24 May 2009","Buy a Tractor and get a 20 acre farm for free"
"7","316,350","7 March 2011","Landscape Rocks for Sale in ChCh (following the February 2011 Christchurch earthquake, there was no shortage of rocks, as whole cliffs had collapsed)"
"8","292,184","6 May 2010","Folden 2010"
"9","276,094","8 January 2009","Jesus Christ Pita Bread"
"10","258,775","9 January 2012","Two days in the studio and advice from Neil Finn"
