"Title","Year","Peak chart positions
US","Peak chart positions
US Dance","Peak chart positions
US Pop","Peak chart positions
US R&B","Peak chart positions
GER","Peak chart positions
NL","Peak chart positions
NOR","Peak chart positions
NZ","Peak chart positions
SWI","Peak chart positions
UK","Album"
"1980","\"Earth Can Be Just Like Heaven\"","—","2","—","—","—","—","—","—","—","—",""
"1980","\"I Got the Feeling\"","—","2","—","—","—","—","—","—","—","—",""
"1980","\"Just Us\"","—","2","—","29","—","—","—","—","—","—",""
"1982","\"It's Raining Men\"","46","1","46","34","43","46","8","13","95","2",""
"1985","\"No One Can Love You More Than Me\"","—","26","—","—","—","—","—","—","—","—",""
"1985","\"Well-A-Wiggy\"","—","—","107","76","—","—","—","—","—","—",""
"1993","\"Can You Feel It\"","—","2","—","—","75","—","—","—","—","—",""
