"Party","Candidate","Votes","%","∆%","Expenditures"
"New Democratic Party","Daryl Reid","4,560","68.74","-0.74","$19,318.05"
"Progressive Conservative","Bryan McLeod","1,470","22.16","+7.76","$2,732.56"
"Liberal","Gerald Basarab","604","9.10","-7.02","$848.80"
"Total valid votes","Total valid votes","6,634","100.00","",""
"Rejected and declined ballots","Rejected and declined ballots","34","","",""
"Turnout","Turnout","6,668","48.75","+0.21",""
"Electors on the lists","Electors on the lists","13,678","","",""
