Year	Single	Peak chart positions\nAT	Peak chart positions\nUK	Peak chart positions\nU.S.\nDance	Peak chart positions\nU.S.\nRock	Peak chart positions\nGER	Peak chart positions\nSUI	Peak chart positions\nNED	Peak chart positions\nSWE	Album
1988 / 89	"Bring Me Edelweiss"	1	5	7	24	2	1	2	1	Singles only
1989	"I Can't Get No... Edelweiss"	—	—	—	—	—	—	—	—	Singles only
1992	"Raumschiff Edelweiss" / "Starship Edelweiss"	1	—	—	—	7	8	19	25	Wonderful World of Edelweiss
1992	"Planet Edelweiss"	14	—	—	—	—	—	—	—	Wonderful World of Edelweiss
1993	"Beam Me Up"	—	—	—	—	—	—	—	—	Wonderful World of Edelweiss
1993	"Ski Instructor"	—	—	—	—	—	—	—	—	Wonderful World of Edelweiss
1997	"Edeltaler Hochzeitsmarsch (Kein Sex vor der Ehe)"	—	—	—	—	—	—	—	—	Singles only
2001	"Bring Me Edelweiss" (Remix)	—	—	—	—	—	—	—	—	Singles only
