"Date","Time (EDT)","Team #1","Res.","Team #2","Round","Spectators"
"1994-06-18","16.00","Italy","0–1","Republic of Ireland","Group E","75,338"
"1994-06-23","16.00","Italy","1–0","Norway","Group E","74,624"
"1994-06-25","12.30","Saudi Arabia","2–1","Morocco","Group F","76,322"
"1994-06-28","12.30","Republic of Ireland","0–0","Norway","Group E","72,404"
"1994-07-05","16.30","Mexico","1–1 (1–3 on pen.)","Bulgaria","Round of 16","71,030"
"1994-07-10","12.00","Bulgaria","2–1","Germany","Quarterfinals","72,000"
"1994-07-13","16.00","Bulgaria","1–2","Italy","Semifinals","74,110"
