Club	Season	League\nApps	League\nGoals	FA Cup\nApps	FA Cup\nGoals	League Cup\nApps	League Cup\nGoals	Other\nApps	Other\nGoals	Total\nApps	Total\nGoals
Bristol Rovers	2000–01	10	2	0	0	0	0	0	0	10	2
Bristol Rovers	2001–02	31	3	3	0	2	0	3	0	39	3
Bristol Rovers	2002–03	9	0	1	0	0	0	1	0	11	0
Bristol Rovers	Total	50	5	4	0	2	0	4	0	60	5
Yeovil Town	2002–03	13	13	0	0	0	0	2	1	15	14
Yeovil Town	2003–04	43	8	3	1	1	0	2	1	49	10
Yeovil Town	2004–05	44	3	5	0	2	0	1	0	52	3
Yeovil Town	2005–06	36	2	3	0	2	1	1	0	42	3
Yeovil Town	Total	136	26	11	1	5	1	6	2	158	30
Carlisle United	2006–07	45	8	1	0	1	0	1	0	48	8
Carlisle United	2007–08	21	1	2	0	2	0	2	2	27	3
Carlisle United	2008–09	0	0	0	0	0	0	0	0	0	0
Carlisle United	Total	66	9	3	0	3	0	3	2	75	11
Darlington (loan)	2008–09	8	0	0	0	0	0	0	0	8	0
Lincoln City (loan)	2008–09	9	0	0	0	1	0	1	0	11	0
Port Vale (loan)	2008–09	7	0	0	0	0	0	0	0	7	0
Darlington	2009–10	10	2	0	0	0	0	2	0	12	2
York City	2009–10	5	1	1	0	0	0	3	0	9	1
Wrexham	2010–11	5	0	0	0	0	0	0	0	5	0
Career total	Career total	296	43	19	1	11	1	19	4	345	49
