"Title","Album details","Peak positions
JPN","Sales"
"The Remixes","Released: September 17, 1997
Label: Avex Trax
Formats: CD","2","640,000"
"The Remixes II","Released: November 18, 1998
Label: Avex Trax
Formats: CD","5","300,000"
"Super Eurobeat Presents Euro Every Little Thing","Released: September 5, 2001
Label: Avex Trax
Formats: CD","3","200,000"
"The Remixes III: Mix Rice Plantation","Released: February 27, 2002
Label: Avex Trax
Formats: CD","19","35,000"
"Cyber Trance Presents ELT Trance","Released: February 27, 2002
Label: Avex Trax
Formats: CD","16","60,000"
