"Party","Candidate","Votes","%","±%"
"Conservative","Patrick McLoughlin","24,280","48.0","+5.9"
"Labour","Stephen Clamp","16,910","33.4","-0.1"
"Liberal Democrat","Jeremy Beckett","7,922","15.7","-1.8"
"UKIP","Stuart Bavester","672","1.3","+0.5"
"Monster Raving Loony","\"The Flying Brick\" Delves","472","0.9","+0.4"
"Independent","Robert Goodall","333","0.7","+0.5"
"Majority","Majority","7,370","14.6",""
"Turnout","Turnout","50,589","67.8","-10.5"
"Conservative hold","Conservative hold","Swing","",""
