Name,URL1,URL2,First Category
Catherine Brunet (patinage artistique),https://fr.wikipedia.org/?curid=15500524,https://fr.wikipedia.org/wiki/Catherine Brunet (patinage artistique),Page utilisant P569
Claudia Bobocea,https://fr.wikipedia.org/?curid=15500586,https://fr.wikipedia.org/wiki/Claudia Bobocea,Article utilisant une Infobox
Kawtar Ait Omar,https://fr.wikipedia.org/?curid=15465779,https://fr.wikipedia.org/wiki/Kawtar Ait Omar,Article \u00e0 illustrer Footballeur
Anri Krugel,https://fr.wikipedia.org/?curid=15467468,https://fr.wikipedia.org/wiki/Anri Krugel,Article \u00e0 illustrer Sportif
Sandra Garde,https://fr.wikipedia.org/?curid=15467264,https://fr.wikipedia.org/wiki/Sandra Garde,Page utilisant P27
Nicole Villan,https://fr.wikipedia.org/?curid=15464065,https://fr.wikipedia.org/wiki/Nicole Villan,Wikip\u00e9dia:\u00e9bauche ski alpin
Diane Morgan,https://fr.wikipedia.org/?curid=15495549,https://fr.wikipedia.org/wiki/Diane Morgan,Page utilisant P551
Dina Amer,https://fr.wikipedia.org/?curid=15496560,https://fr.wikipedia.org/wiki/Dina Amer,Page utilisant P106
Annet Chemengich Chelangat,https://fr.wikipedia.org/?curid=15496621,https://fr.wikipedia.org/wiki/Annet Chemengich Chelangat,Wikip\u00e9dia:\u00e9bauche athl\u00e8te ougandais
Marilyn Kagan,https://fr.wikipedia.org/?curid=15473857,https://fr.wikipedia.org/wiki/Marilyn Kagan,Page utilisant P569
Samya Masnaoui,https://fr.wikipedia.org/?curid=15474164,https://fr.wikipedia.org/wiki/Samya Masnaoui,Article \u00e0 illustrer Footballeur
Christine Terraillon,https://fr.wikipedia.org/?curid=15473320,https://fr.wikipedia.org/wiki/Christine Terraillon,Wikip\u00e9dia:\u00e9bauche ski alpin
C\u00e9cile Prince,https://fr.wikipedia.org/?curid=15473331,https://fr.wikipedia.org/wiki/C\u00e9cile Prince,Wikip\u00e9dia:\u00e9bauche ski alpin
Cornelia \u00d6hlund,https://fr.wikipedia.org/?curid=15472950,https://fr.wikipedia.org/wiki/Cornelia \u00d6hlund,Article utilisant une Infobox
Nina Haver-L\u00f8seth,https://fr.wikipedia.org/?curid=1476690,https://fr.wikipedia.org/wiki/Nina Haver-L\u00f8seth,Article utilisant une Infobox
Telma Monteiro,https://fr.wikipedia.org/?curid=1476537,https://fr.wikipedia.org/wiki/Telma Monteiro,Wikip\u00e9dia:\u00e9bauche judo
Geraldine Fenton,https://fr.wikipedia.org/?curid=14966931,https://fr.wikipedia.org/wiki/Geraldine Fenton,Page utilisant P569
N\u00faria Pau,https://fr.wikipedia.org/?curid=14816639,https://fr.wikipedia.org/wiki/N\u00faria Pau,Article \u00e0 illustrer Sportif
Margaux Sieracki,https://fr.wikipedia.org/?curid=14817301,https://fr.wikipedia.org/wiki/Margaux Sieracki,Wikip\u00e9dia:\u00e9bauche athl\u00e9tisme
Laura Nolte,https://fr.wikipedia.org/?curid=14698015,https://fr.wikipedia.org/wiki/Laura Nolte,Wikip\u00e9dia:\u00e9bauche bobsleigh
Wiktoria Pikulik,https://fr.wikipedia.org/?curid=14821311,https://fr.wikipedia.org/wiki/Wiktoria Pikulik,Wikip\u00e9dia:\u00e9bauche coureur cycliste polonais
Katherina Kubenk,https://fr.wikipedia.org/?curid=14973235,https://fr.wikipedia.org/wiki/Katherina Kubenk,Article \u00e0 illustrer Sportif
Audrey Tanguy,https://fr.wikipedia.org/?curid=14973305,https://fr.wikipedia.org/wiki/Audrey Tanguy,Article \u00e0 illustrer Athl\u00e8te
Sarah Legrain,https://fr.wikipedia.org/?curid=14969365,https://fr.wikipedia.org/wiki/Sarah Legrain,Article utilisant une Infobox
Antonie-Sibylle de Barby-Muhlingen,https://fr.wikipedia.org/?curid=14953407,https://fr.wikipedia.org/wiki/Antonie-Sibylle de Barby-Muhlingen,Page utilisant P569
L'Opinion publique,https://fr.wikipedia.org/?curid=149402,https://fr.wikipedia.org/wiki/L'Opinion publique,Article utilisant une Infobox
Frances Cuka,https://fr.wikipedia.org/?curid=14978052,https://fr.wikipedia.org/wiki/Frances Cuka,Article \u00e0 illustrer Personnalit\u00e9 du cin\u00e9ma
Naty Botero,https://fr.wikipedia.org/?curid=14976233,https://fr.wikipedia.org/wiki/Naty Botero,Article utilisant une Infobox
Giovanna Epis,https://fr.wikipedia.org/?curid=14976480,https://fr.wikipedia.org/wiki/Giovanna Epis,Page utilisant P569
Pauline Martin (volley-ball),https://fr.wikipedia.org/?curid=14958968,https://fr.wikipedia.org/wiki/Pauline Martin (volley-ball),Article utilisant une Infobox
Tosca Musk,https://fr.wikipedia.org/?curid=14955770,https://fr.wikipedia.org/wiki/Tosca Musk,Article \u00e0 wikifier depuis mai 2022
Ama Pipi,https://fr.wikipedia.org/?curid=14955776,https://fr.wikipedia.org/wiki/Ama Pipi,Wikip\u00e9dia:\u00e9bauche athl\u00e9tisme
Irina Vorobieva,https://fr.wikipedia.org/?curid=14934425,https://fr.wikipedia.org/wiki/Irina Vorobieva,Page utilisant P569
Call of Duty: Modern Warfare II,https://fr.wikipedia.org/?curid=14943621,https://fr.wikipedia.org/wiki/Call of Duty: Modern Warfare II,Page utilisant P408
Carole Howald,https://fr.wikipedia.org/?curid=14931877,https://fr.wikipedia.org/wiki/Carole Howald,Page utilisant P569
Nadja K\u00e4lin,https://fr.wikipedia.org/?curid=14931901,https://fr.wikipedia.org/wiki/Nadja K\u00e4lin,Page utilisant P569
Lisa DeJong,https://fr.wikipedia.org/?curid=14833695,https://fr.wikipedia.org/wiki/Lisa DeJong,Article \u00e0 illustrer Sportif
Zhang Wenjing,https://fr.wikipedia.org/?curid=14834206,https://fr.wikipedia.org/wiki/Zhang Wenjing,Article \u00e0 illustrer Sportif
Shura (musicienne britannique),https://fr.wikipedia.org/?curid=14830076,https://fr.wikipedia.org/wiki/Shura (musicienne britannique),Article \u00e0 wikifier depuis mars 2022
Linn Kazmaier,https://fr.wikipedia.org/?curid=14829172,https://fr.wikipedia.org/wiki/Linn Kazmaier,Article \u00e0 illustrer Sportif
Leonie Maria Walter,https://fr.wikipedia.org/?curid=14829196,https://fr.wikipedia.org/wiki/Leonie Maria Walter,Article \u00e0 illustrer Sportif
Zhao Zhiqing,https://fr.wikipedia.org/?curid=14829518,https://fr.wikipedia.org/wiki/Zhao Zhiqing,Article \u00e0 illustrer Sportif
Shan Yilin,https://fr.wikipedia.org/?curid=14829826,https://fr.wikipedia.org/wiki/Shan Yilin,Article \u00e0 illustrer Sportif
Olivia Smart,https://fr.wikipedia.org/?curid=14829852,https://fr.wikipedia.org/wiki/Olivia Smart,Page utilisant P569
Myl\u00e8ne de Zoete,https://fr.wikipedia.org/?curid=14806073,https://fr.wikipedia.org/wiki/Myl\u00e8ne de Zoete,Page utilisant P569
Dar Gai,https://fr.wikipedia.org/?curid=14807904,https://fr.wikipedia.org/wiki/Dar Gai,Page utilisant P569
Monica Casiraghi,https://fr.wikipedia.org/?curid=14808076,https://fr.wikipedia.org/wiki/Monica Casiraghi,Article utilisant une Infobox
Les Voleurs,https://fr.wikipedia.org/?curid=1478251,https://fr.wikipedia.org/wiki/Les Voleurs,Article utilisant une Infobox
Vanessa Kasper,https://fr.wikipedia.org/?curid=14870247,https://fr.wikipedia.org/wiki/Vanessa Kasper,Article \u00e0 illustrer Sportif
Aliyah Abrams,https://fr.wikipedia.org/?curid=14872468,https://fr.wikipedia.org/wiki/Aliyah Abrams,Wikip\u00e9dia:\u00e9bauche athl\u00e8te
Rosa Pohjolainen,https://fr.wikipedia.org/?curid=14868278,https://fr.wikipedia.org/wiki/Rosa Pohjolainen,Wikip\u00e9dia:\u00e9bauche ski alpin
Delphine Darbellay,https://fr.wikipedia.org/?curid=14864694,https://fr.wikipedia.org/wiki/Delphine Darbellay,Article pouvant contenir un travail in\u00e9dit
Sally Wainwright,https://fr.wikipedia.org/?curid=14836166,https://fr.wikipedia.org/wiki/Sally Wainwright,Page utilisant P19
Iryna Bui,https://fr.wikipedia.org/?curid=14836213,https://fr.wikipedia.org/wiki/Iryna Bui,Article \u00e0 illustrer Sportif
Georgia Engel,https://fr.wikipedia.org/?curid=14836217,https://fr.wikipedia.org/wiki/Georgia Engel,Page utilisant P569
Oleksandra Kononova,https://fr.wikipedia.org/?curid=14836259,https://fr.wikipedia.org/wiki/Oleksandra Kononova,Article utilisant une Infobox
Melanie Hasler,https://fr.wikipedia.org/?curid=14840762,https://fr.wikipedia.org/wiki/Melanie Hasler,Wikip\u00e9dia:\u00e9bauche bobsleigh
Liste des m\u00e9daill\u00e9s aux Jeux paralympiques d'\u00e9t\u00e9 de 2020,https://fr.wikipedia.org/?curid=14837007,https://fr.wikipedia.org/wiki/Liste des m\u00e9daill\u00e9s aux Jeux paralympiques d'\u00e9t\u00e9 de 2020,Article contenant un appel \u00e0 traduction en portugais
Ashly Burch,https://fr.wikipedia.org/?curid=14837162,https://fr.wikipedia.org/wiki/Ashly Burch,Page utilisant P19
Anja Wicker,https://fr.wikipedia.org/?curid=14836759,https://fr.wikipedia.org/wiki/Anja Wicker,Article \u00e0 illustrer Sportif
Nam Ji-hyun,https://fr.wikipedia.org/?curid=14846458,https://fr.wikipedia.org/wiki/Nam Ji-hyun,Article utilisant une Infobox
Kay Laurell,https://fr.wikipedia.org/?curid=14842892,https://fr.wikipedia.org/wiki/Kay Laurell,Page utilisant P569
Veronika Aigner,https://fr.wikipedia.org/?curid=14843014,https://fr.wikipedia.org/wiki/Veronika Aigner,Article \u00e0 illustrer Sportif
Sarissa De Vries,https://fr.wikipedia.org/?curid=14690088,https://fr.wikipedia.org/wiki/Sarissa De Vries,Wikip\u00e9dia:\u00e9bauche triathl\u00e8te
Qu\u00e9 hiciste,https://fr.wikipedia.org/?curid=1483460,https://fr.wikipedia.org/wiki/Qu\u00e9 hiciste,Article utilisant une Infobox
Amouranth,https://fr.wikipedia.org/?curid=14851671,https://fr.wikipedia.org/wiki/Amouranth,Article utilisant une Infobox
Daniela Maier,https://fr.wikipedia.org/?curid=14693248,https://fr.wikipedia.org/wiki/Daniela Maier,Article \u00e0 illustrer Sportif
Julie Garnier,https://fr.wikipedia.org/?curid=14695581,https://fr.wikipedia.org/wiki/Julie Garnier,Admissibilit\u00e9 \u00e0 v\u00e9rifier depuis mai 2023
Delia Durrer,https://fr.wikipedia.org/?curid=14698891,https://fr.wikipedia.org/wiki/Delia Durrer,Article utilisant une Infobox
Li Panpan,https://fr.wikipedia.org/?curid=14838532,https://fr.wikipedia.org/wiki/Li Panpan,Article \u00e0 illustrer Sportif
Adrianna Su\u0142ek,https://fr.wikipedia.org/?curid=14856531,https://fr.wikipedia.org/wiki/Adrianna Su\u0142ek,Wikip\u00e9dia:\u00e9bauche athl\u00e8te polonais
L\u00e9onie Cambours,https://fr.wikipedia.org/?curid=14854271,https://fr.wikipedia.org/wiki/L\u00e9onie Cambours,Wikip\u00e9dia:\u00e9bauche athl\u00e8te fran\u00e7ais
La Zarra,https://fr.wikipedia.org/?curid=14854993,https://fr.wikipedia.org/wiki/La Zarra,Page utilisant P19
Florencia Ortiz,https://fr.wikipedia.org/?curid=15420764,https://fr.wikipedia.org/wiki/Florencia Ortiz,Page utilisant P569
Christine Truman,https://fr.wikipedia.org/?curid=1199785,https://fr.wikipedia.org/wiki/Christine Truman,Article \u00e0 illustrer Joueur de tennis
Puhiwahine,https://fr.wikipedia.org/?curid=11990860,https://fr.wikipedia.org/wiki/Puhiwahine,Article utilisant une Infobox
Elizabeth Little,https://fr.wikipedia.org/?curid=1199640,https://fr.wikipedia.org/wiki/Elizabeth Little,Article \u00e0 illustrer Joueur de tennis
Marina Kroschina,https://fr.wikipedia.org/?curid=1199649,https://fr.wikipedia.org/wiki/Marina Kroschina,Article \u00e0 illustrer Joueur de tennis
Desirae Krawczyk,https://fr.wikipedia.org/?curid=11952379,https://fr.wikipedia.org/wiki/Desirae Krawczyk,Article utilisant une Infobox
Yvonne Vermaak,https://fr.wikipedia.org/?curid=1173827,https://fr.wikipedia.org/wiki/Yvonne Vermaak,Article \u00e0 illustrer Joueur de tennis
Queen (album de Nicki Minaj),https://fr.wikipedia.org/?curid=11772335,https://fr.wikipedia.org/wiki/Queen (album de Nicki Minaj),Article utilisant une Infobox
Irena Turkevycz-Martynec,https://fr.wikipedia.org/?curid=11772426,https://fr.wikipedia.org/wiki/Irena Turkevycz-Martynec,Page utilisant P27
Michaela Kirchgasser,https://fr.wikipedia.org/?curid=1177087,https://fr.wikipedia.org/wiki/Michaela Kirchgasser,Wikip\u00e9dia:\u00e9bauche ski alpin
Lieve Paulus,https://fr.wikipedia.org/?curid=11735023,https://fr.wikipedia.org/wiki/Lieve Paulus,Wikip\u00e9dia:\u00e9bauche triathlon
Etsuko Inoue,https://fr.wikipedia.org/?curid=1173061,https://fr.wikipedia.org/wiki/Etsuko Inoue,Article \u00e0 illustrer Joueur de tennis
Linda Tuero,https://fr.wikipedia.org/?curid=1173613,https://fr.wikipedia.org/wiki/Linda Tuero,Article utilisant une Infobox
Laurence Jalbert,https://fr.wikipedia.org/?curid=1174918,https://fr.wikipedia.org/wiki/Laurence Jalbert,Article utilisant une Infobox
Claudia Chabalgoity,https://fr.wikipedia.org/?curid=1175294,https://fr.wikipedia.org/wiki/Claudia Chabalgoity,Article \u00e0 illustrer Joueur de tennis
Brigitte Wolf,https://fr.wikipedia.org/?curid=11687140,https://fr.wikipedia.org/wiki/Brigitte Wolf,Page utilisant P569
Majida Issa,https://fr.wikipedia.org/?curid=11689860,https://fr.wikipedia.org/wiki/Majida Issa,Article manquant de r\u00e9f\u00e9rences depuis mai 2018
Cecilia Dahlman,https://fr.wikipedia.org/?curid=1169206,https://fr.wikipedia.org/wiki/Cecilia Dahlman,Article \u00e0 illustrer Joueur de tennis
Swara Bhaskar,https://fr.wikipedia.org/?curid=11759506,https://fr.wikipedia.org/wiki/Swara Bhaskar,Wikip\u00e9dia:\u00e9bauche acteur indien
Betelhem Moges,https://fr.wikipedia.org/?curid=11674070,https://fr.wikipedia.org/wiki/Betelhem Moges,Page utilisant P569
Larisa Ceri\u0107,https://fr.wikipedia.org/?curid=11681312,https://fr.wikipedia.org/wiki/Larisa Ceri\u0107,Article \u00e0 illustrer Judoka
Nathalie Fontaine,https://fr.wikipedia.org/?curid=11683592,https://fr.wikipedia.org/wiki/Nathalie Fontaine,Article \u00e0 illustrer Joueur de basket-ball
Marie Jacquet,https://fr.wikipedia.org/?curid=11684060,https://fr.wikipedia.org/wiki/Marie Jacquet,Article utilisant une Infobox
Monica Sagna,https://fr.wikipedia.org/?curid=11685001,https://fr.wikipedia.org/wiki/Monica Sagna,Article \u00e0 illustrer Judoka
Yuliia Batenkova-Bauman,https://fr.wikipedia.org/?curid=11666090,https://fr.wikipedia.org/wiki/Yuliia Batenkova-Bauman,Article utilisant une Infobox
Verone Chambers,https://fr.wikipedia.org/?curid=11666184,https://fr.wikipedia.org/wiki/Verone Chambers,Article manquant de r\u00e9f\u00e9rences depuis avril 2018
Kenia Rodr\u00edguez Oca\u00f1a,https://fr.wikipedia.org/?curid=11670196,https://fr.wikipedia.org/wiki/Kenia Rodr\u00edguez Oca\u00f1a,Wikip\u00e9dia:\u00e9bauche judo
Matt Trautman,https://fr.wikipedia.org/?curid=11668905,https://fr.wikipedia.org/wiki/Matt Trautman,Wikip\u00e9dia:\u00e9bauche triathl\u00e8te
Sofia Belattar,https://fr.wikipedia.org/?curid=11669141,https://fr.wikipedia.org/wiki/Sofia Belattar,Wikip\u00e9dia:\u00e9bauche judo
Soumiya Iraoui,https://fr.wikipedia.org/?curid=11671413,https://fr.wikipedia.org/wiki/Soumiya Iraoui,Wikip\u00e9dia:\u00e9bauche judo
Ghofran Khelifi,https://fr.wikipedia.org/?curid=11671637,https://fr.wikipedia.org/wiki/Ghofran Khelifi,Wikip\u00e9dia:\u00e9bauche sportif tunisien
Irina Dolgova,https://fr.wikipedia.org/?curid=11666530,https://fr.wikipedia.org/wiki/Irina Dolgova,Wikip\u00e9dia:\u00e9bauche judo
Gustav Iden,https://fr.wikipedia.org/?curid=11667999,https://fr.wikipedia.org/wiki/Gustav Iden,Article \u00e0 illustrer Sportif
Renata Przemyk,https://fr.wikipedia.org/?curid=11664326,https://fr.wikipedia.org/wiki/Renata Przemyk,Article contenant un lien mort
Emma Cumming,https://fr.wikipedia.org/?curid=11657408,https://fr.wikipedia.org/wiki/Emma Cumming,Page utilisant P569
Aimer (chanteuse japonaise),https://fr.wikipedia.org/?curid=11853458,https://fr.wikipedia.org/wiki/Aimer (chanteuse japonaise),Article contenant un appel \u00e0 traduction en anglais
Jeanne Evert,https://fr.wikipedia.org/?curid=1185648,https://fr.wikipedia.org/wiki/Jeanne Evert,Article \u00e0 illustrer Joueur de tennis
Michelle Jaggard,https://fr.wikipedia.org/?curid=1185522,https://fr.wikipedia.org/wiki/Michelle Jaggard,Article utilisant une Infobox
Cammy MacGregor,https://fr.wikipedia.org/?curid=1185550,https://fr.wikipedia.org/wiki/Cammy MacGregor,Article \u00e0 illustrer Joueur de tennis
Anita Horvat,https://fr.wikipedia.org/?curid=11857729,https://fr.wikipedia.org/wiki/Anita Horvat,Wikip\u00e9dia:\u00e9bauche athl\u00e8te slov\u00e8ne
Isabelle Pieman,https://fr.wikipedia.org/?curid=11860636,https://fr.wikipedia.org/wiki/Isabelle Pieman,Wikip\u00e9dia:\u00e9bauche patinage artistique
Loena Hendrickx,https://fr.wikipedia.org/?curid=11860664,https://fr.wikipedia.org/wiki/Loena Hendrickx,Wikip\u00e9dia:\u00e9bauche patinage artistique
Am\u00e9lie Lacoste,https://fr.wikipedia.org/?curid=11861094,https://fr.wikipedia.org/wiki/Am\u00e9lie Lacoste,Wikip\u00e9dia:\u00e9bauche patinage artistique
Marie Oteiza,https://fr.wikipedia.org/?curid=11862515,https://fr.wikipedia.org/wiki/Marie Oteiza,Wikip\u00e9dia:\u00e9bauche sportif fran\u00e7ais
Melissa Ortiz-Gomez,https://fr.wikipedia.org/?curid=11861435,https://fr.wikipedia.org/wiki/Melissa Ortiz-Gomez,Article manquant de r\u00e9f\u00e9rences depuis mai 2018
Kaia Kanepi,https://fr.wikipedia.org/?curid=1183370,https://fr.wikipedia.org/wiki/Kaia Kanepi,Article utilisant une Infobox
Yaroslava Mahuchikh,https://fr.wikipedia.org/?curid=11833785,https://fr.wikipedia.org/wiki/Yaroslava Mahuchikh,Article utilisant une Infobox
Jeryl Prescott,https://fr.wikipedia.org/?curid=11877982,https://fr.wikipedia.org/wiki/Jeryl Prescott,Article manquant de r\u00e9f\u00e9rences depuis juillet 2018
Andrea Vargas,https://fr.wikipedia.org/?curid=11879319,https://fr.wikipedia.org/wiki/Andrea Vargas,Wikip\u00e9dia:\u00e9bauche athl\u00e8te costaricien
Alina Jidkova,https://fr.wikipedia.org/?curid=1183326,https://fr.wikipedia.org/wiki/Alina Jidkova,Article utilisant une Infobox
Ashley Henderson,https://fr.wikipedia.org/?curid=11845849,https://fr.wikipedia.org/wiki/Ashley Henderson,Wikip\u00e9dia:\u00e9bauche athl\u00e9tisme
Hima Das,https://fr.wikipedia.org/?curid=11841716,https://fr.wikipedia.org/wiki/Hima Das,Wikip\u00e9dia:\u00e9bauche athl\u00e8te indien
Bed (chanson de Nicki Minaj),https://fr.wikipedia.org/?curid=11872138,https://fr.wikipedia.org/wiki/Bed (chanson de Nicki Minaj),Article contenant un lien mort
Assia Raziki,https://fr.wikipedia.org/?curid=11829516,https://fr.wikipedia.org/wiki/Assia Raziki,Wikip\u00e9dia:\u00e9bauche athl\u00e8te marocain
Karel \u00c9lodie Ziketh,https://fr.wikipedia.org/?curid=11838148,https://fr.wikipedia.org/wiki/Karel \u00c9lodie Ziketh,Page utilisant P569
Pieter Heemeryck,https://fr.wikipedia.org/?curid=11838171,https://fr.wikipedia.org/wiki/Pieter Heemeryck,Wikip\u00e9dia:\u00e9bauche triathl\u00e8te
Alexie Ala\u00efs,https://fr.wikipedia.org/?curid=11832146,https://fr.wikipedia.org/wiki/Alexie Ala\u00efs,Page utilisant P569
Awa Sene,https://fr.wikipedia.org/?curid=11832195,https://fr.wikipedia.org/wiki/Awa Sene,Page utilisant P569
Britney Young,https://fr.wikipedia.org/?curid=11837199,https://fr.wikipedia.org/wiki/Britney Young,Page utilisant P569
Danielle Harold,https://fr.wikipedia.org/?curid=11780228,https://fr.wikipedia.org/wiki/Danielle Harold,Page utilisant P569
Charlotte Hope,https://fr.wikipedia.org/?curid=11789865,https://fr.wikipedia.org/wiki/Charlotte Hope,Article \u00e0 illustrer Personnalit\u00e9 du cin\u00e9ma
Grace Reid,https://fr.wikipedia.org/?curid=11790007,https://fr.wikipedia.org/wiki/Grace Reid,Article \u00e0 illustrer Nageur
Lynda Mekzine,https://fr.wikipedia.org/?curid=11801119,https://fr.wikipedia.org/wiki/Lynda Mekzine,Wikip\u00e9dia:\u00e9bauche judo
Alexandria Ocasio-Cortez,https://fr.wikipedia.org/?curid=11809284,https://fr.wikipedia.org/wiki/Alexandria Ocasio-Cortez,Article contenant un appel \u00e0 traduction en anglais
Sabina Simmonds,https://fr.wikipedia.org/?curid=1181026,https://fr.wikipedia.org/wiki/Sabina Simmonds,Article \u00e0 illustrer Joueur de tennis
Kim Hee-sun,https://fr.wikipedia.org/?curid=11808463,https://fr.wikipedia.org/wiki/Kim Hee-sun,Article utilisant une Infobox
Megan Kimmel,https://fr.wikipedia.org/?curid=11810523,https://fr.wikipedia.org/wiki/Megan Kimmel,Page utilisant P569
Cheetah (DC Comics),https://fr.wikipedia.org/?curid=11810790,https://fr.wikipedia.org/wiki/Cheetah (DC Comics),Article contenant un lien mort
Petra Delhees,https://fr.wikipedia.org/?curid=1180985,https://fr.wikipedia.org/wiki/Petra Delhees,Article \u00e0 illustrer Joueur de tennis
Marta Cavalli,https://fr.wikipedia.org/?curid=11808235,https://fr.wikipedia.org/wiki/Marta Cavalli,Page utilisant P569
Rostislav Pevtsov,https://fr.wikipedia.org/?curid=11719750,https://fr.wikipedia.org/wiki/Rostislav Pevtsov,Wikip\u00e9dia:\u00e9bauche triathl\u00e8te
La Grande Sauterelle,https://fr.wikipedia.org/?curid=1172700,https://fr.wikipedia.org/wiki/La Grande Sauterelle,Article utilisant une Infobox
Randy Givens,https://fr.wikipedia.org/?curid=11727030,https://fr.wikipedia.org/wiki/Randy Givens,Wikip\u00e9dia:\u00e9bauche athl\u00e8te am\u00e9ricain
Anna Tibaijuka,https://fr.wikipedia.org/?curid=1213016,https://fr.wikipedia.org/wiki/Anna Tibaijuka,Page utilisant des donn\u00e9es de Wikidata \u00e0 traduire de l'anglais
Jeanne Arth,https://fr.wikipedia.org/?curid=1213232,https://fr.wikipedia.org/wiki/Jeanne Arth,Article \u00e0 illustrer Joueur de tennis
Place des femmes en ing\u00e9nierie,https://fr.wikipedia.org/?curid=12132473,https://fr.wikipedia.org/wiki/Place des femmes en ing\u00e9nierie,Article contenant un appel \u00e0 traduction en anglais
Lettres d'Iwo Jima,https://fr.wikipedia.org/?curid=1214181,https://fr.wikipedia.org/wiki/Lettres d'Iwo Jima,Article utilisant une Infobox
Maritoni Fernandez,https://fr.wikipedia.org/?curid=12154919,https://fr.wikipedia.org/wiki/Maritoni Fernandez,Wikip\u00e9dia:\u00e9bauche acteur philippin
Pedro Almod\u00f3var,https://fr.wikipedia.org/?curid=12122,https://fr.wikipedia.org/wiki/Pedro Almod\u00f3var,Page utilisant P106
Floriane de Lass\u00e9e,https://fr.wikipedia.org/?curid=12122326,https://fr.wikipedia.org/wiki/Floriane de Lass\u00e9e,Page utilisant P569
Justina Valentine,https://fr.wikipedia.org/?curid=12154083,https://fr.wikipedia.org/wiki/Justina Valentine,Article utilisant une Infobox
Genevi\u00e8ve H\u00e9bert,https://fr.wikipedia.org/?curid=12159912,https://fr.wikipedia.org/wiki/Genevi\u00e8ve H\u00e9bert,Wikip\u00e9dia:\u00e9bauche personnalit\u00e9 politique qu\u00e9b\u00e9coise
Barbara Hawcroft,https://fr.wikipedia.org/?curid=1216683,https://fr.wikipedia.org/wiki/Barbara Hawcroft,Article \u00e0 illustrer Joueur de tennis
J\u00e9ssica Cediel,https://fr.wikipedia.org/?curid=12168103,https://fr.wikipedia.org/wiki/J\u00e9ssica Cediel,Article utilisant une Infobox
Bertha Crowther,https://fr.wikipedia.org/?curid=12168500,https://fr.wikipedia.org/wiki/Bertha Crowther,Wikip\u00e9dia:\u00e9bauche athl\u00e9tisme
Isabelle Yacoubou,https://fr.wikipedia.org/?curid=1216185,https://fr.wikipedia.org/wiki/Isabelle Yacoubou,Article utilisant une Infobox
Kristina Clonan,https://fr.wikipedia.org/?curid=12141559,https://fr.wikipedia.org/wiki/Kristina Clonan,Page utilisant P569
Yu Xiaoyu,https://fr.wikipedia.org/?curid=12148817,https://fr.wikipedia.org/wiki/Yu Xiaoyu,Page utilisant P569
Mary Kendall Browne,https://fr.wikipedia.org/?curid=1213459,https://fr.wikipedia.org/wiki/Mary Kendall Browne,Article utilisant une Infobox
Dominique Provost,https://fr.wikipedia.org/?curid=12143221,https://fr.wikipedia.org/wiki/Dominique Provost,Article manquant de r\u00e9f\u00e9rences depuis novembre 2018
Shallow,https://fr.wikipedia.org/?curid=12131052,https://fr.wikipedia.org/wiki/Shallow,Article manquant de r\u00e9f\u00e9rences depuis f\u00e9vrier 2019
Oksana Khvostenko,https://fr.wikipedia.org/?curid=1213567,https://fr.wikipedia.org/wiki/Oksana Khvostenko,Article \u00e0 illustrer Sportif
Mavie H\u00f6rbiger,https://fr.wikipedia.org/?curid=1215355,https://fr.wikipedia.org/wiki/Mavie H\u00f6rbiger,Article utilisant une Infobox
AzMarie Livingston,https://fr.wikipedia.org/?curid=12172988,https://fr.wikipedia.org/wiki/AzMarie Livingston,Article utilisant une Infobox
Jamie (chanteuse),https://fr.wikipedia.org/?curid=12173089,https://fr.wikipedia.org/wiki/Jamie (chanteuse),Page utilisant P569
Bunny Bruning,https://fr.wikipedia.org/?curid=1212878,https://fr.wikipedia.org/wiki/Bunny Bruning,Article \u00e0 illustrer Joueur de tennis
Fiona Ferro,https://fr.wikipedia.org/?curid=12125441,https://fr.wikipedia.org/wiki/Fiona Ferro,Article utilisant une Infobox
Ma Chun-Ping,https://fr.wikipedia.org/?curid=12210182,https://fr.wikipedia.org/wiki/Ma Chun-Ping,Wikip\u00e9dia:\u00e9bauche athl\u00e9tisme
Liste de nageurs par pays,https://fr.wikipedia.org/?curid=1223680,https://fr.wikipedia.org/wiki/Liste de nageurs par pays,Article contenant un appel \u00e0 traduction en anglais
Odalys Adams,https://fr.wikipedia.org/?curid=12236332,https://fr.wikipedia.org/wiki/Odalys Adams,Wikip\u00e9dia:\u00e9bauche athl\u00e9tisme
Nadia Battocletti,https://fr.wikipedia.org/?curid=12238351,https://fr.wikipedia.org/wiki/Nadia Battocletti,Page utilisant P569
Maria Laura Almir\u00e3o,https://fr.wikipedia.org/?curid=12238414,https://fr.wikipedia.org/wiki/Maria Laura Almir\u00e3o,Wikip\u00e9dia:\u00e9bauche athl\u00e8te br\u00e9silien
La Bajon,https://fr.wikipedia.org/?curid=12209101,https://fr.wikipedia.org/wiki/La Bajon,Page utilisant P569
Ninon Esposito,https://fr.wikipedia.org/?curid=12204608,https://fr.wikipedia.org/wiki/Ninon Esposito,Article utilisant une Infobox
Orlane dos Santos,https://fr.wikipedia.org/?curid=12214092,https://fr.wikipedia.org/wiki/Orlane dos Santos,Wikip\u00e9dia:\u00e9bauche athl\u00e9tisme
El\u017cbieta Szyroka,https://fr.wikipedia.org/?curid=12200838,https://fr.wikipedia.org/wiki/El\u017cbieta Szyroka,Wikip\u00e9dia:\u00e9bauche athl\u00e9tisme
Andrea \u00c1vila,https://fr.wikipedia.org/?curid=12215345,https://fr.wikipedia.org/wiki/Andrea \u00c1vila,Wikip\u00e9dia:\u00e9bauche athl\u00e9tisme
Sora Amamiya,https://fr.wikipedia.org/?curid=12211359,https://fr.wikipedia.org/wiki/Sora Amamiya,Page utilisant P569
Miriam Vece,https://fr.wikipedia.org/?curid=12205017,https://fr.wikipedia.org/wiki/Miriam Vece,Page utilisant P569
Cornelia B\u00fcrki,https://fr.wikipedia.org/?curid=12218863,https://fr.wikipedia.org/wiki/Cornelia B\u00fcrki,Wikip\u00e9dia:\u00e9bauche athl\u00e9tisme
Natalya Roshchupkina,https://fr.wikipedia.org/?curid=12218077,https://fr.wikipedia.org/wiki/Natalya Roshchupkina,Wikip\u00e9dia:\u00e9bauche athl\u00e9tisme
Liste des \u00e9pouses et compagnes des pr\u00e9sidents de la R\u00e9publique fran\u00e7aise,https://fr.wikipedia.org/?curid=1223325,https://fr.wikipedia.org/wiki/Liste des \u00e9pouses et compagnes des pr\u00e9sidents de la R\u00e9publique fran\u00e7aise,Article contenant un lien mort
Princesa Oliveros,https://fr.wikipedia.org/?curid=12233526,https://fr.wikipedia.org/wiki/Princesa Oliveros,Wikip\u00e9dia:\u00e9bauche athl\u00e9tisme
Dimitriana Surdu,https://fr.wikipedia.org/?curid=12232303,https://fr.wikipedia.org/wiki/Dimitriana Surdu,Wikip\u00e9dia:\u00e9bauche athl\u00e9tisme
Milena Greppi,https://fr.wikipedia.org/?curid=12225074,https://fr.wikipedia.org/wiki/Milena Greppi,Wikip\u00e9dia:\u00e9bauche athl\u00e9tisme
Jong Yong-ok,https://fr.wikipedia.org/?curid=12225132,https://fr.wikipedia.org/wiki/Jong Yong-ok,Wikip\u00e9dia:\u00e9bauche athl\u00e9tisme
Ans Niesink,https://fr.wikipedia.org/?curid=12187635,https://fr.wikipedia.org/wiki/Ans Niesink,Wikip\u00e9dia:\u00e9bauche athl\u00e9tisme
Jane Kiptoo,https://fr.wikipedia.org/?curid=12199842,https://fr.wikipedia.org/wiki/Jane Kiptoo,Wikip\u00e9dia:\u00e9bauche athl\u00e8te k\u00e9nyan
L\u00e9a Serna,https://fr.wikipedia.org/?curid=12200497,https://fr.wikipedia.org/wiki/L\u00e9a Serna,Article utilisant une Infobox
Rika Kihira,https://fr.wikipedia.org/?curid=12198598,https://fr.wikipedia.org/wiki/Rika Kihira,Wikip\u00e9dia:\u00e9bauche patinage artistique
Luciana dos Santos,https://fr.wikipedia.org/?curid=12197534,https://fr.wikipedia.org/wiki/Luciana dos Santos,Wikip\u00e9dia:\u00e9bauche athl\u00e9tisme
Marten Van Riel,https://fr.wikipedia.org/?curid=12192039,https://fr.wikipedia.org/wiki/Marten Van Riel,Article \u00e0 illustrer Sportif
Mie Nakayama,https://fr.wikipedia.org/?curid=12186135,https://fr.wikipedia.org/wiki/Mie Nakayama,Wikip\u00e9dia:\u00e9bauche karat\u00e9ka japonais
Holly Edmondston,https://fr.wikipedia.org/?curid=12186438,https://fr.wikipedia.org/wiki/Holly Edmondston,Page utilisant P569
Karin Janke,https://fr.wikipedia.org/?curid=12196949,https://fr.wikipedia.org/wiki/Karin Janke,Wikip\u00e9dia:\u00e9bauche athl\u00e9tisme
Megumi Ogata,https://fr.wikipedia.org/?curid=12194794,https://fr.wikipedia.org/wiki/Megumi Ogata,Article manquant de r\u00e9f\u00e9rences depuis janvier 2020
Mia Martina,https://fr.wikipedia.org/?curid=12194799,https://fr.wikipedia.org/wiki/Mia Martina,Article utilisant une Infobox
Moira Hiscox,https://fr.wikipedia.org/?curid=12190113,https://fr.wikipedia.org/wiki/Moira Hiscox,Wikip\u00e9dia:\u00e9bauche athl\u00e8te britannique
Nancy Guillemette,https://fr.wikipedia.org/?curid=12243695,https://fr.wikipedia.org/wiki/Nancy Guillemette,Article \u00e0 illustrer Personnalit\u00e9 politique
Kristien Kemmer,https://fr.wikipedia.org/?curid=1224579,https://fr.wikipedia.org/wiki/Kristien Kemmer,Article \u00e0 illustrer Joueur de tennis
Lea Pericoli,https://fr.wikipedia.org/?curid=1224591,https://fr.wikipedia.org/wiki/Lea Pericoli,Article utilisant une Infobox
Rhea Kapoor,https://fr.wikipedia.org/?curid=11811393,https://fr.wikipedia.org/wiki/Rhea Kapoor,Article manquant de r\u00e9f\u00e9rences depuis juin 2018
Mira Rai,https://fr.wikipedia.org/?curid=11822654,https://fr.wikipedia.org/wiki/Mira Rai,Page utilisant P569
Ma\u00ebva Manceau,https://fr.wikipedia.org/?curid=11885126,https://fr.wikipedia.org/wiki/Ma\u00ebva Manceau,Article \u00e0 illustrer Joueur de rink hockey
Soukaina Zakkour,https://fr.wikipedia.org/?curid=11888202,https://fr.wikipedia.org/wiki/Soukaina Zakkour,Wikip\u00e9dia:\u00e9bauche athl\u00e8te marocain
Yehualye Beletew,https://fr.wikipedia.org/?curid=11898436,https://fr.wikipedia.org/wiki/Yehualye Beletew,Wikip\u00e9dia:\u00e9bauche sportif \u00e9thiopien
Peanut Louie,https://fr.wikipedia.org/?curid=1189850,https://fr.wikipedia.org/wiki/Peanut Louie,Article \u00e0 illustrer Joueur de tennis
Anta Sambou,https://fr.wikipedia.org/?curid=11784520,https://fr.wikipedia.org/wiki/Anta Sambou,Wikip\u00e9dia:\u00e9bauche lutte
Sylvie Meis,https://fr.wikipedia.org/?curid=11776737,https://fr.wikipedia.org/wiki/Sylvie Meis,Article manquant de r\u00e9f\u00e9rences depuis juin 2018
Cody Beals,https://fr.wikipedia.org/?curid=11781509,https://fr.wikipedia.org/wiki/Cody Beals,Article \u00e0 illustrer Sportif
Okay Kaya,https://fr.wikipedia.org/?curid=11886587,https://fr.wikipedia.org/wiki/Okay Kaya,Article contenant un appel \u00e0 traduction en anglais
Meskerem Mamo,https://fr.wikipedia.org/?curid=11901037,https://fr.wikipedia.org/wiki/Meskerem Mamo,Wikip\u00e9dia:\u00e9bauche sportif \u00e9thiopien
Elly Hakami,https://fr.wikipedia.org/?curid=1182849,https://fr.wikipedia.org/wiki/Elly Hakami,Article \u00e0 illustrer Joueur de tennis
Barbara Gerken,https://fr.wikipedia.org/?curid=1182869,https://fr.wikipedia.org/wiki/Barbara Gerken,Article \u00e0 illustrer Joueur de tennis
Dorsaf Gharsi,https://fr.wikipedia.org/?curid=11830783,https://fr.wikipedia.org/wiki/Dorsaf Gharsi,Wikip\u00e9dia:\u00e9bauche sportif tunisien
Billie Eilish,https://fr.wikipedia.org/?curid=11904611,https://fr.wikipedia.org/wiki/Billie Eilish,Page utilisant P19
Zen\u00e9y van der Walt,https://fr.wikipedia.org/?curid=11893693,https://fr.wikipedia.org/wiki/Zen\u00e9y van der Walt,Wikip\u00e9dia:\u00e9bauche athl\u00e8te sud-africain
Rosemary Chukwuma,https://fr.wikipedia.org/?curid=11893568,https://fr.wikipedia.org/wiki/Rosemary Chukwuma,Wikip\u00e9dia:\u00e9bauche athl\u00e9tisme
Germaine Abessolo Bivina,https://fr.wikipedia.org/?curid=11893580,https://fr.wikipedia.org/wiki/Germaine Abessolo Bivina,Wikip\u00e9dia:\u00e9bauche athl\u00e9tisme
Lamiae Lhabze,https://fr.wikipedia.org/?curid=11893615,https://fr.wikipedia.org/wiki/Lamiae Lhabze,Wikip\u00e9dia:\u00e9bauche athl\u00e9tisme
Emily Cherotich Tuei,https://fr.wikipedia.org/?curid=11918798,https://fr.wikipedia.org/wiki/Emily Cherotich Tuei,Wikip\u00e9dia:\u00e9bauche athl\u00e8te k\u00e9nyan
Mireille Parfaite Gaha,https://fr.wikipedia.org/?curid=11922098,https://fr.wikipedia.org/wiki/Mireille Parfaite Gaha,Wikip\u00e9dia:\u00e9bauche sportif ivoirien
Imke Onnen,https://fr.wikipedia.org/?curid=11922305,https://fr.wikipedia.org/wiki/Imke Onnen,Wikip\u00e9dia:\u00e9bauche athl\u00e8te allemand
Kym Ruddell,https://fr.wikipedia.org/?curid=1192761,https://fr.wikipedia.org/wiki/Kym Ruddell,Article \u00e0 illustrer Joueur de tennis
Brenda Kirk,https://fr.wikipedia.org/?curid=1191790,https://fr.wikipedia.org/wiki/Brenda Kirk,Article \u00e0 illustrer Joueur de tennis
Maria Pietil\u00e4 Holmner,https://fr.wikipedia.org/?curid=1191658,https://fr.wikipedia.org/wiki/Maria Pietil\u00e4 Holmner,Wikip\u00e9dia:\u00e9bauche ski alpin
Meher Afroz Shaon,https://fr.wikipedia.org/?curid=11916911,https://fr.wikipedia.org/wiki/Meher Afroz Shaon,Wikip\u00e9dia:\u00e9bauche acteur bangladais
Amina Nedder,https://fr.wikipedia.org/?curid=11883848,https://fr.wikipedia.org/wiki/Amina Nedder,Article \u00e0 illustrer Joueur de rink hockey
Naomi Zanotto,https://fr.wikipedia.org/?curid=11884031,https://fr.wikipedia.org/wiki/Naomi Zanotto,Article \u00e0 illustrer Joueur de rink hockey
Joy Udo-Gabriel,https://fr.wikipedia.org/?curid=11884063,https://fr.wikipedia.org/wiki/Joy Udo-Gabriel,Article manquant de r\u00e9f\u00e9rences depuis ao\u00fbt 2018
Min Hyo-rin,https://fr.wikipedia.org/?curid=11891138,https://fr.wikipedia.org/wiki/Min Hyo-rin,Article utilisant une Infobox
Indya Moore,https://fr.wikipedia.org/?curid=11912736,https://fr.wikipedia.org/wiki/Indya Moore,Article utilisant une Infobox
Kim Yoon-ji,https://fr.wikipedia.org/?curid=11913581,https://fr.wikipedia.org/wiki/Kim Yoon-ji,Article contenant un lien mort
Saliha,https://fr.wikipedia.org/?curid=1191523,https://fr.wikipedia.org/wiki/Saliha,Article contenant un lien mort
Maria Gordon,https://fr.wikipedia.org/?curid=11914640,https://fr.wikipedia.org/wiki/Maria Gordon,Page utilisant P569
Susan Sloane,https://fr.wikipedia.org/?curid=1191964,https://fr.wikipedia.org/wiki/Susan Sloane,Article \u00e0 illustrer Joueur de tennis
Tristan Gale,https://fr.wikipedia.org/?curid=1190957,https://fr.wikipedia.org/wiki/Tristan Gale,Article utilisant une Infobox
DeeDee Trotter,https://fr.wikipedia.org/?curid=1004011,https://fr.wikipedia.org/wiki/DeeDee Trotter,Article utilisant une Infobox
Rebeka Masarova,https://fr.wikipedia.org/?curid=10063102,https://fr.wikipedia.org/wiki/Rebeka Masarova,Article utilisant une Infobox
Mariana Aydar,https://fr.wikipedia.org/?curid=10061385,https://fr.wikipedia.org/wiki/Mariana Aydar,Page utilisant P569
Lamya Matoub,https://fr.wikipedia.org/?curid=10061485,https://fr.wikipedia.org/wiki/Lamya Matoub,Page utilisant P569
Barbara Ferries,https://fr.wikipedia.org/?curid=1007642,https://fr.wikipedia.org/wiki/Barbara Ferries,Page utilisant P569
Inge Wersin-Lantschner,https://fr.wikipedia.org/?curid=1007658,https://fr.wikipedia.org/wiki/Inge Wersin-Lantschner,Article \u00e0 illustrer Sportif
Fannie Flagg,https://fr.wikipedia.org/?curid=1007754,https://fr.wikipedia.org/wiki/Fannie Flagg,Wikip\u00e9dia:\u00e9bauche acteur am\u00e9ricain
Hadwig Pfeifer-Lantschner,https://fr.wikipedia.org/?curid=1007757,https://fr.wikipedia.org/wiki/Hadwig Pfeifer-Lantschner,Article \u00e0 illustrer Sportif
Vanessa Sp\u00ednola,https://fr.wikipedia.org/?curid=10081595,https://fr.wikipedia.org/wiki/Vanessa Sp\u00ednola,Wikip\u00e9dia:\u00e9bauche athl\u00e8te br\u00e9silien
Stacie Passon,https://fr.wikipedia.org/?curid=10081826,https://fr.wikipedia.org/wiki/Stacie Passon,Wikip\u00e9dia:\u00e9bauche acteur am\u00e9ricain
Dagmar Rom,https://fr.wikipedia.org/?curid=1007761,https://fr.wikipedia.org/wiki/Dagmar Rom,Wikip\u00e9dia:\u00e9bauche ski alpin
Lisa Resch,https://fr.wikipedia.org/?curid=1007783,https://fr.wikipedia.org/wiki/Lisa Resch,Article \u00e0 illustrer Sportif
Anny R\u00fcegg,https://fr.wikipedia.org/?curid=1007794,https://fr.wikipedia.org/wiki/Anny R\u00fcegg,Wikip\u00e9dia:\u00e9bauche sportif suisse
Erika Netzer,https://fr.wikipedia.org/?curid=1007608,https://fr.wikipedia.org/wiki/Erika Netzer,Wikip\u00e9dia:\u00e9bauche ski alpin
Kathryn Erbe,https://fr.wikipedia.org/?curid=1007903,https://fr.wikipedia.org/wiki/Kathryn Erbe,Wikip\u00e9dia:\u00e9bauche acteur am\u00e9ricain
Peta-Gaye Dowdie,https://fr.wikipedia.org/?curid=1006786,https://fr.wikipedia.org/wiki/Peta-Gaye Dowdie,Wikip\u00e9dia:\u00e9bauche athl\u00e8te jama\u00efcain
Hilda Koronel,https://fr.wikipedia.org/?curid=10049259,https://fr.wikipedia.org/wiki/Hilda Koronel,Wikip\u00e9dia:\u00e9bauche acteur philippin
Giuliana Chenal-Minuzzo,https://fr.wikipedia.org/?curid=1008475,https://fr.wikipedia.org/wiki/Giuliana Chenal-Minuzzo,Wikip\u00e9dia:\u00e9bauche ski alpin
Ida Sch\u00f6pfer,https://fr.wikipedia.org/?curid=1008507,https://fr.wikipedia.org/wiki/Ida Sch\u00f6pfer,Wikip\u00e9dia:\u00e9bauche personnalit\u00e9 suisse
Anne Jagellon,https://fr.wikipedia.org/?curid=1008627,https://fr.wikipedia.org/wiki/Anne Jagellon,Article utilisant une Infobox
Miki Howard,https://fr.wikipedia.org/?curid=10086486,https://fr.wikipedia.org/wiki/Miki Howard,Page utilisant P569
Inger Bj\u00f8rnbakken,https://fr.wikipedia.org/?curid=1008749,https://fr.wikipedia.org/wiki/Inger Bj\u00f8rnbakken,Wikip\u00e9dia:\u00e9bauche sportif norv\u00e9gien
Annemarie Waser,https://fr.wikipedia.org/?curid=1008758,https://fr.wikipedia.org/wiki/Annemarie Waser,Page utilisant P569
Betsy Snite,https://fr.wikipedia.org/?curid=1008802,https://fr.wikipedia.org/wiki/Betsy Snite,Wikip\u00e9dia:\u00e9bauche ski alpin
Sonja Sperl,https://fr.wikipedia.org/?curid=1008794,https://fr.wikipedia.org/wiki/Sonja Sperl,Wikip\u00e9dia:\u00e9bauche ski alpin
Roscko Speckman,https://fr.wikipedia.org/?curid=10042715,https://fr.wikipedia.org/wiki/Roscko Speckman,Article utilisant une Infobox
Edith Zimmermann,https://fr.wikipedia.org/?curid=1007521,https://fr.wikipedia.org/wiki/Edith Zimmermann,Page utilisant P569
Andrea Huser,https://fr.wikipedia.org/?curid=10050516,https://fr.wikipedia.org/wiki/Andrea Huser,Article utilisant une Infobox
Ingrid Jungermann,https://fr.wikipedia.org/?curid=10051718,https://fr.wikipedia.org/wiki/Ingrid Jungermann,Wikip\u00e9dia:\u00e9bauche acteur am\u00e9ricain
Laura Pausini,https://fr.wikipedia.org/?curid=100518,https://fr.wikipedia.org/wiki/Laura Pausini,Article utilisant une Infobox
Ang\u00e9lique Morgan,https://fr.wikipedia.org/?curid=10034013,https://fr.wikipedia.org/wiki/Ang\u00e9lique Morgan,Article utilisant une Infobox
Perry Baker,https://fr.wikipedia.org/?curid=10043651,https://fr.wikipedia.org/wiki/Perry Baker,Article utilisant une Infobox
Tannaz Tabatabaei,https://fr.wikipedia.org/?curid=10026057,https://fr.wikipedia.org/wiki/Tannaz Tabatabaei,Wikip\u00e9dia:\u00e9bauche acteur iranien
Gina L\u00fcckenkemper,https://fr.wikipedia.org/?curid=10026317,https://fr.wikipedia.org/wiki/Gina L\u00fcckenkemper,Article utilisant une Infobox
P\u00e9ter Kropk\u00f3,https://fr.wikipedia.org/?curid=10030414,https://fr.wikipedia.org/wiki/P\u00e9ter Kropk\u00f3,Wikip\u00e9dia:\u00e9bauche triathlon
Mary Uranta,https://fr.wikipedia.org/?curid=10128601,https://fr.wikipedia.org/wiki/Mary Uranta,Wikip\u00e9dia:\u00e9bauche acteur nig\u00e9rian
Yusneysi Santiusti,https://fr.wikipedia.org/?curid=10128692,https://fr.wikipedia.org/wiki/Yusneysi Santiusti,Wikip\u00e9dia:\u00e9bauche athl\u00e8te cubain
Dia Frampton,https://fr.wikipedia.org/?curid=10130870,https://fr.wikipedia.org/wiki/Dia Frampton,Article contenant un lien mort
Celina Seghi,https://fr.wikipedia.org/?curid=1012990,https://fr.wikipedia.org/wiki/Celina Seghi,Article utilisant une Infobox
Loretta S\u00e1nchez,https://fr.wikipedia.org/?curid=10099173,https://fr.wikipedia.org/wiki/Loretta S\u00e1nchez,Article utilisant une Infobox
Omotayo Akinremi,https://fr.wikipedia.org/?curid=10099546,https://fr.wikipedia.org/wiki/Omotayo Akinremi,Wikip\u00e9dia:\u00e9bauche athl\u00e8te nig\u00e9rian
Shelly Fujii,https://fr.wikipedia.org/?curid=10097120,https://fr.wikipedia.org/wiki/Shelly Fujii,Article utilisant une Infobox
Jackline Chepngeno,https://fr.wikipedia.org/?curid=10113409,https://fr.wikipedia.org/wiki/Jackline Chepngeno,Wikip\u00e9dia:\u00e9bauche athl\u00e8te k\u00e9nyan
Joyciline Jepkosgei,https://fr.wikipedia.org/?curid=10113421,https://fr.wikipedia.org/wiki/Joyciline Jepkosgei,Article utilisant une Infobox
Marvel vs. Capcom 2: New Age of Heroes,https://fr.wikipedia.org/?curid=1010991,https://fr.wikipedia.org/wiki/Marvel vs. Capcom 2: New Age of Heroes,Identifiant Gaming-History absent de Wikidata
Judith Hill,https://fr.wikipedia.org/?curid=10112669,https://fr.wikipedia.org/wiki/Judith Hill,Article contenant un lien mort
Monika Stefanowicz,https://fr.wikipedia.org/?curid=10121222,https://fr.wikipedia.org/wiki/Monika Stefanowicz,Wikip\u00e9dia:\u00e9bauche athl\u00e8te polonais
Lori McNeil,https://fr.wikipedia.org/?curid=1012165,https://fr.wikipedia.org/wiki/Lori McNeil,Article \u00e0 illustrer Joueur de tennis
\u00c9lodie Normand,https://fr.wikipedia.org/?curid=10122162,https://fr.wikipedia.org/wiki/\u00c9lodie Normand,Wikip\u00e9dia:\u00e9bauche athl\u00e8te fran\u00e7ais
Trude Klecker,https://fr.wikipedia.org/?curid=1010838,https://fr.wikipedia.org/wiki/Trude Klecker,Wikip\u00e9dia:\u00e9bauche ski alpin
Sarah Thomasson,https://fr.wikipedia.org/?curid=1010854,https://fr.wikipedia.org/wiki/Sarah Thomasson,Article manquant de r\u00e9f\u00e9rences depuis d\u00e9cembre 2021
Miss Cameroun 2013,https://fr.wikipedia.org/?curid=10119493,https://fr.wikipedia.org/wiki/Miss Cameroun 2013,Article \u00e0 illustrer Miss
Ana\u00efs D\u00e9as,https://fr.wikipedia.org/?curid=10119638,https://fr.wikipedia.org/wiki/Ana\u00efs D\u00e9as,Article \u00e0 illustrer Joueur de basket-ball
Victoria Azarenka,https://fr.wikipedia.org/?curid=1011152,https://fr.wikipedia.org/wiki/Victoria Azarenka,Article utilisant une Infobox
Gina Bass,https://fr.wikipedia.org/?curid=10111670,https://fr.wikipedia.org/wiki/Gina Bass,Wikip\u00e9dia:\u00e9bauche athl\u00e8te
Jeanelle Griesel,https://fr.wikipedia.org/?curid=10111711,https://fr.wikipedia.org/wiki/Jeanelle Griesel,Wikip\u00e9dia:\u00e9bauche athl\u00e8te sud-africain
Maureen Jelagat,https://fr.wikipedia.org/?curid=10111906,https://fr.wikipedia.org/wiki/Maureen Jelagat,Wikip\u00e9dia:\u00e9bauche athl\u00e8te k\u00e9nyan
Jannette Burr,https://fr.wikipedia.org/?curid=1011217,https://fr.wikipedia.org/wiki/Jannette Burr,Wikip\u00e9dia:\u00e9bauche ski alpin
Andrea Jaeger,https://fr.wikipedia.org/?curid=1012550,https://fr.wikipedia.org/wiki/Andrea Jaeger,Article utilisant une Infobox
Funke Akindele,https://fr.wikipedia.org/?curid=10126551,https://fr.wikipedia.org/wiki/Funke Akindele,Article utilisant une Infobox
Ann Kirkpatrick,https://fr.wikipedia.org/?curid=10126114,https://fr.wikipedia.org/wiki/Ann Kirkpatrick,Article utilisant une Infobox
Justyna Kaczkowska,https://fr.wikipedia.org/?curid=10125042,https://fr.wikipedia.org/wiki/Justyna Kaczkowska,Page utilisant P569
Daria Pikulik,https://fr.wikipedia.org/?curid=10125068,https://fr.wikipedia.org/wiki/Daria Pikulik,Page utilisant P569
Kiki Omeili,https://fr.wikipedia.org/?curid=10126651,https://fr.wikipedia.org/wiki/Kiki Omeili,Wikip\u00e9dia:\u00e9bauche acteur nig\u00e9rian
Miss Virginie USA,https://fr.wikipedia.org/?curid=10126709,https://fr.wikipedia.org/wiki/Miss Virginie USA,Article contenant un appel \u00e0 traduction en anglais
Miss New Hampshire USA,https://fr.wikipedia.org/?curid=10126725,https://fr.wikipedia.org/wiki/Miss New Hampshire USA,Article manquant de r\u00e9f\u00e9rences depuis juillet 2016
Omoni Oboli,https://fr.wikipedia.org/?curid=10126876,https://fr.wikipedia.org/wiki/Omoni Oboli,Article utilisant une Infobox
Kimberly Po,https://fr.wikipedia.org/?curid=1012698,https://fr.wikipedia.org/wiki/Kimberly Po,Article \u00e0 illustrer Joueur de tennis
Isha Koppikar,https://fr.wikipedia.org/?curid=10124585,https://fr.wikipedia.org/wiki/Isha Koppikar,Wikip\u00e9dia:\u00e9bauche acteur indien
Franco Coll\u00e9,https://fr.wikipedia.org/?curid=10124755,https://fr.wikipedia.org/wiki/Franco Coll\u00e9,Wikip\u00e9dia:\u00e9bauche athl\u00e8te italien
Kaci Lickteig,https://fr.wikipedia.org/?curid=10123752,https://fr.wikipedia.org/wiki/Kaci Lickteig,Wikip\u00e9dia:\u00e9bauche ultra-trail
Callie Hernandez,https://fr.wikipedia.org/?curid=10098919,https://fr.wikipedia.org/wiki/Callie Hernandez,Wikip\u00e9dia:\u00e9bauche acteur am\u00e9ricain
Karen Botha,https://fr.wikipedia.org/?curid=10098971,https://fr.wikipedia.org/wiki/Karen Botha,Wikip\u00e9dia:\u00e9bauche athl\u00e8te sud-africain
Louise Meintjies,https://fr.wikipedia.org/?curid=10098983,https://fr.wikipedia.org/wiki/Louise Meintjies,Wikip\u00e9dia:\u00e9bauche athl\u00e8te sud-africain
Pooja Hegde,https://fr.wikipedia.org/?curid=10099827,https://fr.wikipedia.org/wiki/Pooja Hegde,Article utilisant une Infobox
Rosa Rakotozafy,https://fr.wikipedia.org/?curid=10100294,https://fr.wikipedia.org/wiki/Rosa Rakotozafy,Wikip\u00e9dia:\u00e9bauche athl\u00e8te
Zahra Lachguer,https://fr.wikipedia.org/?curid=10100359,https://fr.wikipedia.org/wiki/Zahra Lachguer,Wikip\u00e9dia:\u00e9bauche athl\u00e8te marocain
Miss Montana USA,https://fr.wikipedia.org/?curid=10100522,https://fr.wikipedia.org/wiki/Miss Montana USA,Article utilisant une Infobox
Patience Okoro,https://fr.wikipedia.org/?curid=10101646,https://fr.wikipedia.org/wiki/Patience Okoro,Wikip\u00e9dia:\u00e9bauche athl\u00e8te nig\u00e9rian
Miss Nebraska USA,https://fr.wikipedia.org/?curid=10102198,https://fr.wikipedia.org/wiki/Miss Nebraska USA,Portail:Mannequinat/Articles li\u00e9s
Gigi Fern\u00e1ndez,https://fr.wikipedia.org/?curid=1011912,https://fr.wikipedia.org/wiki/Gigi Fern\u00e1ndez,Article utilisant une Infobox
Basant Mosaad Mohamed Hassan,https://fr.wikipedia.org/?curid=10115359,https://fr.wikipedia.org/wiki/Basant Mosaad Mohamed Hassan,Wikip\u00e9dia:\u00e9bauche athl\u00e8te \u00e9gyptien
Agnes Chesang,https://fr.wikipedia.org/?curid=10115410,https://fr.wikipedia.org/wiki/Agnes Chesang,Wikip\u00e9dia:\u00e9bauche athl\u00e8te k\u00e9nyan
Miss Belgique 2016,https://fr.wikipedia.org/?curid=10115683,https://fr.wikipedia.org/wiki/Miss Belgique 2016,Article \u00e0 illustrer Miss
Marjolaine Bazin,https://fr.wikipedia.org/?curid=10118340,https://fr.wikipedia.org/wiki/Marjolaine Bazin,Page utilisant P569
Rebecca Long Bailey,https://fr.wikipedia.org/?curid=10118434,https://fr.wikipedia.org/wiki/Rebecca Long Bailey,Article utilisant une Infobox
Keturah Orji,https://fr.wikipedia.org/?curid=10097736,https://fr.wikipedia.org/wiki/Keturah Orji,Wikip\u00e9dia:\u00e9bauche athl\u00e8te am\u00e9ricain
Janet Lawless,https://fr.wikipedia.org/?curid=10101588,https://fr.wikipedia.org/wiki/Janet Lawless,Wikip\u00e9dia:\u00e9bauche athl\u00e8te sud-africain
Sarah Bensaad,https://fr.wikipedia.org/?curid=10104172,https://fr.wikipedia.org/wiki/Sarah Bensaad,Wikip\u00e9dia:\u00e9bauche athl\u00e8te tunisien
Claudia Heunis,https://fr.wikipedia.org/?curid=10104209,https://fr.wikipedia.org/wiki/Claudia Heunis,Wikip\u00e9dia:\u00e9bauche athl\u00e8te sud-africain
Regina Sch\u00f6pf,https://fr.wikipedia.org/?curid=1010589,https://fr.wikipedia.org/wiki/Regina Sch\u00f6pf,Page utilisant P569
Nwanneka Okwelogu,https://fr.wikipedia.org/?curid=10105966,https://fr.wikipedia.org/wiki/Nwanneka Okwelogu,Wikip\u00e9dia:\u00e9bauche athl\u00e8te nig\u00e9rian
Mirl Buchner,https://fr.wikipedia.org/?curid=1010610,https://fr.wikipedia.org/wiki/Mirl Buchner,Article manquant de r\u00e9f\u00e9rences depuis janvier 2019
Agnieszka Szwarn\u00f3g,https://fr.wikipedia.org/?curid=10106218,https://fr.wikipedia.org/wiki/Agnieszka Szwarn\u00f3g,Article \u00e0 illustrer Athl\u00e8te
Iselin Solheim,https://fr.wikipedia.org/?curid=10106344,https://fr.wikipedia.org/wiki/Iselin Solheim,Wikip\u00e9dia:\u00e9bauche chanteur norv\u00e9gien
Sarah Ngongoa,https://fr.wikipedia.org/?curid=10106364,https://fr.wikipedia.org/wiki/Sarah Ngongoa,Wikip\u00e9dia:\u00e9bauche athl\u00e8te camerounais
Chioma Onyekwere,https://fr.wikipedia.org/?curid=10106371,https://fr.wikipedia.org/wiki/Chioma Onyekwere,Wikip\u00e9dia:\u00e9bauche athl\u00e8te nig\u00e9rian
Jolanda Annen,https://fr.wikipedia.org/?curid=10105255,https://fr.wikipedia.org/wiki/Jolanda Annen,Wikip\u00e9dia:\u00e9bauche triathl\u00e8te
Katrien Verstuyft,https://fr.wikipedia.org/?curid=10105287,https://fr.wikipedia.org/wiki/Katrien Verstuyft,Wikip\u00e9dia:\u00e9bauche triathl\u00e8te
Alison Tetrick,https://fr.wikipedia.org/?curid=10107416,https://fr.wikipedia.org/wiki/Alison Tetrick,Page utilisant P1448
Janneke Ensing,https://fr.wikipedia.org/?curid=10107493,https://fr.wikipedia.org/wiki/Janneke Ensing,Page utilisant P569
Brooke Henderson,https://fr.wikipedia.org/?curid=10141311,https://fr.wikipedia.org/wiki/Brooke Henderson,Article utilisant une Infobox
Naomi Sedney,https://fr.wikipedia.org/?curid=10137879,https://fr.wikipedia.org/wiki/Naomi Sedney,Wikip\u00e9dia:\u00e9bauche athl\u00e8te n\u00e9erlandais
Floriane Gnafoua,https://fr.wikipedia.org/?curid=10137887,https://fr.wikipedia.org/wiki/Floriane Gnafoua,Wikip\u00e9dia:\u00e9bauche athl\u00e8te fran\u00e7ais
Olaide Olaogun,https://fr.wikipedia.org/?curid=10140138,https://fr.wikipedia.org/wiki/Olaide Olaogun,Wikip\u00e9dia:\u00e9bauche acteur nig\u00e9rian
Addison Timlin,https://fr.wikipedia.org/?curid=10140845,https://fr.wikipedia.org/wiki/Addison Timlin,Article \u00e0 illustrer Personnalit\u00e9 du cin\u00e9ma
Erna Steuri,https://fr.wikipedia.org/?curid=1009255,https://fr.wikipedia.org/wiki/Erna Steuri,Wikip\u00e9dia:\u00e9bauche personnalit\u00e9 suisse
Miss Mississippi USA,https://fr.wikipedia.org/?curid=10095205,https://fr.wikipedia.org/wiki/Miss Mississippi USA,Portail:Mannequinat/Articles li\u00e9s
Natalya Tsyganova,https://fr.wikipedia.org/?curid=10302175,https://fr.wikipedia.org/wiki/Natalya Tsyganova,Wikip\u00e9dia:\u00e9bauche athl\u00e8te russe
Jelena Nikoli\u0107,https://fr.wikipedia.org/?curid=10266414,https://fr.wikipedia.org/wiki/Jelena Nikoli\u0107,Article utilisant une Infobox
Anna Smith (tennis),https://fr.wikipedia.org/?curid=10266430,https://fr.wikipedia.org/wiki/Anna Smith (tennis),Article utilisant une Infobox
Moonbyul,https://fr.wikipedia.org/?curid=10266559,https://fr.wikipedia.org/wiki/Moonbyul,Article utilisant une Infobox
Kayra Sayit,https://fr.wikipedia.org/?curid=10266578,https://fr.wikipedia.org/wiki/Kayra Sayit,Article utilisant une Infobox
Carl Kupferschmid,https://fr.wikipedia.org/?curid=10298987,https://fr.wikipedia.org/wiki/Carl Kupferschmid,Wikip\u00e9dia:\u00e9bauche triathlon
Patricia Tarabini,https://fr.wikipedia.org/?curid=1029913,https://fr.wikipedia.org/wiki/Patricia Tarabini,Article \u00e0 illustrer Joueur de tennis
Anak Verhoeven,https://fr.wikipedia.org/?curid=10295827,https://fr.wikipedia.org/wiki/Anak Verhoeven,Article utilisant une Infobox
Ken Glah,https://fr.wikipedia.org/?curid=10274842,https://fr.wikipedia.org/wiki/Ken Glah,Article \u00e0 illustrer Sportif
Miss Univers Canada 2014,https://fr.wikipedia.org/?curid=10275048,https://fr.wikipedia.org/wiki/Miss Univers Canada 2014,Article \u00e0 illustrer Miss
Nicole Moudaber,https://fr.wikipedia.org/?curid=10273399,https://fr.wikipedia.org/wiki/Nicole Moudaber,Page utilisant P569
Pumeza Matshikiza,https://fr.wikipedia.org/?curid=10276024,https://fr.wikipedia.org/wiki/Pumeza Matshikiza,Article contenant un appel \u00e0 traduction en anglais
Marisol del Olmo,https://fr.wikipedia.org/?curid=10276358,https://fr.wikipedia.org/wiki/Marisol del Olmo,Article \u00e0 illustrer Personnalit\u00e9 du cin\u00e9ma
Hanne Van Hessche,https://fr.wikipedia.org/?curid=10276716,https://fr.wikipedia.org/wiki/Hanne Van Hessche,Article utilisant une Infobox
Anne-Marie Pira,https://fr.wikipedia.org/?curid=10277058,https://fr.wikipedia.org/wiki/Anne-Marie Pira,Wikip\u00e9dia:\u00e9bauche athl\u00e8te belge
Rebuild of Evangelion,https://fr.wikipedia.org/?curid=1027101,https://fr.wikipedia.org/wiki/Rebuild of Evangelion,Article utilisant une Infobox
Juniel,https://fr.wikipedia.org/?curid=10265244,https://fr.wikipedia.org/wiki/Juniel,Article contenant un lien mort
