Name,URL1,URL2,First Category
Lesley Fera,https://fr.wikipedia.org/?curid=6361607,https://fr.wikipedia.org/wiki/Lesley Fera,Article \u00e0 illustrer Personnalit\u00e9 du cin\u00e9ma
Inna Fomina,https://fr.wikipedia.org/?curid=6358745,https://fr.wikipedia.org/wiki/Inna Fomina,Article utilisant une Infobox
Aleksandra Khalantchouk,https://fr.wikipedia.org/?curid=6358758,https://fr.wikipedia.org/wiki/Aleksandra Khalantchouk,Article \u00e0 illustrer Joueur de volley-ball
Natalia Vetrova,https://fr.wikipedia.org/?curid=6355427,https://fr.wikipedia.org/wiki/Natalia Vetrova,Article \u00e0 illustrer Joueur de volley-ball
Lucimara da Silva,https://fr.wikipedia.org/?curid=6357734,https://fr.wikipedia.org/wiki/Lucimara da Silva,Wikip\u00e9dia:\u00e9bauche athl\u00e8te br\u00e9silien
Irina Davydova,https://fr.wikipedia.org/?curid=6356311,https://fr.wikipedia.org/wiki/Irina Davydova,Wikip\u00e9dia:\u00e9bauche athl\u00e8te russe
Daria Bourkina,https://fr.wikipedia.org/?curid=6357324,https://fr.wikipedia.org/wiki/Daria Bourkina,Article utilisant une Infobox
Dong Yanmei,https://fr.wikipedia.org/?curid=6346399,https://fr.wikipedia.org/wiki/Dong Yanmei,Wikip\u00e9dia:\u00e9bauche athl\u00e8te chinois
Galina Fiodorova,https://fr.wikipedia.org/?curid=6349796,https://fr.wikipedia.org/wiki/Galina Fiodorova,Article \u00e0 illustrer Joueur de volley-ball
Irina Klimanova,https://fr.wikipedia.org/?curid=6349811,https://fr.wikipedia.org/wiki/Irina Klimanova,Article utilisant une Infobox
Chlo\u00e9 Depouilly,https://fr.wikipedia.org/?curid=6347794,https://fr.wikipedia.org/wiki/Chlo\u00e9 Depouilly,Article utilisant une Infobox
Lauren Gibbemeyer,https://fr.wikipedia.org/?curid=6334367,https://fr.wikipedia.org/wiki/Lauren Gibbemeyer,Wikip\u00e9dia:\u00e9bauche joueuse am\u00e9ricaine de volley-ball
Ielena Samo\u00eflova,https://fr.wikipedia.org/?curid=6337902,https://fr.wikipedia.org/wiki/Ielena Samo\u00eflova,Article \u00e0 illustrer Joueur de volley-ball
Klavdiya Mayuchaya,https://fr.wikipedia.org/?curid=6340386,https://fr.wikipedia.org/wiki/Klavdiya Mayuchaya,Wikip\u00e9dia:\u00e9bauche athl\u00e8te sovi\u00e9tique
Kari Traa,https://fr.wikipedia.org/?curid=633706,https://fr.wikipedia.org/wiki/Kari Traa,Article utilisant une Infobox
Jennifer Heil,https://fr.wikipedia.org/?curid=633725,https://fr.wikipedia.org/wiki/Jennifer Heil,Wikip\u00e9dia:\u00e9bauche ski acrobatique
Daniela B\u00e1rtov\u00e1,https://fr.wikipedia.org/?curid=6328114,https://fr.wikipedia.org/wiki/Daniela B\u00e1rtov\u00e1,Wikip\u00e9dia:\u00e9bauche athl\u00e8te tch\u00e8que
Miss \u00c9quateur,https://fr.wikipedia.org/?curid=6316476,https://fr.wikipedia.org/wiki/Miss \u00c9quateur,Wikip\u00e9dia:\u00e9bauche \u00c9quateur
Sloane Stephens,https://fr.wikipedia.org/?curid=6340838,https://fr.wikipedia.org/wiki/Sloane Stephens,Article utilisant une Infobox
Barbara \u0160piler,https://fr.wikipedia.org/?curid=6345147,https://fr.wikipedia.org/wiki/Barbara \u0160piler,Wikip\u00e9dia:\u00e9bauche athl\u00e8te slov\u00e8ne
Sophie Kleeberg,https://fr.wikipedia.org/?curid=6342133,https://fr.wikipedia.org/wiki/Sophie Kleeberg,Wikip\u00e9dia:\u00e9bauche athl\u00e8te allemand
Daniela Schreiber,https://fr.wikipedia.org/?curid=6314300,https://fr.wikipedia.org/wiki/Daniela Schreiber,Wikip\u00e9dia:\u00e9bauche natation
Irina Belenkova,https://fr.wikipedia.org/?curid=6327199,https://fr.wikipedia.org/wiki/Irina Belenkova,Article \u00e0 illustrer Joueur de volley-ball
Mela Lee,https://fr.wikipedia.org/?curid=6333444,https://fr.wikipedia.org/wiki/Mela Lee,Wikip\u00e9dia:\u00e9bauche acteur am\u00e9ricain
Iekaterina Kousinch,https://fr.wikipedia.org/?curid=6353362,https://fr.wikipedia.org/wiki/Iekaterina Kousinch,Article utilisant une Infobox
Martina S\u00e1bl\u00edkov\u00e1,https://fr.wikipedia.org/?curid=635337,https://fr.wikipedia.org/wiki/Martina S\u00e1bl\u00edkov\u00e1,Wikip\u00e9dia:\u00e9bauche personnalit\u00e9 tch\u00e8que
Kimberlyn Duncan,https://fr.wikipedia.org/?curid=6351865,https://fr.wikipedia.org/wiki/Kimberlyn Duncan,Wikip\u00e9dia:\u00e9bauche athl\u00e8te am\u00e9ricain
Ireen W\u00fcst,https://fr.wikipedia.org/?curid=635414,https://fr.wikipedia.org/wiki/Ireen W\u00fcst,Article utilisant une Infobox
Renate Groenewold,https://fr.wikipedia.org/?curid=635356,https://fr.wikipedia.org/wiki/Renate Groenewold,Wikip\u00e9dia:\u00e9bauche patinage de vitesse
Linda Kepp,https://fr.wikipedia.org/?curid=6312687,https://fr.wikipedia.org/wiki/Linda Kepp,Wikip\u00e9dia:\u00e9bauche athl\u00e8te sovi\u00e9tique
Marestella Sunang,https://fr.wikipedia.org/?curid=6313341,https://fr.wikipedia.org/wiki/Marestella Sunang,Wikip\u00e9dia:\u00e9bauche athl\u00e8te philippin
Jeon Ji-yoon,https://fr.wikipedia.org/?curid=6319224,https://fr.wikipedia.org/wiki/Jeon Ji-yoon,Article contenant un lien mort
Tatsiana Markevitch,https://fr.wikipedia.org/?curid=6322803,https://fr.wikipedia.org/wiki/Tatsiana Markevitch,Article utilisant une Infobox
Maria Frolova,https://fr.wikipedia.org/?curid=7187514,https://fr.wikipedia.org/wiki/Maria Frolova,Article utilisant une Infobox
Anabelle Langlois,https://fr.wikipedia.org/?curid=718587,https://fr.wikipedia.org/wiki/Anabelle Langlois,Wikip\u00e9dia:\u00e9bauche patinage artistique
Brianne Theisen-Eaton,https://fr.wikipedia.org/?curid=7176990,https://fr.wikipedia.org/wiki/Brianne Theisen-Eaton,Article utilisant une Infobox
Liste des m\u00e9daill\u00e9s aux Jeux olympiques d'\u00e9t\u00e9 de 2004,https://fr.wikipedia.org/?curid=7181118,https://fr.wikipedia.org/wiki/Liste des m\u00e9daill\u00e9s aux Jeux olympiques d'\u00e9t\u00e9 de 2004,Page utilisant une pr\u00e9sentation en colonnes avec un nombre fixe de colonnes
Katy Taylor,https://fr.wikipedia.org/?curid=718419,https://fr.wikipedia.org/wiki/Katy Taylor,Wikip\u00e9dia:\u00e9bauche patinage artistique
We Can't Stop,https://fr.wikipedia.org/?curid=7184284,https://fr.wikipedia.org/wiki/We Can't Stop,Article utilisant une Infobox
Yukina Ota,https://fr.wikipedia.org/?curid=718435,https://fr.wikipedia.org/wiki/Yukina Ota,Wikip\u00e9dia:\u00e9bauche patinage artistique
Kazuki Sakuraba,https://fr.wikipedia.org/?curid=7146319,https://fr.wikipedia.org/wiki/Kazuki Sakuraba,Article contenant un lien mort
Koleta \u0141yszkiewicz,https://fr.wikipedia.org/?curid=7160510,https://fr.wikipedia.org/wiki/Koleta \u0141yszkiewicz,Article utilisant une Infobox
Deb Lacusta,https://fr.wikipedia.org/?curid=7160590,https://fr.wikipedia.org/wiki/Deb Lacusta,Article \u00e0 illustrer Personnalit\u00e9 du cin\u00e9ma
Tanja Grbi\u0107,https://fr.wikipedia.org/?curid=7170116,https://fr.wikipedia.org/wiki/Tanja Grbi\u0107,Article utilisant une Infobox
Livia Brito,https://fr.wikipedia.org/?curid=7171375,https://fr.wikipedia.org/wiki/Livia Brito,Article utilisant une Infobox
Anna Faris,https://fr.wikipedia.org/?curid=717174,https://fr.wikipedia.org/wiki/Anna Faris,Article utilisant une Infobox
Riza Santos,https://fr.wikipedia.org/?curid=7164499,https://fr.wikipedia.org/wiki/Riza Santos,Page utilisant P856
Yomara Hinestroza,https://fr.wikipedia.org/?curid=7151780,https://fr.wikipedia.org/wiki/Yomara Hinestroza,Wikip\u00e9dia:\u00e9bauche athl\u00e8te colombien
Alessandra Resende,https://fr.wikipedia.org/?curid=7151860,https://fr.wikipedia.org/wiki/Alessandra Resende,Wikip\u00e9dia:\u00e9bauche athl\u00e8te br\u00e9silien
Bella Bournacheva,https://fr.wikipedia.org/?curid=7147438,https://fr.wikipedia.org/wiki/Bella Bournacheva,Wikip\u00e9dia:\u00e9bauche astronome russe ou sovi\u00e9tique
Sophie Lowe,https://fr.wikipedia.org/?curid=7143967,https://fr.wikipedia.org/wiki/Sophie Lowe,Article utilisant une Infobox
Sandra Ygueravide,https://fr.wikipedia.org/?curid=6964886,https://fr.wikipedia.org/wiki/Sandra Ygueravide,Article utilisant une Infobox
Agnieszka Mitr\u0119ga,https://fr.wikipedia.org/?curid=6961766,https://fr.wikipedia.org/wiki/Agnieszka Mitr\u0119ga,Article \u00e0 illustrer Joueur de volley-ball
Katarzyna Broniatowska,https://fr.wikipedia.org/?curid=6963760,https://fr.wikipedia.org/wiki/Katarzyna Broniatowska,Wikip\u00e9dia:\u00e9bauche athl\u00e8te polonais
Shay Doron,https://fr.wikipedia.org/?curid=6982914,https://fr.wikipedia.org/wiki/Shay Doron,Wikip\u00e9dia:\u00e9bauche joueuse de basket-ball
Mai Fukuda,https://fr.wikipedia.org/?curid=6982405,https://fr.wikipedia.org/wiki/Mai Fukuda,Article \u00e0 illustrer Joueur de volley-ball
Madelaynne Monta\u00f1o,https://fr.wikipedia.org/?curid=6982451,https://fr.wikipedia.org/wiki/Madelaynne Monta\u00f1o,Article utilisant une Infobox
Susana Hidalgo,https://fr.wikipedia.org/?curid=6998716,https://fr.wikipedia.org/wiki/Susana Hidalgo,Wikip\u00e9dia:\u00e9bauche acteur chilien
Luz Valdivieso,https://fr.wikipedia.org/?curid=6998821,https://fr.wikipedia.org/wiki/Luz Valdivieso,Wikip\u00e9dia:\u00e9bauche acteur chilien
Kajal Aggarwal,https://fr.wikipedia.org/?curid=7083314,https://fr.wikipedia.org/wiki/Kajal Aggarwal,Article utilisant une Infobox
Akari Oumi,https://fr.wikipedia.org/?curid=7064177,https://fr.wikipedia.org/wiki/Akari Oumi,Article \u00e0 illustrer Joueur de volley-ball
Dorota Zag\u00f3rska,https://fr.wikipedia.org/?curid=705402,https://fr.wikipedia.org/wiki/Dorota Zag\u00f3rska,Wikip\u00e9dia:\u00e9bauche patinage artistique
Oksana Udmurtova,https://fr.wikipedia.org/?curid=7070728,https://fr.wikipedia.org/wiki/Oksana Udmurtova,Wikip\u00e9dia:\u00e9bauche athl\u00e8te russe
Ilse Pausin,https://fr.wikipedia.org/?curid=707188,https://fr.wikipedia.org/wiki/Ilse Pausin,Wikip\u00e9dia:\u00e9bauche patinage artistique
Safia Bengueddoudj,https://fr.wikipedia.org/?curid=7066473,https://fr.wikipedia.org/wiki/Safia Bengueddoudj,Wikip\u00e9dia:\u00e9bauche footballeuse
Stars Dance Tour,https://fr.wikipedia.org/?curid=7066832,https://fr.wikipedia.org/wiki/Stars Dance Tour,Article manquant de r\u00e9f\u00e9rences depuis novembre 2014
Rita Jeptoo,https://fr.wikipedia.org/?curid=7065583,https://fr.wikipedia.org/wiki/Rita Jeptoo,Article utilisant une Infobox
Alex Hepburn,https://fr.wikipedia.org/?curid=7068826,https://fr.wikipedia.org/wiki/Alex Hepburn,Article manquant de r\u00e9f\u00e9rences depuis novembre 2022
\u00c9pouse du pr\u00e9sident de la R\u00e9publique italienne,https://fr.wikipedia.org/?curid=7076871,https://fr.wikipedia.org/wiki/\u00c9pouse du pr\u00e9sident de la R\u00e9publique italienne,Article utilisant une Infobox
Yu Miaoyi,https://fr.wikipedia.org/?curid=7078750,https://fr.wikipedia.org/wiki/Yu Miaoyi,Article utilisant une Infobox
June Carter Cash,https://fr.wikipedia.org/?curid=707931,https://fr.wikipedia.org/wiki/June Carter Cash,Article utilisant une Infobox
Tessa Wullaert,https://fr.wikipedia.org/?curid=7080552,https://fr.wikipedia.org/wiki/Tessa Wullaert,Article utilisant une Infobox
Pamela Behr,https://fr.wikipedia.org/?curid=707771,https://fr.wikipedia.org/wiki/Pamela Behr,Wikip\u00e9dia:\u00e9bauche ski alpin
C\u00e9cile Ngambi,https://fr.wikipedia.org/?curid=7008016,https://fr.wikipedia.org/wiki/C\u00e9cile Ngambi,Article \u00e0 illustrer Athl\u00e8te
Galit Chait,https://fr.wikipedia.org/?curid=700480,https://fr.wikipedia.org/wiki/Galit Chait,Wikip\u00e9dia:\u00e9bauche patinage artistique
Xiao Yanling,https://fr.wikipedia.org/?curid=7005101,https://fr.wikipedia.org/wiki/Xiao Yanling,Wikip\u00e9dia:\u00e9bauche athl\u00e8te chinois
Yumi Mizuta,https://fr.wikipedia.org/?curid=7002478,https://fr.wikipedia.org/wiki/Yumi Mizuta,Article \u00e0 illustrer Joueur de volley-ball
Catherine Ngwang,https://fr.wikipedia.org/?curid=7012305,https://fr.wikipedia.org/wiki/Catherine Ngwang,Article \u00e0 illustrer Athl\u00e8te
Anne-Hortense Eb\u00e9na,https://fr.wikipedia.org/?curid=7012386,https://fr.wikipedia.org/wiki/Anne-Hortense Eb\u00e9na,Article \u00e0 illustrer Athl\u00e8te
Lolita Nack,https://fr.wikipedia.org/?curid=7011813,https://fr.wikipedia.org/wiki/Lolita Nack,Wikip\u00e9dia:\u00e9bauche athl\u00e8te camerounais
Claudine Komgang,https://fr.wikipedia.org/?curid=7122475,https://fr.wikipedia.org/wiki/Claudine Komgang,Article \u00e0 illustrer Athl\u00e8te
Agn\u00e8s Tchuint\u00e9,https://fr.wikipedia.org/?curid=7121620,https://fr.wikipedia.org/wiki/Agn\u00e8s Tchuint\u00e9,Article \u00e0 illustrer Athl\u00e8te
Stars Dance,https://fr.wikipedia.org/?curid=7115415,https://fr.wikipedia.org/wiki/Stars Dance,Article utilisant une Infobox
Olivia Gollan,https://fr.wikipedia.org/?curid=7115785,https://fr.wikipedia.org/wiki/Olivia Gollan,Page utilisant P569
Ursula Konzett,https://fr.wikipedia.org/?curid=709591,https://fr.wikipedia.org/wiki/Ursula Konzett,Article \u00e0 illustrer Sportif
Olga Charv\u00e1tov\u00e1,https://fr.wikipedia.org/?curid=709597,https://fr.wikipedia.org/wiki/Olga Charv\u00e1tov\u00e1,Article \u00e0 illustrer Sportif
Martina \u0160m\u00eddov\u00e1,https://fr.wikipedia.org/?curid=7085189,https://fr.wikipedia.org/wiki/Martina \u0160m\u00eddov\u00e1,Article utilisant une Infobox
G\u00e9rard Oury,https://fr.wikipedia.org/?curid=70857,https://fr.wikipedia.org/wiki/G\u00e9rard Oury,Article utilisant une Infobox
Astou Traor\u00e9,https://fr.wikipedia.org/?curid=7099227,https://fr.wikipedia.org/wiki/Astou Traor\u00e9,Article utilisant une Infobox
Ivy Chen,https://fr.wikipedia.org/?curid=7099239,https://fr.wikipedia.org/wiki/Ivy Chen,Article utilisant une Infobox
Chan Hao-ching,https://fr.wikipedia.org/?curid=7099438,https://fr.wikipedia.org/wiki/Chan Hao-ching,Article utilisant une Infobox
Ligia Grozav,https://fr.wikipedia.org/?curid=7099647,https://fr.wikipedia.org/wiki/Ligia Grozav,Wikip\u00e9dia:\u00e9bauche athl\u00e8te roumain
Yoshie Onda,https://fr.wikipedia.org/?curid=706371,https://fr.wikipedia.org/wiki/Yoshie Onda,Wikip\u00e9dia:\u00e9bauche patinage artistique
Angela Brodtka,https://fr.wikipedia.org/?curid=7133992,https://fr.wikipedia.org/wiki/Angela Brodtka,Wikip\u00e9dia:\u00e9bauche coureur cycliste allemand
Barbara Fusar Poli,https://fr.wikipedia.org/?curid=713263,https://fr.wikipedia.org/wiki/Barbara Fusar Poli,Wikip\u00e9dia:\u00e9bauche patinage artistique
Liste des m\u00e9daill\u00e9s aux Jeux olympiques d'hiver de 1932,https://fr.wikipedia.org/?curid=7135215,https://fr.wikipedia.org/wiki/Liste des m\u00e9daill\u00e9s aux Jeux olympiques d'hiver de 1932,Cat\u00e9gorie Commons avec lien local diff\u00e9rent sur Wikidata
Naoko Sawamatsu,https://fr.wikipedia.org/?curid=710253,https://fr.wikipedia.org/wiki/Naoko Sawamatsu,Article \u00e0 illustrer Joueur de tennis
Alba Quezada,https://fr.wikipedia.org/?curid=7100337,https://fr.wikipedia.org/wiki/Alba Quezada,Wikip\u00e9dia:\u00e9bauche mannequin chilien
Ana Correa,https://fr.wikipedia.org/?curid=7112794,https://fr.wikipedia.org/wiki/Ana Correa,Article \u00e0 illustrer Joueur de volley-ball
Patricia L\u00f3pez,https://fr.wikipedia.org/?curid=7112829,https://fr.wikipedia.org/wiki/Patricia L\u00f3pez,Wikip\u00e9dia:\u00e9bauche acteur chilien
Hellem Abreu,https://fr.wikipedia.org/?curid=7110790,https://fr.wikipedia.org/wiki/Hellem Abreu,Article utilisant une Infobox
Leona Neumannov\u00e1,https://fr.wikipedia.org/?curid=7110822,https://fr.wikipedia.org/wiki/Leona Neumannov\u00e1,Article utilisant une Infobox
Laura Rossouw,https://fr.wikipedia.org/?curid=7114706,https://fr.wikipedia.org/wiki/Laura Rossouw,Article \u00e0 illustrer Joueur de tennis
Andr\u00e9a Jacobsson,https://fr.wikipedia.org/?curid=7114846,https://fr.wikipedia.org/wiki/Andr\u00e9a Jacobsson,Article \u00e0 illustrer Joueur de volley-ball
Vanessa Palacios,https://fr.wikipedia.org/?curid=7108371,https://fr.wikipedia.org/wiki/Vanessa Palacios,Article utilisant une Infobox
Keylla Fabrino Ramos,https://fr.wikipedia.org/?curid=7106374,https://fr.wikipedia.org/wiki/Keylla Fabrino Ramos,Article utilisant une Infobox
Ingrid Eberle,https://fr.wikipedia.org/?curid=709566,https://fr.wikipedia.org/wiki/Ingrid Eberle,Page utilisant P569
Come and Get It (chanson de Selena Gomez),https://fr.wikipedia.org/?curid=7095805,https://fr.wikipedia.org/wiki/Come and Get It (chanson de Selena Gomez),Article utilisant une Infobox
\u00c9lisabeth Fedele,https://fr.wikipedia.org/?curid=7087778,https://fr.wikipedia.org/wiki/\u00c9lisabeth Fedele,Article utilisant une Infobox
Tracy Wilson,https://fr.wikipedia.org/?curid=7090176,https://fr.wikipedia.org/wiki/Tracy Wilson,Wikip\u00e9dia:\u00e9bauche patinage artistique
Jeannette Altwegg,https://fr.wikipedia.org/?curid=709295,https://fr.wikipedia.org/wiki/Jeannette Altwegg,Article utilisant une Infobox
Magda Julin,https://fr.wikipedia.org/?curid=709321,https://fr.wikipedia.org/wiki/Magda Julin,Wikip\u00e9dia:\u00e9bauche patinage artistique
Debi Thomas,https://fr.wikipedia.org/?curid=7089843,https://fr.wikipedia.org/wiki/Debi Thomas,Wikip\u00e9dia:\u00e9bauche patinage artistique
Elizabeth Manley,https://fr.wikipedia.org/?curid=7089954,https://fr.wikipedia.org/wiki/Elizabeth Manley,Page utilisant P569
Ruth Enang,https://fr.wikipedia.org/?curid=7017139,https://fr.wikipedia.org/wiki/Ruth Enang,Article \u00e0 illustrer Athl\u00e8te
Joy Amechi Eze (23-04-1988),https://fr.wikipedia.org/?curid=7015834,https://fr.wikipedia.org/wiki/Joy Amechi Eze (23-04-1988),Wikip\u00e9dia:\u00e9bauche athl\u00e8te nig\u00e9rian
Jang Jae in,https://fr.wikipedia.org/?curid=7039080,https://fr.wikipedia.org/wiki/Jang Jae in,Article utilisant une Infobox
Stefanie V\u00f6gele,https://fr.wikipedia.org/?curid=7039219,https://fr.wikipedia.org/wiki/Stefanie V\u00f6gele,Article utilisant une Infobox
Keiki Nishiyama,https://fr.wikipedia.org/?curid=7039544,https://fr.wikipedia.org/wiki/Keiki Nishiyama,Article \u00e0 illustrer Joueur de volley-ball
Demi (album),https://fr.wikipedia.org/?curid=7041740,https://fr.wikipedia.org/wiki/Demi (album),Article contenant un lien mort
Saki Minemura,https://fr.wikipedia.org/?curid=6993209,https://fr.wikipedia.org/wiki/Saki Minemura,Article \u00e0 illustrer Joueur de volley-ball
\u0130rem A\u015f\u00e7\u0131,https://fr.wikipedia.org/?curid=6995735,https://fr.wikipedia.org/wiki/\u0130rem A\u015f\u00e7\u0131,Article \u00e0 illustrer Joueur de volley-ball
Claudia Coslovich,https://fr.wikipedia.org/?curid=7037159,https://fr.wikipedia.org/wiki/Claudia Coslovich,Wikip\u00e9dia:\u00e9bauche athl\u00e8te italien
Elisabeth Kirchler,https://fr.wikipedia.org/?curid=693961,https://fr.wikipedia.org/wiki/Elisabeth Kirchler,Article utilisant une Infobox
Cindy Nelson,https://fr.wikipedia.org/?curid=693976,https://fr.wikipedia.org/wiki/Cindy Nelson,Wikip\u00e9dia:\u00e9bauche ski alpin
Natalya Coyle,https://fr.wikipedia.org/?curid=6951831,https://fr.wikipedia.org/wiki/Natalya Coyle,Wikip\u00e9dia:\u00e9bauche pentathlon moderne
Kinga Hatala,https://fr.wikipedia.org/?curid=6954299,https://fr.wikipedia.org/wiki/Kinga Hatala,Article utilisant une Infobox
Monika Sroga,https://fr.wikipedia.org/?curid=6951706,https://fr.wikipedia.org/wiki/Monika Sroga,Article utilisant une Infobox
Maryna Arzamasava,https://fr.wikipedia.org/?curid=6964392,https://fr.wikipedia.org/wiki/Maryna Arzamasava,Article utilisant une Infobox
Ha Xiaoyan,https://fr.wikipedia.org/?curid=6984871,https://fr.wikipedia.org/wiki/Ha Xiaoyan,Wikip\u00e9dia:\u00e9bauche athl\u00e8te chinois
Arisa Takada,https://fr.wikipedia.org/?curid=6984452,https://fr.wikipedia.org/wiki/Arisa Takada,Article \u00e0 illustrer Joueur de volley-ball
Dorothee S\u00f6lle,https://fr.wikipedia.org/?curid=6988001,https://fr.wikipedia.org/wiki/Dorothee S\u00f6lle,Page utilisant P569
Rena Inoue,https://fr.wikipedia.org/?curid=698807,https://fr.wikipedia.org/wiki/Rena Inoue,Article utilisant une Infobox
Marie Wada,https://fr.wikipedia.org/?curid=6986948,https://fr.wikipedia.org/wiki/Marie Wada,Article \u00e0 illustrer Joueur de volley-ball
Magalys Garc\u00eda,https://fr.wikipedia.org/?curid=6986422,https://fr.wikipedia.org/wiki/Magalys Garc\u00eda,Wikip\u00e9dia:\u00e9bauche athl\u00e8te cubain
Samantha Mumba,https://fr.wikipedia.org/?curid=698647,https://fr.wikipedia.org/wiki/Samantha Mumba,Article utilisant une Infobox
Yuko Suzuki,https://fr.wikipedia.org/?curid=7006954,https://fr.wikipedia.org/wiki/Yuko Suzuki,Article \u00e0 illustrer Joueur de volley-ball
Vicky Leandros,https://fr.wikipedia.org/?curid=700905,https://fr.wikipedia.org/wiki/Vicky Leandros,Article manquant de r\u00e9f\u00e9rences depuis juillet 2009
Ilona Korstine,https://fr.wikipedia.org/?curid=700908,https://fr.wikipedia.org/wiki/Ilona Korstine,Article utilisant une Infobox
Paola Volpato,https://fr.wikipedia.org/?curid=7016482,https://fr.wikipedia.org/wiki/Paola Volpato,Wikip\u00e9dia:\u00e9bauche acteur chilien
Laura Mvula,https://fr.wikipedia.org/?curid=7013206,https://fr.wikipedia.org/wiki/Laura Mvula,Article utilisant une Infobox
Corinna Harrer,https://fr.wikipedia.org/?curid=6964130,https://fr.wikipedia.org/wiki/Corinna Harrer,Wikip\u00e9dia:\u00e9bauche athl\u00e8te allemand
J\u00falia Sebesty\u00e9n,https://fr.wikipedia.org/?curid=705099,https://fr.wikipedia.org/wiki/J\u00falia Sebesty\u00e9n,Wikip\u00e9dia:\u00e9bauche patinage artistique
Yoko Hayashi,https://fr.wikipedia.org/?curid=7049406,https://fr.wikipedia.org/wiki/Yoko Hayashi,Article \u00e0 illustrer Joueur de volley-ball
Lyubov Perepelova,https://fr.wikipedia.org/?curid=7051707,https://fr.wikipedia.org/wiki/Lyubov Perepelova,Wikip\u00e9dia:\u00e9bauche athl\u00e8te ouzbek
Ding-Dong! The Witch Is Dead,https://fr.wikipedia.org/?curid=7051788,https://fr.wikipedia.org/wiki/Ding-Dong! The Witch Is Dead,Article contenant un appel \u00e0 traduction en anglais
Marina Anissina,https://fr.wikipedia.org/?curid=705184,https://fr.wikipedia.org/wiki/Marina Anissina,Article utilisant une Infobox
Fish Leong,https://fr.wikipedia.org/?curid=7051910,https://fr.wikipedia.org/wiki/Fish Leong,Article utilisant une Infobox
Rosina Amenebede,https://fr.wikipedia.org/?curid=7048660,https://fr.wikipedia.org/wiki/Rosina Amenebede,Wikip\u00e9dia:\u00e9bauche athl\u00e8te ghan\u00e9en
Sarah Nambawa,https://fr.wikipedia.org/?curid=7050572,https://fr.wikipedia.org/wiki/Sarah Nambawa,Wikip\u00e9dia:\u00e9bauche athl\u00e8te ougandais
Val\u00e9rie Marcoux,https://fr.wikipedia.org/?curid=700652,https://fr.wikipedia.org/wiki/Val\u00e9rie Marcoux,Wikip\u00e9dia:\u00e9bauche patinage artistique
Mai Haruna,https://fr.wikipedia.org/?curid=7022488,https://fr.wikipedia.org/wiki/Mai Haruna,Article contenant un lien mort
Isidora Urrejola,https://fr.wikipedia.org/?curid=7018353,https://fr.wikipedia.org/wiki/Isidora Urrejola,Wikip\u00e9dia:\u00e9bauche acteur chilien
Sandra O'Ryan,https://fr.wikipedia.org/?curid=7018575,https://fr.wikipedia.org/wiki/Sandra O'Ryan,Wikip\u00e9dia:\u00e9bauche acteur chilien
Liste des m\u00e9daill\u00e9s aux Jeux olympiques d'hiver de 1936,https://fr.wikipedia.org/?curid=7207453,https://fr.wikipedia.org/wiki/Liste des m\u00e9daill\u00e9s aux Jeux olympiques d'hiver de 1936,Portail:Jeux olympiques/Articles li\u00e9s
Sibelis Veranes,https://fr.wikipedia.org/?curid=7223503,https://fr.wikipedia.org/wiki/Sibelis Veranes,Wikip\u00e9dia:\u00e9bauche judo
Miss Caroline du Sud USA,https://fr.wikipedia.org/?curid=7220607,https://fr.wikipedia.org/wiki/Miss Caroline du Sud USA,Wikip\u00e9dia:\u00e9bauche \u00c9tats-Unis
Iveta Bene\u0161ov\u00e1,https://fr.wikipedia.org/?curid=722115,https://fr.wikipedia.org/wiki/Iveta Bene\u0161ov\u00e1,Article utilisant une Infobox
\u00c9lise Delzenne,https://fr.wikipedia.org/?curid=7221626,https://fr.wikipedia.org/wiki/\u00c9lise Delzenne,Page utilisant P569
Agnieszka K\u0105kolewska,https://fr.wikipedia.org/?curid=7194606,https://fr.wikipedia.org/wiki/Agnieszka K\u0105kolewska,Article utilisant une Infobox
Magdalena Gryka,https://fr.wikipedia.org/?curid=7194635,https://fr.wikipedia.org/wiki/Magdalena Gryka,Article utilisant une Infobox
Fatma Y\u0131ld\u0131r\u0131m,https://fr.wikipedia.org/?curid=7210848,https://fr.wikipedia.org/wiki/Fatma Y\u0131ld\u0131r\u0131m,Article utilisant une Infobox
Anika Brinkmann,https://fr.wikipedia.org/?curid=7215055,https://fr.wikipedia.org/wiki/Anika Brinkmann,Article \u00e0 illustrer Joueur de volley-ball
Regine M\u00f6senlechner,https://fr.wikipedia.org/?curid=721252,https://fr.wikipedia.org/wiki/Regine M\u00f6senlechner,Article utilisant une Infobox
Nata\u0161a Bokal,https://fr.wikipedia.org/?curid=721153,https://fr.wikipedia.org/wiki/Nata\u0161a Bokal,Article \u00e0 illustrer Sportif
Lauren Barfield,https://fr.wikipedia.org/?curid=7201661,https://fr.wikipedia.org/wiki/Lauren Barfield,Wikip\u00e9dia:\u00e9bauche joueuse am\u00e9ricaine de volley-ball
Yuki Kato,https://fr.wikipedia.org/?curid=7202026,https://fr.wikipedia.org/wiki/Yuki Kato,Wikip\u00e9dia:\u00e9bauche acteur indon\u00e9sien
Song Ji-hyo,https://fr.wikipedia.org/?curid=7202041,https://fr.wikipedia.org/wiki/Song Ji-hyo,Wikip\u00e9dia:\u00e9bauche acteur sud-cor\u00e9en
Miss Californie USA,https://fr.wikipedia.org/?curid=7219077,https://fr.wikipedia.org/wiki/Miss Californie USA,Article utilisant une Infobox
Miss Arkansas USA,https://fr.wikipedia.org/?curid=7218588,https://fr.wikipedia.org/wiki/Miss Arkansas USA,Article utilisant une Infobox
Slow Down (chanson de Selena Gomez),https://fr.wikipedia.org/?curid=7215759,https://fr.wikipedia.org/wiki/Slow Down (chanson de Selena Gomez),Article utilisant une Infobox
Onayssa S'Bahi,https://fr.wikipedia.org/?curid=7238415,https://fr.wikipedia.org/wiki/Onayssa S'Bahi,Article utilisant une Infobox
Natalya Aristarkhova,https://fr.wikipedia.org/?curid=7236769,https://fr.wikipedia.org/wiki/Natalya Aristarkhova,Wikip\u00e9dia:\u00e9bauche athl\u00e8te russe
Nimet Karaku\u015f,https://fr.wikipedia.org/?curid=7235304,https://fr.wikipedia.org/wiki/Nimet Karaku\u015f,Wikip\u00e9dia:\u00e9bauche athl\u00e8te turc
St\u00e9lla-Ir\u00f3 Led\u00e1ki,https://fr.wikipedia.org/?curid=7235250,https://fr.wikipedia.org/wiki/St\u00e9lla-Ir\u00f3 Led\u00e1ki,Wikip\u00e9dia:\u00e9bauche athl\u00e8te grec
Maria Leonor Tavares,https://fr.wikipedia.org/?curid=7238739,https://fr.wikipedia.org/wiki/Maria Leonor Tavares,Wikip\u00e9dia:\u00e9bauche athl\u00e8te portugais
M\u00f3nica Puig,https://fr.wikipedia.org/?curid=7236489,https://fr.wikipedia.org/wiki/M\u00f3nica Puig,Article utilisant une Infobox
Jessika Guehaseim,https://fr.wikipedia.org/?curid=7237330,https://fr.wikipedia.org/wiki/Jessika Guehaseim,Wikip\u00e9dia:\u00e9bauche athl\u00e8te fran\u00e7ais
Alessandra Petrucci,https://fr.wikipedia.org/?curid=7236217,https://fr.wikipedia.org/wiki/Alessandra Petrucci,Wikip\u00e9dia:\u00e9bauche joueuse italienne de volley-ball
Kenia Carcaces,https://fr.wikipedia.org/?curid=7236237,https://fr.wikipedia.org/wiki/Kenia Carcaces,Article utilisant une Infobox
Cecilia Molinari,https://fr.wikipedia.org/?curid=7230254,https://fr.wikipedia.org/wiki/Cecilia Molinari,Wikip\u00e9dia:\u00e9bauche athl\u00e8te italien
Miss Maryland USA,https://fr.wikipedia.org/?curid=7230273,https://fr.wikipedia.org/wiki/Miss Maryland USA,Traduction incompl\u00e8te
Eleanor Holm,https://fr.wikipedia.org/?curid=7230636,https://fr.wikipedia.org/wiki/Eleanor Holm,Article utilisant une Infobox
Brianna McNeal,https://fr.wikipedia.org/?curid=7191943,https://fr.wikipedia.org/wiki/Brianna McNeal,Article utilisant une Infobox
Tatiana Maslany,https://fr.wikipedia.org/?curid=7190945,https://fr.wikipedia.org/wiki/Tatiana Maslany,Article utilisant une Infobox
Beatrisa Liang,https://fr.wikipedia.org/?curid=719933,https://fr.wikipedia.org/wiki/Beatrisa Liang,Wikip\u00e9dia:\u00e9bauche patinage artistique
Kaoru Kitamura,https://fr.wikipedia.org/?curid=7197410,https://fr.wikipedia.org/wiki/Kaoru Kitamura,Article utilisant une Infobox
Line Renaud,https://fr.wikipedia.org/?curid=725370,https://fr.wikipedia.org/wiki/Line Renaud,Page en semi-protection longue
Mari Klaup,https://fr.wikipedia.org/?curid=7262523,https://fr.wikipedia.org/wiki/Mari Klaup,Wikip\u00e9dia:\u00e9bauche athl\u00e8te estonien
Yoraxy Mele\u00e1n,https://fr.wikipedia.org/?curid=7261110,https://fr.wikipedia.org/wiki/Yoraxy Mele\u00e1n,Article \u00e0 illustrer Joueur de volley-ball
Jasmine Guy,https://fr.wikipedia.org/?curid=7261125,https://fr.wikipedia.org/wiki/Jasmine Guy,Article utilisant une Infobox
Jovana Stevanovi\u0107,https://fr.wikipedia.org/?curid=7280175,https://fr.wikipedia.org/wiki/Jovana Stevanovi\u0107,Article utilisant une Infobox
Stella Akakpo,https://fr.wikipedia.org/?curid=7277683,https://fr.wikipedia.org/wiki/Stella Akakpo,Article utilisant une Infobox
Andreea Ispas,https://fr.wikipedia.org/?curid=7278484,https://fr.wikipedia.org/wiki/Andreea Ispas,Article \u00e0 illustrer Joueur de volley-ball
An\u00edta Hinriksd\u00f3ttir,https://fr.wikipedia.org/?curid=7278587,https://fr.wikipedia.org/wiki/An\u00edta Hinriksd\u00f3ttir,Article utilisant une Infobox
Adina Salaoru,https://fr.wikipedia.org/?curid=7268911,https://fr.wikipedia.org/wiki/Adina Salaoru,Article \u00e0 illustrer Joueur de volley-ball
Tamara Kmezi\u0107,https://fr.wikipedia.org/?curid=7270559,https://fr.wikipedia.org/wiki/Tamara Kmezi\u0107,Article \u00e0 illustrer Joueur de volley-ball
Yana Kudryavtseva,https://fr.wikipedia.org/?curid=7273755,https://fr.wikipedia.org/wiki/Yana Kudryavtseva,Image locale correspondant \u00e0 celle de Wikidata
Nina Coolman,https://fr.wikipedia.org/?curid=7272674,https://fr.wikipedia.org/wiki/Nina Coolman,Article utilisant une Infobox
Alexandra Tric\u0103,https://fr.wikipedia.org/?curid=7272900,https://fr.wikipedia.org/wiki/Alexandra Tric\u0103,Article \u00e0 illustrer Joueur de volley-ball
Hanna Mangan Lawrence,https://fr.wikipedia.org/?curid=7263706,https://fr.wikipedia.org/wiki/Hanna Mangan Lawrence,Wikip\u00e9dia:\u00e9bauche acteur australien
Angelina Zhuk-Krasnova,https://fr.wikipedia.org/?curid=7268540,https://fr.wikipedia.org/wiki/Angelina Zhuk-Krasnova,Wikip\u00e9dia:\u00e9bauche athl\u00e8te russe
Yuma Asami,https://fr.wikipedia.org/?curid=7268719,https://fr.wikipedia.org/wiki/Yuma Asami,Article contenant un lien mort
Gloria Hooper (athl\u00e9tisme),https://fr.wikipedia.org/?curid=7267551,https://fr.wikipedia.org/wiki/Gloria Hooper (athl\u00e9tisme),Wikip\u00e9dia:\u00e9bauche athl\u00e8te italien
Baek Ji-young,https://fr.wikipedia.org/?curid=7265158,https://fr.wikipedia.org/wiki/Baek Ji-young,Article utilisant une Infobox
Flor Ru\u00edz,https://fr.wikipedia.org/?curid=7265739,https://fr.wikipedia.org/wiki/Flor Ru\u00edz,Wikip\u00e9dia:\u00e9bauche athl\u00e8te colombien
Katarzyna Piter,https://fr.wikipedia.org/?curid=7265909,https://fr.wikipedia.org/wiki/Katarzyna Piter,Article utilisant une Infobox
Valeria Solovieva,https://fr.wikipedia.org/?curid=7265979,https://fr.wikipedia.org/wiki/Valeria Solovieva,Article utilisant une Infobox
Leona Cavalli,https://fr.wikipedia.org/?curid=7266128,https://fr.wikipedia.org/wiki/Leona Cavalli,Article contenant un lien mort
Ielena Petrova,https://fr.wikipedia.org/?curid=7267047,https://fr.wikipedia.org/wiki/Ielena Petrova,Wikip\u00e9dia:\u00e9bauche judo
Barbora Gambov\u00e1,https://fr.wikipedia.org/?curid=7284063,https://fr.wikipedia.org/wiki/Barbora Gambov\u00e1,Article \u00e0 illustrer Joueur de volley-ball
Lucia R\u016f\u017ei\u010dkov\u00e1,https://fr.wikipedia.org/?curid=7284127,https://fr.wikipedia.org/wiki/Lucia R\u016f\u017ei\u010dkov\u00e1,Article \u00e0 illustrer Joueur de volley-ball
Emel Dereli,https://fr.wikipedia.org/?curid=7280767,https://fr.wikipedia.org/wiki/Emel Dereli,Wikip\u00e9dia:\u00e9bauche athl\u00e8te turc
Grit Lehmann,https://fr.wikipedia.org/?curid=7280206,https://fr.wikipedia.org/wiki/Grit Lehmann,Article utilisant une Infobox
Liste des h\u00e9ritiers du tr\u00f4ne de Belgique,https://fr.wikipedia.org/?curid=7280217,https://fr.wikipedia.org/wiki/Liste des h\u00e9ritiers du tr\u00f4ne de Belgique,Article utilisant une Infobox
Hande Korkut,https://fr.wikipedia.org/?curid=7280247,https://fr.wikipedia.org/wiki/Hande Korkut,Article utilisant une Infobox
Kateryna Tabashnyk,https://fr.wikipedia.org/?curid=7283129,https://fr.wikipedia.org/wiki/Kateryna Tabashnyk,Wikip\u00e9dia:\u00e9bauche athl\u00e8te ukrainien
Mika Boorem,https://fr.wikipedia.org/?curid=7284770,https://fr.wikipedia.org/wiki/Mika Boorem,Wikip\u00e9dia:\u00e9bauche acteur am\u00e9ricain
Barbara Cla\u00dfen,https://fr.wikipedia.org/?curid=7282498,https://fr.wikipedia.org/wiki/Barbara Cla\u00dfen,Wikip\u00e9dia:\u00e9bauche judo
Marie-France Colignon,https://fr.wikipedia.org/?curid=7282510,https://fr.wikipedia.org/wiki/Marie-France Colignon,Wikip\u00e9dia:\u00e9bauche judo
Loretta Doyle,https://fr.wikipedia.org/?curid=7282523,https://fr.wikipedia.org/wiki/Loretta Doyle,Wikip\u00e9dia:\u00e9bauche judo
Ark\u00eda El-Ammari,https://fr.wikipedia.org/?curid=7257196,https://fr.wikipedia.org/wiki/Ark\u00eda El-Ammari,Article \u00e0 illustrer Joueur de volley-ball
Elena Esteban,https://fr.wikipedia.org/?curid=7259061,https://fr.wikipedia.org/wiki/Elena Esteban,Article utilisant une Infobox
Catherine Pierre,https://fr.wikipedia.org/?curid=7289087,https://fr.wikipedia.org/wiki/Catherine Pierre,Page utilisant P569
Irene Siragusa,https://fr.wikipedia.org/?curid=7289126,https://fr.wikipedia.org/wiki/Irene Siragusa,Wikip\u00e9dia:\u00e9bauche athl\u00e8te italien
Miss Michigan USA,https://fr.wikipedia.org/?curid=7290289,https://fr.wikipedia.org/wiki/Miss Michigan USA,Article utilisant une Infobox
Parineeti Chopra,https://fr.wikipedia.org/?curid=7290318,https://fr.wikipedia.org/wiki/Parineeti Chopra,Article utilisant une Infobox
Tatyana McFadden,https://fr.wikipedia.org/?curid=7288175,https://fr.wikipedia.org/wiki/Tatyana McFadden,Article utilisant une Infobox
Jucilene de Lima,https://fr.wikipedia.org/?curid=7288707,https://fr.wikipedia.org/wiki/Jucilene de Lima,Article utilisant une Infobox
Alina Khassanova,https://fr.wikipedia.org/?curid=7286006,https://fr.wikipedia.org/wiki/Alina Khassanova,Article \u00e0 illustrer Joueur de volley-ball
Grace Kelly,https://fr.wikipedia.org/?curid=72476,https://fr.wikipedia.org/wiki/Grace Kelly,Article utilisant une Infobox
Justine Fedronic,https://fr.wikipedia.org/?curid=7253066,https://fr.wikipedia.org/wiki/Justine Fedronic,Article \u00e0 illustrer Athl\u00e8te
Ang\u00e9lica Malinverno,https://fr.wikipedia.org/?curid=7253264,https://fr.wikipedia.org/wiki/Ang\u00e9lica Malinverno,Article utilisant une Infobox
Ayako Kimura,https://fr.wikipedia.org/?curid=7250582,https://fr.wikipedia.org/wiki/Ayako Kimura,Wikip\u00e9dia:\u00e9bauche athl\u00e8te japonais
Juliet Simms,https://fr.wikipedia.org/?curid=7244353,https://fr.wikipedia.org/wiki/Juliet Simms,Article manquant de r\u00e9f\u00e9rences depuis juillet 2013
Carly Rose Sonenclar,https://fr.wikipedia.org/?curid=7241675,https://fr.wikipedia.org/wiki/Carly Rose Sonenclar,Article utilisant une Infobox
Ekaterina Koneva,https://fr.wikipedia.org/?curid=7241468,https://fr.wikipedia.org/wiki/Ekaterina Koneva,Article utilisant une Infobox
Alena Lutkovskaya,https://fr.wikipedia.org/?curid=7290673,https://fr.wikipedia.org/wiki/Alena Lutkovskaya,Wikip\u00e9dia:\u00e9bauche athl\u00e8te russe
Irina Buryachok,https://fr.wikipedia.org/?curid=7294754,https://fr.wikipedia.org/wiki/Irina Buryachok,Article utilisant une Infobox
Meghann Shaughnessy,https://fr.wikipedia.org/?curid=732292,https://fr.wikipedia.org/wiki/Meghann Shaughnessy,Article utilisant une Infobox
Liste de jeux vid\u00e9o Sailor Moon,https://fr.wikipedia.org/?curid=7323077,https://fr.wikipedia.org/wiki/Liste de jeux vid\u00e9o Sailor Moon,Wikip\u00e9dia:\u00e9bauche liste
Oksana Kazakova,https://fr.wikipedia.org/?curid=732426,https://fr.wikipedia.org/wiki/Oksana Kazakova,Wikip\u00e9dia:\u00e9bauche patinage artistique
Kayoko Fukushi,https://fr.wikipedia.org/?curid=7321575,https://fr.wikipedia.org/wiki/Kayoko Fukushi,Article utilisant une Infobox
El\u00e9ni Ki\u00f3si,https://fr.wikipedia.org/?curid=7321724,https://fr.wikipedia.org/wiki/El\u00e9ni Ki\u00f3si,Article \u00e0 illustrer Joueur de volley-ball
Anzhelika Krylova,https://fr.wikipedia.org/?curid=732535,https://fr.wikipedia.org/wiki/Anzhelika Krylova,Wikip\u00e9dia:\u00e9bauche patinage artistique
Tori Polk,https://fr.wikipedia.org/?curid=7321932,https://fr.wikipedia.org/wiki/Tori Polk,Wikip\u00e9dia:\u00e9bauche athl\u00e8te am\u00e9ricain
Regina George,https://fr.wikipedia.org/?curid=7321985,https://fr.wikipedia.org/wiki/Regina George,\u00c0 illustrer
Eleonora Giorgi (athl\u00e9tisme),https://fr.wikipedia.org/?curid=7332940,https://fr.wikipedia.org/wiki/Eleonora Giorgi (athl\u00e9tisme),Wikip\u00e9dia:\u00e9bauche athl\u00e8te italien
T\u00edmea Kov\u00e1cs,https://fr.wikipedia.org/?curid=7333778,https://fr.wikipedia.org/wiki/T\u00edmea Kov\u00e1cs,Article \u00e0 illustrer Joueur de volley-ball
Denise Imoudu,https://fr.wikipedia.org/?curid=7333943,https://fr.wikipedia.org/wiki/Denise Imoudu,Article utilisant une Infobox
Miroslava Kijakov\u00e1,https://fr.wikipedia.org/?curid=7333981,https://fr.wikipedia.org/wiki/Miroslava Kijakov\u00e1,Article \u00e0 illustrer Joueur de volley-ball
Violetta Kolobova,https://fr.wikipedia.org/?curid=7331384,https://fr.wikipedia.org/wiki/Violetta Kolobova,Wikip\u00e9dia:\u00e9bauche escrimeuse
Brenda Martinez,https://fr.wikipedia.org/?curid=7331425,https://fr.wikipedia.org/wiki/Brenda Martinez,Wikip\u00e9dia:\u00e9bauche athl\u00e8te am\u00e9ricain
Jessica Rivero,https://fr.wikipedia.org/?curid=7335699,https://fr.wikipedia.org/wiki/Jessica Rivero,Article utilisant une Infobox
Bianca R\u0103zor,https://fr.wikipedia.org/?curid=7334973,https://fr.wikipedia.org/wiki/Bianca R\u0103zor,Wikip\u00e9dia:\u00e9bauche athl\u00e8te roumain
Liste des duchesses de Nemours,https://fr.wikipedia.org/?curid=7335187,https://fr.wikipedia.org/wiki/Liste des duchesses de Nemours,Article manquant de r\u00e9f\u00e9rences depuis ao\u00fbt 2019
Galina Chistyakova,https://fr.wikipedia.org/?curid=730491,https://fr.wikipedia.org/wiki/Galina Chistyakova,Article \u00e0 illustrer Athl\u00e8te
Makeba Alcide,https://fr.wikipedia.org/?curid=7305352,https://fr.wikipedia.org/wiki/Makeba Alcide,Wikip\u00e9dia:\u00e9bauche athl\u00e8te
Kimberly Hyacinthe,https://fr.wikipedia.org/?curid=7307142,https://fr.wikipedia.org/wiki/Kimberly Hyacinthe,Wikip\u00e9dia:\u00e9bauche athl\u00e8te canadien
\u00c9va Orb\u00e1n,https://fr.wikipedia.org/?curid=7307193,https://fr.wikipedia.org/wiki/\u00c9va Orb\u00e1n,Wikip\u00e9dia:\u00e9bauche athl\u00e8te hongrois
Melani Costa,https://fr.wikipedia.org/?curid=7294052,https://fr.wikipedia.org/wiki/Melani Costa,Article \u00e0 illustrer Nageur
Han Song-yi,https://fr.wikipedia.org/?curid=7307839,https://fr.wikipedia.org/wiki/Han Song-yi,Article utilisant une Infobox
Lily Kronberger,https://fr.wikipedia.org/?curid=730787,https://fr.wikipedia.org/wiki/Lily Kronberger,Wikip\u00e9dia:\u00e9bauche patinage artistique
Opika von M\u00e9ray Horv\u00e1th,https://fr.wikipedia.org/?curid=730808,https://fr.wikipedia.org/wiki/Opika von M\u00e9ray Horv\u00e1th,Wikip\u00e9dia:\u00e9bauche patinage artistique
Almensh Belete,https://fr.wikipedia.org/?curid=7306476,https://fr.wikipedia.org/wiki/Almensh Belete,Wikip\u00e9dia:\u00e9bauche athl\u00e8te belge
J\u00f3na Gu\u00f0laug Vigf\u00fasd\u00f3ttir,https://fr.wikipedia.org/?curid=7305919,https://fr.wikipedia.org/wiki/J\u00f3na Gu\u00f0laug Vigf\u00fasd\u00f3ttir,Article \u00e0 illustrer Joueur de volley-ball
Anastassia Kornienko,https://fr.wikipedia.org/?curid=7305950,https://fr.wikipedia.org/wiki/Anastassia Kornienko,Article \u00e0 illustrer Joueur de volley-ball
Madge Syers,https://fr.wikipedia.org/?curid=730616,https://fr.wikipedia.org/wiki/Madge Syers,Article utilisant une Infobox
Eunice Sum,https://fr.wikipedia.org/?curid=7308564,https://fr.wikipedia.org/wiki/Eunice Sum,Article utilisant une Infobox
Viola Kibiwot,https://fr.wikipedia.org/?curid=7308638,https://fr.wikipedia.org/wiki/Viola Kibiwot,Wikip\u00e9dia:\u00e9bauche athl\u00e8te k\u00e9nyan
Yaim\u00e9 P\u00e9rez,https://fr.wikipedia.org/?curid=7321110,https://fr.wikipedia.org/wiki/Yaim\u00e9 P\u00e9rez,Wikip\u00e9dia:\u00e9bauche athl\u00e8te cubain
Aberu Kebede,https://fr.wikipedia.org/?curid=7320486,https://fr.wikipedia.org/wiki/Aberu Kebede,Article utilisant une Infobox
Julia Goldani Telles,https://fr.wikipedia.org/?curid=7318609,https://fr.wikipedia.org/wiki/Julia Goldani Telles,Article contenant un appel \u00e0 traduction en anglais
Kimberly Hill,https://fr.wikipedia.org/?curid=7319837,https://fr.wikipedia.org/wiki/Kimberly Hill,Wikip\u00e9dia:\u00e9bauche joueuse am\u00e9ricaine de volley-ball
Natalia Gajewska,https://fr.wikipedia.org/?curid=7319873,https://fr.wikipedia.org/wiki/Natalia Gajewska,Article utilisant une Infobox
Tsvetelina Nikolova,https://fr.wikipedia.org/?curid=7317621,https://fr.wikipedia.org/wiki/Tsvetelina Nikolova,Article \u00e0 illustrer Joueur de volley-ball
Kelly Murphy (volley-ball),https://fr.wikipedia.org/?curid=7317473,https://fr.wikipedia.org/wiki/Kelly Murphy (volley-ball),Wikip\u00e9dia:\u00e9bauche joueuse am\u00e9ricaine de volley-ball
Nataliya Chernetska,https://fr.wikipedia.org/?curid=7317520,https://fr.wikipedia.org/wiki/Nataliya Chernetska,Article \u00e0 illustrer Joueur de volley-ball
Anita M\u00e1rton,https://fr.wikipedia.org/?curid=7308731,https://fr.wikipedia.org/wiki/Anita M\u00e1rton,Article utilisant une Infobox
Sun Huanhuan,https://fr.wikipedia.org/?curid=7328768,https://fr.wikipedia.org/wiki/Sun Huanhuan,Wikip\u00e9dia:\u00e9bauche athl\u00e8te chinois
Liste des m\u00e9daill\u00e9s aux Jeux olympiques de 1904,https://fr.wikipedia.org/?curid=7329007,https://fr.wikipedia.org/wiki/Liste des m\u00e9daill\u00e9s aux Jeux olympiques de 1904,Page utilisant une pr\u00e9sentation en colonnes avec un nombre fixe de colonnes
Yorgelis Rodr\u00edguez,https://fr.wikipedia.org/?curid=7330735,https://fr.wikipedia.org/wiki/Yorgelis Rodr\u00edguez,Article utilisant une Infobox
Nikohl Boosheri,https://fr.wikipedia.org/?curid=7329539,https://fr.wikipedia.org/wiki/Nikohl Boosheri,Wikip\u00e9dia:\u00e9bauche acteur canadien
Zoe Buckman,https://fr.wikipedia.org/?curid=7327796,https://fr.wikipedia.org/wiki/Zoe Buckman,Wikip\u00e9dia:\u00e9bauche athl\u00e8te australien
Miss G\u00e9orgie USA,https://fr.wikipedia.org/?curid=7299659,https://fr.wikipedia.org/wiki/Miss G\u00e9orgie USA,Article manquant de r\u00e9f\u00e9rences depuis ao\u00fbt 2013
Sara Hutinski,https://fr.wikipedia.org/?curid=7299892,https://fr.wikipedia.org/wiki/Sara Hutinski,Article utilisant une Infobox
Jennifer Pettke,https://fr.wikipedia.org/?curid=7299927,https://fr.wikipedia.org/wiki/Jennifer Pettke,Article utilisant une Infobox
Stephenie Ann McPherson,https://fr.wikipedia.org/?curid=7312183,https://fr.wikipedia.org/wiki/Stephenie Ann McPherson,Article utilisant une Infobox
Ma Yuqin,https://fr.wikipedia.org/?curid=7312244,https://fr.wikipedia.org/wiki/Ma Yuqin,Wikip\u00e9dia:\u00e9bauche athl\u00e8te chinois
Natalia Str\u00f3zik,https://fr.wikipedia.org/?curid=7312515,https://fr.wikipedia.org/wiki/Natalia Str\u00f3zik,Article utilisant une Infobox
Feyse Tadese,https://fr.wikipedia.org/?curid=7312543,https://fr.wikipedia.org/wiki/Feyse Tadese,Wikip\u00e9dia:\u00e9bauche athl\u00e8te \u00e9thiopien
Viktoriya Grigorova,https://fr.wikipedia.org/?curid=7312548,https://fr.wikipedia.org/wiki/Viktoriya Grigorova,Article \u00e0 illustrer Joueur de volley-ball
Aleksandra Trojan,https://fr.wikipedia.org/?curid=7310045,https://fr.wikipedia.org/wiki/Aleksandra Trojan,Article utilisant une Infobox
Pretty Cure,https://fr.wikipedia.org/?curid=7310749,https://fr.wikipedia.org/wiki/Pretty Cure,Article contenant un appel \u00e0 traduction en japonais
Betlhem Desalegn,https://fr.wikipedia.org/?curid=7310969,https://fr.wikipedia.org/wiki/Betlhem Desalegn,Wikip\u00e9dia:\u00e9bauche athl\u00e8te
Luiza Gega,https://fr.wikipedia.org/?curid=7311035,https://fr.wikipedia.org/wiki/Luiza Gega,Article utilisant une Infobox
Marina Vujovi\u0107,https://fr.wikipedia.org/?curid=7315026,https://fr.wikipedia.org/wiki/Marina Vujovi\u0107,Article \u00e0 illustrer Joueur de volley-ball
Elena Korobkina,https://fr.wikipedia.org/?curid=7313259,https://fr.wikipedia.org/wiki/Elena Korobkina,Wikip\u00e9dia:\u00e9bauche athl\u00e8te russe
Pascale Doger,https://fr.wikipedia.org/?curid=7314637,https://fr.wikipedia.org/wiki/Pascale Doger,Wikip\u00e9dia:\u00e9bauche judo
Diana-Ioana Calot\u0103,https://fr.wikipedia.org/?curid=7314949,https://fr.wikipedia.org/wiki/Diana-Ioana Calot\u0103,Article \u00e0 illustrer Joueur de volley-ball
Danielle Williams,https://fr.wikipedia.org/?curid=7313349,https://fr.wikipedia.org/wiki/Danielle Williams,Article utilisant une Infobox
Juanita Ringeling,https://fr.wikipedia.org/?curid=7313638,https://fr.wikipedia.org/wiki/Juanita Ringeling,Wikip\u00e9dia:\u00e9bauche acteur chilien
Anita Staps,https://fr.wikipedia.org/?curid=7291959,https://fr.wikipedia.org/wiki/Anita Staps,Wikip\u00e9dia:\u00e9bauche judo
Miss USA 2010,https://fr.wikipedia.org/?curid=7300515,https://fr.wikipedia.org/wiki/Miss USA 2010,Article utilisant une Infobox
Miss Tennessee USA,https://fr.wikipedia.org/?curid=7300547,https://fr.wikipedia.org/wiki/Miss Tennessee USA,Traduction incompl\u00e8te
Claudia Salman,https://fr.wikipedia.org/?curid=7300593,https://fr.wikipedia.org/wiki/Claudia Salman,Article utilisant une Infobox
Wu Shuijiao,https://fr.wikipedia.org/?curid=7303070,https://fr.wikipedia.org/wiki/Wu Shuijiao,Wikip\u00e9dia:\u00e9bauche athl\u00e8te chinois
Malin Ewerl\u00f6f,https://fr.wikipedia.org/?curid=7303982,https://fr.wikipedia.org/wiki/Malin Ewerl\u00f6f,Wikip\u00e9dia:\u00e9bauche athl\u00e8te su\u00e9dois
Marharyta Dorozhon,https://fr.wikipedia.org/?curid=7301315,https://fr.wikipedia.org/wiki/Marharyta Dorozhon,Wikip\u00e9dia:\u00e9bauche athl\u00e8te ukrainien
Liste des m\u00e9daill\u00e9s aux Jeux olympiques d'hiver de 1924,https://fr.wikipedia.org/?curid=7303457,https://fr.wikipedia.org/wiki/Liste des m\u00e9daill\u00e9s aux Jeux olympiques d'hiver de 1924,Cat\u00e9gorie Commons avec lien local identique sur Wikidata
Gaby Amarantos,https://fr.wikipedia.org/?curid=7298254,https://fr.wikipedia.org/wiki/Gaby Amarantos,Article utilisant une Infobox
Aliona Martiniuc,https://fr.wikipedia.org/?curid=7297717,https://fr.wikipedia.org/wiki/Aliona Martiniuc,Article \u00e0 illustrer Joueur de volley-ball
\u00c9milie Gaydu,https://fr.wikipedia.org/?curid=7296661,https://fr.wikipedia.org/wiki/\u00c9milie Gaydu,Wikip\u00e9dia:\u00e9bauche athl\u00e8te fran\u00e7ais
Hanne Haugen Aas,https://fr.wikipedia.org/?curid=7293296,https://fr.wikipedia.org/wiki/Hanne Haugen Aas,Article \u00e0 illustrer Joueur de volley-ball
Astrid Souply,https://fr.wikipedia.org/?curid=7293623,https://fr.wikipedia.org/wiki/Astrid Souply,Article \u00e0 illustrer Joueur de volley-ball
Miss Floride USA,https://fr.wikipedia.org/?curid=7298482,https://fr.wikipedia.org/wiki/Miss Floride USA,Traduction incompl\u00e8te
Miyuki Fukumoto,https://fr.wikipedia.org/?curid=7298747,https://fr.wikipedia.org/wiki/Miyuki Fukumoto,Wikip\u00e9dia:\u00e9bauche athl\u00e8te japonais
Yuki Ebihara,https://fr.wikipedia.org/?curid=7298886,https://fr.wikipedia.org/wiki/Yuki Ebihara,Wikip\u00e9dia:\u00e9bauche athl\u00e8te japonais
Edith Simon,https://fr.wikipedia.org/?curid=7294184,https://fr.wikipedia.org/wiki/Edith Simon,Wikip\u00e9dia:\u00e9bauche judo
Gerda Winklbauer,https://fr.wikipedia.org/?curid=7292516,https://fr.wikipedia.org/wiki/Gerda Winklbauer,Wikip\u00e9dia:\u00e9bauche judo
Liste des reines de G\u00e9orgie,https://fr.wikipedia.org/?curid=3615426,https://fr.wikipedia.org/wiki/Liste des reines de G\u00e9orgie,Portail:G\u00e9orgie (pays)/Articles li\u00e9s
Sakura Sakurada,https://fr.wikipedia.org/?curid=3366291,https://fr.wikipedia.org/wiki/Sakura Sakurada,Article contenant un lien mort
Tuxedo Mask,https://fr.wikipedia.org/?curid=336229,https://fr.wikipedia.org/wiki/Tuxedo Mask,Article utilisant une Infobox
Yuki Kawai,https://fr.wikipedia.org/?curid=3369017,https://fr.wikipedia.org/wiki/Yuki Kawai,Wikip\u00e9dia:\u00e9bauche joueur de volley-ball
Kanon Wakeshima,https://fr.wikipedia.org/?curid=3369780,https://fr.wikipedia.org/wiki/Kanon Wakeshima,Article utilisant une Infobox
Vivian Cheruiyot,https://fr.wikipedia.org/?curid=3349315,https://fr.wikipedia.org/wiki/Vivian Cheruiyot,Article contenant un lien mort
Louise de Coligny-Ch\u00e2tillon,https://fr.wikipedia.org/?curid=3349323,https://fr.wikipedia.org/wiki/Louise de Coligny-Ch\u00e2tillon,Page utilisant P569
Sailor Mars,https://fr.wikipedia.org/?curid=337185,https://fr.wikipedia.org/wiki/Sailor Mars,Article utilisant une Infobox
Sailor Venus,https://fr.wikipedia.org/?curid=337202,https://fr.wikipedia.org/wiki/Sailor Venus,Article utilisant une Infobox
Chibiusa Tsukino,https://fr.wikipedia.org/?curid=337209,https://fr.wikipedia.org/wiki/Chibiusa Tsukino,Article utilisant une Infobox
Mandy Wigger,https://fr.wikipedia.org/?curid=3372154,https://fr.wikipedia.org/wiki/Mandy Wigger,Article utilisant une Infobox
Sailor Mercury,https://fr.wikipedia.org/?curid=337175,https://fr.wikipedia.org/wiki/Sailor Mercury,Article utilisant une Infobox
Maryam Yusuf Jamal,https://fr.wikipedia.org/?curid=335963,https://fr.wikipedia.org/wiki/Maryam Yusuf Jamal,Article utilisant une Infobox
Riko Tachibana,https://fr.wikipedia.org/?curid=3361312,https://fr.wikipedia.org/wiki/Riko Tachibana,Article utilisant une Infobox
Just Stand Up!,https://fr.wikipedia.org/?curid=3289777,https://fr.wikipedia.org/wiki/Just Stand Up!,Article utilisant une Infobox
La Double Vie de V\u00e9ronique,https://fr.wikipedia.org/?curid=33020,https://fr.wikipedia.org/wiki/La Double Vie de V\u00e9ronique,Article utilisant une Infobox
Giorgia Bronzini,https://fr.wikipedia.org/?curid=3298444,https://fr.wikipedia.org/wiki/Giorgia Bronzini,Page utilisant P569
Bonnie Somerville,https://fr.wikipedia.org/?curid=3344696,https://fr.wikipedia.org/wiki/Bonnie Somerville,Article utilisant une Infobox
Daniela di Giacomo,https://fr.wikipedia.org/?curid=3514008,https://fr.wikipedia.org/wiki/Daniela di Giacomo,Page utilisant P569
Annie Villeneuve,https://fr.wikipedia.org/?curid=3528377,https://fr.wikipedia.org/wiki/Annie Villeneuve,Article utilisant une Infobox
Nancy Greene,https://fr.wikipedia.org/?curid=353259,https://fr.wikipedia.org/wiki/Nancy Greene,Page utilisant P569
Discographie d'Hilary Duff,https://fr.wikipedia.org/?curid=3531257,https://fr.wikipedia.org/wiki/Discographie d'Hilary Duff,Article utilisant une Infobox
Ielizaveta Tichtchenko,https://fr.wikipedia.org/?curid=3537815,https://fr.wikipedia.org/wiki/Ielizaveta Tichtchenko,Article \u00e0 illustrer Joueur de volley-ball
Sandrine Testud,https://fr.wikipedia.org/?curid=353801,https://fr.wikipedia.org/wiki/Sandrine Testud,Article utilisant une Infobox
Donald E. Westlake,https://fr.wikipedia.org/?curid=352878,https://fr.wikipedia.org/wiki/Donald E. Westlake,Article utilisant une Infobox
Chanda Rubin,https://fr.wikipedia.org/?curid=353879,https://fr.wikipedia.org/wiki/Chanda Rubin,Article utilisant une Infobox
Lauriane Truchetet,https://fr.wikipedia.org/?curid=3543822,https://fr.wikipedia.org/wiki/Lauriane Truchetet,Article utilisant une Infobox
Petra Novotn\u00e1,https://fr.wikipedia.org/?curid=3543884,https://fr.wikipedia.org/wiki/Petra Novotn\u00e1,Article utilisant une Infobox
Aminata Coulibaly,https://fr.wikipedia.org/?curid=3544055,https://fr.wikipedia.org/wiki/Aminata Coulibaly,Wikip\u00e9dia:\u00e9bauche joueuse fran\u00e7aise de volley-ball
Iliyana Gocheva,https://fr.wikipedia.org/?curid=3544091,https://fr.wikipedia.org/wiki/Iliyana Gocheva,Article utilisant une Infobox
Lang Ping,https://fr.wikipedia.org/?curid=3521640,https://fr.wikipedia.org/wiki/Lang Ping,Wikip\u00e9dia:\u00e9bauche joueuse de volley-ball
Eija Salonen,https://fr.wikipedia.org/?curid=3475423,https://fr.wikipedia.org/wiki/Eija Salonen,Wikip\u00e9dia:\u00e9bauche biathlon
Manuela Riegler,https://fr.wikipedia.org/?curid=3512322,https://fr.wikipedia.org/wiki/Manuela Riegler,Wikip\u00e9dia:\u00e9bauche snowboard
Regla Bell,https://fr.wikipedia.org/?curid=3524340,https://fr.wikipedia.org/wiki/Regla Bell,Article utilisant une Infobox
Ievguenia Artamonova,https://fr.wikipedia.org/?curid=3522057,https://fr.wikipedia.org/wiki/Ievguenia Artamonova,Article \u00e0 illustrer Joueur de volley-ball
Cecilia Lazo del Risco,https://fr.wikipedia.org/?curid=3520542,https://fr.wikipedia.org/wiki/Cecilia Lazo del Risco,Article \u00e0 illustrer Joueur de volley-ball
Rebecca Ngo Nkot,https://fr.wikipedia.org/?curid=3520611,https://fr.wikipedia.org/wiki/Rebecca Ngo Nkot,Article \u00e0 illustrer Joueur de volley-ball
Beau Travail,https://fr.wikipedia.org/?curid=345255,https://fr.wikipedia.org/wiki/Beau Travail,Article utilisant une Infobox
Estelle Qu\u00e9rard,https://fr.wikipedia.org/?curid=3457036,https://fr.wikipedia.org/wiki/Estelle Qu\u00e9rard,Article utilisant une Infobox
Simona Gioli,https://fr.wikipedia.org/?curid=3458370,https://fr.wikipedia.org/wiki/Simona Gioli,Wikip\u00e9dia:\u00e9bauche joueuse italienne de volley-ball
Natalia Safronova (volley-ball),https://fr.wikipedia.org/?curid=3458463,https://fr.wikipedia.org/wiki/Natalia Safronova (volley-ball),Article \u00e0 illustrer Joueur de volley-ball
Karol\u00edna Kurkov\u00e1,https://fr.wikipedia.org/?curid=345805,https://fr.wikipedia.org/wiki/Karol\u00edna Kurkov\u00e1,Article utilisant une Infobox
Natsuki Fujiwara,https://fr.wikipedia.org/?curid=3457747,https://fr.wikipedia.org/wiki/Natsuki Fujiwara,Article contenant un lien mort
Katarina Strika,https://fr.wikipedia.org/?curid=3457765,https://fr.wikipedia.org/wiki/Katarina Strika,Article contenant un lien mort
Pat Bradley,https://fr.wikipedia.org/?curid=3747082,https://fr.wikipedia.org/wiki/Pat Bradley,Article \u00e0 illustrer Golfeur
