Name,URL1,URL2,First Category
Silke Meier,https://fr.wikipedia.org/?curid=1077115,https://fr.wikipedia.org/wiki/Silke Meier,Article \u00e0 illustrer Joueur de tennis
Tanya Harford,https://fr.wikipedia.org/?curid=1075849,https://fr.wikipedia.org/wiki/Tanya Harford,Article \u00e0 illustrer Joueur de tennis
Antonella Bevilacqua,https://fr.wikipedia.org/?curid=10772391,https://fr.wikipedia.org/wiki/Antonella Bevilacqua,Wikip\u00e9dia:\u00e9bauche athl\u00e8te italien
Clemente Alonso McKernan,https://fr.wikipedia.org/?curid=10772719,https://fr.wikipedia.org/wiki/Clemente Alonso McKernan,Wikip\u00e9dia:\u00e9bauche triathl\u00e8te
Neige Dias,https://fr.wikipedia.org/?curid=1077278,https://fr.wikipedia.org/wiki/Neige Dias,Article \u00e0 illustrer Joueur de tennis
Raffaella Reggi,https://fr.wikipedia.org/?curid=1077308,https://fr.wikipedia.org/wiki/Raffaella Reggi,Article utilisant une Infobox
Sarah Chepchirchir,https://fr.wikipedia.org/?curid=10773345,https://fr.wikipedia.org/wiki/Sarah Chepchirchir,Wikip\u00e9dia:\u00e9bauche athl\u00e8te k\u00e9nyan
Andrea Steyn,https://fr.wikipedia.org/?curid=10774044,https://fr.wikipedia.org/wiki/Andrea Steyn,Wikip\u00e9dia:\u00e9bauche triathl\u00e8te
Angeles Montolio,https://fr.wikipedia.org/?curid=1077154,https://fr.wikipedia.org/wiki/Angeles Montolio,Article \u00e0 illustrer Joueur de tennis
Gala Le\u00f3n Garc\u00eda,https://fr.wikipedia.org/?curid=1077195,https://fr.wikipedia.org/wiki/Gala Le\u00f3n Garc\u00eda,Article \u00e0 illustrer Joueur de tennis
Cristina Torrens Valero,https://fr.wikipedia.org/?curid=1075135,https://fr.wikipedia.org/wiki/Cristina Torrens Valero,Article \u00e0 illustrer Joueur de tennis
Caroline Vis,https://fr.wikipedia.org/?curid=1075159,https://fr.wikipedia.org/wiki/Caroline Vis,Article utilisant une Infobox
Robin White,https://fr.wikipedia.org/?curid=1075271,https://fr.wikipedia.org/wiki/Robin White,Article \u00e0 illustrer Joueur de tennis
Radka Zrub\u00e1kov\u00e1,https://fr.wikipedia.org/?curid=1075175,https://fr.wikipedia.org/wiki/Radka Zrub\u00e1kov\u00e1,Article \u00e0 illustrer Joueur de tennis
Hermione Corfield,https://fr.wikipedia.org/?curid=10751871,https://fr.wikipedia.org/wiki/Hermione Corfield,Article contenant un lien mort
Sharon Rendle,https://fr.wikipedia.org/?curid=10761723,https://fr.wikipedia.org/wiki/Sharon Rendle,Wikip\u00e9dia:\u00e9bauche judo
Carlos Sotillo,https://fr.wikipedia.org/?curid=10761754,https://fr.wikipedia.org/wiki/Carlos Sotillo,Wikip\u00e9dia:\u00e9bauche judo
Cathy Lee Crosby,https://fr.wikipedia.org/?curid=1075699,https://fr.wikipedia.org/wiki/Cathy Lee Crosby,Wikip\u00e9dia:\u00e9bauche acteur am\u00e9ricain
Domenico Passuello,https://fr.wikipedia.org/?curid=10760723,https://fr.wikipedia.org/wiki/Domenico Passuello,Wikip\u00e9dia:\u00e9bauche triathlon
Lesley Hunt,https://fr.wikipedia.org/?curid=1079993,https://fr.wikipedia.org/wiki/Lesley Hunt,Article \u00e0 illustrer Joueur de tennis
Radka Bobkov\u00e1,https://fr.wikipedia.org/?curid=1080011,https://fr.wikipedia.org/wiki/Radka Bobkov\u00e1,Article \u00e0 illustrer Joueur de tennis
Wendy White,https://fr.wikipedia.org/?curid=1080213,https://fr.wikipedia.org/wiki/Wendy White,Article \u00e0 illustrer Joueur de tennis
Jessica Steck,https://fr.wikipedia.org/?curid=1080122,https://fr.wikipedia.org/wiki/Jessica Steck,Article \u00e0 illustrer Joueur de tennis
Tiina Boman,https://fr.wikipedia.org/?curid=10801223,https://fr.wikipedia.org/wiki/Tiina Boman,Wikip\u00e9dia:\u00e9bauche triathl\u00e8te
Maribel Blanco,https://fr.wikipedia.org/?curid=10798343,https://fr.wikipedia.org/wiki/Maribel Blanco,Wikip\u00e9dia:\u00e9bauche triathl\u00e8te
Ain-Alar Juhanson,https://fr.wikipedia.org/?curid=10798399,https://fr.wikipedia.org/wiki/Ain-Alar Juhanson,Wikip\u00e9dia:\u00e9bauche triathl\u00e8te
Eva Melicharov\u00e1,https://fr.wikipedia.org/?curid=1080039,https://fr.wikipedia.org/wiki/Eva Melicharov\u00e1,Article \u00e0 illustrer Joueur de tennis
Jasmine Keller-H\u00e4mmerle,https://fr.wikipedia.org/?curid=10800970,https://fr.wikipedia.org/wiki/Jasmine Keller-H\u00e4mmerle,Wikip\u00e9dia:\u00e9bauche triathl\u00e8te
Leslie Allen,https://fr.wikipedia.org/?curid=1080189,https://fr.wikipedia.org/wiki/Leslie Allen,Article \u00e0 illustrer Joueur de tennis
Eva Maria Dollinger,https://fr.wikipedia.org/?curid=10799257,https://fr.wikipedia.org/wiki/Eva Maria Dollinger,Wikip\u00e9dia:\u00e9bauche triathl\u00e8te
Tina Pisnik,https://fr.wikipedia.org/?curid=1075393,https://fr.wikipedia.org/wiki/Tina Pisnik,Article \u00e0 illustrer Joueur de tennis
Claudia Porwik,https://fr.wikipedia.org/?curid=1075427,https://fr.wikipedia.org/wiki/Claudia Porwik,Article \u00e0 illustrer Joueur de tennis
Iva Buda\u0159ov\u00e1,https://fr.wikipedia.org/?curid=1075447,https://fr.wikipedia.org/wiki/Iva Buda\u0159ov\u00e1,Article \u00e0 illustrer Joueur de tennis
Peggy Lipton,https://fr.wikipedia.org/?curid=10778582,https://fr.wikipedia.org/wiki/Peggy Lipton,Page utilisant P569
Eilish McColgan,https://fr.wikipedia.org/?curid=10777234,https://fr.wikipedia.org/wiki/Eilish McColgan,Article utilisant une Infobox
Laura duPont,https://fr.wikipedia.org/?curid=1077746,https://fr.wikipedia.org/wiki/Laura duPont,Article \u00e0 illustrer Joueur de tennis
Rika Hiraki,https://fr.wikipedia.org/?curid=1077769,https://fr.wikipedia.org/wiki/Rika Hiraki,Article utilisant une Infobox
Purity Rionoripo,https://fr.wikipedia.org/?curid=10777704,https://fr.wikipedia.org/wiki/Purity Rionoripo,Page utilisant des donn\u00e9es de Wikidata \u00e0 traduire de l'anglais
Eva Pfaff,https://fr.wikipedia.org/?curid=1066491,https://fr.wikipedia.org/wiki/Eva Pfaff,Article utilisant une Infobox
Rachel McQuillan,https://fr.wikipedia.org/?curid=1066565,https://fr.wikipedia.org/wiki/Rachel McQuillan,Article \u00e0 illustrer Joueur de tennis
Matthew Russell (triathlon),https://fr.wikipedia.org/?curid=10664431,https://fr.wikipedia.org/wiki/Matthew Russell (triathlon),Wikip\u00e9dia:\u00e9bauche triathl\u00e8te
Andrew Starykowicz,https://fr.wikipedia.org/?curid=10664519,https://fr.wikipedia.org/wiki/Andrew Starykowicz,Wikip\u00e9dia:\u00e9bauche triathl\u00e8te
TJ Tollakson,https://fr.wikipedia.org/?curid=10664577,https://fr.wikipedia.org/wiki/TJ Tollakson,Wikip\u00e9dia:\u00e9bauche triathl\u00e8te
Michael Lovato,https://fr.wikipedia.org/?curid=10665222,https://fr.wikipedia.org/wiki/Michael Lovato,Wikip\u00e9dia:\u00e9bauche triathlon
Sian Welch,https://fr.wikipedia.org/?curid=10665344,https://fr.wikipedia.org/wiki/Sian Welch,Wikip\u00e9dia:\u00e9bauche triathlon
Louisa Johnson,https://fr.wikipedia.org/?curid=10600981,https://fr.wikipedia.org/wiki/Louisa Johnson,Utilisation de Cite certification avec des param\u00e8tres manquants
Dina Lohan,https://fr.wikipedia.org/?curid=10611208,https://fr.wikipedia.org/wiki/Dina Lohan,Article utilisant une Infobox
Katharina Hennig,https://fr.wikipedia.org/?curid=10608639,https://fr.wikipedia.org/wiki/Katharina Hennig,Article utilisant une Infobox
Mira Nair,https://fr.wikipedia.org/?curid=106853,https://fr.wikipedia.org/wiki/Mira Nair,Article utilisant une Infobox
Joshua Amberger,https://fr.wikipedia.org/?curid=10692376,https://fr.wikipedia.org/wiki/Joshua Amberger,Wikip\u00e9dia:\u00e9bauche triathl\u00e8te
Femme pirate,https://fr.wikipedia.org/?curid=10691464,https://fr.wikipedia.org/wiki/Femme pirate,Article contenant un appel \u00e0 traduction en anglais
Donna Peters,https://fr.wikipedia.org/?curid=10692690,https://fr.wikipedia.org/wiki/Donna Peters,Wikip\u00e9dia:\u00e9bauche triathlon
Rebecca Ward,https://fr.wikipedia.org/?curid=1068624,https://fr.wikipedia.org/wiki/Rebecca Ward,Article \u00e0 illustrer Escrimeur
Margherita Granbassi,https://fr.wikipedia.org/?curid=1068625,https://fr.wikipedia.org/wiki/Margherita Granbassi,Wikip\u00e9dia:\u00e9bauche escrimeuse italienne
Full Moon : \u00c0 la recherche de la pleine Lune,https://fr.wikipedia.org/?curid=1068679,https://fr.wikipedia.org/wiki/Full Moon : \u00c0 la recherche de la pleine Lune,Article utilisant une Infobox
Carla Boyd,https://fr.wikipedia.org/?curid=1068833,https://fr.wikipedia.org/wiki/Carla Boyd,Wikip\u00e9dia:\u00e9bauche joueuse de basket-ball
France D'Amour,https://fr.wikipedia.org/?curid=1067426,https://fr.wikipedia.org/wiki/France D'Amour,Page utilisant P742
Allie X,https://fr.wikipedia.org/?curid=10678211,https://fr.wikipedia.org/wiki/Allie X,Article utilisant une Infobox
Su Friedrich,https://fr.wikipedia.org/?curid=10680293,https://fr.wikipedia.org/wiki/Su Friedrich,Page utilisant P569
Aaron Royle,https://fr.wikipedia.org/?curid=10679511,https://fr.wikipedia.org/wiki/Aaron Royle,Wikip\u00e9dia:\u00e9bauche triathl\u00e8te
Charlotte Kolters,https://fr.wikipedia.org/?curid=10661817,https://fr.wikipedia.org/wiki/Charlotte Kolters,Wikip\u00e9dia:\u00e9bauche triathlon
Li Fang,https://fr.wikipedia.org/?curid=1064345,https://fr.wikipedia.org/wiki/Li Fang,Article \u00e0 illustrer Joueur de tennis
Martin Jensen,https://fr.wikipedia.org/?curid=10661390,https://fr.wikipedia.org/wiki/Martin Jensen,Article \u00e0 illustrer Sportif
Ekaterina Avvakumova,https://fr.wikipedia.org/?curid=10655688,https://fr.wikipedia.org/wiki/Ekaterina Avvakumova,Wikip\u00e9dia:\u00e9bauche biathlon
Cupcakke,https://fr.wikipedia.org/?curid=10655756,https://fr.wikipedia.org/wiki/Cupcakke,Article utilisant une Infobox
Irina Tchachina,https://fr.wikipedia.org/?curid=1067571,https://fr.wikipedia.org/wiki/Irina Tchachina,Image locale diff\u00e9rente de celle de Wikidata
Camille Herron,https://fr.wikipedia.org/?curid=10637042,https://fr.wikipedia.org/wiki/Camille Herron,Page utilisant P569
Paulina Goto,https://fr.wikipedia.org/?curid=10642771,https://fr.wikipedia.org/wiki/Paulina Goto,Wikip\u00e9dia:\u00e9bauche acteur mexicain
Stephen Bayliss,https://fr.wikipedia.org/?curid=10667771,https://fr.wikipedia.org/wiki/Stephen Bayliss,Article utilisant une Infobox
Fraser Cartmell,https://fr.wikipedia.org/?curid=10667841,https://fr.wikipedia.org/wiki/Fraser Cartmell,Wikip\u00e9dia:\u00e9bauche triathl\u00e8te
Mandy W\u00f6tzel,https://fr.wikipedia.org/?curid=1066702,https://fr.wikipedia.org/wiki/Mandy W\u00f6tzel,Wikip\u00e9dia:\u00e9bauche patinage artistique
Chlo\u00e9 Chevalier,https://fr.wikipedia.org/?curid=10652817,https://fr.wikipedia.org/wiki/Chlo\u00e9 Chevalier,Article utilisant une Infobox
Andrea Steinbecher,https://fr.wikipedia.org/?curid=10653709,https://fr.wikipedia.org/wiki/Andrea Steinbecher,Article utilisant une Infobox
Maik Twelsiek,https://fr.wikipedia.org/?curid=10654898,https://fr.wikipedia.org/wiki/Maik Twelsiek,Wikip\u00e9dia:\u00e9bauche triathl\u00e8te
Emma-Kate Lidbury,https://fr.wikipedia.org/?curid=10655082,https://fr.wikipedia.org/wiki/Emma-Kate Lidbury,Article utilisant une Infobox
Olaf Sabatschus,https://fr.wikipedia.org/?curid=10654038,https://fr.wikipedia.org/wiki/Olaf Sabatschus,Wikip\u00e9dia:\u00e9bauche triathl\u00e8te
Anna Svendsen,https://fr.wikipedia.org/?curid=10646038,https://fr.wikipedia.org/wiki/Anna Svendsen,Wikip\u00e9dia:\u00e9bauche ski de fond
Ana Camila Pirelli,https://fr.wikipedia.org/?curid=10642312,https://fr.wikipedia.org/wiki/Ana Camila Pirelli,Wikip\u00e9dia:\u00e9bauche athl\u00e9tisme
Sir Lady Java,https://fr.wikipedia.org/?curid=10647110,https://fr.wikipedia.org/wiki/Sir Lady Java,Page utilisant P569
The Technomancer,https://fr.wikipedia.org/?curid=10640758,https://fr.wikipedia.org/wiki/The Technomancer,Wikip\u00e9dia:\u00e9bauche jeu vid\u00e9o
Nicole Klingler,https://fr.wikipedia.org/?curid=10651466,https://fr.wikipedia.org/wiki/Nicole Klingler,Wikip\u00e9dia:\u00e9bauche triathlon
Erin Krakow,https://fr.wikipedia.org/?curid=10650087,https://fr.wikipedia.org/wiki/Erin Krakow,Article \u00e0 illustrer Personnalit\u00e9 du cin\u00e9ma
Joe Skipper,https://fr.wikipedia.org/?curid=10944405,https://fr.wikipedia.org/wiki/Joe Skipper,Wikip\u00e9dia:\u00e9bauche triathl\u00e8te
Claire O'Petit,https://fr.wikipedia.org/?curid=10938910,https://fr.wikipedia.org/wiki/Claire O'Petit,Article utilisant une Infobox
Tine Scheuer-Larsen,https://fr.wikipedia.org/?curid=1092959,https://fr.wikipedia.org/wiki/Tine Scheuer-Larsen,Article \u00e0 illustrer Joueur de tennis
Marcelina Witek,https://fr.wikipedia.org/?curid=10947322,https://fr.wikipedia.org/wiki/Marcelina Witek,Wikip\u00e9dia:\u00e9bauche athl\u00e8te polonais
Helalia Johannes,https://fr.wikipedia.org/?curid=10962250,https://fr.wikipedia.org/wiki/Helalia Johannes,Article utilisant une Infobox
Aline Camboulives,https://fr.wikipedia.org/?curid=10961570,https://fr.wikipedia.org/wiki/Aline Camboulives,Article utilisant une Infobox
Ana Jara Martinez,https://fr.wikipedia.org/?curid=10963950,https://fr.wikipedia.org/wiki/Ana Jara Martinez,Article manquant de r\u00e9f\u00e9rences depuis juillet 2017
Liste des m\u00e9daill\u00e9s olympiques en ski de fond,https://fr.wikipedia.org/?curid=10950010,https://fr.wikipedia.org/wiki/Liste des m\u00e9daill\u00e9s olympiques en ski de fond,Portail:Jeux olympiques/Articles li\u00e9s
Giulio Molinari,https://fr.wikipedia.org/?curid=10934576,https://fr.wikipedia.org/wiki/Giulio Molinari,Wikip\u00e9dia:\u00e9bauche triathl\u00e8te
Storm Sanders,https://fr.wikipedia.org/?curid=10934599,https://fr.wikipedia.org/wiki/Storm Sanders,Article utilisant une Infobox
K\u00e9n\u00e9 Ndoye,https://fr.wikipedia.org/?curid=1095498,https://fr.wikipedia.org/wiki/K\u00e9n\u00e9 Ndoye,Wikip\u00e9dia:\u00e9bauche athl\u00e8te s\u00e9n\u00e9galais
Penda Sy,https://fr.wikipedia.org/?curid=1095321,https://fr.wikipedia.org/wiki/Penda Sy,Wikip\u00e9dia:\u00e9bauche basket-ball
Tamsin Lewis,https://fr.wikipedia.org/?curid=10952569,https://fr.wikipedia.org/wiki/Tamsin Lewis,Wikip\u00e9dia:\u00e9bauche triathlon
Lor\u00e8ne Bazolo,https://fr.wikipedia.org/?curid=10954215,https://fr.wikipedia.org/wiki/Lor\u00e8ne Bazolo,Page utilisant P569
Coraline Vitalis,https://fr.wikipedia.org/?curid=10932665,https://fr.wikipedia.org/wiki/Coraline Vitalis,Wikip\u00e9dia:\u00e9bauche escrimeuse fran\u00e7aise
Sara Balzer,https://fr.wikipedia.org/?curid=10932679,https://fr.wikipedia.org/wiki/Sara Balzer,Article utilisant une Infobox
Chen Qiaoling,https://fr.wikipedia.org/?curid=10973678,https://fr.wikipedia.org/wiki/Chen Qiaoling,Wikip\u00e9dia:\u00e9bauche athl\u00e8te chinois
Sarah Crowley,https://fr.wikipedia.org/?curid=10973767,https://fr.wikipedia.org/wiki/Sarah Crowley,Wikip\u00e9dia:\u00e9bauche triathl\u00e8te
Lisa McShea,https://fr.wikipedia.org/?curid=1097228,https://fr.wikipedia.org/wiki/Lisa McShea,Article \u00e0 illustrer Joueur de tennis
Sharon Walsh,https://fr.wikipedia.org/?curid=1097020,https://fr.wikipedia.org/wiki/Sharon Walsh,Article \u00e0 illustrer Joueur de tennis
Yeung Man Wai,https://fr.wikipedia.org/?curid=10970340,https://fr.wikipedia.org/wiki/Yeung Man Wai,Wikip\u00e9dia:\u00e9bauche athl\u00e8te
Jisna Mathew,https://fr.wikipedia.org/?curid=10974282,https://fr.wikipedia.org/wiki/Jisna Mathew,Wikip\u00e9dia:\u00e9bauche athl\u00e8te indien
Darlene Hard,https://fr.wikipedia.org/?curid=1097103,https://fr.wikipedia.org/wiki/Darlene Hard,Article utilisant une Infobox
Eric Van der Linden,https://fr.wikipedia.org/?curid=10972718,https://fr.wikipedia.org/wiki/Eric Van der Linden,Wikip\u00e9dia:\u00e9bauche triathl\u00e8te
Qu\u00e1ch Th\u1ecb Lan,https://fr.wikipedia.org/?curid=10973077,https://fr.wikipedia.org/wiki/Qu\u00e1ch Th\u1ecb Lan,Wikip\u00e9dia:\u00e9bauche athl\u00e8te
Sheoran Nirmla,https://fr.wikipedia.org/?curid=10973113,https://fr.wikipedia.org/wiki/Sheoran Nirmla,Wikip\u00e9dia:\u00e9bauche athl\u00e8te indien
Jung Hye-lim,https://fr.wikipedia.org/?curid=10973172,https://fr.wikipedia.org/wiki/Jung Hye-lim,Wikip\u00e9dia:\u00e9bauche athl\u00e8te sud-cor\u00e9en
Kristine Radford,https://fr.wikipedia.org/?curid=1097322,https://fr.wikipedia.org/wiki/Kristine Radford,Article \u00e0 illustrer Joueur de tennis
Eliane Martins,https://fr.wikipedia.org/?curid=10949275,https://fr.wikipedia.org/wiki/Eliane Martins,Wikip\u00e9dia:\u00e9bauche athl\u00e8te br\u00e9silien
Gianna Woodruff,https://fr.wikipedia.org/?curid=10949292,https://fr.wikipedia.org/wiki/Gianna Woodruff,Wikip\u00e9dia:\u00e9bauche athl\u00e9tisme
Maaike Caelers,https://fr.wikipedia.org/?curid=10958761,https://fr.wikipedia.org/wiki/Maaike Caelers,Wikip\u00e9dia:\u00e9bauche triathl\u00e8te
Heidi Arnesen,https://fr.wikipedia.org/?curid=10959207,https://fr.wikipedia.org/wiki/Heidi Arnesen,Wikip\u00e9dia:\u00e9bauche r\u00e9alisateur norv\u00e9gien
Jung Eun-ji,https://fr.wikipedia.org/?curid=10956773,https://fr.wikipedia.org/wiki/Jung Eun-ji,Wikip\u00e9dia:\u00e9bauche chanteur sud-cor\u00e9en
Luciano Taccone,https://fr.wikipedia.org/?curid=10956188,https://fr.wikipedia.org/wiki/Luciano Taccone,Wikip\u00e9dia:\u00e9bauche triathl\u00e8te
Ielena Danilova (triathlon),https://fr.wikipedia.org/?curid=10958240,https://fr.wikipedia.org/wiki/Ielena Danilova (triathlon),Wikip\u00e9dia:\u00e9bauche triathl\u00e8te
Tania Haib\u00f6ck,https://fr.wikipedia.org/?curid=10956923,https://fr.wikipedia.org/wiki/Tania Haib\u00f6ck,Wikip\u00e9dia:\u00e9bauche triathl\u00e8te
Agn\u00e8s Firmin-Le Bodo,https://fr.wikipedia.org/?curid=10934970,https://fr.wikipedia.org/wiki/Agn\u00e8s Firmin-Le Bodo,Article utilisant une Infobox
Isabelle Valentin,https://fr.wikipedia.org/?curid=10935014,https://fr.wikipedia.org/wiki/Isabelle Valentin,Article utilisant une Infobox
Emmanuelle Derly,https://fr.wikipedia.org/?curid=1093378,https://fr.wikipedia.org/wiki/Emmanuelle Derly,Article \u00e0 illustrer Joueur de tennis
Ronni Reis,https://fr.wikipedia.org/?curid=1093408,https://fr.wikipedia.org/wiki/Ronni Reis,Article \u00e0 illustrer Joueur de tennis
Kwon Ri-se,https://fr.wikipedia.org/?curid=10936164,https://fr.wikipedia.org/wiki/Kwon Ri-se,Article contenant un lien mort
Martina Criscio,https://fr.wikipedia.org/?curid=10937925,https://fr.wikipedia.org/wiki/Martina Criscio,Wikip\u00e9dia:\u00e9bauche escrimeuse italienne
Na\u00efma Moutchou,https://fr.wikipedia.org/?curid=10937469,https://fr.wikipedia.org/wiki/Na\u00efma Moutchou,Article \u00e0 illustrer Personnalit\u00e9 politique
\u00c9milie Mondor,https://fr.wikipedia.org/?curid=1096971,https://fr.wikipedia.org/wiki/\u00c9milie Mondor,Page utilisant P569
Mami Donoshiro,https://fr.wikipedia.org/?curid=1096978,https://fr.wikipedia.org/wiki/Mami Donoshiro,Article \u00e0 illustrer Joueur de tennis
Marta Zenoni,https://fr.wikipedia.org/?curid=10968806,https://fr.wikipedia.org/wiki/Marta Zenoni,Article manquant de r\u00e9f\u00e9rences depuis juillet 2017
B\u00f9i Th\u1ecb Thu Th\u1ea3o,https://fr.wikipedia.org/?curid=10968701,https://fr.wikipedia.org/wiki/B\u00f9i Th\u1ecb Thu Th\u1ea3o,Wikip\u00e9dia:\u00e9bauche athl\u00e8te
Manpreet Kaur,https://fr.wikipedia.org/?curid=10968791,https://fr.wikipedia.org/wiki/Manpreet Kaur,Wikip\u00e9dia:\u00e9bauche athl\u00e8te indien
Fanny Peltier,https://fr.wikipedia.org/?curid=10940637,https://fr.wikipedia.org/wiki/Fanny Peltier,Wikip\u00e9dia:\u00e9bauche athl\u00e9tisme
Laura Lindemann,https://fr.wikipedia.org/?curid=10945445,https://fr.wikipedia.org/wiki/Laura Lindemann,Article utilisant une Infobox
Jenny Schulz,https://fr.wikipedia.org/?curid=10945469,https://fr.wikipedia.org/wiki/Jenny Schulz,Wikip\u00e9dia:\u00e9bauche triathlon
Scott Neyedli,https://fr.wikipedia.org/?curid=10945553,https://fr.wikipedia.org/wiki/Scott Neyedli,Wikip\u00e9dia:\u00e9bauche triathl\u00e8te
Constance Wu,https://fr.wikipedia.org/?curid=10943470,https://fr.wikipedia.org/wiki/Constance Wu,Article utilisant une Infobox
Alexis Hanquinquant,https://fr.wikipedia.org/?curid=10943187,https://fr.wikipedia.org/wiki/Alexis Hanquinquant,Wikip\u00e9dia:\u00e9bauche triathl\u00e8te
Rubaiyat Hossain,https://fr.wikipedia.org/?curid=10932537,https://fr.wikipedia.org/wiki/Rubaiyat Hossain,Page utilisant P569
Jessica Learmonth,https://fr.wikipedia.org/?curid=10933519,https://fr.wikipedia.org/wiki/Jessica Learmonth,Article \u00e0 illustrer Sportif
Ritchie Nicholls,https://fr.wikipedia.org/?curid=10931108,https://fr.wikipedia.org/wiki/Ritchie Nicholls,Wikip\u00e9dia:\u00e9bauche triathl\u00e8te
Catarina Lindqvist,https://fr.wikipedia.org/?curid=1093037,https://fr.wikipedia.org/wiki/Catarina Lindqvist,Article \u00e0 illustrer Joueur de tennis
Emanuela Zardo,https://fr.wikipedia.org/?curid=1093075,https://fr.wikipedia.org/wiki/Emanuela Zardo,Article \u00e0 illustrer Joueur de tennis
Chidinma,https://fr.wikipedia.org/?curid=10937092,https://fr.wikipedia.org/wiki/Chidinma,Article contenant un lien mort
Janette Hus\u00e1rov\u00e1,https://fr.wikipedia.org/?curid=1071510,https://fr.wikipedia.org/wiki/Janette Hus\u00e1rov\u00e1,Article utilisant une Infobox
Nadine Fest,https://fr.wikipedia.org/?curid=10715261,https://fr.wikipedia.org/wiki/Nadine Fest,Article \u00e0 illustrer Sportif
Kate\u0159ina \u0160afr\u00e1nkov\u00e1,https://fr.wikipedia.org/?curid=10747421,https://fr.wikipedia.org/wiki/Kate\u0159ina \u0160afr\u00e1nkov\u00e1,Wikip\u00e9dia:\u00e9bauche athl\u00e8te tch\u00e8que
Eugenia Ram\u00edrez Miori,https://fr.wikipedia.org/?curid=10746185,https://fr.wikipedia.org/wiki/Eugenia Ram\u00edrez Miori,Article utilisant une Infobox
Faustine No\u00ebl,https://fr.wikipedia.org/?curid=10748113,https://fr.wikipedia.org/wiki/Faustine No\u00ebl,Article \u00e0 illustrer Sportif
Catherine Suire,https://fr.wikipedia.org/?curid=1069452,https://fr.wikipedia.org/wiki/Catherine Suire,Article \u00e0 illustrer Joueur de tennis
Gerrit Schellens,https://fr.wikipedia.org/?curid=10738945,https://fr.wikipedia.org/wiki/Gerrit Schellens,Wikip\u00e9dia:\u00e9bauche triathlon
Kieran Doe,https://fr.wikipedia.org/?curid=10739183,https://fr.wikipedia.org/wiki/Kieran Doe,Wikip\u00e9dia:\u00e9bauche triathl\u00e8te
Bryan Rhodes,https://fr.wikipedia.org/?curid=10739482,https://fr.wikipedia.org/wiki/Bryan Rhodes,Wikip\u00e9dia:\u00e9bauche triathlon
Sarah Fitz-Gerald,https://fr.wikipedia.org/?curid=1074205,https://fr.wikipedia.org/wiki/Sarah Fitz-Gerald,Article utilisant une Infobox
Nicol David,https://fr.wikipedia.org/?curid=1074168,https://fr.wikipedia.org/wiki/Nicol David,Article contenant un lien mort
Ariane Gutknecht,https://fr.wikipedia.org/?curid=10738791,https://fr.wikipedia.org/wiki/Ariane Gutknecht,Wikip\u00e9dia:\u00e9bauche triathl\u00e8te
Natalia Medvedeva,https://fr.wikipedia.org/?curid=1069936,https://fr.wikipedia.org/wiki/Natalia Medvedeva,Article \u00e0 illustrer Joueur de tennis
Marie-Jos\u00e8phe d'Autriche,https://fr.wikipedia.org/?curid=1069939,https://fr.wikipedia.org/wiki/Marie-Jos\u00e8phe d'Autriche,Article utilisant une Infobox
Angelita Lind,https://fr.wikipedia.org/?curid=10713581,https://fr.wikipedia.org/wiki/Angelita Lind,Wikip\u00e9dia:\u00e9bauche athl\u00e8te portoricain
Yelena Lebedenko,https://fr.wikipedia.org/?curid=10719794,https://fr.wikipedia.org/wiki/Yelena Lebedenko,Article \u00e0 illustrer Athl\u00e8te
Marine Leleu,https://fr.wikipedia.org/?curid=10717267,https://fr.wikipedia.org/wiki/Marine Leleu,Page utilisant P569
Charlotte Paul,https://fr.wikipedia.org/?curid=10735720,https://fr.wikipedia.org/wiki/Charlotte Paul,Wikip\u00e9dia:\u00e9bauche triathlon
Linda Ikeji,https://fr.wikipedia.org/?curid=10735801,https://fr.wikipedia.org/wiki/Linda Ikeji,Page utilisant P569
Katrina Adams,https://fr.wikipedia.org/?curid=1069889,https://fr.wikipedia.org/wiki/Katrina Adams,Article utilisant une Infobox
Ursula Oppens,https://fr.wikipedia.org/?curid=10699011,https://fr.wikipedia.org/wiki/Ursula Oppens,Page utilisant P569
Kyoko Nagatsuka,https://fr.wikipedia.org/?curid=1069744,https://fr.wikipedia.org/wiki/Kyoko Nagatsuka,Article \u00e0 illustrer Joueur de tennis
Nana Miyagi,https://fr.wikipedia.org/?curid=1069779,https://fr.wikipedia.org/wiki/Nana Miyagi,Article \u00e0 illustrer Joueur de tennis
Kathleen Horvath,https://fr.wikipedia.org/?curid=1071254,https://fr.wikipedia.org/wiki/Kathleen Horvath,Article \u00e0 illustrer Joueur de tennis
Barbara Schwartz,https://fr.wikipedia.org/?curid=1071261,https://fr.wikipedia.org/wiki/Barbara Schwartz,Article \u00e0 illustrer Joueur de tennis
Rita Kuti-Kis,https://fr.wikipedia.org/?curid=1071287,https://fr.wikipedia.org/wiki/Rita Kuti-Kis,Article \u00e0 illustrer Joueur de tennis
Laurie Blouin,https://fr.wikipedia.org/?curid=10727888,https://fr.wikipedia.org/wiki/Laurie Blouin,Wikip\u00e9dia:\u00e9bauche snowboard
Anne-Jos\u00e8phe Th\u00e9roigne de M\u00e9ricourt,https://fr.wikipedia.org/?curid=107287,https://fr.wikipedia.org/wiki/Anne-Jos\u00e8phe Th\u00e9roigne de M\u00e9ricourt,Page utilisant P106
Courtney Ogden,https://fr.wikipedia.org/?curid=10724648,https://fr.wikipedia.org/wiki/Courtney Ogden,Wikip\u00e9dia:\u00e9bauche triathl\u00e8te
Chris McDonald,https://fr.wikipedia.org/?curid=10724304,https://fr.wikipedia.org/wiki/Chris McDonald,Wikip\u00e9dia:\u00e9bauche triathlon
Kiara Advani,https://fr.wikipedia.org/?curid=10725457,https://fr.wikipedia.org/wiki/Kiara Advani,Page utilisant P569
Wiltrud Probst,https://fr.wikipedia.org/?curid=1070001,https://fr.wikipedia.org/wiki/Wiltrud Probst,Article \u00e0 illustrer Joueur de tennis
Paul Ambrose,https://fr.wikipedia.org/?curid=10708945,https://fr.wikipedia.org/wiki/Paul Ambrose,Wikip\u00e9dia:\u00e9bauche triathl\u00e8te
Laura P\u00f5ldvere,https://fr.wikipedia.org/?curid=10708003,https://fr.wikipedia.org/wiki/Laura P\u00f5ldvere,Article utilisant une Infobox
Iga Baumgart-Witan,https://fr.wikipedia.org/?curid=10708286,https://fr.wikipedia.org/wiki/Iga Baumgart-Witan,Wikip\u00e9dia:\u00e9bauche athl\u00e8te polonais
Mary Esther Were,https://fr.wikipedia.org/?curid=10707411,https://fr.wikipedia.org/wiki/Mary Esther Were,Article \u00e0 illustrer Miss
Karina Hab\u0161udov\u00e1,https://fr.wikipedia.org/?curid=1070301,https://fr.wikipedia.org/wiki/Karina Hab\u0161udov\u00e1,Article \u00e0 illustrer Joueur de tennis
Ines Papert,https://fr.wikipedia.org/?curid=10703398,https://fr.wikipedia.org/wiki/Ines Papert,Page utilisant P569
Jenny Byrne,https://fr.wikipedia.org/?curid=1070074,https://fr.wikipedia.org/wiki/Jenny Byrne,Article \u00e0 illustrer Joueur de tennis
Joannette Kruger,https://fr.wikipedia.org/?curid=1069570,https://fr.wikipedia.org/wiki/Joannette Kruger,Article \u00e0 illustrer Joueur de tennis
Michelle Vesterby,https://fr.wikipedia.org/?curid=10537773,https://fr.wikipedia.org/wiki/Michelle Vesterby,Wikip\u00e9dia:\u00e9bauche triathl\u00e8te
Emma Randall,https://fr.wikipedia.org/?curid=1053788,https://fr.wikipedia.org/wiki/Emma Randall,Wikip\u00e9dia:\u00e9bauche basket-ball
Christoph Mauch,https://fr.wikipedia.org/?curid=10597012,https://fr.wikipedia.org/wiki/Christoph Mauch,Wikip\u00e9dia:\u00e9bauche triathl\u00e8te
Disha Patani,https://fr.wikipedia.org/?curid=10616140,https://fr.wikipedia.org/wiki/Disha Patani,Wikip\u00e9dia:\u00e9bauche mannequin
Hillary Biscay,https://fr.wikipedia.org/?curid=10617028,https://fr.wikipedia.org/wiki/Hillary Biscay,Wikip\u00e9dia:\u00e9bauche triathl\u00e8te
Tamira Paszek,https://fr.wikipedia.org/?curid=1060146,https://fr.wikipedia.org/wiki/Tamira Paszek,Article utilisant une Infobox
Jessi,https://fr.wikipedia.org/?curid=10601599,https://fr.wikipedia.org/wiki/Jessi,Article utilisant une Infobox
Sokhna Gall\u00e9,https://fr.wikipedia.org/?curid=10601801,https://fr.wikipedia.org/wiki/Sokhna Gall\u00e9,Wikip\u00e9dia:\u00e9bauche athl\u00e8te fran\u00e7ais
Charlotte Cardin,https://fr.wikipedia.org/?curid=10602288,https://fr.wikipedia.org/wiki/Charlotte Cardin,Article utilisant une Infobox
Ebba Andersson,https://fr.wikipedia.org/?curid=10597845,https://fr.wikipedia.org/wiki/Ebba Andersson,Article utilisant une Infobox
Globe d'or de la meilleure actrice,https://fr.wikipedia.org/?curid=10602518,https://fr.wikipedia.org/wiki/Globe d'or de la meilleure actrice,Article contenant un appel \u00e0 traduction en italien
Dive Bar Tour,https://fr.wikipedia.org/?curid=10633775,https://fr.wikipedia.org/wiki/Dive Bar Tour,Article utilisant une Infobox
Christopher Legh,https://fr.wikipedia.org/?curid=10635011,https://fr.wikipedia.org/wiki/Christopher Legh,Wikip\u00e9dia:\u00e9bauche triathlon
Melissa Spooner,https://fr.wikipedia.org/?curid=10635288,https://fr.wikipedia.org/wiki/Melissa Spooner,Wikip\u00e9dia:\u00e9bauche triathlon
Miss Belgique 2008,https://fr.wikipedia.org/?curid=10631886,https://fr.wikipedia.org/wiki/Miss Belgique 2008,Article utilisant une Infobox
Eva Wutti,https://fr.wikipedia.org/?curid=10632609,https://fr.wikipedia.org/wiki/Eva Wutti,Wikip\u00e9dia:\u00e9bauche triathlon
Gina Kehr,https://fr.wikipedia.org/?curid=10634539,https://fr.wikipedia.org/wiki/Gina Kehr,Wikip\u00e9dia:\u00e9bauche triathl\u00e8te
Miss Br\u00e9sil 1969,https://fr.wikipedia.org/?curid=10634620,https://fr.wikipedia.org/wiki/Miss Br\u00e9sil 1969,Article utilisant une Infobox
Frank Heldoorn,https://fr.wikipedia.org/?curid=10635546,https://fr.wikipedia.org/wiki/Frank Heldoorn,Wikip\u00e9dia:\u00e9bauche triathl\u00e8te
Giovanna Galletti,https://fr.wikipedia.org/?curid=10635798,https://fr.wikipedia.org/wiki/Giovanna Galletti,Page utilisant P569
Liezel Huber,https://fr.wikipedia.org/?curid=1062049,https://fr.wikipedia.org/wiki/Liezel Huber,Article utilisant une Infobox
Julie-Anne White,https://fr.wikipedia.org/?curid=10620822,https://fr.wikipedia.org/wiki/Julie-Anne White,Wikip\u00e9dia:\u00e9bauche triathlon
Micheline Julitte,https://fr.wikipedia.org/?curid=10621222,https://fr.wikipedia.org/wiki/Micheline Julitte,Article \u00e0 illustrer Athl\u00e8te
Naoko Kijimuta,https://fr.wikipedia.org/?curid=1050545,https://fr.wikipedia.org/wiki/Naoko Kijimuta,Article \u00e0 illustrer Joueur de tennis
Tamara Yerofeeva,https://fr.wikipedia.org/?curid=10504690,https://fr.wikipedia.org/wiki/Tamara Yerofeeva,Image locale correspondant \u00e0 celle de Wikidata
Gisela Vega,https://fr.wikipedia.org/?curid=1049809,https://fr.wikipedia.org/wiki/Gisela Vega,Wikip\u00e9dia:\u00e9bauche basket-ball
Alessandro Degasperi,https://fr.wikipedia.org/?curid=10596354,https://fr.wikipedia.org/wiki/Alessandro Degasperi,Wikip\u00e9dia:\u00e9bauche triathl\u00e8te
Hilda Dokubo,https://fr.wikipedia.org/?curid=10529907,https://fr.wikipedia.org/wiki/Hilda Dokubo,Article utilisant une Infobox
Bahiga Hafez,https://fr.wikipedia.org/?curid=10547352,https://fr.wikipedia.org/wiki/Bahiga Hafez,Page utilisant P569
Han Hye-jin,https://fr.wikipedia.org/?curid=10533806,https://fr.wikipedia.org/wiki/Han Hye-jin,Article utilisant une Infobox
Nikki Cross,https://fr.wikipedia.org/?curid=10535834,https://fr.wikipedia.org/wiki/Nikki Cross,Article \u00e0 recycler/Liste compl\u00e8te
Andrea Strnadov\u00e1,https://fr.wikipedia.org/?curid=1097595,https://fr.wikipedia.org/wiki/Andrea Strnadov\u00e1,Article \u00e0 illustrer Joueur de tennis
Indiana Jones et la Derni\u00e8re Croisade,https://fr.wikipedia.org/?curid=10976,https://fr.wikipedia.org/wiki/Indiana Jones et la Derni\u00e8re Croisade,Identifiant Allocin\u00e9 titre identique sur Wikidata
Julie Richardson,https://fr.wikipedia.org/?curid=1097630,https://fr.wikipedia.org/wiki/Julie Richardson,Article \u00e0 illustrer Joueur de tennis
Hanna Malyshchyk,https://fr.wikipedia.org/?curid=11009246,https://fr.wikipedia.org/wiki/Hanna Malyshchyk,Wikip\u00e9dia:\u00e9bauche athl\u00e8te bi\u00e9lorusse
Shelby Houlihan,https://fr.wikipedia.org/?curid=11008835,https://fr.wikipedia.org/wiki/Shelby Houlihan,Article utilisant une Infobox
Tu\u011fba \u015eeno\u011flu,https://fr.wikipedia.org/?curid=11004239,https://fr.wikipedia.org/wiki/Tu\u011fba \u015eeno\u011flu,Article utilisant une Infobox
Caroline Qu\u00e9roli,https://fr.wikipedia.org/?curid=11004459,https://fr.wikipedia.org/wiki/Caroline Qu\u00e9roli,Article \u00e0 illustrer Escrimeur
Liste des m\u00e9daill\u00e9s olympiques en bobsleigh,https://fr.wikipedia.org/?curid=10983321,https://fr.wikipedia.org/wiki/Liste des m\u00e9daill\u00e9s olympiques en bobsleigh,Portail:Jeux olympiques/Articles li\u00e9s
Hailey Danz,https://fr.wikipedia.org/?curid=10983413,https://fr.wikipedia.org/wiki/Hailey Danz,Wikip\u00e9dia:\u00e9bauche triathl\u00e8te
Elena Pan\u021buroiu,https://fr.wikipedia.org/?curid=10983613,https://fr.wikipedia.org/wiki/Elena Pan\u021buroiu,Wikip\u00e9dia:\u00e9bauche athl\u00e8te roumain
Nimali Liyanarachchi,https://fr.wikipedia.org/?curid=10983762,https://fr.wikipedia.org/wiki/Nimali Liyanarachchi,Wikip\u00e9dia:\u00e9bauche athl\u00e8te srilankais
Geert Schipper,https://fr.wikipedia.org/?curid=10983766,https://fr.wikipedia.org/wiki/Geert Schipper,Wikip\u00e9dia:\u00e9bauche triathlon
Giovanni Achenza,https://fr.wikipedia.org/?curid=10983830,https://fr.wikipedia.org/wiki/Giovanni Achenza,Wikip\u00e9dia:\u00e9bauche triathl\u00e8te
P\u00e2mella Oliveira,https://fr.wikipedia.org/?curid=10992112,https://fr.wikipedia.org/wiki/P\u00e2mella Oliveira,Wikip\u00e9dia:\u00e9bauche triathl\u00e8te
Sandra Soldan,https://fr.wikipedia.org/?curid=10992465,https://fr.wikipedia.org/wiki/Sandra Soldan,Wikip\u00e9dia:\u00e9bauche triathlon
Rachel S\u00e1nchez,https://fr.wikipedia.org/?curid=10992514,https://fr.wikipedia.org/wiki/Rachel S\u00e1nchez,Article \u00e0 illustrer Joueur de volley-ball
Maria Cze\u015bnik,https://fr.wikipedia.org/?curid=10992789,https://fr.wikipedia.org/wiki/Maria Cze\u015bnik,Wikip\u00e9dia:\u00e9bauche triathl\u00e8te
Mark Koks,https://fr.wikipedia.org/?curid=10988040,https://fr.wikipedia.org/wiki/Mark Koks,Wikip\u00e9dia:\u00e9bauche triathlon
Jan van der Marel (triathlon),https://fr.wikipedia.org/?curid=10988082,https://fr.wikipedia.org/wiki/Jan van der Marel (triathlon),Wikip\u00e9dia:\u00e9bauche triathl\u00e8te
Fanny Roos,https://fr.wikipedia.org/?curid=10991468,https://fr.wikipedia.org/wiki/Fanny Roos,Wikip\u00e9dia:\u00e9bauche athl\u00e8te su\u00e9dois
Ben van Zelst,https://fr.wikipedia.org/?curid=10988962,https://fr.wikipedia.org/wiki/Ben van Zelst,Wikip\u00e9dia:\u00e9bauche triathl\u00e8te
Sian Brice,https://fr.wikipedia.org/?curid=10990912,https://fr.wikipedia.org/wiki/Sian Brice,Wikip\u00e9dia:\u00e9bauche triathl\u00e8te
Augusta-Charlotte de Hanovre,https://fr.wikipedia.org/?curid=11024246,https://fr.wikipedia.org/wiki/Augusta-Charlotte de Hanovre,Article contenant un appel \u00e0 traduction en anglais
Daphne Hasenj\u00e4ger,https://fr.wikipedia.org/?curid=1102175,https://fr.wikipedia.org/wiki/Daphne Hasenj\u00e4ger,Article \u00e0 illustrer Athl\u00e8te
Maria Bueno,https://fr.wikipedia.org/?curid=1099377,https://fr.wikipedia.org/wiki/Maria Bueno,Article utilisant une Infobox
Alberto Casadei (triathlon),https://fr.wikipedia.org/?curid=10994313,https://fr.wikipedia.org/wiki/Alberto Casadei (triathlon),Wikip\u00e9dia:\u00e9bauche triathl\u00e8te
Leslye Headland,https://fr.wikipedia.org/?curid=10994488,https://fr.wikipedia.org/wiki/Leslye Headland,Wikip\u00e9dia:\u00e9bauche r\u00e9alisateur am\u00e9ricain
Lydia Boylan,https://fr.wikipedia.org/?curid=10994529,https://fr.wikipedia.org/wiki/Lydia Boylan,Page utilisant P569
Anete Koci\u0146a,https://fr.wikipedia.org/?curid=10993010,https://fr.wikipedia.org/wiki/Anete Koci\u0146a,Article avec source \u00e0 lier
Tetyana Melnyk,https://fr.wikipedia.org/?curid=10993135,https://fr.wikipedia.org/wiki/Tetyana Melnyk,Article avec source \u00e0 lier
Anita Lizana,https://fr.wikipedia.org/?curid=1099640,https://fr.wikipedia.org/wiki/Anita Lizana,Article utilisant une Infobox
Horst Reichel,https://fr.wikipedia.org/?curid=10996638,https://fr.wikipedia.org/wiki/Horst Reichel,Wikip\u00e9dia:\u00e9bauche triathlon
Gina Akpe-Moses,https://fr.wikipedia.org/?curid=10996932,https://fr.wikipedia.org/wiki/Gina Akpe-Moses,Article manquant de r\u00e9f\u00e9rences depuis juillet 2017
Alexandra Emilianov,https://fr.wikipedia.org/?curid=10996968,https://fr.wikipedia.org/wiki/Alexandra Emilianov,Wikip\u00e9dia:\u00e9bauche athl\u00e8te
Sarah Lagger,https://fr.wikipedia.org/?curid=10996989,https://fr.wikipedia.org/wiki/Sarah Lagger,Wikip\u00e9dia:\u00e9bauche athl\u00e8te autrichien
Ilana Kloss,https://fr.wikipedia.org/?curid=1097721,https://fr.wikipedia.org/wiki/Ilana Kloss,Article utilisant une Infobox
Bill Chaffey,https://fr.wikipedia.org/?curid=10977383,https://fr.wikipedia.org/wiki/Bill Chaffey,Wikip\u00e9dia:\u00e9bauche triathl\u00e8te
Bryce Quirk,https://fr.wikipedia.org/?curid=10976771,https://fr.wikipedia.org/wiki/Bryce Quirk,Wikip\u00e9dia:\u00e9bauche triathl\u00e8te
Todd Skipworth,https://fr.wikipedia.org/?curid=10976791,https://fr.wikipedia.org/wiki/Todd Skipworth,Wikip\u00e9dia:\u00e9bauche triathlon
Regina Kordov\u00e1,https://fr.wikipedia.org/?curid=1097691,https://fr.wikipedia.org/wiki/Regina Kordov\u00e1,Article \u00e0 illustrer Joueur de tennis
Liste des m\u00e9daill\u00e9s olympiques en golf,https://fr.wikipedia.org/?curid=10987475,https://fr.wikipedia.org/wiki/Liste des m\u00e9daill\u00e9s olympiques en golf,Portail:Jeux olympiques/Articles li\u00e9s
Tammy Lynn Leppert,https://fr.wikipedia.org/?curid=10987844,https://fr.wikipedia.org/wiki/Tammy Lynn Leppert,Page utilisant P106
Liste des m\u00e9daill\u00e9s olympiques en saut \u00e0 ski,https://fr.wikipedia.org/?curid=10986439,https://fr.wikipedia.org/wiki/Liste des m\u00e9daill\u00e9s olympiques en saut \u00e0 ski,Portail:Jeux olympiques/Articles li\u00e9s
Camille Sainte-Luce,https://fr.wikipedia.org/?curid=10986442,https://fr.wikipedia.org/wiki/Camille Sainte-Luce,Wikip\u00e9dia:\u00e9bauche athl\u00e8te fran\u00e7ais
Erika Moln\u00e1r,https://fr.wikipedia.org/?curid=10986755,https://fr.wikipedia.org/wiki/Erika Moln\u00e1r,Wikip\u00e9dia:\u00e9bauche triathlon
Ryan Sissons,https://fr.wikipedia.org/?curid=10986228,https://fr.wikipedia.org/wiki/Ryan Sissons,Wikip\u00e9dia:\u00e9bauche triathlon
Evelyn Williamson,https://fr.wikipedia.org/?curid=10986338,https://fr.wikipedia.org/wiki/Evelyn Williamson,Wikip\u00e9dia:\u00e9bauche triathlon
Sarah Lahti,https://fr.wikipedia.org/?curid=10983892,https://fr.wikipedia.org/wiki/Sarah Lahti,Wikip\u00e9dia:\u00e9bauche athl\u00e8te su\u00e9dois
Irina Ektova,https://fr.wikipedia.org/?curid=10983930,https://fr.wikipedia.org/wiki/Irina Ektova,Wikip\u00e9dia:\u00e9bauche athl\u00e8te kazakh
Ma\u00ebva Danois,https://fr.wikipedia.org/?curid=10984042,https://fr.wikipedia.org/wiki/Ma\u00ebva Danois,Article \u00e0 illustrer Athl\u00e8te
Craig Walton,https://fr.wikipedia.org/?curid=10998985,https://fr.wikipedia.org/wiki/Craig Walton,Wikip\u00e9dia:\u00e9bauche triathl\u00e8te
Kyoko Ina,https://fr.wikipedia.org/?curid=10999316,https://fr.wikipedia.org/wiki/Kyoko Ina,Wikip\u00e9dia:\u00e9bauche patinage artistique
Orph\u00e9e Neola,https://fr.wikipedia.org/?curid=11002776,https://fr.wikipedia.org/wiki/Orph\u00e9e Neola,Wikip\u00e9dia:\u00e9bauche athl\u00e8te fran\u00e7ais
Angelika Buck,https://fr.wikipedia.org/?curid=10999419,https://fr.wikipedia.org/wiki/Angelika Buck,Wikip\u00e9dia:\u00e9bauche patinage artistique
Birgit Lorenz,https://fr.wikipedia.org/?curid=10999469,https://fr.wikipedia.org/wiki/Birgit Lorenz,Wikip\u00e9dia:\u00e9bauche patinage artistique
Charles Lassailly,https://fr.wikipedia.org/?curid=1100288,https://fr.wikipedia.org/wiki/Charles Lassailly,Article utilisant une Infobox
Shanice van de Sanden,https://fr.wikipedia.org/?curid=11014191,https://fr.wikipedia.org/wiki/Shanice van de Sanden,Article utilisant une Infobox
Rushelle Burton,https://fr.wikipedia.org/?curid=11013645,https://fr.wikipedia.org/wiki/Rushelle Burton,Wikip\u00e9dia:\u00e9bauche athl\u00e8te jama\u00efcain
Devynne Charlton,https://fr.wikipedia.org/?curid=11013657,https://fr.wikipedia.org/wiki/Devynne Charlton,Wikip\u00e9dia:\u00e9bauche athl\u00e8te baham\u00e9en
Danniel Thomas-Dodd,https://fr.wikipedia.org/?curid=11013702,https://fr.wikipedia.org/wiki/Danniel Thomas-Dodd,Wikip\u00e9dia:\u00e9bauche athl\u00e8te jama\u00efcain
Liste des m\u00e9daill\u00e9s olympiques en snowboard,https://fr.wikipedia.org/?curid=10983097,https://fr.wikipedia.org/wiki/Liste des m\u00e9daill\u00e9s olympiques en snowboard,Portail:Jeux olympiques/Articles li\u00e9s
Grace Norman,https://fr.wikipedia.org/?curid=10983102,https://fr.wikipedia.org/wiki/Grace Norman,Wikip\u00e9dia:\u00e9bauche triathl\u00e8te
Liste des m\u00e9daill\u00e9s olympiques en skeleton,https://fr.wikipedia.org/?curid=10983155,https://fr.wikipedia.org/wiki/Liste des m\u00e9daill\u00e9s olympiques en skeleton,Portail:Jeux olympiques/Articles li\u00e9s
Martina Str\u00e4hl,https://fr.wikipedia.org/?curid=10974820,https://fr.wikipedia.org/wiki/Martina Str\u00e4hl,Article utilisant une Infobox
Clayton Fettell,https://fr.wikipedia.org/?curid=10975333,https://fr.wikipedia.org/wiki/Clayton Fettell,Wikip\u00e9dia:\u00e9bauche triathl\u00e8te
Sarah Vowell,https://fr.wikipedia.org/?curid=10975453,https://fr.wikipedia.org/wiki/Sarah Vowell,Article contenant un appel \u00e0 traduction en anglais
Marc Herremans,https://fr.wikipedia.org/?curid=10981861,https://fr.wikipedia.org/wiki/Marc Herremans,Article utilisant une Infobox
Le Soldat rose,https://fr.wikipedia.org/?curid=1097443,https://fr.wikipedia.org/wiki/Le Soldat rose,Wikip\u00e9dia:\u00e9bauche com\u00e9die musicale
Escape from Monkey Island,https://fr.wikipedia.org/?curid=109802,https://fr.wikipedia.org/wiki/Escape from Monkey Island,Page utilisant P407
Shakeelah Saunders,https://fr.wikipedia.org/?curid=10980241,https://fr.wikipedia.org/wiki/Shakeelah Saunders,Wikip\u00e9dia:\u00e9bauche athl\u00e8te am\u00e9ricain
Kelsey-Lee Barber,https://fr.wikipedia.org/?curid=10980263,https://fr.wikipedia.org/wiki/Kelsey-Lee Barber,Article utilisant une Infobox
Annu Rani,https://fr.wikipedia.org/?curid=10978153,https://fr.wikipedia.org/wiki/Annu Rani,Wikip\u00e9dia:\u00e9bauche athl\u00e8te indien
Mohamed Lahna,https://fr.wikipedia.org/?curid=10977636,https://fr.wikipedia.org/wiki/Mohamed Lahna,Wikip\u00e9dia:\u00e9bauche triathlon
Jen\u00e9e LaMarque,https://fr.wikipedia.org/?curid=10977663,https://fr.wikipedia.org/wiki/Jen\u00e9e LaMarque,Wikip\u00e9dia:\u00e9bauche r\u00e9alisateur am\u00e9ricain
Rapha\u00ebl Pujol-Siwane,https://fr.wikipedia.org/?curid=10977815,https://fr.wikipedia.org/wiki/Rapha\u00ebl Pujol-Siwane,Article utilisant une Infobox
Beyza Ar\u0131c\u0131,https://fr.wikipedia.org/?curid=11288887,https://fr.wikipedia.org/wiki/Beyza Ar\u0131c\u0131,Article utilisant une Infobox
Lucie D\u00e9cosse,https://fr.wikipedia.org/?curid=1128699,https://fr.wikipedia.org/wiki/Lucie D\u00e9cosse,Article utilisant une Infobox
Nancye Wynne Bolton,https://fr.wikipedia.org/?curid=1129161,https://fr.wikipedia.org/wiki/Nancye Wynne Bolton,Article utilisant une Infobox
Lu\u00edza Tom\u00e9,https://fr.wikipedia.org/?curid=11284986,https://fr.wikipedia.org/wiki/Lu\u00edza Tom\u00e9,Article contenant un lien mort
Petra Huber,https://fr.wikipedia.org/?curid=1106766,https://fr.wikipedia.org/wiki/Petra Huber,Article \u00e0 illustrer Joueur de tennis
Maria Jose Gaidano,https://fr.wikipedia.org/?curid=1106778,https://fr.wikipedia.org/wiki/Maria Jose Gaidano,Article utilisant une Infobox
Courtney Frerichs,https://fr.wikipedia.org/?curid=11035499,https://fr.wikipedia.org/wiki/Courtney Frerichs,Wikip\u00e9dia:\u00e9bauche athl\u00e8te am\u00e9ricain
Genevi\u00e8ve Lalonde,https://fr.wikipedia.org/?curid=11035529,https://fr.wikipedia.org/wiki/Genevi\u00e8ve Lalonde,Wikip\u00e9dia:\u00e9bauche athl\u00e8te canadien
Mar\u00eda S\u00e1kkari,https://fr.wikipedia.org/?curid=11071231,https://fr.wikipedia.org/wiki/Mar\u00eda S\u00e1kkari,Article utilisant une Infobox
Verena Mayr,https://fr.wikipedia.org/?curid=11069005,https://fr.wikipedia.org/wiki/Verena Mayr,Wikip\u00e9dia:\u00e9bauche athl\u00e8te autrichien
Alphonse Daudet,https://fr.wikipedia.org/?curid=11070,https://fr.wikipedia.org/wiki/Alphonse Daudet,Article \u00e0 mieux introduire
Iryna Zhuk,https://fr.wikipedia.org/?curid=11067890,https://fr.wikipedia.org/wiki/Iryna Zhuk,Wikip\u00e9dia:\u00e9bauche athl\u00e8te bi\u00e9lorusse
Silvia Grandjean,https://fr.wikipedia.org/?curid=11068605,https://fr.wikipedia.org/wiki/Silvia Grandjean,Wikip\u00e9dia:\u00e9bauche patinage artistique
Penny Mordaunt,https://fr.wikipedia.org/?curid=11232428,https://fr.wikipedia.org/wiki/Penny Mordaunt,Article utilisant une Infobox
I Want Your Love (chanson de Chic),https://fr.wikipedia.org/?curid=11276599,https://fr.wikipedia.org/wiki/I Want Your Love (chanson de Chic),Article utilisant une Infobox
Mabel Cahill,https://fr.wikipedia.org/?curid=1128032,https://fr.wikipedia.org/wiki/Mabel Cahill,Article utilisant une Infobox
Nannie De Villiers,https://fr.wikipedia.org/?curid=1120764,https://fr.wikipedia.org/wiki/Nannie De Villiers,Article \u00e0 illustrer Joueur de tennis
Florence Barsosio,https://fr.wikipedia.org/?curid=11207706,https://fr.wikipedia.org/wiki/Florence Barsosio,Page utilisant P569
Melanie Hauss,https://fr.wikipedia.org/?curid=11211381,https://fr.wikipedia.org/wiki/Melanie Hauss,Page utilisant P569
Svenja Bazlen,https://fr.wikipedia.org/?curid=11211397,https://fr.wikipedia.org/wiki/Svenja Bazlen,Wikip\u00e9dia:\u00e9bauche triathl\u00e8te
Penny Barg,https://fr.wikipedia.org/?curid=1121147,https://fr.wikipedia.org/wiki/Penny Barg,Article \u00e0 illustrer Joueur de tennis
Adriana Villagr\u00e1n,https://fr.wikipedia.org/?curid=1121115,https://fr.wikipedia.org/wiki/Adriana Villagr\u00e1n,Article \u00e0 illustrer Joueur de tennis
Olga Rukavishnikova,https://fr.wikipedia.org/?curid=1129295,https://fr.wikipedia.org/wiki/Olga Rukavishnikova,Wikip\u00e9dia:\u00e9bauche athl\u00e8te sovi\u00e9tique
Olga Kuragina,https://fr.wikipedia.org/?curid=1129311,https://fr.wikipedia.org/wiki/Olga Kuragina,Wikip\u00e9dia:\u00e9bauche athl\u00e8te sovi\u00e9tique
Saida Gunba,https://fr.wikipedia.org/?curid=1129671,https://fr.wikipedia.org/wiki/Saida Gunba,Wikip\u00e9dia:\u00e9bauche athl\u00e8te sovi\u00e9tique
Liste des \u00e9pouses des princes de Gr\u00e8ce et de Danemark,https://fr.wikipedia.org/?curid=11243429,https://fr.wikipedia.org/wiki/Liste des \u00e9pouses des princes de Gr\u00e8ce et de Danemark,Article \u00e0 r\u00e9f\u00e9rence n\u00e9cessaire
Zhu Mingye,https://fr.wikipedia.org/?curid=11241590,https://fr.wikipedia.org/wiki/Zhu Mingye,Wikip\u00e9dia:\u00e9bauche escrimeuse
Li Shaohong,https://fr.wikipedia.org/?curid=11240237,https://fr.wikipedia.org/wiki/Li Shaohong,Article utilisant une Infobox
Betty Nuthall,https://fr.wikipedia.org/?curid=1123674,https://fr.wikipedia.org/wiki/Betty Nuthall,Article utilisant une Infobox
Antonia Lottner,https://fr.wikipedia.org/?curid=11236908,https://fr.wikipedia.org/wiki/Antonia Lottner,Article utilisant une Infobox
Rossana de los R\u00edos,https://fr.wikipedia.org/?curid=1123359,https://fr.wikipedia.org/wiki/Rossana de los R\u00edos,Article utilisant une Infobox
Lydia Gurley,https://fr.wikipedia.org/?curid=11226836,https://fr.wikipedia.org/wiki/Lydia Gurley,Wikip\u00e9dia:\u00e9bauche cyclisme
Trina Parks,https://fr.wikipedia.org/?curid=11231032,https://fr.wikipedia.org/wiki/Trina Parks,Article utilisant une Infobox
Kehlani,https://fr.wikipedia.org/?curid=11231117,https://fr.wikipedia.org/wiki/Kehlani,Page utilisant P569
Edurne (chanteuse),https://fr.wikipedia.org/?curid=1122953,https://fr.wikipedia.org/wiki/Edurne (chanteuse),Article utilisant une Infobox
Type Semeuse (monnaie),https://fr.wikipedia.org/?curid=112276,https://fr.wikipedia.org/wiki/Type Semeuse (monnaie),Article \u00e0 r\u00e9f\u00e9rence n\u00e9cessaire
Mathias Hecht,https://fr.wikipedia.org/?curid=11163914,https://fr.wikipedia.org/wiki/Mathias Hecht,Wikip\u00e9dia:\u00e9bauche triathl\u00e8te
Nina Lussi,https://fr.wikipedia.org/?curid=11432277,https://fr.wikipedia.org/wiki/Nina Lussi,Article contenant un lien mort
Kelly Sildaru,https://fr.wikipedia.org/?curid=11432337,https://fr.wikipedia.org/wiki/Kelly Sildaru,Article utilisant une Infobox
Julia Marino (snowboard),https://fr.wikipedia.org/?curid=11432372,https://fr.wikipedia.org/wiki/Julia Marino (snowboard),Article utilisant une Infobox
Liste des m\u00e9daill\u00e9s olympiques en hockey sur gazon,https://fr.wikipedia.org/?curid=11382900,https://fr.wikipedia.org/wiki/Liste des m\u00e9daill\u00e9s olympiques en hockey sur gazon,Portail:Hockey sur gazon/Articles li\u00e9s
Evergreen (Love Theme from A Star Is Born),https://fr.wikipedia.org/?curid=11427998,https://fr.wikipedia.org/wiki/Evergreen (Love Theme from A Star Is Born),Article utilisant une Infobox
Ulla Virtanen,https://fr.wikipedia.org/?curid=11422265,https://fr.wikipedia.org/wiki/Ulla Virtanen,Article \u00e0 illustrer Personnalit\u00e9 du cin\u00e9ma
Miss Cameroun 2018,https://fr.wikipedia.org/?curid=11399295,https://fr.wikipedia.org/wiki/Miss Cameroun 2018,Article \u00e0 illustrer Miss
Mina F\u00fcrst Holtmann,https://fr.wikipedia.org/?curid=11408025,https://fr.wikipedia.org/wiki/Mina F\u00fcrst Holtmann,Wikip\u00e9dia:\u00e9bauche ski alpin
Ma philosophie,https://fr.wikipedia.org/?curid=1138982,https://fr.wikipedia.org/wiki/Ma philosophie,Article utilisant une Infobox
Meta Hrovat,https://fr.wikipedia.org/?curid=11405594,https://fr.wikipedia.org/wiki/Meta Hrovat,Article utilisant une Infobox
Finesse (chanson),https://fr.wikipedia.org/?curid=11391175,https://fr.wikipedia.org/wiki/Finesse (chanson),Article utilisant une Infobox
Alisa Zhambalova,https://fr.wikipedia.org/?curid=11386565,https://fr.wikipedia.org/wiki/Alisa Zhambalova,Wikip\u00e9dia:\u00e9bauche sportif russe
Andrea Mikl\u00f3s,https://fr.wikipedia.org/?curid=11378778,https://fr.wikipedia.org/wiki/Andrea Mikl\u00f3s,Wikip\u00e9dia:\u00e9bauche athl\u00e8te roumain
Breezy Johnson,https://fr.wikipedia.org/?curid=11403187,https://fr.wikipedia.org/wiki/Breezy Johnson,Article utilisant une Infobox
Kira Weidle,https://fr.wikipedia.org/?curid=11392244,https://fr.wikipedia.org/wiki/Kira Weidle,Article utilisant une Infobox
Gundi Busch,https://fr.wikipedia.org/?curid=11393993,https://fr.wikipedia.org/wiki/Gundi Busch,Page utilisant P569
Tiffany Gauthier,https://fr.wikipedia.org/?curid=11324610,https://fr.wikipedia.org/wiki/Tiffany Gauthier,Article utilisant une Infobox
Alexander Bolshunov,https://fr.wikipedia.org/?curid=11322585,https://fr.wikipedia.org/wiki/Alexander Bolshunov,Article contenant un appel \u00e0 traduction en anglais
Kristen Alderson,https://fr.wikipedia.org/?curid=11323270,https://fr.wikipedia.org/wiki/Kristen Alderson,Wikip\u00e9dia:\u00e9bauche acteur am\u00e9ricain
Camille Deligny,https://fr.wikipedia.org/?curid=11370822,https://fr.wikipedia.org/wiki/Camille Deligny,Article utilisant une Infobox
Champions olympiques alg\u00e9riens,https://fr.wikipedia.org/?curid=11370156,https://fr.wikipedia.org/wiki/Champions olympiques alg\u00e9riens,Portail:Jeux olympiques/Articles li\u00e9s
Meriem Moussa,https://fr.wikipedia.org/?curid=11373297,https://fr.wikipedia.org/wiki/Meriem Moussa,Wikip\u00e9dia:\u00e9bauche judo
Mo Bounce,https://fr.wikipedia.org/?curid=11373340,https://fr.wikipedia.org/wiki/Mo Bounce,Article utilisant une Infobox
Elisabeth Kappaurer,https://fr.wikipedia.org/?curid=11372491,https://fr.wikipedia.org/wiki/Elisabeth Kappaurer,Page utilisant P569
Marina Wallner,https://fr.wikipedia.org/?curid=11371489,https://fr.wikipedia.org/wiki/Marina Wallner,Article \u00e0 illustrer Sportif
Tina Robnik,https://fr.wikipedia.org/?curid=11374691,https://fr.wikipedia.org/wiki/Tina Robnik,Page utilisant P569
Sylwia Nowak,https://fr.wikipedia.org/?curid=11365218,https://fr.wikipedia.org/wiki/Sylwia Nowak,Wikip\u00e9dia:\u00e9bauche patinage artistique
Daphne (chanteuse camerounaise),https://fr.wikipedia.org/?curid=11365512,https://fr.wikipedia.org/wiki/Daphne (chanteuse camerounaise),Article utilisant l'infobox Biographie2
Rosemarie Falk,https://fr.wikipedia.org/?curid=11365774,https://fr.wikipedia.org/wiki/Rosemarie Falk,Article utilisant une Infobox
Lola Esbrat,https://fr.wikipedia.org/?curid=11362899,https://fr.wikipedia.org/wiki/Lola Esbrat,Page utilisant P569
Natalia Kaliszek,https://fr.wikipedia.org/?curid=11364664,https://fr.wikipedia.org/wiki/Natalia Kaliszek,Wikip\u00e9dia:\u00e9bauche patinage artistique
Orlann Ombissa-Dzangue,https://fr.wikipedia.org/?curid=11364744,https://fr.wikipedia.org/wiki/Orlann Ombissa-Dzangue,Article utilisant une Infobox
Jean Yip,https://fr.wikipedia.org/?curid=11364796,https://fr.wikipedia.org/wiki/Jean Yip,Article \u00e0 illustrer Personnalit\u00e9 politique
Les Sept Samoura\u00efs,https://fr.wikipedia.org/?curid=113565,https://fr.wikipedia.org/wiki/Les Sept Samoura\u00efs,Article utilisant une Infobox
Nicol Delago,https://fr.wikipedia.org/?curid=11366766,https://fr.wikipedia.org/wiki/Nicol Delago,Article utilisant une Infobox
Abella Danger,https://fr.wikipedia.org/?curid=11334315,https://fr.wikipedia.org/wiki/Abella Danger,Wikip\u00e9dia:\u00e9bauche actrice pornographique am\u00e9ricaine
Jessica De Gouw,https://fr.wikipedia.org/?curid=11332124,https://fr.wikipedia.org/wiki/Jessica De Gouw,Wikip\u00e9dia:\u00e9bauche acteur australien
Hsieh Shu-ying,https://fr.wikipedia.org/?curid=11301367,https://fr.wikipedia.org/wiki/Hsieh Shu-ying,Article utilisant une Infobox
Jade Grillet-Aubert,https://fr.wikipedia.org/?curid=11325973,https://fr.wikipedia.org/wiki/Jade Grillet-Aubert,Article \u00e0 illustrer Sportif
Maryvonne Huet,https://fr.wikipedia.org/?curid=11315508,https://fr.wikipedia.org/wiki/Maryvonne Huet,Wikip\u00e9dia:\u00e9bauche patinage artistique
