Name,URL1,URL2,First Category
Hallie Champlin,https://fr.wikipedia.org/?curid=1638766,https://fr.wikipedia.org/wiki/Hallie Champlin,Article utilisant une Infobox
Miriam Hall,https://fr.wikipedia.org/?curid=1638778,https://fr.wikipedia.org/wiki/Miriam Hall,Article \u00e0 illustrer Joueur de tennis
Aur\u00e9lie Revillet,https://fr.wikipedia.org/?curid=4119282,https://fr.wikipedia.org/wiki/Aur\u00e9lie Revillet,Wikip\u00e9dia:\u00e9bauche ski alpin
Anne Breitreiner,https://fr.wikipedia.org/?curid=4116338,https://fr.wikipedia.org/wiki/Anne Breitreiner,Article utilisant une Infobox
Aliuska L\u00f3pez,https://fr.wikipedia.org/?curid=4085697,https://fr.wikipedia.org/wiki/Aliuska L\u00f3pez,Wikip\u00e9dia:\u00e9bauche athl\u00e8te cubain
Li Xuemei,https://fr.wikipedia.org/?curid=4085872,https://fr.wikipedia.org/wiki/Li Xuemei,Wikip\u00e9dia:\u00e9bauche athl\u00e8te chinois
Melinda Gainsford-Taylor,https://fr.wikipedia.org/?curid=4085881,https://fr.wikipedia.org/wiki/Melinda Gainsford-Taylor,Wikip\u00e9dia:\u00e9bauche athl\u00e8te australien
Anzhela Kravchenko,https://fr.wikipedia.org/?curid=4085320,https://fr.wikipedia.org/wiki/Anzhela Kravchenko,Wikip\u00e9dia:\u00e9bauche athl\u00e8te ukrainien
Minnie Pearl,https://fr.wikipedia.org/?curid=4135477,https://fr.wikipedia.org/wiki/Minnie Pearl,Article \u00e0 recycler/Liste compl\u00e8te
Arianna Errigo,https://fr.wikipedia.org/?curid=4135533,https://fr.wikipedia.org/wiki/Arianna Errigo,Article utilisant une Infobox
Xu Demei,https://fr.wikipedia.org/?curid=4105826,https://fr.wikipedia.org/wiki/Xu Demei,Wikip\u00e9dia:\u00e9bauche athl\u00e8te chinois
Ann Haydon-Jones,https://fr.wikipedia.org/?curid=4111507,https://fr.wikipedia.org/wiki/Ann Haydon-Jones,Article utilisant une Infobox
Dominika Minicz,https://fr.wikipedia.org/?curid=4131704,https://fr.wikipedia.org/wiki/Dominika Minicz,Article utilisant une Infobox
Amerie,https://fr.wikipedia.org/?curid=412685,https://fr.wikipedia.org/wiki/Amerie,Article manquant de r\u00e9f\u00e9rences depuis avril 2019
Taryn Southern,https://fr.wikipedia.org/?curid=4113653,https://fr.wikipedia.org/wiki/Taryn Southern,Wikip\u00e9dia:\u00e9bauche chanteur am\u00e9ricain
Marinne Giraud,https://fr.wikipedia.org/?curid=4114656,https://fr.wikipedia.org/wiki/Marinne Giraud,Article \u00e0 illustrer Joueur de tennis
Lidia Skoblikova,https://fr.wikipedia.org/?curid=4115025,https://fr.wikipedia.org/wiki/Lidia Skoblikova,Article utilisant une Infobox
Hildegarde de Bingen,https://fr.wikipedia.org/?curid=410953,https://fr.wikipedia.org/wiki/Hildegarde de Bingen,Article utilisant une Infobox
Anneisha McLaughlin-Whilby,https://fr.wikipedia.org/?curid=4054319,https://fr.wikipedia.org/wiki/Anneisha McLaughlin-Whilby,Page utilisant P569
Rosemarie Whyte,https://fr.wikipedia.org/?curid=4047647,https://fr.wikipedia.org/wiki/Rosemarie Whyte,Wikip\u00e9dia:\u00e9bauche athl\u00e8te jama\u00efcain
Cathleen Tschirch,https://fr.wikipedia.org/?curid=4047676,https://fr.wikipedia.org/wiki/Cathleen Tschirch,Wikip\u00e9dia:\u00e9bauche athl\u00e8te allemand
Tomoko Fukumi,https://fr.wikipedia.org/?curid=4052707,https://fr.wikipedia.org/wiki/Tomoko Fukumi,Wikip\u00e9dia:\u00e9bauche judo
Morgane Ribout,https://fr.wikipedia.org/?curid=4052537,https://fr.wikipedia.org/wiki/Morgane Ribout,Article utilisant une Infobox
Aleksandra Kiryashova,https://fr.wikipedia.org/?curid=4028958,https://fr.wikipedia.org/wiki/Aleksandra Kiryashova,Wikip\u00e9dia:\u00e9bauche athl\u00e8te russe
Elena Romagnolo,https://fr.wikipedia.org/?curid=4020668,https://fr.wikipedia.org/wiki/Elena Romagnolo,Wikip\u00e9dia:\u00e9bauche athl\u00e8te italien
Milcah Cheywa,https://fr.wikipedia.org/?curid=4034616,https://fr.wikipedia.org/wiki/Milcah Cheywa,Article utilisant une Infobox
Martina Ratej,https://fr.wikipedia.org/?curid=4032260,https://fr.wikipedia.org/wiki/Martina Ratej,Wikip\u00e9dia:\u00e9bauche athl\u00e8te slov\u00e8ne
Gong Lijiao,https://fr.wikipedia.org/?curid=4034461,https://fr.wikipedia.org/wiki/Gong Lijiao,Article utilisant une Infobox
Kate Dennison,https://fr.wikipedia.org/?curid=4035151,https://fr.wikipedia.org/wiki/Kate Dennison,Wikip\u00e9dia:\u00e9bauche athl\u00e8te britannique
Dana Vel\u010f\u00e1kov\u00e1,https://fr.wikipedia.org/?curid=4035295,https://fr.wikipedia.org/wiki/Dana Vel\u010f\u00e1kov\u00e1,Wikip\u00e9dia:\u00e9bauche athl\u00e8te slovaque
Debbie Dunn,https://fr.wikipedia.org/?curid=4045022,https://fr.wikipedia.org/wiki/Debbie Dunn,Article utilisant une Infobox
Marion Wagner,https://fr.wikipedia.org/?curid=4043856,https://fr.wikipedia.org/wiki/Marion Wagner,Article utilisant une Infobox
Natalia Joukova (joueuse d'\u00e9checs),https://fr.wikipedia.org/?curid=4043877,https://fr.wikipedia.org/wiki/Natalia Joukova (joueuse d'\u00e9checs),Page utilisant P19
Mar\u00eda Elena Swett,https://fr.wikipedia.org/?curid=4043978,https://fr.wikipedia.org/wiki/Mar\u00eda Elena Swett,Wikip\u00e9dia:\u00e9bauche acteur chilien
Chillin,https://fr.wikipedia.org/?curid=4045667,https://fr.wikipedia.org/wiki/Chillin,Article utilisant une Infobox
Judit Polg\u00e1r,https://fr.wikipedia.org/?curid=403263,https://fr.wikipedia.org/wiki/Judit Polg\u00e1r,Article contenant un appel \u00e0 traduction en anglais
Liu Hong,https://fr.wikipedia.org/?curid=4032894,https://fr.wikipedia.org/wiki/Liu Hong,Article utilisant une Infobox
Caster Semenya,https://fr.wikipedia.org/?curid=4033024,https://fr.wikipedia.org/wiki/Caster Semenya,Article utilisant une Infobox
Maggie Vessey,https://fr.wikipedia.org/?curid=4033034,https://fr.wikipedia.org/wiki/Maggie Vessey,Wikip\u00e9dia:\u00e9bauche athl\u00e8te am\u00e9ricain
Lucia Klocov\u00e1,https://fr.wikipedia.org/?curid=4033050,https://fr.wikipedia.org/wiki/Lucia Klocov\u00e1,Wikip\u00e9dia:\u00e9bauche athl\u00e8te slovaque
Elena Kotulskaya,https://fr.wikipedia.org/?curid=4033217,https://fr.wikipedia.org/wiki/Elena Kotulskaya,Wikip\u00e9dia:\u00e9bauche athl\u00e8te russe
Jemma Simpson,https://fr.wikipedia.org/?curid=4033224,https://fr.wikipedia.org/wiki/Jemma Simpson,Wikip\u00e9dia:\u00e9bauche athl\u00e8te britannique
Jennifer Meadows,https://fr.wikipedia.org/?curid=4033226,https://fr.wikipedia.org/wiki/Jennifer Meadows,Article utilisant une Infobox
Lenka Masn\u00e1,https://fr.wikipedia.org/?curid=4033233,https://fr.wikipedia.org/wiki/Lenka Masn\u00e1,Wikip\u00e9dia:\u00e9bauche athl\u00e8te tch\u00e8que
\u00c9lodie Fr\u00e9g\u00e9,https://fr.wikipedia.org/?curid=4033870,https://fr.wikipedia.org/wiki/\u00c9lodie Fr\u00e9g\u00e9,Page utilisant P569
Tahesia Harrigan-Scott,https://fr.wikipedia.org/?curid=4034156,https://fr.wikipedia.org/wiki/Tahesia Harrigan-Scott,Wikip\u00e9dia:\u00e9bauche athl\u00e8te
Semoy Hackett,https://fr.wikipedia.org/?curid=4034205,https://fr.wikipedia.org/wiki/Semoy Hackett,Wikip\u00e9dia:\u00e9bauche athl\u00e8te trinidadien
Lucy Hale,https://fr.wikipedia.org/?curid=4035798,https://fr.wikipedia.org/wiki/Lucy Hale,Article contenant un lien mort
Audrey Pulvar,https://fr.wikipedia.org/?curid=4038407,https://fr.wikipedia.org/wiki/Audrey Pulvar,Article utilisant une Infobox
Josette Nevi\u00e8re,https://fr.wikipedia.org/?curid=15088206,https://fr.wikipedia.org/wiki/Josette Nevi\u00e8re,Wikip\u00e9dia:\u00e9bauche ski alpin
Katharina Trost,https://fr.wikipedia.org/?curid=15087822,https://fr.wikipedia.org/wiki/Katharina Trost,Wikip\u00e9dia:\u00e9bauche athl\u00e8te allemand
Skin of My Teeth,https://fr.wikipedia.org/?curid=15088025,https://fr.wikipedia.org/wiki/Skin of My Teeth,Article utilisant une Infobox
Itziar Miranda,https://fr.wikipedia.org/?curid=15089619,https://fr.wikipedia.org/wiki/Itziar Miranda,Article manquant de r\u00e9f\u00e9rences depuis juillet 2022
Tay Melo,https://fr.wikipedia.org/?curid=15088701,https://fr.wikipedia.org/wiki/Tay Melo,Page utilisant P27
Natalie Horler,https://fr.wikipedia.org/?curid=1508887,https://fr.wikipedia.org/wiki/Natalie Horler,Article utilisant une Infobox
Rosel\u00e8ne Khezami,https://fr.wikipedia.org/?curid=15082737,https://fr.wikipedia.org/wiki/Rosel\u00e8ne Khezami,Wikip\u00e9dia:\u00e9bauche footballeuse
Micheline Desmazi\u00e8res,https://fr.wikipedia.org/?curid=15085082,https://fr.wikipedia.org/wiki/Micheline Desmazi\u00e8res,Wikip\u00e9dia:\u00e9bauche ski alpin
Kimberly Loaiza,https://fr.wikipedia.org/?curid=15080811,https://fr.wikipedia.org/wiki/Kimberly Loaiza,Page utilisant P569
Silvia Alonso,https://fr.wikipedia.org/?curid=15081745,https://fr.wikipedia.org/wiki/Silvia Alonso,Page utilisant P569
Elisabet Casanovas,https://fr.wikipedia.org/?curid=15082183,https://fr.wikipedia.org/wiki/Elisabet Casanovas,Page utilisant P569
Im\u00e8ne El Ghazouani,https://fr.wikipedia.org/?curid=15084348,https://fr.wikipedia.org/wiki/Im\u00e8ne El Ghazouani,P413 absent de Wikidata
Lea Lin Teutenberg,https://fr.wikipedia.org/?curid=15084509,https://fr.wikipedia.org/wiki/Lea Lin Teutenberg,Wikip\u00e9dia:\u00e9bauche coureur cycliste allemand
Yasmin Mrabet,https://fr.wikipedia.org/?curid=15082895,https://fr.wikipedia.org/wiki/Yasmin Mrabet,Wikip\u00e9dia:\u00e9bauche footballeuse
Edymar Brea,https://fr.wikipedia.org/?curid=15081143,https://fr.wikipedia.org/wiki/Edymar Brea,Wikip\u00e9dia:\u00e9bauche athl\u00e8te
Nary Ly,https://fr.wikipedia.org/?curid=15081708,https://fr.wikipedia.org/wiki/Nary Ly,Article utilisant une Infobox
Sarah Mitton,https://fr.wikipedia.org/?curid=15064905,https://fr.wikipedia.org/wiki/Sarah Mitton,Wikip\u00e9dia:\u00e9bauche athl\u00e9tisme
Anna Allen,https://fr.wikipedia.org/?curid=15057914,https://fr.wikipedia.org/wiki/Anna Allen,Article utilisant une Infobox
Nikki Bartlett,https://fr.wikipedia.org/?curid=15058231,https://fr.wikipedia.org/wiki/Nikki Bartlett,Wikip\u00e9dia:\u00e9bauche triathl\u00e8te
Kemba Nelson,https://fr.wikipedia.org/?curid=15067424,https://fr.wikipedia.org/wiki/Kemba Nelson,Wikip\u00e9dia:\u00e9bauche athl\u00e8te jama\u00efcain
Ryann Shane,https://fr.wikipedia.org/?curid=15065624,https://fr.wikipedia.org/wiki/Ryann Shane,Page utilisant P569
Scout Adkin,https://fr.wikipedia.org/?curid=15075570,https://fr.wikipedia.org/wiki/Scout Adkin,Article utilisant une Infobox
\u00c9va Allice,https://fr.wikipedia.org/?curid=15075779,https://fr.wikipedia.org/wiki/\u00c9va Allice,Article utilisant une Infobox
Sana\u00e2 Mssoudy,https://fr.wikipedia.org/?curid=15079061,https://fr.wikipedia.org/wiki/Sana\u00e2 Mssoudy,Article utilisant une Infobox
Athenea del Castillo,https://fr.wikipedia.org/?curid=15079507,https://fr.wikipedia.org/wiki/Athenea del Castillo,Article utilisant une Infobox
L\u00e9na Brocard,https://fr.wikipedia.org/?curid=15076565,https://fr.wikipedia.org/wiki/L\u00e9na Brocard,Article utilisant une Infobox
Fatou Jupiter Tour\u00e9,https://fr.wikipedia.org/?curid=15094878,https://fr.wikipedia.org/wiki/Fatou Jupiter Tour\u00e9,Page utilisant P19
Arthur Serri\u00e8res,https://fr.wikipedia.org/?curid=15090300,https://fr.wikipedia.org/wiki/Arthur Serri\u00e8res,Wikip\u00e9dia:\u00e9bauche triathl\u00e8te
Eveline Saalberg,https://fr.wikipedia.org/?curid=15090391,https://fr.wikipedia.org/wiki/Eveline Saalberg,Wikip\u00e9dia:\u00e9bauche athl\u00e8te n\u00e9erlandais
Tezzhan Naimova,https://fr.wikipedia.org/?curid=1509173,https://fr.wikipedia.org/wiki/Tezzhan Naimova,Article utilisant une Infobox
Kristean Porter,https://fr.wikipedia.org/?curid=15091904,https://fr.wikipedia.org/wiki/Kristean Porter,Article contenant un appel \u00e0 traduction en anglais
Karmen Bruus,https://fr.wikipedia.org/?curid=15093065,https://fr.wikipedia.org/wiki/Karmen Bruus,Wikip\u00e9dia:\u00e9bauche athl\u00e8te estonien
Alicia Rubio,https://fr.wikipedia.org/?curid=15089849,https://fr.wikipedia.org/wiki/Alicia Rubio,Article utilisant une Infobox
Tamara Clark,https://fr.wikipedia.org/?curid=15092972,https://fr.wikipedia.org/wiki/Tamara Clark,Wikip\u00e9dia:\u00e9bauche athl\u00e8te am\u00e9ricain
Parveen Kaur (actrice canadienne),https://fr.wikipedia.org/?curid=15094176,https://fr.wikipedia.org/wiki/Parveen Kaur (actrice canadienne),Article utilisant une Infobox
\u00c1ngela Cremonte,https://fr.wikipedia.org/?curid=15090806,https://fr.wikipedia.org/wiki/\u00c1ngela Cremonte,Article contenant un lien mort
\u00c9dith Vuarnet-Bonlieu,https://fr.wikipedia.org/?curid=15091367,https://fr.wikipedia.org/wiki/\u00c9dith Vuarnet-Bonlieu,Wikip\u00e9dia:\u00e9bauche ski alpin
Ir\u00edni Mo\u00fachou,https://fr.wikipedia.org/?curid=15071275,https://fr.wikipedia.org/wiki/Ir\u00edni Mo\u00fachou,Page utilisant P569
Erin Doherty,https://fr.wikipedia.org/?curid=15071657,https://fr.wikipedia.org/wiki/Erin Doherty,Page utilisant P569
Roxanne Perez,https://fr.wikipedia.org/?curid=15074008,https://fr.wikipedia.org/wiki/Roxanne Perez,Page utilisant P27
Laia Andreu,https://fr.wikipedia.org/?curid=14251789,https://fr.wikipedia.org/wiki/Laia Andreu,Article \u00e0 illustrer Athl\u00e8te
Kwon Eun-bi,https://fr.wikipedia.org/?curid=14252189,https://fr.wikipedia.org/wiki/Kwon Eun-bi,Article utilisant une Infobox
Maite Maiora,https://fr.wikipedia.org/?curid=14464828,https://fr.wikipedia.org/wiki/Maite Maiora,Article utilisant une Infobox
Silvia Trigueros,https://fr.wikipedia.org/?curid=14466443,https://fr.wikipedia.org/wiki/Silvia Trigueros,Article utilisant une Infobox
Anette Veerpalu,https://fr.wikipedia.org/?curid=14470672,https://fr.wikipedia.org/wiki/Anette Veerpalu,Wikip\u00e9dia:\u00e9bauche ski de fond
Alexa Lemitre,https://fr.wikipedia.org/?curid=14470714,https://fr.wikipedia.org/wiki/Alexa Lemitre,Article \u00e0 illustrer Athl\u00e8te
Collette McCallum,https://fr.wikipedia.org/?curid=15350557,https://fr.wikipedia.org/wiki/Collette McCallum,Page utilisant P27
Lee Hanee,https://fr.wikipedia.org/?curid=15312279,https://fr.wikipedia.org/wiki/Lee Hanee,Page utilisant P1559
Jawad Abdelmoula,https://fr.wikipedia.org/?curid=15312609,https://fr.wikipedia.org/wiki/Jawad Abdelmoula,Wikip\u00e9dia:\u00e9bauche triathlon
Liste des Premi\u00e8res dames du Br\u00e9sil,https://fr.wikipedia.org/?curid=15355575,https://fr.wikipedia.org/wiki/Liste des Premi\u00e8res dames du Br\u00e9sil,Article contenant un appel \u00e0 traduction en anglais
Li Mengwen,https://fr.wikipedia.org/?curid=15335101,https://fr.wikipedia.org/wiki/Li Mengwen,Article \u00e0 illustrer Footballeur
Calm Down,https://fr.wikipedia.org/?curid=15335487,https://fr.wikipedia.org/wiki/Calm Down,Article utilisant une Infobox
Bianca Ribi,https://fr.wikipedia.org/?curid=15333302,https://fr.wikipedia.org/wiki/Bianca Ribi,Wikip\u00e9dia:\u00e9bauche bobsleigh
Katrina Gorry,https://fr.wikipedia.org/?curid=15349164,https://fr.wikipedia.org/wiki/Katrina Gorry,Article utilisant une Infobox
Sophie Chauveau (biathl\u00e8te),https://fr.wikipedia.org/?curid=15348346,https://fr.wikipedia.org/wiki/Sophie Chauveau (biathl\u00e8te),Wikip\u00e9dia:\u00e9bauche sportif fran\u00e7ais
Felicitas Rauch,https://fr.wikipedia.org/?curid=15346428,https://fr.wikipedia.org/wiki/Felicitas Rauch,Page utilisant P413
Ana\u00efs Bourgoin,https://fr.wikipedia.org/?curid=15340066,https://fr.wikipedia.org/wiki/Ana\u00efs Bourgoin,Wikip\u00e9dia:\u00e9bauche athl\u00e9tisme
Natasha Hern\u00e1ndez,https://fr.wikipedia.org/?curid=15340096,https://fr.wikipedia.org/wiki/Natasha Hern\u00e1ndez,Wikip\u00e9dia:\u00e9bauche judo
Ann Hughes,https://fr.wikipedia.org/?curid=15340110,https://fr.wikipedia.org/wiki/Ann Hughes,Wikip\u00e9dia:\u00e9bauche judo
Mun Ji-yun,https://fr.wikipedia.org/?curid=15340140,https://fr.wikipedia.org/wiki/Mun Ji-yun,Wikip\u00e9dia:\u00e9bauche judo
Bineta Diop (karat\u00e9),https://fr.wikipedia.org/?curid=15325856,https://fr.wikipedia.org/wiki/Bineta Diop (karat\u00e9),Wikip\u00e9dia:\u00e9bauche karat\u00e9
Ndeye Codou Ciss\u00e9,https://fr.wikipedia.org/?curid=15325989,https://fr.wikipedia.org/wiki/Ndeye Codou Ciss\u00e9,Wikip\u00e9dia:\u00e9bauche karat\u00e9
Ria Verda,https://fr.wikipedia.org/?curid=15328436,https://fr.wikipedia.org/wiki/Ria Verda,Article utilisant une Infobox
Clarisse Br\u00e8che,https://fr.wikipedia.org/?curid=15329949,https://fr.wikipedia.org/wiki/Clarisse Br\u00e8che,Article utilisant une Infobox
Sofya Akatyeva,https://fr.wikipedia.org/?curid=15360960,https://fr.wikipedia.org/wiki/Sofya Akatyeva,Article utilisant une Infobox
Kim Young-joo (actrice),https://fr.wikipedia.org/?curid=15317741,https://fr.wikipedia.org/wiki/Kim Young-joo (actrice),Article contenant un appel \u00e0 traduction en anglais
Ma\u00efmouna Niang,https://fr.wikipedia.org/?curid=15325367,https://fr.wikipedia.org/wiki/Ma\u00efmouna Niang,Wikip\u00e9dia:\u00e9bauche karat\u00e9
Kana Ichikawa,https://fr.wikipedia.org/?curid=15323875,https://fr.wikipedia.org/wiki/Kana Ichikawa,Page utilisant P569
Gul Panag,https://fr.wikipedia.org/?curid=15310041,https://fr.wikipedia.org/wiki/Gul Panag,Page utilisant P569
Hengameh Ghaziani,https://fr.wikipedia.org/?curid=15315919,https://fr.wikipedia.org/wiki/Hengameh Ghaziani,Page utilisant P569
Thet Htar Thuzar,https://fr.wikipedia.org/?curid=15315981,https://fr.wikipedia.org/wiki/Thet Htar Thuzar,Page utilisant P569
Jamie Hayter,https://fr.wikipedia.org/?curid=15308452,https://fr.wikipedia.org/wiki/Jamie Hayter,Page utilisant P27
Alayah Pilgrim,https://fr.wikipedia.org/?curid=15318526,https://fr.wikipedia.org/wiki/Alayah Pilgrim,Article utilisant une Infobox
Martine Froger,https://fr.wikipedia.org/?curid=15562824,https://fr.wikipedia.org/wiki/Martine Froger,Article \u00e0 illustrer Personnalit\u00e9 politique
Anastasia Nichita,https://fr.wikipedia.org/?curid=15548485,https://fr.wikipedia.org/wiki/Anastasia Nichita,Article utilisant une Infobox
Simone Barbier,https://fr.wikipedia.org/?curid=1568861,https://fr.wikipedia.org/wiki/Simone Barbier,Article utilisant une Infobox
Alice Florian,https://fr.wikipedia.org/?curid=1568864,https://fr.wikipedia.org/wiki/Alice Florian,Wikip\u00e9dia:\u00e9bauche tennis
Martina Valmassoi,https://fr.wikipedia.org/?curid=15686283,https://fr.wikipedia.org/wiki/Martina Valmassoi,Article \u00e0 illustrer Sportif
Theres Leboeuf,https://fr.wikipedia.org/?curid=15714046,https://fr.wikipedia.org/wiki/Theres Leboeuf,Article utilisant une Infobox
Laganja Estranja,https://fr.wikipedia.org/?curid=15697772,https://fr.wikipedia.org/wiki/Laganja Estranja,Page utilisant P569
Priya Himesh,https://fr.wikipedia.org/?curid=15732227,https://fr.wikipedia.org/wiki/Priya Himesh,Article \u00e0 wikifier depuis juillet 2023
Evelyn Sears,https://fr.wikipedia.org/?curid=1573187,https://fr.wikipedia.org/wiki/Evelyn Sears,Article utilisant une Infobox
Lula Mae Hardaway,https://fr.wikipedia.org/?curid=15728425,https://fr.wikipedia.org/wiki/Lula Mae Hardaway,Article utilisant une Infobox
Fatima Gharbi,https://fr.wikipedia.org/?curid=15729489,https://fr.wikipedia.org/wiki/Fatima Gharbi,Article \u00e0 illustrer Footballeur
Zoubida El Bastali,https://fr.wikipedia.org/?curid=15729492,https://fr.wikipedia.org/wiki/Zoubida El Bastali,Article \u00e0 illustrer Footballeur
Ingeborg S\u00f8rensen,https://fr.wikipedia.org/?curid=15737219,https://fr.wikipedia.org/wiki/Ingeborg S\u00f8rensen,Page du mod\u00e8le Article comportant une erreur
Como ama una mujer,https://fr.wikipedia.org/?curid=1573515,https://fr.wikipedia.org/wiki/Como ama una mujer,Article utilisant une Infobox
Birke Haylom,https://fr.wikipedia.org/?curid=15704417,https://fr.wikipedia.org/wiki/Birke Haylom,Wikip\u00e9dia:\u00e9bauche athl\u00e8te \u00e9thiopien
Sembo Almayew,https://fr.wikipedia.org/?curid=15704430,https://fr.wikipedia.org/wiki/Sembo Almayew,Wikip\u00e9dia:\u00e9bauche athl\u00e8te \u00e9thiopien
Philaries Kisang,https://fr.wikipedia.org/?curid=15688095,https://fr.wikipedia.org/wiki/Philaries Kisang,Article utilisant une Infobox
Nicole Wallace,https://fr.wikipedia.org/?curid=15711346,https://fr.wikipedia.org/wiki/Nicole Wallace,Wikip\u00e9dia:\u00e9bauche acteur espagnol
Eva Isanta,https://fr.wikipedia.org/?curid=15709708,https://fr.wikipedia.org/wiki/Eva Isanta,Page utilisant P19
Mona Francis,https://fr.wikipedia.org/?curid=15709881,https://fr.wikipedia.org/wiki/Mona Francis,Page utilisant P569
Alexandra Milchan,https://fr.wikipedia.org/?curid=15424232,https://fr.wikipedia.org/wiki/Alexandra Milchan,Wikip\u00e9dia:\u00e9bauche personnalit\u00e9 du monde des affaires
Skilyr Hicks,https://fr.wikipedia.org/?curid=15455161,https://fr.wikipedia.org/wiki/Skilyr Hicks,Article utilisant une Infobox
Paula Radcliffe,https://fr.wikipedia.org/?curid=154548,https://fr.wikipedia.org/wiki/Paula Radcliffe,Article utilisant une Infobox
Malena Josephsen,https://fr.wikipedia.org/?curid=15455515,https://fr.wikipedia.org/wiki/Malena Josephsen,Page utilisant P413
Chlo\u00e9 Buttigieg,https://fr.wikipedia.org/?curid=15455635,https://fr.wikipedia.org/wiki/Chlo\u00e9 Buttigieg,Article manquant de r\u00e9f\u00e9rences depuis f\u00e9vrier 2023
Sanele Ginindza,https://fr.wikipedia.org/?curid=15454334,https://fr.wikipedia.org/wiki/Sanele Ginindza,Page utilisant P569
Sithandile Dlamini,https://fr.wikipedia.org/?curid=15454351,https://fr.wikipedia.org/wiki/Sithandile Dlamini,Page utilisant P569
Isabel Fern\u00e1ndez,https://fr.wikipedia.org/?curid=1557639,https://fr.wikipedia.org/wiki/Isabel Fern\u00e1ndez,Wikip\u00e9dia:\u00e9bauche judo
Orla Gartland,https://fr.wikipedia.org/?curid=15620342,https://fr.wikipedia.org/wiki/Orla Gartland,Page utilisant des arguments dupliqu\u00e9s dans les appels de mod\u00e8le
Sabrina (chanteuse camerounaise),https://fr.wikipedia.org/?curid=15556267,https://fr.wikipedia.org/wiki/Sabrina (chanteuse camerounaise),Article utilisant une Infobox
Karen Barber,https://fr.wikipedia.org/?curid=15546357,https://fr.wikipedia.org/wiki/Karen Barber,Page utilisant P569
Ragne Wiklund,https://fr.wikipedia.org/?curid=15555787,https://fr.wikipedia.org/wiki/Ragne Wiklund,Wikip\u00e9dia:\u00e9bauche patinage de vitesse
Lily Sullivan,https://fr.wikipedia.org/?curid=15611453,https://fr.wikipedia.org/wiki/Lily Sullivan,Article \u00e0 wikifier depuis avril 2023
Park Si-eun,https://fr.wikipedia.org/?curid=15583646,https://fr.wikipedia.org/wiki/Park Si-eun,Article utilisant une Infobox
Sandra Brugnera,https://fr.wikipedia.org/?curid=15594911,https://fr.wikipedia.org/wiki/Sandra Brugnera,Page utilisant P569
Wan Qian,https://fr.wikipedia.org/?curid=15543004,https://fr.wikipedia.org/wiki/Wan Qian,Page utilisant P569
Garance Meyer,https://fr.wikipedia.org/?curid=15543736,https://fr.wikipedia.org/wiki/Garance Meyer,Article utilisant une Infobox
Karine Boivin Roy,https://fr.wikipedia.org/?curid=15550027,https://fr.wikipedia.org/wiki/Karine Boivin Roy,Article \u00e0 illustrer Personnalit\u00e9 politique
Sara Conti,https://fr.wikipedia.org/?curid=15549610,https://fr.wikipedia.org/wiki/Sara Conti,Wikip\u00e9dia:\u00e9bauche patinage artistique
Guslagie Malanda,https://fr.wikipedia.org/?curid=15545864,https://fr.wikipedia.org/wiki/Guslagie Malanda,Article \u00e0 illustrer Personnalit\u00e9 du cin\u00e9ma
Frances Taylor Davis,https://fr.wikipedia.org/?curid=15597136,https://fr.wikipedia.org/wiki/Frances Taylor Davis,Page utilisant P569
Canal Cheong Jagerroos,https://fr.wikipedia.org/?curid=15602371,https://fr.wikipedia.org/wiki/Canal Cheong Jagerroos,Page utilisant P569
Lola Lovinfosse,https://fr.wikipedia.org/?curid=15673093,https://fr.wikipedia.org/wiki/Lola Lovinfosse,Article utilisant une Infobox
Alida Neave,https://fr.wikipedia.org/?curid=1567758,https://fr.wikipedia.org/wiki/Alida Neave,Article \u00e0 illustrer Joueur de tennis
Perine Nenkampi,https://fr.wikipedia.org/?curid=15648657,https://fr.wikipedia.org/wiki/Perine Nenkampi,Article \u00e0 illustrer Athl\u00e8te
Pauline Stey,https://fr.wikipedia.org/?curid=15680815,https://fr.wikipedia.org/wiki/Pauline Stey,Article \u00e0 illustrer Athl\u00e8te
Domenika Mayer,https://fr.wikipedia.org/?curid=15684565,https://fr.wikipedia.org/wiki/Domenika Mayer,Article utilisant une Infobox
Akiko Takojima,https://fr.wikipedia.org/?curid=15682381,https://fr.wikipedia.org/wiki/Akiko Takojima,Page utilisant P569
Axelina Johansson,https://fr.wikipedia.org/?curid=15653431,https://fr.wikipedia.org/wiki/Axelina Johansson,Wikip\u00e9dia:\u00e9bauche athl\u00e8te su\u00e9dois
Marie Perrier,https://fr.wikipedia.org/?curid=15635819,https://fr.wikipedia.org/wiki/Marie Perrier,Article utilisant une Infobox
Hope Masike,https://fr.wikipedia.org/?curid=15647606,https://fr.wikipedia.org/wiki/Hope Masike,Page utilisant P569
Abena Appiah,https://fr.wikipedia.org/?curid=15667833,https://fr.wikipedia.org/wiki/Abena Appiah,Page utilisant P569
Rieko Yauchi,https://fr.wikipedia.org/?curid=15668963,https://fr.wikipedia.org/wiki/Rieko Yauchi,Article orphelin depuis mai 2023
Carla Leite,https://fr.wikipedia.org/?curid=15670679,https://fr.wikipedia.org/wiki/Carla Leite,Wikip\u00e9dia:\u00e9bauche basket-ball
G Flip,https://fr.wikipedia.org/?curid=15657505,https://fr.wikipedia.org/wiki/G Flip,Utilisation de Cite certification avec des param\u00e8tres manquants
Lara Lallemant,https://fr.wikipedia.org/?curid=15642389,https://fr.wikipedia.org/wiki/Lara Lallemant,Page utilisant P569
Jacklyn Zeman,https://fr.wikipedia.org/?curid=15655002,https://fr.wikipedia.org/wiki/Jacklyn Zeman,Page utilisant P569
Bel\u00e9n Garc\u00eda,https://fr.wikipedia.org/?curid=15628696,https://fr.wikipedia.org/wiki/Bel\u00e9n Garc\u00eda,Article utilisant une Infobox
KeyLiza,https://fr.wikipedia.org/?curid=15629011,https://fr.wikipedia.org/wiki/KeyLiza,Admissibilit\u00e9 \u00e0 v\u00e9rifier depuis ao\u00fbt 2023
Oliva Amani,https://fr.wikipedia.org/?curid=15629018,https://fr.wikipedia.org/wiki/Oliva Amani,Article \u00e0 illustrer Footballeur
Marl\u00e8ne Kasaj,https://fr.wikipedia.org/?curid=15629155,https://fr.wikipedia.org/wiki/Marl\u00e8ne Kasaj,Wikip\u00e9dia:\u00e9bauche footballeuse
Ella Wyllie,https://fr.wikipedia.org/?curid=15638498,https://fr.wikipedia.org/wiki/Ella Wyllie,Page utilisant P569
Abi Smith,https://fr.wikipedia.org/?curid=15641554,https://fr.wikipedia.org/wiki/Abi Smith,Page utilisant P569
F\u00e9lix Forissier,https://fr.wikipedia.org/?curid=15627775,https://fr.wikipedia.org/wiki/F\u00e9lix Forissier,Wikip\u00e9dia:\u00e9bauche triathl\u00e8te
J\u00falia Font,https://fr.wikipedia.org/?curid=15626361,https://fr.wikipedia.org/wiki/J\u00falia Font,Article utilisant une Infobox
Rachael Zena Chebet,https://fr.wikipedia.org/?curid=15628199,https://fr.wikipedia.org/wiki/Rachael Zena Chebet,Article \u00e0 illustrer Athl\u00e8te
Caren Chebet,https://fr.wikipedia.org/?curid=15628274,https://fr.wikipedia.org/wiki/Caren Chebet,Wikip\u00e9dia:\u00e9bauche athl\u00e8te k\u00e9nyan
Imke Vervaet,https://fr.wikipedia.org/?curid=15745492,https://fr.wikipedia.org/wiki/Imke Vervaet,Article utilisant une Infobox
Isabella Flanigan,https://fr.wikipedia.org/?curid=15764080,https://fr.wikipedia.org/wiki/Isabella Flanigan,Article \u00e0 illustrer Footballeur
Sumire Hata,https://fr.wikipedia.org/?curid=15766499,https://fr.wikipedia.org/wiki/Sumire Hata,Wikip\u00e9dia:\u00e9bauche athl\u00e8te japonais
Mariko Morimoto,https://fr.wikipedia.org/?curid=15766528,https://fr.wikipedia.org/wiki/Mariko Morimoto,Wikip\u00e9dia:\u00e9bauche athl\u00e8te japonais
Rute Costa,https://fr.wikipedia.org/?curid=15766551,https://fr.wikipedia.org/wiki/Rute Costa,Article \u00e0 illustrer Footballeur
Sara Harstick,https://fr.wikipedia.org/?curid=15765207,https://fr.wikipedia.org/wiki/Sara Harstick,Article \u00e0 illustrer Nageur
Tharushi Dissanayaka,https://fr.wikipedia.org/?curid=15765515,https://fr.wikipedia.org/wiki/Tharushi Dissanayaka,Wikip\u00e9dia:\u00e9bauche athl\u00e8te srilankais
Aishwarya Kailash Mishra,https://fr.wikipedia.org/?curid=15765532,https://fr.wikipedia.org/wiki/Aishwarya Kailash Mishra,Wikip\u00e9dia:\u00e9bauche athl\u00e8te indien
Malea Cesar,https://fr.wikipedia.org/?curid=15763717,https://fr.wikipedia.org/wiki/Malea Cesar,Article \u00e0 illustrer Footballeur
Emma Smaali,https://fr.wikipedia.org/?curid=15762405,https://fr.wikipedia.org/wiki/Emma Smaali,Article \u00e0 illustrer Footballeur
Julia Greville,https://fr.wikipedia.org/?curid=15761165,https://fr.wikipedia.org/wiki/Julia Greville,Article \u00e0 illustrer Nageur
Mitzi Kremer,https://fr.wikipedia.org/?curid=15756965,https://fr.wikipedia.org/wiki/Mitzi Kremer,Article \u00e0 illustrer Nageur
Laura Walker (natation),https://fr.wikipedia.org/?curid=15757122,https://fr.wikipedia.org/wiki/Laura Walker (natation),Article \u00e0 illustrer Nageur
Simona Aebersold,https://fr.wikipedia.org/?curid=15757315,https://fr.wikipedia.org/wiki/Simona Aebersold,Article \u00e0 illustrer Sportif
Megan Hollingshead,https://fr.wikipedia.org/?curid=15758135,https://fr.wikipedia.org/wiki/Megan Hollingshead,Article \u00e0 wikifier depuis juillet 2023
Pam\u00e9ra Losange,https://fr.wikipedia.org/?curid=15789594,https://fr.wikipedia.org/wiki/Pam\u00e9ra Losange,Wikip\u00e9dia:\u00e9bauche athl\u00e8te fran\u00e7ais
Louise Maraval,https://fr.wikipedia.org/?curid=15789707,https://fr.wikipedia.org/wiki/Louise Maraval,Wikip\u00e9dia:\u00e9bauche athl\u00e9tisme
Meryem Hajri,https://fr.wikipedia.org/?curid=15789965,https://fr.wikipedia.org/wiki/Meryem Hajri,Article \u00e0 illustrer Footballeur
Gregoria Mariska Tunjung,https://fr.wikipedia.org/?curid=15790447,https://fr.wikipedia.org/wiki/Gregoria Mariska Tunjung,Wikip\u00e9dia:\u00e9bauche badminton
Rosy McEwen,https://fr.wikipedia.org/?curid=15790467,https://fr.wikipedia.org/wiki/Rosy McEwen,Article manquant de r\u00e9f\u00e9rences depuis juillet 2023
Chirine Knaidil,https://fr.wikipedia.org/?curid=15796657,https://fr.wikipedia.org/wiki/Chirine Knaidil,Article \u00e0 illustrer Footballeur
Kathrine K\u00fchl,https://fr.wikipedia.org/?curid=15798106,https://fr.wikipedia.org/wiki/Kathrine K\u00fchl,Page du mod\u00e8le Article comportant une erreur
B\u00e4rbel Fuhrmann,https://fr.wikipedia.org/?curid=15779869,https://fr.wikipedia.org/wiki/B\u00e4rbel Fuhrmann,Article utilisant une Infobox
Miki Koyama,https://fr.wikipedia.org/?curid=15783178,https://fr.wikipedia.org/wiki/Miki Koyama,Article utilisant une Infobox
Ingrid Schmidt (natation),https://fr.wikipedia.org/?curid=15774596,https://fr.wikipedia.org/wiki/Ingrid Schmidt (natation),Article utilisant une Infobox
Sarah Stewart,https://fr.wikipedia.org/?curid=15749299,https://fr.wikipedia.org/wiki/Sarah Stewart,Article utilisant une Infobox
Shafiqua Maloney,https://fr.wikipedia.org/?curid=15755974,https://fr.wikipedia.org/wiki/Shafiqua Maloney,Article \u00e0 illustrer Athl\u00e8te
Tomomi Kai,https://fr.wikipedia.org/?curid=15753612,https://fr.wikipedia.org/wiki/Tomomi Kai,Article orphelin depuis mai 2023
Emma Navarro,https://fr.wikipedia.org/?curid=15753199,https://fr.wikipedia.org/wiki/Emma Navarro,Article utilisant une Infobox
Eva Arndt-Riise,https://fr.wikipedia.org/?curid=15753247,https://fr.wikipedia.org/wiki/Eva Arndt-Riise,Article \u00e0 illustrer Nageur
Manon van Rooijen,https://fr.wikipedia.org/?curid=15759937,https://fr.wikipedia.org/wiki/Manon van Rooijen,Article \u00e0 illustrer Nageur
Thamar Henneken,https://fr.wikipedia.org/?curid=15759969,https://fr.wikipedia.org/wiki/Thamar Henneken,Article \u00e0 illustrer Nageur
Command and Conquer 3 : Les Guerres du Tiberium,https://fr.wikipedia.org/?curid=1577260,https://fr.wikipedia.org/wiki/Command and Conquer 3 : Les Guerres du Tiberium,Wikip\u00e9dia:\u00e9bauche jeu vid\u00e9o
Zhu Yingwen,https://fr.wikipedia.org/?curid=15772489,https://fr.wikipedia.org/wiki/Zhu Yingwen,Article \u00e0 illustrer Nageur
Sarah Louisa Forten Purvis,https://fr.wikipedia.org/?curid=15743399,https://fr.wikipedia.org/wiki/Sarah Louisa Forten Purvis,Page utilisant P569
Marta Mart\u00ednez Abell\u00e1n,https://fr.wikipedia.org/?curid=15767571,https://fr.wikipedia.org/wiki/Marta Mart\u00ednez Abell\u00e1n,Article \u00e0 illustrer Athl\u00e8te
Tes Schouten,https://fr.wikipedia.org/?curid=15786931,https://fr.wikipedia.org/wiki/Tes Schouten,Article \u00e0 illustrer Nageur
Shakira Austin,https://fr.wikipedia.org/?curid=15787309,https://fr.wikipedia.org/wiki/Shakira Austin,Article utilisant une Infobox
Yuka Tsujiyoko,https://fr.wikipedia.org/?curid=15785807,https://fr.wikipedia.org/wiki/Yuka Tsujiyoko,Article utilisant une Infobox
Margaret Kelly (natation),https://fr.wikipedia.org/?curid=15785969,https://fr.wikipedia.org/wiki/Margaret Kelly (natation),Article \u00e0 illustrer Nageur
Gelareh Abbasi,https://fr.wikipedia.org/?curid=15786096,https://fr.wikipedia.org/wiki/Gelareh Abbasi,Article manquant de r\u00e9f\u00e9rences depuis juillet 2023
Darlina Joseph,https://fr.wikipedia.org/?curid=15784137,https://fr.wikipedia.org/wiki/Darlina Joseph,Wikip\u00e9dia:\u00e9bauche footballeuse
Angelika Kraus,https://fr.wikipedia.org/?curid=15784283,https://fr.wikipedia.org/wiki/Angelika Kraus,Article \u00e0 illustrer Nageur
Christine Herbst,https://fr.wikipedia.org/?curid=15784320,https://fr.wikipedia.org/wiki/Christine Herbst,Article utilisant une Infobox
Vreni Eberle,https://fr.wikipedia.org/?curid=15785412,https://fr.wikipedia.org/wiki/Vreni Eberle,Article \u00e0 illustrer Nageur
Silke Pielen,https://fr.wikipedia.org/?curid=15785430,https://fr.wikipedia.org/wiki/Silke Pielen,Article \u00e0 illustrer Nageur
Helen Jameson,https://fr.wikipedia.org/?curid=15785452,https://fr.wikipedia.org/wiki/Helen Jameson,Article \u00e0 illustrer Nageur
Christine Gavarin,https://fr.wikipedia.org/?curid=15787703,https://fr.wikipedia.org/wiki/Christine Gavarin,Wikip\u00e9dia:\u00e9bauche athl\u00e8te fran\u00e7ais
Gina Sereno,https://fr.wikipedia.org/?curid=15579626,https://fr.wikipedia.org/wiki/Gina Sereno,Article \u00e0 illustrer Sportif
Tchao Pantin,https://fr.wikipedia.org/?curid=159302,https://fr.wikipedia.org/wiki/Tchao Pantin,Article utilisant une Infobox
Nickisha Pryce,https://fr.wikipedia.org/?curid=15845864,https://fr.wikipedia.org/wiki/Nickisha Pryce,Wikip\u00e9dia:\u00e9bauche athl\u00e9tisme
Linda Ferri,https://fr.wikipedia.org/?curid=15845177,https://fr.wikipedia.org/wiki/Linda Ferri,Page utilisant P569
Elena Kulichenko,https://fr.wikipedia.org/?curid=15842046,https://fr.wikipedia.org/wiki/Elena Kulichenko,Article \u00e0 illustrer Sportif
Christina Honsel,https://fr.wikipedia.org/?curid=15842071,https://fr.wikipedia.org/wiki/Christina Honsel,Article utilisant une Infobox
Gwili Andre,https://fr.wikipedia.org/?curid=15842202,https://fr.wikipedia.org/wiki/Gwili Andre,Page utilisant P569
Lu\u00edsa Sonza,https://fr.wikipedia.org/?curid=15868341,https://fr.wikipedia.org/wiki/Lu\u00edsa Sonza,Article \u00e0 wikifier depuis septembre 2023
Kirsty Gilmour,https://fr.wikipedia.org/?curid=15868871,https://fr.wikipedia.org/wiki/Kirsty Gilmour,Article utilisant une Infobox
Martha Stewart (actrice),https://fr.wikipedia.org/?curid=15854437,https://fr.wikipedia.org/wiki/Martha Stewart (actrice),Page utilisant P569
Gregor Stam,https://fr.wikipedia.org/?curid=15854706,https://fr.wikipedia.org/wiki/Gregor Stam,Wikip\u00e9dia:\u00e9bauche triathl\u00e8te
Jessica Yu,https://fr.wikipedia.org/?curid=15872359,https://fr.wikipedia.org/wiki/Jessica Yu,Article \u00e0 wikifier depuis septembre 2023
Juliana Canfield,https://fr.wikipedia.org/?curid=15884467,https://fr.wikipedia.org/wiki/Juliana Canfield,Article \u00e0 wikifier depuis septembre 2023
Anastas\u00eda Kost\u00e1ki,https://fr.wikipedia.org/?curid=1588639,https://fr.wikipedia.org/wiki/Anastas\u00eda Kost\u00e1ki,Wikip\u00e9dia:\u00e9bauche basket-ball
Sara Gallego,https://fr.wikipedia.org/?curid=15887612,https://fr.wikipedia.org/wiki/Sara Gallego,Article utilisant une Infobox
Amy Winehouse,https://fr.wikipedia.org/?curid=158735,https://fr.wikipedia.org/wiki/Amy Winehouse,Article contenant un lien mort
Annabelle Attanasio,https://fr.wikipedia.org/?curid=15880490,https://fr.wikipedia.org/wiki/Annabelle Attanasio,Page du mod\u00e8le Article comportant une erreur
Molly Gordon,https://fr.wikipedia.org/?curid=15881995,https://fr.wikipedia.org/wiki/Molly Gordon,Article \u00e0 wikifier depuis septembre 2023
Judy Cornwell,https://fr.wikipedia.org/?curid=15878918,https://fr.wikipedia.org/wiki/Judy Cornwell,Page utilisant P27
Ann Meyer,https://fr.wikipedia.org/?curid=15889756,https://fr.wikipedia.org/wiki/Ann Meyer,Article utilisant une Infobox
Teresa Riott,https://fr.wikipedia.org/?curid=15864361,https://fr.wikipedia.org/wiki/Teresa Riott,Article utilisant une Infobox
Simony Diamond,https://fr.wikipedia.org/?curid=1587457,https://fr.wikipedia.org/wiki/Simony Diamond,Wikip\u00e9dia:\u00e9bauche actrice pornographique hongroise
Silvina Luna,https://fr.wikipedia.org/?curid=15856179,https://fr.wikipedia.org/wiki/Silvina Luna,Page utilisant P569
La Comandante,https://fr.wikipedia.org/?curid=15856226,https://fr.wikipedia.org/wiki/La Comandante,Article avec des erreurs de r\u00e9f\u00e9rence
Eva Yaneva,https://fr.wikipedia.org/?curid=1542623,https://fr.wikipedia.org/wiki/Eva Yaneva,Article utilisant une Infobox
Ana\u00efs Quemener,https://fr.wikipedia.org/?curid=15426320,https://fr.wikipedia.org/wiki/Ana\u00efs Quemener,Article \u00e0 illustrer Athl\u00e8te
Ann-Christin Strack,https://fr.wikipedia.org/?curid=15445740,https://fr.wikipedia.org/wiki/Ann-Christin Strack,Wikip\u00e9dia:\u00e9bauche bobsleigh
Mrunal Thakur,https://fr.wikipedia.org/?curid=15434932,https://fr.wikipedia.org/wiki/Mrunal Thakur,Page utilisant des donn\u00e9es de Wikidata \u00e0 traduire de l'anglais
Kaysha Love,https://fr.wikipedia.org/?curid=15445849,https://fr.wikipedia.org/wiki/Kaysha Love,Wikip\u00e9dia:\u00e9bauche bobsleigh
Leonie Fiebig,https://fr.wikipedia.org/?curid=15444974,https://fr.wikipedia.org/wiki/Leonie Fiebig,Wikip\u00e9dia:\u00e9bauche bobsleigh
Diane Desfor,https://fr.wikipedia.org/?curid=1550717,https://fr.wikipedia.org/wiki/Diane Desfor,Article \u00e0 illustrer Joueur de tennis
Alfie (chanson de Burt Bacharach),https://fr.wikipedia.org/?curid=15485603,https://fr.wikipedia.org/wiki/Alfie (chanson de Burt Bacharach),Article contenant un appel \u00e0 traduction en anglais
Fernande Bayetto,https://fr.wikipedia.org/?curid=15485892,https://fr.wikipedia.org/wiki/Fernande Bayetto,Wikip\u00e9dia:\u00e9bauche ski alpin
Turno di notte,https://fr.wikipedia.org/?curid=15506408,https://fr.wikipedia.org/wiki/Turno di notte,Article utilisant une Infobox
Naomie Kabakaba,https://fr.wikipedia.org/?curid=15509593,https://fr.wikipedia.org/wiki/Naomie Kabakaba,Wikip\u00e9dia:\u00e9bauche footballeuse
Kwak Sun-young,https://fr.wikipedia.org/?curid=15521028,https://fr.wikipedia.org/wiki/Kwak Sun-young,Wikip\u00e9dia:\u00e9bauche acteur sud-cor\u00e9en
Susan Vermeulen,https://fr.wikipedia.org/?curid=15515126,https://fr.wikipedia.org/wiki/Susan Vermeulen,Wikip\u00e9dia:\u00e9bauche athl\u00e8te sud-africain
Jasmine Moore,https://fr.wikipedia.org/?curid=15520124,https://fr.wikipedia.org/wiki/Jasmine Moore,Article \u00e0 illustrer Athl\u00e8te
Gilonne Guigonnat,https://fr.wikipedia.org/?curid=15427704,https://fr.wikipedia.org/wiki/Gilonne Guigonnat,Wikip\u00e9dia:\u00e9bauche biathlon
Miss Universe Switzerland,https://fr.wikipedia.org/?curid=15428482,https://fr.wikipedia.org/wiki/Miss Universe Switzerland,Admissibilit\u00e9 \u00e0 v\u00e9rifier depuis f\u00e9vrier 2023
Anastasia Gubanova,https://fr.wikipedia.org/?curid=15431034,https://fr.wikipedia.org/wiki/Anastasia Gubanova,Wikip\u00e9dia:\u00e9bauche patinage artistique
Johanne Killi,https://fr.wikipedia.org/?curid=15442507,https://fr.wikipedia.org/wiki/Johanne Killi,Wikip\u00e9dia:\u00e9bauche ski acrobatique
Mitsuki Ono,https://fr.wikipedia.org/?curid=15442533,https://fr.wikipedia.org/wiki/Mitsuki Ono,Wikip\u00e9dia:\u00e9bauche snowboard
Blanca Paloma,https://fr.wikipedia.org/?curid=15442630,https://fr.wikipedia.org/wiki/Blanca Paloma,Wikip\u00e9dia:\u00e9bauche chanteur espagnol
Soaring Sky! Pretty Cure,https://fr.wikipedia.org/?curid=15441256,https://fr.wikipedia.org/wiki/Soaring Sky! Pretty Cure,Wikip\u00e9dia:\u00e9bauche anime
Edda Bustamante,https://fr.wikipedia.org/?curid=15450573,https://fr.wikipedia.org/wiki/Edda Bustamante,Page utilisant P569
Lucie Memba,https://fr.wikipedia.org/?curid=15449438,https://fr.wikipedia.org/wiki/Lucie Memba,Wikip\u00e9dia:\u00e9bauche acteur camerounais
Franziska Bertels,https://fr.wikipedia.org/?curid=15451510,https://fr.wikipedia.org/wiki/Franziska Bertels,Wikip\u00e9dia:\u00e9bauche bobsleigh
Lyna Mahyem,https://fr.wikipedia.org/?curid=15453141,https://fr.wikipedia.org/wiki/Lyna Mahyem,Page utilisant P569
Blandine Pont,https://fr.wikipedia.org/?curid=15449753,https://fr.wikipedia.org/wiki/Blandine Pont,Wikip\u00e9dia:\u00e9bauche judo
P\u0131nar Akyol,https://fr.wikipedia.org/?curid=15458187,https://fr.wikipedia.org/wiki/P\u0131nar Akyol,Wikip\u00e9dia:\u00e9bauche athl\u00e8te turc
Liste des dames et princesses de Joinville,https://fr.wikipedia.org/?curid=15461916,https://fr.wikipedia.org/wiki/Liste des dames et princesses de Joinville,Article manquant de r\u00e9f\u00e9rences depuis f\u00e9vrier 2023
Virginie Dufour,https://fr.wikipedia.org/?curid=15462018,https://fr.wikipedia.org/wiki/Virginie Dufour,Article \u00e0 illustrer Personnalit\u00e9 politique
Ulla Werbrouck,https://fr.wikipedia.org/?curid=1546256,https://fr.wikipedia.org/wiki/Ulla Werbrouck,Wikip\u00e9dia:\u00e9bauche judo
Ida Marie Hagen,https://fr.wikipedia.org/?curid=15483524,https://fr.wikipedia.org/wiki/Ida Marie Hagen,Wikip\u00e9dia:\u00e9bauche combin\u00e9 nordique
Troupe de la Com\u00e9die-Fran\u00e7aise en 1780,https://fr.wikipedia.org/?curid=15491239,https://fr.wikipedia.org/wiki/Troupe de la Com\u00e9die-Fran\u00e7aise en 1780,Portail:Th\u00e9\u00e2tre/Articles li\u00e9s
Doriane Bontemps,https://fr.wikipedia.org/?curid=15491435,https://fr.wikipedia.org/wiki/Doriane Bontemps,Page utilisant P569
Christiane-Eberhardine de Brandebourg-Bayreuth,https://fr.wikipedia.org/?curid=1549083,https://fr.wikipedia.org/wiki/Christiane-Eberhardine de Brandebourg-Bayreuth,Article contenant un lien mort
Amy Thompson,https://fr.wikipedia.org/?curid=15494666,https://fr.wikipedia.org/wiki/Amy Thompson,Article \u00e0 illustrer Footballeur
Beth Pascall,https://fr.wikipedia.org/?curid=15494250,https://fr.wikipedia.org/wiki/Beth Pascall,Article \u00e0 illustrer Athl\u00e8te
Laura Gimmler,https://fr.wikipedia.org/?curid=15494292,https://fr.wikipedia.org/wiki/Laura Gimmler,Article utilisant une Infobox
Corinne Paliard,https://fr.wikipedia.org/?curid=15471181,https://fr.wikipedia.org/wiki/Corinne Paliard,Page utilisant P569
Isabelle Sarech,https://fr.wikipedia.org/?curid=15471238,https://fr.wikipedia.org/wiki/Isabelle Sarech,Article \u00e0 illustrer Patineur artistique
V\u00e9ronique Fleury,https://fr.wikipedia.org/?curid=15469104,https://fr.wikipedia.org/wiki/V\u00e9ronique Fleury,Page utilisant P569
Neja Filipi\u010d,https://fr.wikipedia.org/?curid=15469189,https://fr.wikipedia.org/wiki/Neja Filipi\u010d,Wikip\u00e9dia:\u00e9bauche athl\u00e9tisme
Paule Moris,https://fr.wikipedia.org/?curid=15470702,https://fr.wikipedia.org/wiki/Paule Moris,Wikip\u00e9dia:\u00e9bauche ski alpin
Muriel Lip,https://fr.wikipedia.org/?curid=15470711,https://fr.wikipedia.org/wiki/Muriel Lip,Wikip\u00e9dia:\u00e9bauche ski alpin
Madeleine Front,https://fr.wikipedia.org/?curid=15470718,https://fr.wikipedia.org/wiki/Madeleine Front,Wikip\u00e9dia:\u00e9bauche ski alpin
Cl\u00e9mence Rougier,https://fr.wikipedia.org/?curid=15470408,https://fr.wikipedia.org/wiki/Cl\u00e9mence Rougier,Page utilisant P569
Albertine Koutouan,https://fr.wikipedia.org/?curid=1585214,https://fr.wikipedia.org/wiki/Albertine Koutouan,Wikip\u00e9dia:\u00e9bauche athl\u00e8te ivoirien
Amber Anning,https://fr.wikipedia.org/?curid=15851563,https://fr.wikipedia.org/wiki/Amber Anning,Wikip\u00e9dia:\u00e9bauche athl\u00e9tisme
Els Visser,https://fr.wikipedia.org/?curid=15848406,https://fr.wikipedia.org/wiki/Els Visser,Article \u00e0 illustrer Sportif
Alexandra Paul (patinage artistique),https://fr.wikipedia.org/?curid=15848541,https://fr.wikipedia.org/wiki/Alexandra Paul (patinage artistique),Article contenant un appel \u00e0 traduction en anglais
Jin Kyung,https://fr.wikipedia.org/?curid=15831520,https://fr.wikipedia.org/wiki/Jin Kyung,Page utilisant P569
Laulauga Tausaga,https://fr.wikipedia.org/?curid=15832251,https://fr.wikipedia.org/wiki/Laulauga Tausaga,Article utilisant une Infobox
Lia Apostolovski,https://fr.wikipedia.org/?curid=15804027,https://fr.wikipedia.org/wiki/Lia Apostolovski,Wikip\u00e9dia:\u00e9bauche athl\u00e8te slov\u00e8ne
Lilas Ikuta,https://fr.wikipedia.org/?curid=15817116,https://fr.wikipedia.org/wiki/Lilas Ikuta,Article \u00e0 wikifier depuis ao\u00fbt 2023
Auriana Lazraq-Khlass,https://fr.wikipedia.org/?curid=15826935,https://fr.wikipedia.org/wiki/Auriana Lazraq-Khlass,Article \u00e0 illustrer Athl\u00e8te
Alexandra Ehler,https://fr.wikipedia.org/?curid=15823673,https://fr.wikipedia.org/wiki/Alexandra Ehler,Page utilisant des arguments dupliqu\u00e9s dans les appels de mod\u00e8le
Helen Hellwig,https://fr.wikipedia.org/?curid=1583859,https://fr.wikipedia.org/wiki/Helen Hellwig,Article utilisant une Infobox
Aline Terry,https://fr.wikipedia.org/?curid=1583874,https://fr.wikipedia.org/wiki/Aline Terry,Article utilisant une Infobox
Sidonie Fiadanantsoa,https://fr.wikipedia.org/?curid=15840910,https://fr.wikipedia.org/wiki/Sidonie Fiadanantsoa,Article \u00e0 illustrer Athl\u00e8te
Martha Holliday,https://fr.wikipedia.org/?curid=15841041,https://fr.wikipedia.org/wiki/Martha Holliday,Article \u00e0 wikifier depuis ao\u00fbt 2023
Adaejah Hodge,https://fr.wikipedia.org/?curid=15841352,https://fr.wikipedia.org/wiki/Adaejah Hodge,Article \u00e0 illustrer Athl\u00e8te
Mat\u011bj Krsek,https://fr.wikipedia.org/?curid=15837960,https://fr.wikipedia.org/wiki/Mat\u011bj Krsek,Wikip\u00e9dia:\u00e9bauche athl\u00e8te tch\u00e8que
Nia Akins,https://fr.wikipedia.org/?curid=15839696,https://fr.wikipedia.org/wiki/Nia Akins,Wikip\u00e9dia:\u00e9bauche athl\u00e8te am\u00e9ricain
Martyna Swatowska-Wenglarczyk,https://fr.wikipedia.org/?curid=15812147,https://fr.wikipedia.org/wiki/Martyna Swatowska-Wenglarczyk,Wikip\u00e9dia:\u00e9bauche escrimeuse
Sofie Dokter,https://fr.wikipedia.org/?curid=15819397,https://fr.wikipedia.org/wiki/Sofie Dokter,Wikip\u00e9dia:\u00e9bauche athl\u00e8te n\u00e9erlandais
Elizabeth Jones,https://fr.wikipedia.org/?curid=1581895,https://fr.wikipedia.org/wiki/Elizabeth Jones,Article \u00e0 illustrer Joueur de tennis
Kazuko Yamashita,https://fr.wikipedia.org/?curid=15819188,https://fr.wikipedia.org/wiki/Kazuko Yamashita,Article orphelin depuis ao\u00fbt 2023
He\u00efdi Gaugain,https://fr.wikipedia.org/?curid=15799936,https://fr.wikipedia.org/wiki/He\u00efdi Gaugain,Page utilisant P569
Yoana Ilieva,https://fr.wikipedia.org/?curid=15814292,https://fr.wikipedia.org/wiki/Yoana Ilieva,Article \u00e0 illustrer Escrimeur
Karen Preston,https://fr.wikipedia.org/?curid=15815263,https://fr.wikipedia.org/wiki/Karen Preston,Page utilisant P569
Haruko Saida,https://fr.wikipedia.org/?curid=15821073,https://fr.wikipedia.org/wiki/Haruko Saida,Page utilisant P569
Pepa Rus,https://fr.wikipedia.org/?curid=15803156,https://fr.wikipedia.org/wiki/Pepa Rus,Page utilisant P19
Albane Dordain,https://fr.wikipedia.org/?curid=15811564,https://fr.wikipedia.org/wiki/Albane Dordain,Article \u00e0 illustrer Athl\u00e8te
B\u00e9r\u00e9nice Petit,https://fr.wikipedia.org/?curid=15811565,https://fr.wikipedia.org/wiki/B\u00e9r\u00e9nice Petit,Article \u00e0 illustrer Athl\u00e8te
Ginevra Francesconi,https://fr.wikipedia.org/?curid=15811944,https://fr.wikipedia.org/wiki/Ginevra Francesconi,Wikip\u00e9dia:\u00e9bauche acteur italien
R\u00eave (chanteur),https://fr.wikipedia.org/?curid=15810688,https://fr.wikipedia.org/wiki/R\u00eave (chanteur),Article avec des erreurs de r\u00e9f\u00e9rence
Ji Chunmei,https://fr.wikipedia.org/?curid=1581050,https://fr.wikipedia.org/wiki/Ji Chunmei,Article \u00e0 illustrer Joueur de tennis
Desir\u00e9 Wilson,https://fr.wikipedia.org/?curid=1580037,https://fr.wikipedia.org/wiki/Desir\u00e9 Wilson,Article utilisant une Infobox
Cuca Escribano,https://fr.wikipedia.org/?curid=15802364,https://fr.wikipedia.org/wiki/Cuca Escribano,Article contenant un lien mort
Tsuyaka Uchino,https://fr.wikipedia.org/?curid=15807071,https://fr.wikipedia.org/wiki/Tsuyaka Uchino,Page utilisant P569
Carol Douglas,https://fr.wikipedia.org/?curid=15809186,https://fr.wikipedia.org/wiki/Carol Douglas,Wikip\u00e9dia:\u00e9bauche chanteur am\u00e9ricain
Yasmine Zouhir,https://fr.wikipedia.org/?curid=15571194,https://fr.wikipedia.org/wiki/Yasmine Zouhir,Wikip\u00e9dia:\u00e9bauche footballeuse
Femke Kok,https://fr.wikipedia.org/?curid=15568244,https://fr.wikipedia.org/wiki/Femke Kok,Wikip\u00e9dia:\u00e9bauche patinage de vitesse
Liste de peintures de Berthe Morisot,https://fr.wikipedia.org/?curid=15566622,https://fr.wikipedia.org/wiki/Liste de peintures de Berthe Morisot,Article \u00e0 r\u00e9f\u00e9rence n\u00e9cessaire
Donna Koniel,https://fr.wikipedia.org/?curid=15556769,https://fr.wikipedia.org/wiki/Donna Koniel,Article \u00e0 illustrer Athl\u00e8te
Anne-Lise Rousset,https://fr.wikipedia.org/?curid=15556951,https://fr.wikipedia.org/wiki/Anne-Lise Rousset,Article \u00e0 illustrer Athl\u00e8te
Rebecca Root,https://fr.wikipedia.org/?curid=15528842,https://fr.wikipedia.org/wiki/Rebecca Root,Page utilisant P569
Nutsa Kukhianidze,https://fr.wikipedia.org/?curid=15525754,https://fr.wikipedia.org/wiki/Nutsa Kukhianidze,Wikip\u00e9dia:\u00e9bauche acteur
Nathalie Armbruster,https://fr.wikipedia.org/?curid=15479675,https://fr.wikipedia.org/wiki/Nathalie Armbruster,Wikip\u00e9dia:\u00e9bauche combin\u00e9 nordique
Haruka Kasai,https://fr.wikipedia.org/?curid=15479695,https://fr.wikipedia.org/wiki/Haruka Kasai,Wikip\u00e9dia:\u00e9bauche combin\u00e9 nordique
Zizi du Manoir,https://fr.wikipedia.org/?curid=15474353,https://fr.wikipedia.org/wiki/Zizi du Manoir,Article utilisant une Infobox
Guewe Diouf,https://fr.wikipedia.org/?curid=15474618,https://fr.wikipedia.org/wiki/Guewe Diouf,Wikip\u00e9dia:\u00e9bauche joueuse fran\u00e7aise de volley-ball
Kenza Lacheb,https://fr.wikipedia.org/?curid=15475014,https://fr.wikipedia.org/wiki/Kenza Lacheb,Article utilisant une Infobox
Debbie Spence,https://fr.wikipedia.org/?curid=1547503,https://fr.wikipedia.org/wiki/Debbie Spence,Article \u00e0 illustrer Joueur de tennis
Selina Freitag,https://fr.wikipedia.org/?curid=15481231,https://fr.wikipedia.org/wiki/Selina Freitag,Wikip\u00e9dia:\u00e9bauche saut \u00e0 ski
Nadya Ochner,https://fr.wikipedia.org/?curid=15476141,https://fr.wikipedia.org/wiki/Nadya Ochner,Wikip\u00e9dia:\u00e9bauche snowboard
Christiane de la Fressange,https://fr.wikipedia.org/?curid=15476924,https://fr.wikipedia.org/wiki/Christiane de la Fressange,Wikip\u00e9dia:\u00e9bauche ski alpin
Anne-Claude Wolfers,https://fr.wikipedia.org/?curid=15482844,https://fr.wikipedia.org/wiki/Anne-Claude Wolfers,Article \u00e0 illustrer Patineur artistique
Khadidja Nefidsa,https://fr.wikipedia.org/?curid=15485400,https://fr.wikipedia.org/wiki/Khadidja Nefidsa,Article \u00e0 illustrer Footballeur
Deborah Acquah,https://fr.wikipedia.org/?curid=15512380,https://fr.wikipedia.org/wiki/Deborah Acquah,Wikip\u00e9dia:\u00e9bauche athl\u00e8te ghan\u00e9en
B\u00e9r\u00e9nice Cleyet-Merle,https://fr.wikipedia.org/?curid=15478353,https://fr.wikipedia.org/wiki/B\u00e9r\u00e9nice Cleyet-Merle,Wikip\u00e9dia:\u00e9bauche athl\u00e8te fran\u00e7ais
Tiphaine Mauchant,https://fr.wikipedia.org/?curid=15478378,https://fr.wikipedia.org/wiki/Tiphaine Mauchant,Wikip\u00e9dia:\u00e9bauche athl\u00e8te fran\u00e7ais
Chen Jin (actrice),https://fr.wikipedia.org/?curid=15478852,https://fr.wikipedia.org/wiki/Chen Jin (actrice),Wikip\u00e9dia:\u00e9bauche acteur chinois
C\u00e9cile Antonelli,https://fr.wikipedia.org/?curid=15499516,https://fr.wikipedia.org/wiki/C\u00e9cile Antonelli,Article \u00e0 illustrer Patineur artistique
Libianca Fonji,https://fr.wikipedia.org/?curid=15501280,https://fr.wikipedia.org/wiki/Libianca Fonji,Article orphelin depuis mars 2023
