Name,URL1,URL2,First Category
Ibtissam Bouharat,https://fr.wikipedia.org/?curid=6743738,https://fr.wikipedia.org/wiki/Ibtissam Bouharat,Article \u00e0 illustrer Footballeur
Jessie Godderz,https://fr.wikipedia.org/?curid=6746484,https://fr.wikipedia.org/wiki/Jessie Godderz,Page utilisant P27
Emilia Dragieva,https://fr.wikipedia.org/?curid=6746531,https://fr.wikipedia.org/wiki/Emilia Dragieva,Wikip\u00e9dia:\u00e9bauche athl\u00e8te bulgare
Milena Stacchiotti,https://fr.wikipedia.org/?curid=6745950,https://fr.wikipedia.org/wiki/Milena Stacchiotti,Wikip\u00e9dia:\u00e9bauche joueuse italienne de volley-ball
Yana Kasova,https://fr.wikipedia.org/?curid=6745258,https://fr.wikipedia.org/wiki/Yana Kasova,Wikip\u00e9dia:\u00e9bauche athl\u00e8te bulgare
Jacques Ier (prince de Monaco),https://fr.wikipedia.org/?curid=673792,https://fr.wikipedia.org/wiki/Jacques Ier (prince de Monaco),Page au nom prot\u00e9g\u00e9
Sibel K\u00fc\u00e7\u00fck,https://fr.wikipedia.org/?curid=6736913,https://fr.wikipedia.org/wiki/Sibel K\u00fc\u00e7\u00fck,Article \u00e0 illustrer Joueur de volley-ball
Girl on Fire (chanson),https://fr.wikipedia.org/?curid=6551641,https://fr.wikipedia.org/wiki/Girl on Fire (chanson),Article contenant un lien mort
Fernande Bochatay,https://fr.wikipedia.org/?curid=654585,https://fr.wikipedia.org/wiki/Fernande Bochatay,Wikip\u00e9dia:\u00e9bauche personnalit\u00e9 suisse
Mira Leung,https://fr.wikipedia.org/?curid=654603,https://fr.wikipedia.org/wiki/Mira Leung,Wikip\u00e9dia:\u00e9bauche patinage artistique
F\u00e9lix Pouilly,https://fr.wikipedia.org/?curid=6549704,https://fr.wikipedia.org/wiki/F\u00e9lix Pouilly,Page utilisant P569
Samantha Crawford,https://fr.wikipedia.org/?curid=6550998,https://fr.wikipedia.org/wiki/Samantha Crawford,Article utilisant une Infobox
Karen Gallardo,https://fr.wikipedia.org/?curid=6674280,https://fr.wikipedia.org/wiki/Karen Gallardo,Wikip\u00e9dia:\u00e9bauche athl\u00e8te chilien
Karin Ertl,https://fr.wikipedia.org/?curid=6674406,https://fr.wikipedia.org/wiki/Karin Ertl,Wikip\u00e9dia:\u00e9bauche athl\u00e8te allemand
Yelena Sipatova,https://fr.wikipedia.org/?curid=6676162,https://fr.wikipedia.org/wiki/Yelena Sipatova,Wikip\u00e9dia:\u00e9bauche athl\u00e8te sovi\u00e9tique
Elke Decker,https://fr.wikipedia.org/?curid=6675364,https://fr.wikipedia.org/wiki/Elke Decker,Wikip\u00e9dia:\u00e9bauche athl\u00e8te allemand
Cheryl Dickey,https://fr.wikipedia.org/?curid=6680643,https://fr.wikipedia.org/wiki/Cheryl Dickey,Wikip\u00e9dia:\u00e9bauche athl\u00e8te am\u00e9ricain
Ashleigh Moolman,https://fr.wikipedia.org/?curid=6689410,https://fr.wikipedia.org/wiki/Ashleigh Moolman,Page utilisant P1477
Catherine Lechalup\u00e9,https://fr.wikipedia.org/?curid=6689780,https://fr.wikipedia.org/wiki/Catherine Lechalup\u00e9,Wikip\u00e9dia:\u00e9bauche badminton
Marina Kolonina,https://fr.wikipedia.org/?curid=6691380,https://fr.wikipedia.org/wiki/Marina Kolonina,Wikip\u00e9dia:\u00e9bauche pentathlon moderne
Pang Qing,https://fr.wikipedia.org/?curid=669277,https://fr.wikipedia.org/wiki/Pang Qing,Wikip\u00e9dia:\u00e9bauche patinage artistique
Kathinka von Deichmann,https://fr.wikipedia.org/?curid=6660326,https://fr.wikipedia.org/wiki/Kathinka von Deichmann,R\u00e9daction \u00e0 am\u00e9liorer
Liste des imp\u00e9ratrices romaines et byzantines,https://fr.wikipedia.org/?curid=6663976,https://fr.wikipedia.org/wiki/Liste des imp\u00e9ratrices romaines et byzantines,Article utilisant une Infobox
Amelia Lily,https://fr.wikipedia.org/?curid=6662469,https://fr.wikipedia.org/wiki/Amelia Lily,Article utilisant une Infobox
Natalya Dukhnova,https://fr.wikipedia.org/?curid=6671933,https://fr.wikipedia.org/wiki/Natalya Dukhnova,Wikip\u00e9dia:\u00e9bauche athl\u00e8te bi\u00e9lorusse
Yekaterina Puzanova,https://fr.wikipedia.org/?curid=6672885,https://fr.wikipedia.org/wiki/Yekaterina Puzanova,Wikip\u00e9dia:\u00e9bauche athl\u00e8te russe
Andrea Lynch,https://fr.wikipedia.org/?curid=6668713,https://fr.wikipedia.org/wiki/Andrea Lynch,Wikip\u00e9dia:\u00e9bauche athl\u00e8te britannique
Ievguenia Kondrachkina,https://fr.wikipedia.org/?curid=6659119,https://fr.wikipedia.org/wiki/Ievguenia Kondrachkina,Article \u00e0 illustrer Joueur de volley-ball
Meredith Schamun,https://fr.wikipedia.org/?curid=6659253,https://fr.wikipedia.org/wiki/Meredith Schamun,Wikip\u00e9dia:\u00e9bauche joueuse am\u00e9ricaine de volley-ball
Ivana Milo\u0161,https://fr.wikipedia.org/?curid=6652233,https://fr.wikipedia.org/wiki/Ivana Milo\u0161,Article utilisant une Infobox
Most Wanted (album de Hilary Duff),https://fr.wikipedia.org/?curid=665451,https://fr.wikipedia.org/wiki/Most Wanted (album de Hilary Duff),Article utilisant une Infobox
Esther Akinsulie,https://fr.wikipedia.org/?curid=6648220,https://fr.wikipedia.org/wiki/Esther Akinsulie,Wikip\u00e9dia:\u00e9bauche athl\u00e8te canadien
Verona Elder,https://fr.wikipedia.org/?curid=6636095,https://fr.wikipedia.org/wiki/Verona Elder,Article \u00e0 illustrer Athl\u00e8te
Svetlana Tchernooussova,https://fr.wikipedia.org/?curid=670018,https://fr.wikipedia.org/wiki/Svetlana Tchernooussova,Wikip\u00e9dia:\u00e9bauche biathlon
\u00c9lodie Godin,https://fr.wikipedia.org/?curid=670257,https://fr.wikipedia.org/wiki/\u00c9lodie Godin,Article utilisant une Infobox
Mercedes Lambre,https://fr.wikipedia.org/?curid=6705151,https://fr.wikipedia.org/wiki/Mercedes Lambre,Article manquant de r\u00e9f\u00e9rences depuis octobre 2013
Zhou Dongyu,https://fr.wikipedia.org/?curid=6706050,https://fr.wikipedia.org/wiki/Zhou Dongyu,Wikip\u00e9dia:\u00e9bauche acteur chinois
Asakura Ayane,https://fr.wikipedia.org/?curid=6706682,https://fr.wikipedia.org/wiki/Asakura Ayane,Article utilisant une Infobox
Hwang Ye-sul,https://fr.wikipedia.org/?curid=6699747,https://fr.wikipedia.org/wiki/Hwang Ye-sul,Wikip\u00e9dia:\u00e9bauche judo
Gabriele Seyfert,https://fr.wikipedia.org/?curid=670220,https://fr.wikipedia.org/wiki/Gabriele Seyfert,Wikip\u00e9dia:\u00e9bauche patinage artistique
Paz Bascu\u00f1\u00e1n,https://fr.wikipedia.org/?curid=6702470,https://fr.wikipedia.org/wiki/Paz Bascu\u00f1\u00e1n,Wikip\u00e9dia:\u00e9bauche acteur chilien
Aranzaz\u00fa Yankovic,https://fr.wikipedia.org/?curid=6702529,https://fr.wikipedia.org/wiki/Aranzaz\u00fa Yankovic,Wikip\u00e9dia:\u00e9bauche acteur chilien
Anete J\u0113kabsone,https://fr.wikipedia.org/?curid=670254,https://fr.wikipedia.org/wiki/Anete J\u0113kabsone,Article utilisant une Infobox
Ludmila Belousova,https://fr.wikipedia.org/?curid=670175,https://fr.wikipedia.org/wiki/Ludmila Belousova,Wikip\u00e9dia:\u00e9bauche patinage artistique
Baya Rahouli,https://fr.wikipedia.org/?curid=6508976,https://fr.wikipedia.org/wiki/Baya Rahouli,Wikip\u00e9dia:\u00e9bauche athl\u00e8te alg\u00e9rien
Marie-Louise B\u00e9vis,https://fr.wikipedia.org/?curid=6514130,https://fr.wikipedia.org/wiki/Marie-Louise B\u00e9vis,Wikip\u00e9dia:\u00e9bauche athl\u00e8te fran\u00e7ais
Sven Riederer,https://fr.wikipedia.org/?curid=6514153,https://fr.wikipedia.org/wiki/Sven Riederer,Wikip\u00e9dia:\u00e9bauche triathlon
Andrea M\u00e1tay,https://fr.wikipedia.org/?curid=6639320,https://fr.wikipedia.org/wiki/Andrea M\u00e1tay,Wikip\u00e9dia:\u00e9bauche athl\u00e8te hongrois
Ewa Kasprzyk,https://fr.wikipedia.org/?curid=6639381,https://fr.wikipedia.org/wiki/Ewa Kasprzyk,Wikip\u00e9dia:\u00e9bauche athl\u00e8te polonais
Serena Ryder,https://fr.wikipedia.org/?curid=6861314,https://fr.wikipedia.org/wiki/Serena Ryder,Page utilisant P5395
Meguru Kosaka,https://fr.wikipedia.org/?curid=6868801,https://fr.wikipedia.org/wiki/Meguru Kosaka,Article utilisant une Infobox
Kristiina M\u00e4kel\u00e4,https://fr.wikipedia.org/?curid=6850219,https://fr.wikipedia.org/wiki/Kristiina M\u00e4kel\u00e4,Article contenant un lien mort
Dokidoki! PreCure,https://fr.wikipedia.org/?curid=6872886,https://fr.wikipedia.org/wiki/Dokidoki! PreCure,Article utilisant une Infobox
StarCraft 2: Heart of the Swarm,https://fr.wikipedia.org/?curid=6876352,https://fr.wikipedia.org/wiki/StarCraft 2: Heart of the Swarm,Page utilisant P856
Erika Kliokmanait\u0117,https://fr.wikipedia.org/?curid=6874407,https://fr.wikipedia.org/wiki/Erika Kliokmanait\u0117,Article utilisant une Infobox
Hanna Tashpulatava,https://fr.wikipedia.org/?curid=6872196,https://fr.wikipedia.org/wiki/Hanna Tashpulatava,Wikip\u00e9dia:\u00e9bauche athl\u00e8te bi\u00e9lorusse
Marcello Mastroianni,https://fr.wikipedia.org/?curid=68776,https://fr.wikipedia.org/wiki/Marcello Mastroianni,Page utilisant P569
Mary Joe Fern\u00e1ndez,https://fr.wikipedia.org/?curid=688010,https://fr.wikipedia.org/wiki/Mary Joe Fern\u00e1ndez,Article utilisant une Infobox
Loretta Harrop,https://fr.wikipedia.org/?curid=6876480,https://fr.wikipedia.org/wiki/Loretta Harrop,Article \u00e0 illustrer Sportif
Imke Wedekind,https://fr.wikipedia.org/?curid=6876629,https://fr.wikipedia.org/wiki/Imke Wedekind,Article \u00e0 illustrer Joueur de volley-ball
Els Vandesteene,https://fr.wikipedia.org/?curid=6876679,https://fr.wikipedia.org/wiki/Els Vandesteene,Article utilisant une Infobox
Brigid Brannagh,https://fr.wikipedia.org/?curid=6878861,https://fr.wikipedia.org/wiki/Brigid Brannagh,Wikip\u00e9dia:\u00e9bauche acteur am\u00e9ricain
Hana \u010cutura,https://fr.wikipedia.org/?curid=6880658,https://fr.wikipedia.org/wiki/Hana \u010cutura,Article utilisant une Infobox
Patty Fendick,https://fr.wikipedia.org/?curid=686629,https://fr.wikipedia.org/wiki/Patty Fendick,Article \u00e0 illustrer Joueur de tennis
Tora Berger,https://fr.wikipedia.org/?curid=684432,https://fr.wikipedia.org/wiki/Tora Berger,Article utilisant une Infobox
Irina Malguina,https://fr.wikipedia.org/?curid=684434,https://fr.wikipedia.org/wiki/Irina Malguina,Wikip\u00e9dia:\u00e9bauche biathlon
Evelyn Kawamoto,https://fr.wikipedia.org/?curid=6853368,https://fr.wikipedia.org/wiki/Evelyn Kawamoto,Wikip\u00e9dia:\u00e9bauche natation
Jackie LaVine,https://fr.wikipedia.org/?curid=6854858,https://fr.wikipedia.org/wiki/Jackie LaVine,Wikip\u00e9dia:\u00e9bauche natation
Karin Ruckstuhl,https://fr.wikipedia.org/?curid=684897,https://fr.wikipedia.org/wiki/Karin Ruckstuhl,Wikip\u00e9dia:\u00e9bauche athl\u00e8te n\u00e9erlandais
Liina Laasma,https://fr.wikipedia.org/?curid=6848025,https://fr.wikipedia.org/wiki/Liina Laasma,Wikip\u00e9dia:\u00e9bauche athl\u00e8te estonien
Olesya Forsheva,https://fr.wikipedia.org/?curid=684725,https://fr.wikipedia.org/wiki/Olesya Forsheva,Wikip\u00e9dia:\u00e9bauche athl\u00e8te russe
Jess Mills,https://fr.wikipedia.org/?curid=6847718,https://fr.wikipedia.org/wiki/Jess Mills,Article utilisant une Infobox
Marta Dom\u00ednguez,https://fr.wikipedia.org/?curid=684100,https://fr.wikipedia.org/wiki/Marta Dom\u00ednguez,Article utilisant une Infobox
Karita Mattila,https://fr.wikipedia.org/?curid=683806,https://fr.wikipedia.org/wiki/Karita Mattila,Article utilisant une Infobox
Consuelo Holzapfel,https://fr.wikipedia.org/?curid=6911294,https://fr.wikipedia.org/wiki/Consuelo Holzapfel,Wikip\u00e9dia:\u00e9bauche acteur chilien
Jamie Hampton,https://fr.wikipedia.org/?curid=6913036,https://fr.wikipedia.org/wiki/Jamie Hampton,Article utilisant une Infobox
Yuka Haneda,https://fr.wikipedia.org/?curid=6912154,https://fr.wikipedia.org/wiki/Yuka Haneda,Article utilisant une Infobox
Melissa Mars,https://fr.wikipedia.org/?curid=690630,https://fr.wikipedia.org/wiki/Melissa Mars,Article contenant un lien mort
Lency Montelier,https://fr.wikipedia.org/?curid=6909847,https://fr.wikipedia.org/wiki/Lency Montelier,Wikip\u00e9dia:\u00e9bauche athl\u00e8te cubain
Justyna \u0141ukasik,https://fr.wikipedia.org/?curid=6905943,https://fr.wikipedia.org/wiki/Justyna \u0141ukasik,Article utilisant une Infobox
Lady Sweety,https://fr.wikipedia.org/?curid=6907104,https://fr.wikipedia.org/wiki/Lady Sweety,Article utilisant une Infobox
Julia Kassar,https://fr.wikipedia.org/?curid=6907252,https://fr.wikipedia.org/wiki/Julia Kassar,Article manquant de r\u00e9f\u00e9rences depuis janvier 2022
Leonie Schwertmann,https://fr.wikipedia.org/?curid=6889431,https://fr.wikipedia.org/wiki/Leonie Schwertmann,Article utilisant une Infobox
Bernarda \u0106utuk,https://fr.wikipedia.org/?curid=6889451,https://fr.wikipedia.org/wiki/Bernarda \u0106utuk,Article \u00e0 illustrer Joueur de volley-ball
Holly Cook,https://fr.wikipedia.org/?curid=689693,https://fr.wikipedia.org/wiki/Holly Cook,Wikip\u00e9dia:\u00e9bauche patinage artistique
Tiffany Chin,https://fr.wikipedia.org/?curid=689734,https://fr.wikipedia.org/wiki/Tiffany Chin,Wikip\u00e9dia:\u00e9bauche patinage artistique
Rosalynn Sumners,https://fr.wikipedia.org/?curid=6897379,https://fr.wikipedia.org/wiki/Rosalynn Sumners,Wikip\u00e9dia:\u00e9bauche patinage artistique
Magritte de la meilleure actrice,https://fr.wikipedia.org/?curid=6897526,https://fr.wikipedia.org/wiki/Magritte de la meilleure actrice,Article \u00e0 illustrer R\u00e9compense
Catherine Jacob,https://fr.wikipedia.org/?curid=690541,https://fr.wikipedia.org/wiki/Catherine Jacob,Article utilisant une Infobox
Alison Van Uytvanck,https://fr.wikipedia.org/?curid=6886571,https://fr.wikipedia.org/wiki/Alison Van Uytvanck,Article utilisant une Infobox
Suzanne Cartigny,https://fr.wikipedia.org/?curid=6885271,https://fr.wikipedia.org/wiki/Suzanne Cartigny,Article \u00e0 illustrer Joueur de volley-ball
Rebecca Pavan,https://fr.wikipedia.org/?curid=6885322,https://fr.wikipedia.org/wiki/Rebecca Pavan,Article utilisant une Infobox
Ashley Benson (volley-ball),https://fr.wikipedia.org/?curid=6885351,https://fr.wikipedia.org/wiki/Ashley Benson (volley-ball),Wikip\u00e9dia:\u00e9bauche joueuse am\u00e9ricaine de volley-ball
Antonella R\u00edos,https://fr.wikipedia.org/?curid=6891066,https://fr.wikipedia.org/wiki/Antonella R\u00edos,Article utilisant une Infobox
Julia Hero,https://fr.wikipedia.org/?curid=6891253,https://fr.wikipedia.org/wiki/Julia Hero,Article \u00e0 illustrer Joueur de volley-ball
Irisdaymi Herrera,https://fr.wikipedia.org/?curid=6895034,https://fr.wikipedia.org/wiki/Irisdaymi Herrera,Wikip\u00e9dia:\u00e9bauche athl\u00e8te cubain
Lisa R\u00fchl,https://fr.wikipedia.org/?curid=6895254,https://fr.wikipedia.org/wiki/Lisa R\u00fchl,Article \u00e0 illustrer Joueur de volley-ball
Patricia Manterola,https://fr.wikipedia.org/?curid=6927218,https://fr.wikipedia.org/wiki/Patricia Manterola,Article utilisant une Infobox
Virginia Baxter,https://fr.wikipedia.org/?curid=692749,https://fr.wikipedia.org/wiki/Virginia Baxter,Wikip\u00e9dia:\u00e9bauche patinage artistique
Anastasiya Prokopenko,https://fr.wikipedia.org/?curid=6916594,https://fr.wikipedia.org/wiki/Anastasiya Prokopenko,Wikip\u00e9dia:\u00e9bauche personnalit\u00e9 bi\u00e9lorusse
Tao Yujia,https://fr.wikipedia.org/?curid=6916600,https://fr.wikipedia.org/wiki/Tao Yujia,Wikip\u00e9dia:\u00e9bauche athl\u00e8te chinois
Margaret Berger,https://fr.wikipedia.org/?curid=6915699,https://fr.wikipedia.org/wiki/Margaret Berger,Article utilisant une Infobox
Clara Morgane,https://fr.wikipedia.org/?curid=690080,https://fr.wikipedia.org/wiki/Clara Morgane,Article contenant un lien mort
Axelle Guiguet,https://fr.wikipedia.org/?curid=6922643,https://fr.wikipedia.org/wiki/Axelle Guiguet,Article \u00e0 illustrer Sportif
Hanna Buriak,https://fr.wikipedia.org/?curid=6924141,https://fr.wikipedia.org/wiki/Hanna Buriak,Wikip\u00e9dia:\u00e9bauche pentathlon moderne
Katherine Livingston,https://fr.wikipedia.org/?curid=6921104,https://fr.wikipedia.org/wiki/Katherine Livingston,Wikip\u00e9dia:\u00e9bauche personnalit\u00e9 britannique
Lejeanne Marais,https://fr.wikipedia.org/?curid=6921401,https://fr.wikipedia.org/wiki/Lejeanne Marais,Article utilisant une Infobox
Adela Secall,https://fr.wikipedia.org/?curid=6921443,https://fr.wikipedia.org/wiki/Adela Secall,Page utilisant P569
Daya Vaidya,https://fr.wikipedia.org/?curid=6921475,https://fr.wikipedia.org/wiki/Daya Vaidya,Article \u00e0 illustrer Personnalit\u00e9 du cin\u00e9ma
Asmaa Lamnawar,https://fr.wikipedia.org/?curid=6883847,https://fr.wikipedia.org/wiki/Asmaa Lamnawar,Page utilisant P569
Ines Bathen,https://fr.wikipedia.org/?curid=6887365,https://fr.wikipedia.org/wiki/Ines Bathen,Article utilisant une Infobox
Chantal Rouleau,https://fr.wikipedia.org/?curid=6880951,https://fr.wikipedia.org/wiki/Chantal Rouleau,Article contenant un lien mort
Cindy Roleder,https://fr.wikipedia.org/?curid=6884589,https://fr.wikipedia.org/wiki/Cindy Roleder,Article utilisant une Infobox
Winifred Jordan,https://fr.wikipedia.org/?curid=6812821,https://fr.wikipedia.org/wiki/Winifred Jordan,Wikip\u00e9dia:\u00e9bauche athl\u00e8te britannique
Rababe Arafi,https://fr.wikipedia.org/?curid=6812875,https://fr.wikipedia.org/wiki/Rababe Arafi,Article utilisant une Infobox
Gladys Cherono,https://fr.wikipedia.org/?curid=6813019,https://fr.wikipedia.org/wiki/Gladys Cherono,Wikip\u00e9dia:\u00e9bauche athl\u00e8te k\u00e9nyan
Oumou Tour\u00e9,https://fr.wikipedia.org/?curid=6813406,https://fr.wikipedia.org/wiki/Oumou Tour\u00e9,Article utilisant une Infobox
Katie Carter,https://fr.wikipedia.org/?curid=6807798,https://fr.wikipedia.org/wiki/Katie Carter,Wikip\u00e9dia:\u00e9bauche joueuse am\u00e9ricaine de volley-ball
Dorota Medy\u0144ska,https://fr.wikipedia.org/?curid=6807858,https://fr.wikipedia.org/wiki/Dorota Medy\u0144ska,Article utilisant une Infobox
Zara Phillips,https://fr.wikipedia.org/?curid=683465,https://fr.wikipedia.org/wiki/Zara Phillips,Page utilisant P1559
Tisha Waller,https://fr.wikipedia.org/?curid=6833182,https://fr.wikipedia.org/wiki/Tisha Waller,Wikip\u00e9dia:\u00e9bauche athl\u00e8te am\u00e9ricain
Andrea Lakovi\u0107,https://fr.wikipedia.org/?curid=6829542,https://fr.wikipedia.org/wiki/Andrea Lakovi\u0107,Article \u00e0 illustrer Joueur de volley-ball
Madonna,https://fr.wikipedia.org/?curid=68163,https://fr.wikipedia.org/wiki/Madonna,Article contenant un lien mort
Ewelina Kobryn,https://fr.wikipedia.org/?curid=6827974,https://fr.wikipedia.org/wiki/Ewelina Kobryn,Article utilisant une Infobox
Ewa Kaspr\u00f3w,https://fr.wikipedia.org/?curid=6827977,https://fr.wikipedia.org/wiki/Ewa Kaspr\u00f3w,Article utilisant une Infobox
Katarzyna Sza\u0142ankiewicz,https://fr.wikipedia.org/?curid=6825615,https://fr.wikipedia.org/wiki/Katarzyna Sza\u0142ankiewicz,Article utilisant une Infobox
Tulsi Gabbard,https://fr.wikipedia.org/?curid=6808770,https://fr.wikipedia.org/wiki/Tulsi Gabbard,Article utilisant une Infobox
Mirjana Djuri\u0107,https://fr.wikipedia.org/?curid=6800885,https://fr.wikipedia.org/wiki/Mirjana Djuri\u0107,Article \u00e0 illustrer Joueur de volley-ball
Nkeka Ukuh,https://fr.wikipedia.org/?curid=6809534,https://fr.wikipedia.org/wiki/Nkeka Ukuh,Wikip\u00e9dia:\u00e9bauche athl\u00e8te nig\u00e9rian
Lodovica Comello,https://fr.wikipedia.org/?curid=6809650,https://fr.wikipedia.org/wiki/Lodovica Comello,Article contenant un lien mort
Sara Valen\u010di\u010d,https://fr.wikipedia.org/?curid=6809973,https://fr.wikipedia.org/wiki/Sara Valen\u010di\u010d,Article \u00e0 illustrer Joueur de volley-ball
Betsy Clifford,https://fr.wikipedia.org/?curid=680480,https://fr.wikipedia.org/wiki/Betsy Clifford,Page utilisant P569
Sharni Vinson,https://fr.wikipedia.org/?curid=6810758,https://fr.wikipedia.org/wiki/Sharni Vinson,Article utilisant une Infobox
Zorica Zivanovi\u0107,https://fr.wikipedia.org/?curid=6810004,https://fr.wikipedia.org/wiki/Zorica Zivanovi\u0107,Article utilisant une Infobox
Lola De Angelis,https://fr.wikipedia.org/?curid=6810222,https://fr.wikipedia.org/wiki/Lola De Angelis,Wikip\u00e9dia:\u00e9bauche joueuse fran\u00e7aise de basket-ball
Jovana Mihajlovi\u0107,https://fr.wikipedia.org/?curid=6821600,https://fr.wikipedia.org/wiki/Jovana Mihajlovi\u0107,Article \u00e0 illustrer Joueur de volley-ball
Superbeast,https://fr.wikipedia.org/?curid=6822188,https://fr.wikipedia.org/wiki/Superbeast,Article utilisant une Infobox
Concepci\u00f3n Montaner,https://fr.wikipedia.org/?curid=6822388,https://fr.wikipedia.org/wiki/Concepci\u00f3n Montaner,Wikip\u00e9dia:\u00e9bauche athl\u00e8te espagnol
Amy LaVere,https://fr.wikipedia.org/?curid=6820264,https://fr.wikipedia.org/wiki/Amy LaVere,Article utilisant une Infobox
Yulia Tchekaleva,https://fr.wikipedia.org/?curid=6759305,https://fr.wikipedia.org/wiki/Yulia Tchekaleva,Article utilisant une Infobox
Anja Knippel,https://fr.wikipedia.org/?curid=6759392,https://fr.wikipedia.org/wiki/Anja Knippel,Wikip\u00e9dia:\u00e9bauche athl\u00e8te allemand
La Princesse de Tr\u00e9bizonde,https://fr.wikipedia.org/?curid=6783923,https://fr.wikipedia.org/wiki/La Princesse de Tr\u00e9bizonde,Article utilisant une Infobox
Francesca Severi,https://fr.wikipedia.org/?curid=6784161,https://fr.wikipedia.org/wiki/Francesca Severi,Wikip\u00e9dia:\u00e9bauche joueuse italienne de volley-ball
Magdalena Kowalczyk,https://fr.wikipedia.org/?curid=6784171,https://fr.wikipedia.org/wiki/Magdalena Kowalczyk,Article utilisant une Infobox
Keao Burdine,https://fr.wikipedia.org/?curid=6784199,https://fr.wikipedia.org/wiki/Keao Burdine,Wikip\u00e9dia:\u00e9bauche joueuse am\u00e9ricaine de volley-ball
Viktoriya Yalovtseva,https://fr.wikipedia.org/?curid=6783450,https://fr.wikipedia.org/wiki/Viktoriya Yalovtseva,Wikip\u00e9dia:\u00e9bauche athl\u00e8te kazakh
Ivana Popovi\u0107,https://fr.wikipedia.org/?curid=6805934,https://fr.wikipedia.org/wiki/Ivana Popovi\u0107,Article \u00e0 illustrer Joueur de volley-ball
Frida Svensson (athl\u00e9tisme),https://fr.wikipedia.org/?curid=6803033,https://fr.wikipedia.org/wiki/Frida Svensson (athl\u00e9tisme),Article \u00e0 illustrer Athl\u00e8te
Miranda Raison,https://fr.wikipedia.org/?curid=6752762,https://fr.wikipedia.org/wiki/Miranda Raison,Wikip\u00e9dia:\u00e9bauche acteur anglais
Ekaterina Glazyrina,https://fr.wikipedia.org/?curid=6756317,https://fr.wikipedia.org/wiki/Ekaterina Glazyrina,Wikip\u00e9dia:\u00e9bauche biathlon
Wilma van den Berg,https://fr.wikipedia.org/?curid=6755797,https://fr.wikipedia.org/wiki/Wilma van den Berg,Wikip\u00e9dia:\u00e9bauche athl\u00e8te n\u00e9erlandais
Rossana Zauri,https://fr.wikipedia.org/?curid=6757932,https://fr.wikipedia.org/wiki/Rossana Zauri,Wikip\u00e9dia:\u00e9bauche joueuse italienne de volley-ball
Luc\u00eda Gaido,https://fr.wikipedia.org/?curid=6757969,https://fr.wikipedia.org/wiki/Luc\u00eda Gaido,Article \u00e0 illustrer Joueur de volley-ball
Evgenia Shapovalova,https://fr.wikipedia.org/?curid=6757998,https://fr.wikipedia.org/wiki/Evgenia Shapovalova,Article utilisant une Infobox
Val Peat,https://fr.wikipedia.org/?curid=6758011,https://fr.wikipedia.org/wiki/Val Peat,Wikip\u00e9dia:\u00e9bauche athl\u00e8te britannique
Teresa Nowak,https://fr.wikipedia.org/?curid=6758044,https://fr.wikipedia.org/wiki/Teresa Nowak,Wikip\u00e9dia:\u00e9bauche athl\u00e8te polonais
Claudia Di Gir\u00f3lamo,https://fr.wikipedia.org/?curid=6958072,https://fr.wikipedia.org/wiki/Claudia Di Gir\u00f3lamo,Wikip\u00e9dia:\u00e9bauche acteur chilien
Akiko Uchida,https://fr.wikipedia.org/?curid=6959367,https://fr.wikipedia.org/wiki/Akiko Uchida,Article \u00e0 illustrer Joueur de volley-ball
Marie Bochet,https://fr.wikipedia.org/?curid=6957573,https://fr.wikipedia.org/wiki/Marie Bochet,Article utilisant une Infobox
Paulina Nin de Cardona,https://fr.wikipedia.org/?curid=6960862,https://fr.wikipedia.org/wiki/Paulina Nin de Cardona,Article utilisant une Infobox
Emily Hughes,https://fr.wikipedia.org/?curid=693287,https://fr.wikipedia.org/wiki/Emily Hughes,Article utilisant une Infobox
Miho Watanabe,https://fr.wikipedia.org/?curid=6966950,https://fr.wikipedia.org/wiki/Miho Watanabe,Article \u00e0 illustrer Joueur de volley-ball
Garbi\u00f1e Muguruza,https://fr.wikipedia.org/?curid=6947667,https://fr.wikipedia.org/wiki/Garbi\u00f1e Muguruza,Article utilisant une Infobox
Martina Halin\u00e1rov\u00e1,https://fr.wikipedia.org/?curid=694926,https://fr.wikipedia.org/wiki/Martina Halin\u00e1rov\u00e1,Wikip\u00e9dia:\u00e9bauche biathlon
Liste de compositeurs de musique de la Renaissance,https://fr.wikipedia.org/?curid=6935632,https://fr.wikipedia.org/wiki/Liste de compositeurs de musique de la Renaissance,Page utilisant une frise chronologique
Paula Ormaechea,https://fr.wikipedia.org/?curid=6945891,https://fr.wikipedia.org/wiki/Paula Ormaechea,Article utilisant une Infobox
Chiara Kreuzer,https://fr.wikipedia.org/?curid=6947753,https://fr.wikipedia.org/wiki/Chiara Kreuzer,Article utilisant une Infobox
Ingrid Laubrock,https://fr.wikipedia.org/?curid=6948092,https://fr.wikipedia.org/wiki/Ingrid Laubrock,Article utilisant une Infobox
Moa Martinson,https://fr.wikipedia.org/?curid=6948232,https://fr.wikipedia.org/wiki/Moa Martinson,Article utilisant une Infobox
Heart Attack,https://fr.wikipedia.org/?curid=6949105,https://fr.wikipedia.org/wiki/Heart Attack,Article utilisant une Infobox
Liste des conjoints des souverains des Pays-Bas,https://fr.wikipedia.org/?curid=6940337,https://fr.wikipedia.org/wiki/Liste des conjoints des souverains des Pays-Bas,Page utilisant une frise chronologique
Naomi Lang,https://fr.wikipedia.org/?curid=693928,https://fr.wikipedia.org/wiki/Naomi Lang,Wikip\u00e9dia:\u00e9bauche patinage artistique
Farhiya Abdi,https://fr.wikipedia.org/?curid=6930347,https://fr.wikipedia.org/wiki/Farhiya Abdi,Article \u00e0 illustrer Joueur de basket-ball
Fumie Suguri,https://fr.wikipedia.org/?curid=693322,https://fr.wikipedia.org/wiki/Fumie Suguri,Wikip\u00e9dia:\u00e9bauche patinage artistique
Victoria Barnes,https://fr.wikipedia.org/?curid=6940883,https://fr.wikipedia.org/wiki/Victoria Barnes,Page utilisant P569
Jacqueline Rouvier,https://fr.wikipedia.org/?curid=693936,https://fr.wikipedia.org/wiki/Jacqueline Rouvier,Page utilisant P569
Francisca Merino,https://fr.wikipedia.org/?curid=6950391,https://fr.wikipedia.org/wiki/Francisca Merino,Article utilisant une Infobox
Anastasia Gimazetdinova,https://fr.wikipedia.org/?curid=695176,https://fr.wikipedia.org/wiki/Anastasia Gimazetdinova,Wikip\u00e9dia:\u00e9bauche patinage artistique
Mar\u00eda Teresa Torr\u00f3 Flor,https://fr.wikipedia.org/?curid=6950590,https://fr.wikipedia.org/wiki/Mar\u00eda Teresa Torr\u00f3 Flor,Article utilisant une Infobox
Nina Lemesh,https://fr.wikipedia.org/?curid=695073,https://fr.wikipedia.org/wiki/Nina Lemesh,Wikip\u00e9dia:\u00e9bauche biathlon
Tatiana Malinina,https://fr.wikipedia.org/?curid=695291,https://fr.wikipedia.org/wiki/Tatiana Malinina,Wikip\u00e9dia:\u00e9bauche patinage artistique
Lucinda Ruh,https://fr.wikipedia.org/?curid=693606,https://fr.wikipedia.org/wiki/Lucinda Ruh,Wikip\u00e9dia:\u00e9bauche personnalit\u00e9 suisse
Shirley Stoler,https://fr.wikipedia.org/?curid=6935136,https://fr.wikipedia.org/wiki/Shirley Stoler,Wikip\u00e9dia:\u00e9bauche acteur am\u00e9ricain
Veronika V\u00edtkov\u00e1,https://fr.wikipedia.org/?curid=6929918,https://fr.wikipedia.org/wiki/Veronika V\u00edtkov\u00e1,Article utilisant une Infobox
Monika Hojnisz-Star\u0119ga,https://fr.wikipedia.org/?curid=6929754,https://fr.wikipedia.org/wiki/Monika Hojnisz-Star\u0119ga,Article utilisant une Infobox
Olivia Holt,https://fr.wikipedia.org/?curid=6964332,https://fr.wikipedia.org/wiki/Olivia Holt,Wikip\u00e9dia:\u00e9bauche acteur am\u00e9ricain
Erica Jarder,https://fr.wikipedia.org/?curid=6964420,https://fr.wikipedia.org/wiki/Erica Jarder,Wikip\u00e9dia:\u00e9bauche athl\u00e8te su\u00e9dois
Ayako Sana,https://fr.wikipedia.org/?curid=6964424,https://fr.wikipedia.org/wiki/Ayako Sana,Article \u00e0 illustrer Joueur de volley-ball
Anzhelika Sidorova,https://fr.wikipedia.org/?curid=6964430,https://fr.wikipedia.org/wiki/Anzhelika Sidorova,Article utilisant une Infobox
Irina Gumenyuk,https://fr.wikipedia.org/?curid=6964105,https://fr.wikipedia.org/wiki/Irina Gumenyuk,Wikip\u00e9dia:\u00e9bauche athl\u00e8te russe
Isabel Mac\u00edas,https://fr.wikipedia.org/?curid=6962685,https://fr.wikipedia.org/wiki/Isabel Mac\u00edas,Wikip\u00e9dia:\u00e9bauche athl\u00e8te espagnol
Laurenne Ross,https://fr.wikipedia.org/?curid=6961929,https://fr.wikipedia.org/wiki/Laurenne Ross,Article utilisant une Infobox
Carolina Ruiz Castillo,https://fr.wikipedia.org/?curid=6944031,https://fr.wikipedia.org/wiki/Carolina Ruiz Castillo,Article utilisant une Infobox
Magdalena Fedor\u00f3w,https://fr.wikipedia.org/?curid=6944718,https://fr.wikipedia.org/wiki/Magdalena Fedor\u00f3w,Article utilisant une Infobox
Yukari Nakano,https://fr.wikipedia.org/?curid=695680,https://fr.wikipedia.org/wiki/Yukari Nakano,Wikip\u00e9dia:\u00e9bauche patinage artistique
Claudine Rinner,https://fr.wikipedia.org/?curid=6953249,https://fr.wikipedia.org/wiki/Claudine Rinner,Wikip\u00e9dia:\u00e9bauche astronome fran\u00e7ais
Malika Ayane,https://fr.wikipedia.org/?curid=6953652,https://fr.wikipedia.org/wiki/Malika Ayane,Article utilisant une Infobox
Emilija Milovanovi\u0107,https://fr.wikipedia.org/?curid=6811641,https://fr.wikipedia.org/wiki/Emilija Milovanovi\u0107,Article \u00e0 illustrer Joueur de volley-ball
Sheena Gooding,https://fr.wikipedia.org/?curid=7056325,https://fr.wikipedia.org/wiki/Sheena Gooding,Article \u00e0 illustrer Athl\u00e8te
Saki Takeda,https://fr.wikipedia.org/?curid=7056500,https://fr.wikipedia.org/wiki/Saki Takeda,Article \u00e0 illustrer Joueur de volley-ball
Paul Meurisse,https://fr.wikipedia.org/?curid=70543,https://fr.wikipedia.org/wiki/Paul Meurisse,Article manquant de r\u00e9f\u00e9rences depuis d\u00e9cembre 2015
Yuko Asazu,https://fr.wikipedia.org/?curid=7054358,https://fr.wikipedia.org/wiki/Yuko Asazu,Article \u00e0 illustrer Joueur de volley-ball
Sarah Hughes,https://fr.wikipedia.org/?curid=705468,https://fr.wikipedia.org/wiki/Sarah Hughes,Wikip\u00e9dia:\u00e9bauche patinage artistique
Kanako Konno,https://fr.wikipedia.org/?curid=7051935,https://fr.wikipedia.org/wiki/Kanako Konno,Article \u00e0 illustrer Joueur de volley-ball
Wei Jianhua,https://fr.wikipedia.org/?curid=7006658,https://fr.wikipedia.org/wiki/Wei Jianhua,Wikip\u00e9dia:\u00e9bauche athl\u00e8te chinois
Jessica Dub\u00e9,https://fr.wikipedia.org/?curid=700684,https://fr.wikipedia.org/wiki/Jessica Dub\u00e9,Article utilisant une Infobox
Mariela Montero,https://fr.wikipedia.org/?curid=7006912,https://fr.wikipedia.org/wiki/Mariela Montero,Wikip\u00e9dia:\u00e9bauche acteur argentin
Melisa S\u00f6zen,https://fr.wikipedia.org/?curid=7009498,https://fr.wikipedia.org/wiki/Melisa S\u00f6zen,Wikip\u00e9dia:\u00e9bauche acteur turc
Katty Kowaleczko,https://fr.wikipedia.org/?curid=7007651,https://fr.wikipedia.org/wiki/Katty Kowaleczko,Wikip\u00e9dia:\u00e9bauche acteur chilien
Mireille Nguimgo,https://fr.wikipedia.org/?curid=7007674,https://fr.wikipedia.org/wiki/Mireille Nguimgo,Article \u00e0 illustrer Athl\u00e8te
Yuki Ishii,https://fr.wikipedia.org/?curid=7004682,https://fr.wikipedia.org/wiki/Yuki Ishii,Article utilisant une Infobox
Nanami Inoue,https://fr.wikipedia.org/?curid=7009345,https://fr.wikipedia.org/wiki/Nanami Inoue,Article \u00e0 illustrer Joueur de volley-ball
Carole Kaboud Mebam,https://fr.wikipedia.org/?curid=7007756,https://fr.wikipedia.org/wiki/Carole Kaboud Mebam,Article \u00e0 illustrer Athl\u00e8te
Yukari Miyata,https://fr.wikipedia.org/?curid=6991110,https://fr.wikipedia.org/wiki/Yukari Miyata,Article \u00e0 illustrer Joueur de volley-ball
Ella Rae Peck,https://fr.wikipedia.org/?curid=6997680,https://fr.wikipedia.org/wiki/Ella Rae Peck,Wikip\u00e9dia:\u00e9bauche acteur am\u00e9ricain
Chizuru Koto,https://fr.wikipedia.org/?curid=6998104,https://fr.wikipedia.org/wiki/Chizuru Koto,Article \u00e0 illustrer Joueur de volley-ball
Monique Djikada,https://fr.wikipedia.org/?curid=7011716,https://fr.wikipedia.org/wiki/Monique Djikada,Article \u00e0 illustrer Athl\u00e8te
Miku Izuoka,https://fr.wikipedia.org/?curid=7011801,https://fr.wikipedia.org/wiki/Miku Izuoka,Article \u00e0 illustrer Joueur de volley-ball
Florence Dj\u00e9p\u00e9,https://fr.wikipedia.org/?curid=7011889,https://fr.wikipedia.org/wiki/Florence Dj\u00e9p\u00e9,Wikip\u00e9dia:\u00e9bauche athl\u00e8te camerounais
Fran\u00e7oise Tourmen,https://fr.wikipedia.org/?curid=7049734,https://fr.wikipedia.org/wiki/Fran\u00e7oise Tourmen,Wikip\u00e9dia:\u00e9bauche r\u00e9alisateur fran\u00e7ais
Akiko Kono,https://fr.wikipedia.org/?curid=7046926,https://fr.wikipedia.org/wiki/Akiko Kono,Article \u00e0 illustrer Joueur de volley-ball
Marianne du 14 juillet,https://fr.wikipedia.org/?curid=70473,https://fr.wikipedia.org/wiki/Marianne du 14 juillet,Article \u00e0 illustrer Timbre
Romana Sta\u0148kov\u00e1,https://fr.wikipedia.org/?curid=7087137,https://fr.wikipedia.org/wiki/Romana Sta\u0148kov\u00e1,Article \u00e0 illustrer Joueur de volley-ball
Rachel Amanda,https://fr.wikipedia.org/?curid=7087139,https://fr.wikipedia.org/wiki/Rachel Amanda,Wikip\u00e9dia:\u00e9bauche acteur indon\u00e9sien
Florence Ezeh,https://fr.wikipedia.org/?curid=7084166,https://fr.wikipedia.org/wiki/Florence Ezeh,Article \u00e0 illustrer Athl\u00e8te
Jael Unger,https://fr.wikipedia.org/?curid=7083995,https://fr.wikipedia.org/wiki/Jael Unger,Wikip\u00e9dia:\u00e9bauche acteur chilien
Claudia Giordani,https://fr.wikipedia.org/?curid=709505,https://fr.wikipedia.org/wiki/Claudia Giordani,Page utilisant P569
Kaori Tahara,https://fr.wikipedia.org/?curid=7062102,https://fr.wikipedia.org/wiki/Kaori Tahara,Article \u00e0 illustrer Joueur de volley-ball
Octavious Freeman,https://fr.wikipedia.org/?curid=7075424,https://fr.wikipedia.org/wiki/Octavious Freeman,Wikip\u00e9dia:\u00e9bauche athl\u00e8te am\u00e9ricain
Whitney Engen,https://fr.wikipedia.org/?curid=7079547,https://fr.wikipedia.org/wiki/Whitney Engen,Article utilisant une Infobox
Georgette Nkoma,https://fr.wikipedia.org/?curid=7079787,https://fr.wikipedia.org/wiki/Georgette Nkoma,Article \u00e0 illustrer Athl\u00e8te
Christa Kinshofer,https://fr.wikipedia.org/?curid=707836,https://fr.wikipedia.org/wiki/Christa Kinshofer,Article utilisant une Infobox
Ann Devries,https://fr.wikipedia.org/?curid=7075937,https://fr.wikipedia.org/wiki/Ann Devries,Article \u00e0 illustrer Joueur de tennis
Randi Thorvaldsen,https://fr.wikipedia.org/?curid=7078869,https://fr.wikipedia.org/wiki/Randi Thorvaldsen,Page utilisant P569
Emilia Rotter,https://fr.wikipedia.org/?curid=707111,https://fr.wikipedia.org/wiki/Emilia Rotter,Wikip\u00e9dia:\u00e9bauche patinage artistique
Maire \u00d6sterdahl,https://fr.wikipedia.org/?curid=7067927,https://fr.wikipedia.org/wiki/Maire \u00d6sterdahl,Wikip\u00e9dia:\u00e9bauche athl\u00e8te finlandais
Nick Kyrgios,https://fr.wikipedia.org/?curid=6969392,https://fr.wikipedia.org/wiki/Nick Kyrgios,Article utilisant une Infobox
Sonia Bompastor,https://fr.wikipedia.org/?curid=698991,https://fr.wikipedia.org/wiki/Sonia Bompastor,Article utilisant une Infobox
C\u00e9line Marty,https://fr.wikipedia.org/?curid=698994,https://fr.wikipedia.org/wiki/C\u00e9line Marty,Wikip\u00e9dia:\u00e9bauche footballeuse fran\u00e7aise
\u00d6yk\u00fc Yorgun,https://fr.wikipedia.org/?curid=6993236,https://fr.wikipedia.org/wiki/\u00d6yk\u00fc Yorgun,Article \u00e0 illustrer Joueur de volley-ball
Vanessa Amorosi,https://fr.wikipedia.org/?curid=6993642,https://fr.wikipedia.org/wiki/Vanessa Amorosi,Wikip\u00e9dia:\u00e9bauche chanteur australien
Kanami Tashiro,https://fr.wikipedia.org/?curid=6995714,https://fr.wikipedia.org/wiki/Kanami Tashiro,Article \u00e0 illustrer Joueur de volley-ball
Ada Hegerberg,https://fr.wikipedia.org/?curid=7001571,https://fr.wikipedia.org/wiki/Ada Hegerberg,Article utilisant une Infobox
Fernando Pessoa,https://fr.wikipedia.org/?curid=7002,https://fr.wikipedia.org/wiki/Fernando Pessoa,Article contenant un appel \u00e0 traduction en portugais
Marie Leszczynska,https://fr.wikipedia.org/?curid=70037,https://fr.wikipedia.org/wiki/Marie Leszczynska,Article utilisant une Infobox
Catherine Dadiani,https://fr.wikipedia.org/?curid=7003872,https://fr.wikipedia.org/wiki/Catherine Dadiani,Article contenant un appel \u00e0 traduction en anglais
Miriam Palacios,https://fr.wikipedia.org/?curid=7004020,https://fr.wikipedia.org/wiki/Miriam Palacios,Wikip\u00e9dia:\u00e9bauche acteur chilien
Mariana Karr,https://fr.wikipedia.org/?curid=7000134,https://fr.wikipedia.org/wiki/Mariana Karr,Wikip\u00e9dia:\u00e9bauche acteur argentin
American Bluff,https://fr.wikipedia.org/?curid=7000849,https://fr.wikipedia.org/wiki/American Bluff,Article utilisant une Infobox
Ivanka Vancheva,https://fr.wikipedia.org/?curid=7022930,https://fr.wikipedia.org/wiki/Ivanka Vancheva,Wikip\u00e9dia:\u00e9bauche athl\u00e8te bulgare
Anita Mormand,https://fr.wikipedia.org/?curid=7037327,https://fr.wikipedia.org/wiki/Anita Mormand,Wikip\u00e9dia:\u00e9bauche athl\u00e8te fran\u00e7ais
Kotoe Inoue,https://fr.wikipedia.org/?curid=7037659,https://fr.wikipedia.org/wiki/Kotoe Inoue,Article utilisant une Infobox
Aki Kawabata,https://fr.wikipedia.org/?curid=7023386,https://fr.wikipedia.org/wiki/Aki Kawabata,Article \u00e0 illustrer Joueur de volley-ball
Chiaki Yokoe,https://fr.wikipedia.org/?curid=7044804,https://fr.wikipedia.org/wiki/Chiaki Yokoe,Article \u00e0 illustrer Joueur de volley-ball
Anner\u00f6sli Zryd,https://fr.wikipedia.org/?curid=704081,https://fr.wikipedia.org/wiki/Anner\u00f6sli Zryd,Wikip\u00e9dia:\u00e9bauche personnalit\u00e9 suisse
Yuki Sasaki,https://fr.wikipedia.org/?curid=7018382,https://fr.wikipedia.org/wiki/Yuki Sasaki,Article \u00e0 illustrer Joueur de volley-ball
H\u00fcmay Topalo\u011flu,https://fr.wikipedia.org/?curid=6984513,https://fr.wikipedia.org/wiki/H\u00fcmay Topalo\u011flu,Article \u00e0 illustrer Joueur de volley-ball
Cornelia Deiac,https://fr.wikipedia.org/?curid=6968995,https://fr.wikipedia.org/wiki/Cornelia Deiac,Wikip\u00e9dia:\u00e9bauche athl\u00e8te roumain
Kotoki Zayasu,https://fr.wikipedia.org/?curid=6969265,https://fr.wikipedia.org/wiki/Kotoki Zayasu,Article utilisant une Infobox
Apocalypse Now,https://fr.wikipedia.org/?curid=69820,https://fr.wikipedia.org/wiki/Apocalypse Now,Identifiant Allocin\u00e9 titre identique sur Wikidata
Margarita Drobiazko,https://fr.wikipedia.org/?curid=697360,https://fr.wikipedia.org/wiki/Margarita Drobiazko,Wikip\u00e9dia:\u00e9bauche patinage artistique
Chie Yoshizawa,https://fr.wikipedia.org/?curid=6979966,https://fr.wikipedia.org/wiki/Chie Yoshizawa,Article \u00e0 illustrer Joueur de volley-ball
Kim Hyo-yeon,https://fr.wikipedia.org/?curid=7019380,https://fr.wikipedia.org/wiki/Kim Hyo-yeon,Article utilisant une Infobox
Rika Seki,https://fr.wikipedia.org/?curid=7021347,https://fr.wikipedia.org/wiki/Rika Seki,Article \u00e0 illustrer Joueur de volley-ball
Aki Maruyama,https://fr.wikipedia.org/?curid=7025666,https://fr.wikipedia.org/wiki/Aki Maruyama,Article \u00e0 illustrer Joueur de volley-ball
Jelena Karleu\u0161a,https://fr.wikipedia.org/?curid=7034914,https://fr.wikipedia.org/wiki/Jelena Karleu\u0161a,Article utilisant une Infobox
Masami Taniguchi,https://fr.wikipedia.org/?curid=7032811,https://fr.wikipedia.org/wiki/Masami Taniguchi,Article \u00e0 illustrer Joueur de volley-ball
Yuki Ishikawa,https://fr.wikipedia.org/?curid=7035110,https://fr.wikipedia.org/wiki/Yuki Ishikawa,Article \u00e0 illustrer Joueur de volley-ball
Janine Kohlmann,https://fr.wikipedia.org/?curid=7035944,https://fr.wikipedia.org/wiki/Janine Kohlmann,Article \u00e0 illustrer Sportif
Chen Jingwen,https://fr.wikipedia.org/?curid=6987341,https://fr.wikipedia.org/wiki/Chen Jingwen,Wikip\u00e9dia:\u00e9bauche athl\u00e8te chinois
Julia Obertas,https://fr.wikipedia.org/?curid=698867,https://fr.wikipedia.org/wiki/Julia Obertas,Wikip\u00e9dia:\u00e9bauche patinage artistique
Sun Yawei,https://fr.wikipedia.org/?curid=6986590,https://fr.wikipedia.org/wiki/Sun Yawei,Wikip\u00e9dia:\u00e9bauche athl\u00e8te chinois
Ceren Karag\u00f6l,https://fr.wikipedia.org/?curid=6986997,https://fr.wikipedia.org/wiki/Ceren Karag\u00f6l,Article \u00e0 illustrer Joueur de volley-ball
Tang Xiaoyin,https://fr.wikipedia.org/?curid=6987033,https://fr.wikipedia.org/wiki/Tang Xiaoyin,Wikip\u00e9dia:\u00e9bauche athl\u00e8te chinois
Bu Fanfang,https://fr.wikipedia.org/?curid=6986008,https://fr.wikipedia.org/wiki/Bu Fanfang,Wikip\u00e9dia:\u00e9bauche athl\u00e8te chinois
Margarita Mamun,https://fr.wikipedia.org/?curid=7273351,https://fr.wikipedia.org/wiki/Margarita Mamun,Image locale diff\u00e9rente de celle de Wikidata
Fernando Verdasco,https://fr.wikipedia.org/?curid=727777,https://fr.wikipedia.org/wiki/Fernando Verdasco,Article utilisant une Infobox
Oksana Kondratyeva,https://fr.wikipedia.org/?curid=7277094,https://fr.wikipedia.org/wiki/Oksana Kondratyeva,Wikip\u00e9dia:\u00e9bauche athl\u00e8te russe
Sana Saeed,https://fr.wikipedia.org/?curid=7277242,https://fr.wikipedia.org/wiki/Sana Saeed,Article utilisant une Infobox
Nancy Meyers,https://fr.wikipedia.org/?curid=727750,https://fr.wikipedia.org/wiki/Nancy Meyers,Wikip\u00e9dia:\u00e9bauche r\u00e9alisateur am\u00e9ricain
Lucia Rijker,https://fr.wikipedia.org/?curid=7258291,https://fr.wikipedia.org/wiki/Lucia Rijker,Wikip\u00e9dia:\u00e9bauche boxeur n\u00e9erlandais
Suzanne Cryer,https://fr.wikipedia.org/?curid=7259805,https://fr.wikipedia.org/wiki/Suzanne Cryer,Article \u00e0 illustrer Personnalit\u00e9 du cin\u00e9ma
Els Vader,https://fr.wikipedia.org/?curid=7259199,https://fr.wikipedia.org/wiki/Els Vader,Article utilisant une Infobox
"Les Sept P\u00e9ch\u00e9s capitaux (film, 1952)",https://fr.wikipedia.org/?curid=725929,"https://fr.wikipedia.org/wiki/Les Sept P\u00e9ch\u00e9s capitaux (film, 1952)",Wikip\u00e9dia:\u00e9bauche film fran\u00e7ais
Megan Charpentier,https://fr.wikipedia.org/?curid=7257593,https://fr.wikipedia.org/wiki/Megan Charpentier,Wikip\u00e9dia:\u00e9bauche acteur canadien
Made in the USA (chanson),https://fr.wikipedia.org/?curid=7269658,https://fr.wikipedia.org/wiki/Made in the USA (chanson),Article manquant de r\u00e9f\u00e9rences depuis juillet 2013
Val\u00e9rie Courtois,https://fr.wikipedia.org/?curid=7270506,https://fr.wikipedia.org/wiki/Val\u00e9rie Courtois,Article utilisant une Infobox
Mariya Karakasheva,https://fr.wikipedia.org/?curid=7270540,https://fr.wikipedia.org/wiki/Mariya Karakasheva,Article \u00e0 illustrer Joueur de volley-ball
Jane Bridge,https://fr.wikipedia.org/?curid=7282381,https://fr.wikipedia.org/wiki/Jane Bridge,Wikip\u00e9dia:\u00e9bauche judo
Ingrid Berg,https://fr.wikipedia.org/?curid=7282460,https://fr.wikipedia.org/wiki/Ingrid Berg,Wikip\u00e9dia:\u00e9bauche judo
Margherita De Cal,https://fr.wikipedia.org/?curid=7282472,https://fr.wikipedia.org/wiki/Margherita De Cal,Wikip\u00e9dia:\u00e9bauche judo
Carolina M\u00e1rquez,https://fr.wikipedia.org/?curid=7281641,https://fr.wikipedia.org/wiki/Carolina M\u00e1rquez,Wikip\u00e9dia:\u00e9bauche musique \u00e9lectronique
Emelia Gorecka,https://fr.wikipedia.org/?curid=7278710,https://fr.wikipedia.org/wiki/Emelia Gorecka,Wikip\u00e9dia:\u00e9bauche athl\u00e8te britannique
Patrycja Wyciszkiewicz,https://fr.wikipedia.org/?curid=7280851,https://fr.wikipedia.org/wiki/Patrycja Wyciszkiewicz,Wikip\u00e9dia:\u00e9bauche athl\u00e8te polonais
Iekaterina Ripna\u00efa,https://fr.wikipedia.org/?curid=7280234,https://fr.wikipedia.org/wiki/Iekaterina Ripna\u00efa,Article \u00e0 illustrer Joueur de volley-ball
Roberta Bruni,https://fr.wikipedia.org/?curid=7280663,https://fr.wikipedia.org/wiki/Roberta Bruni,Wikip\u00e9dia:\u00e9bauche athl\u00e8te italien
Karen Cashman,https://fr.wikipedia.org/?curid=7280675,https://fr.wikipedia.org/wiki/Karen Cashman,Wikip\u00e9dia:\u00e9bauche patinage de vitesse sur piste courte
Miss USA 2014,https://fr.wikipedia.org/?curid=7237646,https://fr.wikipedia.org/wiki/Miss USA 2014,Article utilisant une Infobox
Carlijn Jans,https://fr.wikipedia.org/?curid=7251395,https://fr.wikipedia.org/wiki/Carlijn Jans,Article \u00e0 illustrer Joueur de volley-ball
Thais Julio,https://fr.wikipedia.org/?curid=7251434,https://fr.wikipedia.org/wiki/Thais Julio,Article \u00e0 illustrer Joueur de volley-ball
Gabriela Petrova,https://fr.wikipedia.org/?curid=7266234,https://fr.wikipedia.org/wiki/Gabriela Petrova,Wikip\u00e9dia:\u00e9bauche athl\u00e8te bulgare
Joelma Sousa,https://fr.wikipedia.org/?curid=7266191,https://fr.wikipedia.org/wiki/Joelma Sousa,Wikip\u00e9dia:\u00e9bauche athl\u00e8te br\u00e9silien
Liste des conjoints des souverains de Serbie et Yougoslavie,https://fr.wikipedia.org/?curid=7267028,https://fr.wikipedia.org/wiki/Liste des conjoints des souverains de Serbie et Yougoslavie,Portail:Serbie et peuple serbe/Articles li\u00e9s
Anastasiya Juravleva,https://fr.wikipedia.org/?curid=7250584,https://fr.wikipedia.org/wiki/Anastasiya Juravleva,Wikip\u00e9dia:\u00e9bauche athl\u00e8te ouzbek
Colette Brand,https://fr.wikipedia.org/?curid=7235894,https://fr.wikipedia.org/wiki/Colette Brand,Article \u00e0 illustrer Sportif
Ilenia Draisci,https://fr.wikipedia.org/?curid=7233415,https://fr.wikipedia.org/wiki/Ilenia Draisci,Wikip\u00e9dia:\u00e9bauche athl\u00e8te italien
Madison Keys,https://fr.wikipedia.org/?curid=7255409,https://fr.wikipedia.org/wiki/Madison Keys,Article utilisant une Infobox
Taylor Townsend (tennis),https://fr.wikipedia.org/?curid=7252259,https://fr.wikipedia.org/wiki/Taylor Townsend (tennis),Article utilisant une Infobox
Daniela da Silva,https://fr.wikipedia.org/?curid=7255218,https://fr.wikipedia.org/wiki/Daniela da Silva,Article utilisant une Infobox
Hanna Knyazyeva-Minenko,https://fr.wikipedia.org/?curid=7252674,https://fr.wikipedia.org/wiki/Hanna Knyazyeva-Minenko,Article utilisant une Infobox
Belaynesh Oljira,https://fr.wikipedia.org/?curid=7253376,https://fr.wikipedia.org/wiki/Belaynesh Oljira,Article \u00e0 illustrer Athl\u00e8te
Laurence Klein,https://fr.wikipedia.org/?curid=7239043,https://fr.wikipedia.org/wiki/Laurence Klein,Article utilisant une Infobox
Chiara Bazzoni,https://fr.wikipedia.org/?curid=7237357,https://fr.wikipedia.org/wiki/Chiara Bazzoni,Wikip\u00e9dia:\u00e9bauche athl\u00e8te italien
Annie Soisbault,https://fr.wikipedia.org/?curid=7238704,https://fr.wikipedia.org/wiki/Annie Soisbault,Page utilisant P569
Anyika Onuora,https://fr.wikipedia.org/?curid=7236713,https://fr.wikipedia.org/wiki/Anyika Onuora,Article utilisant une Infobox
Janine Leal,https://fr.wikipedia.org/?curid=7234569,https://fr.wikipedia.org/wiki/Janine Leal,Article utilisant une Infobox
Le Jingyi,https://fr.wikipedia.org/?curid=7236778,https://fr.wikipedia.org/wiki/Le Jingyi,Wikip\u00e9dia:\u00e9bauche natation
Ana \u0160imi\u0107,https://fr.wikipedia.org/?curid=7237051,https://fr.wikipedia.org/wiki/Ana \u0160imi\u0107,Article utilisant une Infobox
Shuko Aoyama,https://fr.wikipedia.org/?curid=7242862,https://fr.wikipedia.org/wiki/Shuko Aoyama,Article utilisant une Infobox
M\u00f3nica Falcioni,https://fr.wikipedia.org/?curid=7126074,https://fr.wikipedia.org/wiki/M\u00f3nica Falcioni,Wikip\u00e9dia:\u00e9bauche athl\u00e8te
Melisa Callo,https://fr.wikipedia.org/?curid=7181137,https://fr.wikipedia.org/wiki/Melisa Callo,Article \u00e0 illustrer Joueur de volley-ball
Lucy Jaramillo,https://fr.wikipedia.org/?curid=7160269,https://fr.wikipedia.org/wiki/Lucy Jaramillo,Wikip\u00e9dia:\u00e9bauche athl\u00e8te \u00e9quatorien
Roc\u00edo D\u00farcal,https://fr.wikipedia.org/?curid=717192,https://fr.wikipedia.org/wiki/Roc\u00edo D\u00farcal,Page utilisant P119
Maia Mitchell,https://fr.wikipedia.org/?curid=7173253,https://fr.wikipedia.org/wiki/Maia Mitchell,Wikip\u00e9dia:\u00e9bauche acteur australien
Gnima Faye,https://fr.wikipedia.org/?curid=7119640,https://fr.wikipedia.org/wiki/Gnima Faye,Article \u00e0 illustrer Athl\u00e8te
Reanne Evans,https://fr.wikipedia.org/?curid=7162785,https://fr.wikipedia.org/wiki/Reanne Evans,Wikip\u00e9dia:\u00e9bauche snooker
Rob Rombout,https://fr.wikipedia.org/?curid=7167258,https://fr.wikipedia.org/wiki/Rob Rombout,Wikip\u00e9dia:\u00e9bauche r\u00e9alisateur belge
Jovana Jovi\u010di\u0107,https://fr.wikipedia.org/?curid=7167704,https://fr.wikipedia.org/wiki/Jovana Jovi\u010di\u0107,Article \u00e0 illustrer Joueur de volley-ball
Nadine Broersen,https://fr.wikipedia.org/?curid=7168631,https://fr.wikipedia.org/wiki/Nadine Broersen,Article utilisant une Infobox
Shion Miura,https://fr.wikipedia.org/?curid=7148518,https://fr.wikipedia.org/wiki/Shion Miura,Article contenant un lien mort
Lydia Chepkurui,https://fr.wikipedia.org/?curid=7155918,https://fr.wikipedia.org/wiki/Lydia Chepkurui,Wikip\u00e9dia:\u00e9bauche athl\u00e8te k\u00e9nyan
Valeria Rosso,https://fr.wikipedia.org/?curid=7142078,https://fr.wikipedia.org/wiki/Valeria Rosso,Article utilisant une Infobox
Rahel Frey,https://fr.wikipedia.org/?curid=7142352,https://fr.wikipedia.org/wiki/Rahel Frey,Wikip\u00e9dia:\u00e9bauche endurance automobile
Jos\u00e9phine Mbarga-Biki\u00e9,https://fr.wikipedia.org/?curid=7144738,https://fr.wikipedia.org/wiki/Jos\u00e9phine Mbarga-Biki\u00e9,Article \u00e0 illustrer Athl\u00e8te
Sandra Zidani,https://fr.wikipedia.org/?curid=744169,https://fr.wikipedia.org/wiki/Sandra Zidani,Wikip\u00e9dia:\u00e9bauche acteur belge
Karolina \u0160prem,https://fr.wikipedia.org/?curid=746719,https://fr.wikipedia.org/wiki/Karolina \u0160prem,Article utilisant une Infobox
Do What U Want,https://fr.wikipedia.org/?curid=7472021,https://fr.wikipedia.org/wiki/Do What U Want,Article contenant un lien mort
Aura (chanson),https://fr.wikipedia.org/?curid=7461181,https://fr.wikipedia.org/wiki/Aura (chanson),Article contenant un lien mort
Fanny Smets,https://fr.wikipedia.org/?curid=7459577,https://fr.wikipedia.org/wiki/Fanny Smets,Wikip\u00e9dia:\u00e9bauche athl\u00e8te belge
Mireya Delgado,https://fr.wikipedia.org/?curid=7459588,https://fr.wikipedia.org/wiki/Mireya Delgado,Article utilisant une Infobox
Alison Mandel,https://fr.wikipedia.org/?curid=7451568,https://fr.wikipedia.org/wiki/Alison Mandel,Wikip\u00e9dia:\u00e9bauche acteur chilien
Riho Otake,https://fr.wikipedia.org/?curid=7455322,https://fr.wikipedia.org/wiki/Riho Otake,Article \u00e0 illustrer Joueur de volley-ball
Ewa Pajor,https://fr.wikipedia.org/?curid=7457960,https://fr.wikipedia.org/wiki/Ewa Pajor,Wikip\u00e9dia:\u00e9bauche footballeuse polonaise
Emma Bunton,https://fr.wikipedia.org/?curid=746696,https://fr.wikipedia.org/wiki/Emma Bunton,Article contenant un lien mort
Wrecking Ball (chanson de Miley Cyrus),https://fr.wikipedia.org/?curid=7463873,https://fr.wikipedia.org/wiki/Wrecking Ball (chanson de Miley Cyrus),R\u00e9daction \u00e0 am\u00e9liorer
Jelena Trni\u0107,https://fr.wikipedia.org/?curid=7451440,https://fr.wikipedia.org/wiki/Jelena Trni\u0107,Article \u00e0 illustrer Joueur de volley-ball
Fran\u00e7ois D'Haene,https://fr.wikipedia.org/?curid=7472380,https://fr.wikipedia.org/wiki/Fran\u00e7ois D'Haene,Wikip\u00e9dia:\u00e9bauche ultra-trail
Donna Weinbrecht,https://fr.wikipedia.org/?curid=7476836,https://fr.wikipedia.org/wiki/Donna Weinbrecht,Wikip\u00e9dia:\u00e9bauche ski acrobatique
Aleksandra Urba\u0144czyk,https://fr.wikipedia.org/?curid=7475188,https://fr.wikipedia.org/wiki/Aleksandra Urba\u0144czyk,Article \u00e0 illustrer Nageur
Haruka Sanada,https://fr.wikipedia.org/?curid=7446898,https://fr.wikipedia.org/wiki/Haruka Sanada,Wikip\u00e9dia:\u00e9bauche actrice pornographique japonaise
Belinda Peregr\u00edn Sch\u00fcll,https://fr.wikipedia.org/?curid=744570,https://fr.wikipedia.org/wiki/Belinda Peregr\u00edn Sch\u00fcll,Wikip\u00e9dia:\u00e9bauche acteur mexicain
Heather Samuel,https://fr.wikipedia.org/?curid=7437320,https://fr.wikipedia.org/wiki/Heather Samuel,Article \u00e0 illustrer Athl\u00e8te
Evelyn Gro\u00dfmann,https://fr.wikipedia.org/?curid=743401,https://fr.wikipedia.org/wiki/Evelyn Gro\u00dfmann,Wikip\u00e9dia:\u00e9bauche patinage artistique
Birthday (chanson de Selena Gomez),https://fr.wikipedia.org/?curid=7489939,https://fr.wikipedia.org/wiki/Birthday (chanson de Selena Gomez),Wikip\u00e9dia:\u00e9bauche chanson
Melina P\u00e9rez,https://fr.wikipedia.org/?curid=751671,https://fr.wikipedia.org/wiki/Melina P\u00e9rez,Article \u00e0 recycler/Liste compl\u00e8te
Holly Michaels,https://fr.wikipedia.org/?curid=7516770,https://fr.wikipedia.org/wiki/Holly Michaels,Article utilisant une Infobox
Sara Evans,https://fr.wikipedia.org/?curid=7515527,https://fr.wikipedia.org/wiki/Sara Evans,Article utilisant une Infobox
Tabitha Love,https://fr.wikipedia.org/?curid=7517173,https://fr.wikipedia.org/wiki/Tabitha Love,Article utilisant une Infobox
Isabel Penagos,https://fr.wikipedia.org/?curid=7485443,https://fr.wikipedia.org/wiki/Isabel Penagos,Article avec source \u00e0 lier
Merve Tan\u0131l,https://fr.wikipedia.org/?curid=7485661,https://fr.wikipedia.org/wiki/Merve Tan\u0131l,Article \u00e0 illustrer Joueur de volley-ball
Vanessa Paradis,https://fr.wikipedia.org/?curid=74857,https://fr.wikipedia.org/wiki/Vanessa Paradis,Article \u00e0 r\u00e9f\u00e9rence insuffisante
Nadzeya Malasai,https://fr.wikipedia.org/?curid=7485702,https://fr.wikipedia.org/wiki/Nadzeya Malasai,Article \u00e0 illustrer Joueur de volley-ball
MC Kinky,https://fr.wikipedia.org/?curid=7522014,https://fr.wikipedia.org/wiki/MC Kinky,Article contenant un appel \u00e0 traduction en anglais
Liste des m\u00e9daill\u00e9s olympiques dans plusieurs sports,https://fr.wikipedia.org/?curid=7489155,https://fr.wikipedia.org/wiki/Liste des m\u00e9daill\u00e9s olympiques dans plusieurs sports,Portail:Jeux olympiques/Articles li\u00e9s
Judit Bogn\u00e1r,https://fr.wikipedia.org/?curid=7493851,https://fr.wikipedia.org/wiki/Judit Bogn\u00e1r,Wikip\u00e9dia:\u00e9bauche athl\u00e8te hongrois
