Name,URL1,URL2,First Category
Berenika Tomsia,https://fr.wikipedia.org/?curid=4894288,https://fr.wikipedia.org/wiki/Berenika Tomsia,Article utilisant une Infobox
Ajoke Odumosu,https://fr.wikipedia.org/?curid=4895942,https://fr.wikipedia.org/wiki/Ajoke Odumosu,Wikip\u00e9dia:\u00e9bauche athl\u00e8te nig\u00e9rian
Tatyana Veshkurova,https://fr.wikipedia.org/?curid=4876135,https://fr.wikipedia.org/wiki/Tatyana Veshkurova,Wikip\u00e9dia:\u00e9bauche athl\u00e8te russe
Janin Lindenberg,https://fr.wikipedia.org/?curid=4867075,https://fr.wikipedia.org/wiki/Janin Lindenberg,Wikip\u00e9dia:\u00e9bauche athl\u00e8te allemand
Claudia Hoffmann,https://fr.wikipedia.org/?curid=4867102,https://fr.wikipedia.org/wiki/Claudia Hoffmann,Wikip\u00e9dia:\u00e9bauche athl\u00e8te allemand
Vika Jigulina,https://fr.wikipedia.org/?curid=4879194,https://fr.wikipedia.org/wiki/Vika Jigulina,Article utilisant une Infobox
Anna Bessonova,https://fr.wikipedia.org/?curid=4879463,https://fr.wikipedia.org/wiki/Anna Bessonova,Wikip\u00e9dia:\u00e9bauche gymnastique
Cassadee Pope,https://fr.wikipedia.org/?curid=4876881,https://fr.wikipedia.org/wiki/Cassadee Pope,Article utilisant une Infobox
Laurence Bily,https://fr.wikipedia.org/?curid=487696,https://fr.wikipedia.org/wiki/Laurence Bily,Article utilisant une Infobox
Steins;Gate,https://fr.wikipedia.org/?curid=4879898,https://fr.wikipedia.org/wiki/Steins;Gate,Article utilisant une Infobox
H\u00e1ris Alex\u00edou,https://fr.wikipedia.org/?curid=4878765,https://fr.wikipedia.org/wiki/H\u00e1ris Alex\u00edou,Article utilisant une Infobox
Goo Hara,https://fr.wikipedia.org/?curid=4877852,https://fr.wikipedia.org/wiki/Goo Hara,Article utilisant une Infobox
Nicole Jung,https://fr.wikipedia.org/?curid=4877874,https://fr.wikipedia.org/wiki/Nicole Jung,Wikip\u00e9dia:\u00e9bauche chanteur sud-cor\u00e9en
Ivanka Mati\u0107,https://fr.wikipedia.org/?curid=4878001,https://fr.wikipedia.org/wiki/Ivanka Mati\u0107,Wikip\u00e9dia:\u00e9bauche joueuse de basket-ball
M\u00e9lanie Henique,https://fr.wikipedia.org/?curid=4876609,https://fr.wikipedia.org/wiki/M\u00e9lanie Henique,Article utilisant une Infobox
Elizabeth Simmonds,https://fr.wikipedia.org/?curid=4876693,https://fr.wikipedia.org/wiki/Elizabeth Simmonds,Wikip\u00e9dia:\u00e9bauche natation
Aretha Thurmond,https://fr.wikipedia.org/?curid=4876756,https://fr.wikipedia.org/wiki/Aretha Thurmond,Wikip\u00e9dia:\u00e9bauche athl\u00e8te am\u00e9ricain
An\u00e9mone (actrice),https://fr.wikipedia.org/?curid=48618,https://fr.wikipedia.org/wiki/An\u00e9mone (actrice),Page utilisant P569
Sarah Poewe,https://fr.wikipedia.org/?curid=4890687,https://fr.wikipedia.org/wiki/Sarah Poewe,Wikip\u00e9dia:\u00e9bauche natation
Karolina R\u00f3\u017cycka,https://fr.wikipedia.org/?curid=4889563,https://fr.wikipedia.org/wiki/Karolina R\u00f3\u017cycka,Article utilisant une Infobox
Maja Miljkovi\u0107,https://fr.wikipedia.org/?curid=4890278,https://fr.wikipedia.org/wiki/Maja Miljkovi\u0107,Article utilisant une Infobox
Laurie Datchy,https://fr.wikipedia.org/?curid=4885612,https://fr.wikipedia.org/wiki/Laurie Datchy,Article \u00e0 illustrer Joueur de basket-ball
La\u00ebtitia Kamba,https://fr.wikipedia.org/?curid=4885645,https://fr.wikipedia.org/wiki/La\u00ebtitia Kamba,Article utilisant une Infobox
Melissa Molinaro,https://fr.wikipedia.org/?curid=4885651,https://fr.wikipedia.org/wiki/Melissa Molinaro,Article \u00e0 illustrer Personnalit\u00e9 du cin\u00e9ma
Yelena Afanasyeva,https://fr.wikipedia.org/?curid=4887695,https://fr.wikipedia.org/wiki/Yelena Afanasyeva,Wikip\u00e9dia:\u00e9bauche athl\u00e8te russe
Aminata Konat\u00e9,https://fr.wikipedia.org/?curid=4884998,https://fr.wikipedia.org/wiki/Aminata Konat\u00e9,Article utilisant une Infobox
Btissam Lakhouad,https://fr.wikipedia.org/?curid=4884484,https://fr.wikipedia.org/wiki/Btissam Lakhouad,Wikip\u00e9dia:\u00e9bauche athl\u00e8te marocain
Stephanie Twell,https://fr.wikipedia.org/?curid=4861389,https://fr.wikipedia.org/wiki/Stephanie Twell,Wikip\u00e9dia:\u00e9bauche athl\u00e8te britannique
Joyce Cousseins-Smith,https://fr.wikipedia.org/?curid=4865396,https://fr.wikipedia.org/wiki/Joyce Cousseins-Smith,Article utilisant une Infobox
Margaux Galliou-Loko,https://fr.wikipedia.org/?curid=4865410,https://fr.wikipedia.org/wiki/Margaux Galliou-Loko,Article utilisant une Infobox
Pelag\u00eda Papamicha\u00edl,https://fr.wikipedia.org/?curid=4865449,https://fr.wikipedia.org/wiki/Pelag\u00eda Papamicha\u00edl,Wikip\u00e9dia:\u00e9bauche basket-ball
Ingrid Tanqueray,https://fr.wikipedia.org/?curid=4865464,https://fr.wikipedia.org/wiki/Ingrid Tanqueray,Article utilisant une Infobox
Olena Chebanu,https://fr.wikipedia.org/?curid=4865561,https://fr.wikipedia.org/wiki/Olena Chebanu,Article utilisant une Infobox
Marika Popowicz-Drapa\u0142a,https://fr.wikipedia.org/?curid=4865567,https://fr.wikipedia.org/wiki/Marika Popowicz-Drapa\u0142a,Wikip\u00e9dia:\u00e9bauche athl\u00e8te polonais
Marta Jeschke,https://fr.wikipedia.org/?curid=4865569,https://fr.wikipedia.org/wiki/Marta Jeschke,Wikip\u00e9dia:\u00e9bauche athl\u00e8te polonais
Mariya Ryemyen,https://fr.wikipedia.org/?curid=4864674,https://fr.wikipedia.org/wiki/Mariya Ryemyen,Wikip\u00e9dia:\u00e9bauche athl\u00e8te ukrainien
Olesya Povh,https://fr.wikipedia.org/?curid=4865185,https://fr.wikipedia.org/wiki/Olesya Povh,Article utilisant une Infobox
Isis Arrondo,https://fr.wikipedia.org/?curid=4865304,https://fr.wikipedia.org/wiki/Isis Arrondo,Article utilisant une Infobox
Elsa Rendschmidt,https://fr.wikipedia.org/?curid=4896011,https://fr.wikipedia.org/wiki/Elsa Rendschmidt,Article \u00e0 illustrer Patineur artistique
Duygu Bal,https://fr.wikipedia.org/?curid=4896244,https://fr.wikipedia.org/wiki/Duygu Bal,Article \u00e0 illustrer Joueur de volley-ball
Lisa Ryzih,https://fr.wikipedia.org/?curid=4858052,https://fr.wikipedia.org/wiki/Lisa Ryzih,Article utilisant une Infobox
\u017divil\u0117 Bal\u010di\u016bnait\u0117,https://fr.wikipedia.org/?curid=4858717,https://fr.wikipedia.org/wiki/\u017divil\u0117 Bal\u010di\u016bnait\u0117,Wikip\u00e9dia:\u00e9bauche athl\u00e8te lituanien
Kevin Staut,https://fr.wikipedia.org/?curid=4857460,https://fr.wikipedia.org/wiki/Kevin Staut,Article contenant un lien mort
Mercedes Chilla,https://fr.wikipedia.org/?curid=4856902,https://fr.wikipedia.org/wiki/Mercedes Chilla,Wikip\u00e9dia:\u00e9bauche athl\u00e8te espagnol
Molly Quinn,https://fr.wikipedia.org/?curid=4827139,https://fr.wikipedia.org/wiki/Molly Quinn,Wikip\u00e9dia:\u00e9bauche acteur am\u00e9ricain
Marcela Ritschelova,https://fr.wikipedia.org/?curid=4827188,https://fr.wikipedia.org/wiki/Marcela Ritschelova,Article utilisant une Infobox
Lisvel Elisa Eve,https://fr.wikipedia.org/?curid=4827212,https://fr.wikipedia.org/wiki/Lisvel Elisa Eve,Wikip\u00e9dia:\u00e9bauche joueuse dominicaine de volley-ball
Sasha Pieterse,https://fr.wikipedia.org/?curid=4851626,https://fr.wikipedia.org/wiki/Sasha Pieterse,Page utilisant P19
Sara Gambetta,https://fr.wikipedia.org/?curid=4850328,https://fr.wikipedia.org/wiki/Sara Gambetta,Wikip\u00e9dia:\u00e9bauche athl\u00e8te allemand
Joanna Wi\u015bniewska,https://fr.wikipedia.org/?curid=4854916,https://fr.wikipedia.org/wiki/Joanna Wi\u015bniewska,Wikip\u00e9dia:\u00e9bauche athl\u00e8te polonais
Susie Dietter,https://fr.wikipedia.org/?curid=4855540,https://fr.wikipedia.org/wiki/Susie Dietter,Article \u00e0 illustrer Personnalit\u00e9 du cin\u00e9ma
Simona La Mantia,https://fr.wikipedia.org/?curid=4855620,https://fr.wikipedia.org/wiki/Simona La Mantia,Wikip\u00e9dia:\u00e9bauche athl\u00e8te italien
Vera Sokolova,https://fr.wikipedia.org/?curid=4856143,https://fr.wikipedia.org/wiki/Vera Sokolova,Wikip\u00e9dia:\u00e9bauche athl\u00e8te russe
Frauke Dirickx,https://fr.wikipedia.org/?curid=4842223,https://fr.wikipedia.org/wiki/Frauke Dirickx,Article utilisant une Infobox
Myriam B\u00e9dard,https://fr.wikipedia.org/?curid=484258,https://fr.wikipedia.org/wiki/Myriam B\u00e9dard,Article \u00e0 illustrer Sportif
Geisa Arcanjo,https://fr.wikipedia.org/?curid=4842825,https://fr.wikipedia.org/wiki/Geisa Arcanjo,Wikip\u00e9dia:\u00e9bauche athl\u00e8te br\u00e9silien
Carmen \u021aurlea,https://fr.wikipedia.org/?curid=4825292,https://fr.wikipedia.org/wiki/Carmen \u021aurlea,Article utilisant une Infobox
Anastassia Kodirova,https://fr.wikipedia.org/?curid=4832518,https://fr.wikipedia.org/wiki/Anastassia Kodirova,Article \u00e0 illustrer Joueur de volley-ball
Erin Thorn,https://fr.wikipedia.org/?curid=4825584,https://fr.wikipedia.org/wiki/Erin Thorn,Wikip\u00e9dia:\u00e9bauche basket-ball
Kathleen Shaw,https://fr.wikipedia.org/?curid=4824719,https://fr.wikipedia.org/wiki/Kathleen Shaw,Article \u00e0 illustrer Patineur artistique
Darya \u00d6zbek,https://fr.wikipedia.org/?curid=4830692,https://fr.wikipedia.org/wiki/Darya \u00d6zbek,Article \u00e0 illustrer Joueur de volley-ball
Sophie Hitchon,https://fr.wikipedia.org/?curid=4848105,https://fr.wikipedia.org/wiki/Sophie Hitchon,Article utilisant une Infobox
Rebecca Schaeffer,https://fr.wikipedia.org/?curid=4849169,https://fr.wikipedia.org/wiki/Rebecca Schaeffer,Wikip\u00e9dia:\u00e9bauche acteur am\u00e9ricain
Amber An,https://fr.wikipedia.org/?curid=4848390,https://fr.wikipedia.org/wiki/Amber An,Article utilisant une Infobox
Milena Ra\u0161i\u0107,https://fr.wikipedia.org/?curid=4848506,https://fr.wikipedia.org/wiki/Milena Ra\u0161i\u0107,Article utilisant une Infobox
Makare Desilets,https://fr.wikipedia.org/?curid=4835544,https://fr.wikipedia.org/wiki/Makare Desilets,Wikip\u00e9dia:\u00e9bauche joueuse am\u00e9ricaine de volley-ball
Shalonda Solomon,https://fr.wikipedia.org/?curid=4834186,https://fr.wikipedia.org/wiki/Shalonda Solomon,Article utilisant une Infobox
Layes Abdullayeva,https://fr.wikipedia.org/?curid=4840040,https://fr.wikipedia.org/wiki/Layes Abdullayeva,Wikip\u00e9dia:\u00e9bauche athl\u00e8te azerba\u00efdjanais
Mercy Cherono,https://fr.wikipedia.org/?curid=4840053,https://fr.wikipedia.org/wiki/Mercy Cherono,Article utilisant une Infobox
Agnieszka Bednarek,https://fr.wikipedia.org/?curid=4838356,https://fr.wikipedia.org/wiki/Agnieszka Bednarek,Article utilisant une Infobox
Nathalie Simard,https://fr.wikipedia.org/?curid=483843,https://fr.wikipedia.org/wiki/Nathalie Simard,Page utilisant P569
Airin\u0117 Pal\u0161yt\u0117,https://fr.wikipedia.org/?curid=4841044,https://fr.wikipedia.org/wiki/Airin\u0117 Pal\u0161yt\u0117,Article utilisant une Infobox
Patr\u00edcia Mamona,https://fr.wikipedia.org/?curid=4841230,https://fr.wikipedia.org/wiki/Patr\u00edcia Mamona,Article utilisant une Infobox
Anastasia Pivovarova,https://fr.wikipedia.org/?curid=4839675,https://fr.wikipedia.org/wiki/Anastasia Pivovarova,Article utilisant une Infobox
\u00c9rika Coimbra,https://fr.wikipedia.org/?curid=4840418,https://fr.wikipedia.org/wiki/\u00c9rika Coimbra,Article utilisant une Infobox
Elisa Togut,https://fr.wikipedia.org/?curid=4838340,https://fr.wikipedia.org/wiki/Elisa Togut,Wikip\u00e9dia:\u00e9bauche joueuse italienne de volley-ball
Hanna Kasyanova,https://fr.wikipedia.org/?curid=4837593,https://fr.wikipedia.org/wiki/Hanna Kasyanova,Article utilisant une Infobox
Anna Mishchenko,https://fr.wikipedia.org/?curid=4836555,https://fr.wikipedia.org/wiki/Anna Mishchenko,Wikip\u00e9dia:\u00e9bauche athl\u00e8te ukrainien
Mariella Devia,https://fr.wikipedia.org/?curid=4691127,https://fr.wikipedia.org/wiki/Mariella Devia,Wikip\u00e9dia:\u00e9bauche op\u00e9ra
France Pejot,https://fr.wikipedia.org/?curid=4666768,https://fr.wikipedia.org/wiki/France Pejot,Page utilisant P569
Ulrike Maier,https://fr.wikipedia.org/?curid=469441,https://fr.wikipedia.org/wiki/Ulrike Maier,Article utilisant une Infobox
Ashia Hansen,https://fr.wikipedia.org/?curid=4667895,https://fr.wikipedia.org/wiki/Ashia Hansen,Article \u00e0 illustrer Athl\u00e8te
Ellie Goulding,https://fr.wikipedia.org/?curid=4670535,https://fr.wikipedia.org/wiki/Ellie Goulding,Article utilisant une Infobox
Khristina Kalcheva,https://fr.wikipedia.org/?curid=4668427,https://fr.wikipedia.org/wiki/Khristina Kalcheva,Wikip\u00e9dia:\u00e9bauche athl\u00e8te bulgare
Harriet Harman,https://fr.wikipedia.org/?curid=4707475,https://fr.wikipedia.org/wiki/Harriet Harman,Article utilisant une Infobox
"Warhammer 40,000: Dawn of War - Winter Assault",https://fr.wikipedia.org/?curid=492384,"https://fr.wikipedia.org/wiki/Warhammer 40,000: Dawn of War - Winter Assault",Wikip\u00e9dia:\u00e9bauche jeu vid\u00e9o
Rachele Sangiuliano,https://fr.wikipedia.org/?curid=4923995,https://fr.wikipedia.org/wiki/Rachele Sangiuliano,Wikip\u00e9dia:\u00e9bauche joueuse italienne de volley-ball
Aleksandra Jagie\u0142o,https://fr.wikipedia.org/?curid=4924012,https://fr.wikipedia.org/wiki/Aleksandra Jagie\u0142o,Article utilisant une Infobox
P. T. Usha,https://fr.wikipedia.org/?curid=4924600,https://fr.wikipedia.org/wiki/P. T. Usha,Wikip\u00e9dia:\u00e9bauche athl\u00e8te indien
Gra\u017cyna Prokopek,https://fr.wikipedia.org/?curid=4922383,https://fr.wikipedia.org/wiki/Gra\u017cyna Prokopek,Wikip\u00e9dia:\u00e9bauche athl\u00e8te polonais
Aneta Germanova,https://fr.wikipedia.org/?curid=4897884,https://fr.wikipedia.org/wiki/Aneta Germanova,Article utilisant une Infobox
Liane Pintsaar,https://fr.wikipedia.org/?curid=4900638,https://fr.wikipedia.org/wiki/Liane Pintsaar,Wikip\u00e9dia:\u00e9bauche athl\u00e8te estonien
Chlo\u00e9 Adam,https://fr.wikipedia.org/?curid=4898713,https://fr.wikipedia.org/wiki/Chlo\u00e9 Adam,Wikip\u00e9dia:\u00e9bauche joueuse fran\u00e7aise de volley-ball
Aquarela do Brasil,https://fr.wikipedia.org/?curid=4898824,https://fr.wikipedia.org/wiki/Aquarela do Brasil,Article contenant un appel \u00e0 traduction en anglais
Sharla Cheung,https://fr.wikipedia.org/?curid=4903964,https://fr.wikipedia.org/wiki/Sharla Cheung,Wikip\u00e9dia:\u00e9bauche acteur chinois
Suzana \u0106ebi\u0107,https://fr.wikipedia.org/?curid=4903514,https://fr.wikipedia.org/wiki/Suzana \u0106ebi\u0107,Article utilisant une Infobox
Marianne Kaufmann-Abderhalden,https://fr.wikipedia.org/?curid=4903556,https://fr.wikipedia.org/wiki/Marianne Kaufmann-Abderhalden,Wikip\u00e9dia:\u00e9bauche ski alpin
Saina Nehwal,https://fr.wikipedia.org/?curid=4903573,https://fr.wikipedia.org/wiki/Saina Nehwal,Wikip\u00e9dia:\u00e9bauche badminton
Milada Bergrov\u00e1,https://fr.wikipedia.org/?curid=4907192,https://fr.wikipedia.org/wiki/Milada Bergrov\u00e1,Article utilisant une Infobox
Stephan Vuckovic,https://fr.wikipedia.org/?curid=4920509,https://fr.wikipedia.org/wiki/Stephan Vuckovic,Wikip\u00e9dia:\u00e9bauche triathl\u00e8te
Michellie Jones,https://fr.wikipedia.org/?curid=4920559,https://fr.wikipedia.org/wiki/Michellie Jones,Article utilisant une Infobox
Ruth D\u00edaz,https://fr.wikipedia.org/?curid=4918838,https://fr.wikipedia.org/wiki/Ruth D\u00edaz,Article contenant un lien mort
Joanna Kaczor,https://fr.wikipedia.org/?curid=4920997,https://fr.wikipedia.org/wiki/Joanna Kaczor,Article utilisant une Infobox
Jovana Vesovi\u0107,https://fr.wikipedia.org/?curid=4917115,https://fr.wikipedia.org/wiki/Jovana Vesovi\u0107,Article utilisant une Infobox
Jennifer Fleischer,https://fr.wikipedia.org/?curid=4897558,https://fr.wikipedia.org/wiki/Jennifer Fleischer,Wikip\u00e9dia:\u00e9bauche joueur am\u00e9ricain de basket-ball
Claudia Marx,https://fr.wikipedia.org/?curid=4906695,https://fr.wikipedia.org/wiki/Claudia Marx,Wikip\u00e9dia:\u00e9bauche athl\u00e8te allemand
Linda Haglund,https://fr.wikipedia.org/?curid=4908847,https://fr.wikipedia.org/wiki/Linda Haglund,Wikip\u00e9dia:\u00e9bauche athl\u00e8te su\u00e9dois
Maria Walliser,https://fr.wikipedia.org/?curid=491629,https://fr.wikipedia.org/wiki/Maria Walliser,Article utilisant une Infobox
Yuliya Graudyn,https://fr.wikipedia.org/?curid=4914661,https://fr.wikipedia.org/wiki/Yuliya Graudyn,Wikip\u00e9dia:\u00e9bauche athl\u00e8te russe
Cristina Barcellini,https://fr.wikipedia.org/?curid=4915094,https://fr.wikipedia.org/wiki/Cristina Barcellini,Article utilisant une Infobox
\u00c7i\u011fdem Rasna,https://fr.wikipedia.org/?curid=4915125,https://fr.wikipedia.org/wiki/\u00c7i\u011fdem Rasna,Article utilisant une Infobox
Tamara McKinney,https://fr.wikipedia.org/?curid=490527,https://fr.wikipedia.org/wiki/Tamara McKinney,Article utilisant une Infobox
Josefa Fab\u00edola,https://fr.wikipedia.org/?curid=4910422,https://fr.wikipedia.org/wiki/Josefa Fab\u00edola,Article utilisant une Infobox
Almaz Ayana,https://fr.wikipedia.org/?curid=4909303,https://fr.wikipedia.org/wiki/Almaz Ayana,Article utilisant une Infobox
Destinee Hooker,https://fr.wikipedia.org/?curid=4912288,https://fr.wikipedia.org/wiki/Destinee Hooker,Wikip\u00e9dia:\u00e9bauche joueuse am\u00e9ricaine de volley-ball
Maja Ognjenovi\u0107,https://fr.wikipedia.org/?curid=4912309,https://fr.wikipedia.org/wiki/Maja Ognjenovi\u0107,Article utilisant une Infobox
Choi Na-yeon,https://fr.wikipedia.org/?curid=4901778,https://fr.wikipedia.org/wiki/Choi Na-yeon,Wikip\u00e9dia:\u00e9bauche golf
Tatiana Kocheleva,https://fr.wikipedia.org/?curid=4901493,https://fr.wikipedia.org/wiki/Tatiana Kocheleva,Article utilisant une Infobox
Au\u0161rin\u0117 Trebait\u0117,https://fr.wikipedia.org/?curid=4901549,https://fr.wikipedia.org/wiki/Au\u0161rin\u0117 Trebait\u0117,Page utilisant P1813
Viktorija \u010cmilyt\u0117,https://fr.wikipedia.org/?curid=4896271,https://fr.wikipedia.org/wiki/Viktorija \u010cmilyt\u0117,Article utilisant une Infobox
Majida El Roumi,https://fr.wikipedia.org/?curid=4899546,https://fr.wikipedia.org/wiki/Majida El Roumi,Article utilisant une Infobox
Tsvetelina Zarkova,https://fr.wikipedia.org/?curid=4929483,https://fr.wikipedia.org/wiki/Tsvetelina Zarkova,Article utilisant une Infobox
Anna Knoroz,https://fr.wikipedia.org/?curid=4929029,https://fr.wikipedia.org/wiki/Anna Knoroz,Wikip\u00e9dia:\u00e9bauche athl\u00e8te russe
Mette Bergmann,https://fr.wikipedia.org/?curid=4929052,https://fr.wikipedia.org/wiki/Mette Bergmann,Wikip\u00e9dia:\u00e9bauche athl\u00e8te norv\u00e9gien
Jana Kramer,https://fr.wikipedia.org/?curid=4073238,https://fr.wikipedia.org/wiki/Jana Kramer,Wikip\u00e9dia:\u00e9bauche acteur am\u00e9ricain
Bruna Schmitz,https://fr.wikipedia.org/?curid=4074560,https://fr.wikipedia.org/wiki/Bruna Schmitz,Wikip\u00e9dia:\u00e9bauche surfeur br\u00e9silien
Zo\u00eb Kravitz,https://fr.wikipedia.org/?curid=5186697,https://fr.wikipedia.org/wiki/Zo\u00eb Kravitz,Article utilisant une Infobox
Marit Bj\u00f8rgen,https://fr.wikipedia.org/?curid=516021,https://fr.wikipedia.org/wiki/Marit Bj\u00f8rgen,Article utilisant une Infobox
Magdalena Pi\u0105tek,https://fr.wikipedia.org/?curid=5193592,https://fr.wikipedia.org/wiki/Magdalena Pi\u0105tek,Article utilisant une Infobox
Agnieszka Rabka,https://fr.wikipedia.org/?curid=5193878,https://fr.wikipedia.org/wiki/Agnieszka Rabka,Article utilisant une Infobox
V\u00e9ronique Collard,https://fr.wikipedia.org/?curid=5190574,https://fr.wikipedia.org/wiki/V\u00e9ronique Collard,Wikip\u00e9dia:\u00e9bauche athl\u00e8te belge
Dilara Bilge,https://fr.wikipedia.org/?curid=5190772,https://fr.wikipedia.org/wiki/Dilara Bilge,Article utilisant une Infobox
Ann Mercken,https://fr.wikipedia.org/?curid=5190801,https://fr.wikipedia.org/wiki/Ann Mercken,Wikip\u00e9dia:\u00e9bauche athl\u00e8te belge
Waisale Serevi,https://fr.wikipedia.org/?curid=519084,https://fr.wikipedia.org/wiki/Waisale Serevi,Article au ton dithyrambique
Charlene Choi,https://fr.wikipedia.org/?curid=5191189,https://fr.wikipedia.org/wiki/Charlene Choi,Article utilisant une Infobox
Sylvia Dethier,https://fr.wikipedia.org/?curid=5190916,https://fr.wikipedia.org/wiki/Sylvia Dethier,Wikip\u00e9dia:\u00e9bauche athl\u00e8te belge
Astia Walker,https://fr.wikipedia.org/?curid=5191093,https://fr.wikipedia.org/wiki/Astia Walker,Wikip\u00e9dia:\u00e9bauche athl\u00e8te jama\u00efcain
\u0160\u00e1rka Kub\u00ednov\u00e1,https://fr.wikipedia.org/?curid=5168194,https://fr.wikipedia.org/wiki/\u0160\u00e1rka Kub\u00ednov\u00e1,Article utilisant une Infobox
Vicky Parnov,https://fr.wikipedia.org/?curid=5199702,https://fr.wikipedia.org/wiki/Vicky Parnov,Wikip\u00e9dia:\u00e9bauche athl\u00e8te australien
Gilda Lombardo,https://fr.wikipedia.org/?curid=5202756,https://fr.wikipedia.org/wiki/Gilda Lombardo,Wikip\u00e9dia:\u00e9bauche joueuse italienne de volley-ball
Letizia Camera,https://fr.wikipedia.org/?curid=5200160,https://fr.wikipedia.org/wiki/Letizia Camera,Wikip\u00e9dia:\u00e9bauche joueuse italienne de volley-ball
Anita Kwiatkowska,https://fr.wikipedia.org/?curid=5200213,https://fr.wikipedia.org/wiki/Anita Kwiatkowska,Article utilisant une Infobox
Indre Sorokaite,https://fr.wikipedia.org/?curid=5185912,https://fr.wikipedia.org/wiki/Indre Sorokaite,Wikip\u00e9dia:\u00e9bauche joueuse italienne de volley-ball
Ezgi Da\u011fdelenler,https://fr.wikipedia.org/?curid=5185926,https://fr.wikipedia.org/wiki/Ezgi Da\u011fdelenler,Article utilisant une Infobox
Marleen Renders,https://fr.wikipedia.org/?curid=5186103,https://fr.wikipedia.org/wiki/Marleen Renders,Wikip\u00e9dia:\u00e9bauche athl\u00e8te belge
Bronwyn Eagles,https://fr.wikipedia.org/?curid=5188668,https://fr.wikipedia.org/wiki/Bronwyn Eagles,Wikip\u00e9dia:\u00e9bauche athl\u00e8te australien
Liste des joueuses de l'Entente sportive Basket de Villeneuve-d'Ascq - Lille M\u00e9tropole,https://fr.wikipedia.org/?curid=5189376,https://fr.wikipedia.org/wiki/Liste des joueuses de l'Entente sportive Basket de Villeneuve-d'Ascq - Lille M\u00e9tropole,Article avec une section vide ou incompl\u00e8te
Sonia Bisset,https://fr.wikipedia.org/?curid=5186412,https://fr.wikipedia.org/wiki/Sonia Bisset,Article \u00e0 illustrer Athl\u00e8te
Liste des \u00e9pouses des souverains de Hongrie,https://fr.wikipedia.org/?curid=5189621,https://fr.wikipedia.org/wiki/Liste des \u00e9pouses des souverains de Hongrie,Portail:Hongrie/Articles li\u00e9s
Suite PreCure,https://fr.wikipedia.org/?curid=5181740,https://fr.wikipedia.org/wiki/Suite PreCure,Wikip\u00e9dia:\u00e9bauche anime
Michelle Bachelet,https://fr.wikipedia.org/?curid=518183,https://fr.wikipedia.org/wiki/Michelle Bachelet,Article contenant un appel \u00e0 traduction en anglais
Lindsay Taylor,https://fr.wikipedia.org/?curid=5183798,https://fr.wikipedia.org/wiki/Lindsay Taylor,Article utilisant une Infobox
Ruan Lufei,https://fr.wikipedia.org/?curid=5185320,https://fr.wikipedia.org/wiki/Ruan Lufei,Page utilisant P569
Masako Chiba,https://fr.wikipedia.org/?curid=5184311,https://fr.wikipedia.org/wiki/Masako Chiba,Wikip\u00e9dia:\u00e9bauche athl\u00e8te japonais
Olga Fiodorova,https://fr.wikipedia.org/?curid=5184503,https://fr.wikipedia.org/wiki/Olga Fiodorova,Wikip\u00e9dia:\u00e9bauche bobsleigh
Kinga Kasprzak,https://fr.wikipedia.org/?curid=5195846,https://fr.wikipedia.org/wiki/Kinga Kasprzak,Article utilisant une Infobox
Funda Bilgi,https://fr.wikipedia.org/?curid=5195863,https://fr.wikipedia.org/wiki/Funda Bilgi,Article utilisant une Infobox
Dana Vollmer,https://fr.wikipedia.org/?curid=5197353,https://fr.wikipedia.org/wiki/Dana Vollmer,Article utilisant une Infobox
Elena Baltacha,https://fr.wikipedia.org/?curid=5190215,https://fr.wikipedia.org/wiki/Elena Baltacha,Article utilisant une Infobox
Iva Prandzheva,https://fr.wikipedia.org/?curid=5166608,https://fr.wikipedia.org/wiki/Iva Prandzheva,Article \u00e0 illustrer Athl\u00e8te
Olga Iefimova,https://fr.wikipedia.org/?curid=5166610,https://fr.wikipedia.org/wiki/Olga Iefimova,Article utilisant une Infobox
Ivana Mifkov\u00e1,https://fr.wikipedia.org/?curid=5162953,https://fr.wikipedia.org/wiki/Ivana Mifkov\u00e1,Article utilisant une Infobox
Olga Ryjova,https://fr.wikipedia.org/?curid=5163014,https://fr.wikipedia.org/wiki/Olga Ryjova,Article \u00e0 illustrer Joueur de volley-ball
\u00darsula Corber\u00f3,https://fr.wikipedia.org/?curid=5163060,https://fr.wikipedia.org/wiki/\u00darsula Corber\u00f3,Article utilisant une Infobox
Dorota \u015aciurka,https://fr.wikipedia.org/?curid=5168238,https://fr.wikipedia.org/wiki/Dorota \u015aciurka,Article utilisant une Infobox
Inna Razdobarina,https://fr.wikipedia.org/?curid=5168254,https://fr.wikipedia.org/wiki/Inna Razdobarina,Article \u00e0 illustrer Joueur de volley-ball
G\u00f6zde Dal,https://fr.wikipedia.org/?curid=5168272,https://fr.wikipedia.org/wiki/G\u00f6zde Dal,Article \u00e0 illustrer Joueur de volley-ball
Nadia Styger,https://fr.wikipedia.org/?curid=516935,https://fr.wikipedia.org/wiki/Nadia Styger,Wikip\u00e9dia:\u00e9bauche ski alpin
Felicity Galvez,https://fr.wikipedia.org/?curid=5166024,https://fr.wikipedia.org/wiki/Felicity Galvez,Wikip\u00e9dia:\u00e9bauche natation
Sabriye G\u00f6n\u00fclk\u0131rmaz,https://fr.wikipedia.org/?curid=5170551,https://fr.wikipedia.org/wiki/Sabriye G\u00f6n\u00fclk\u0131rmaz,Article utilisant une Infobox
Agata Witkowska,https://fr.wikipedia.org/?curid=5170572,https://fr.wikipedia.org/wiki/Agata Witkowska,Article utilisant une Infobox
Hanna Solovey,https://fr.wikipedia.org/?curid=5171914,https://fr.wikipedia.org/wiki/Hanna Solovey,Page utilisant P1813
Yr\u00e9tha Sil\u00e9t\u00e9,https://fr.wikipedia.org/?curid=5171931,https://fr.wikipedia.org/wiki/Yr\u00e9tha Sil\u00e9t\u00e9,Article manquant de r\u00e9f\u00e9rences depuis mai 2019
Nicole Arendt,https://fr.wikipedia.org/?curid=517230,https://fr.wikipedia.org/wiki/Nicole Arendt,Article \u00e0 illustrer Joueur de tennis
Tatiana Artmenko,https://fr.wikipedia.org/?curid=5172347,https://fr.wikipedia.org/wiki/Tatiana Artmenko,Article utilisant une Infobox
Agata Babicz,https://fr.wikipedia.org/?curid=5172379,https://fr.wikipedia.org/wiki/Agata Babicz,Article utilisant une Infobox
Olga Chouka\u00eflo,https://fr.wikipedia.org/?curid=5172400,https://fr.wikipedia.org/wiki/Olga Chouka\u00eflo,Article \u00e0 illustrer Joueur de volley-ball
Ya\u011fmur Erda\u00e7,https://fr.wikipedia.org/?curid=5172423,https://fr.wikipedia.org/wiki/Ya\u011fmur Erda\u00e7,Article utilisant une Infobox
Skylanders: Spyro's Adventure,https://fr.wikipedia.org/?curid=5163930,https://fr.wikipedia.org/wiki/Skylanders: Spyro's Adventure,Article contenant un lien mort
Jeanette Ottesen,https://fr.wikipedia.org/?curid=5180207,https://fr.wikipedia.org/wiki/Jeanette Ottesen,Article contenant un lien mort
Kalana Greene,https://fr.wikipedia.org/?curid=5180554,https://fr.wikipedia.org/wiki/Kalana Greene,Article utilisant une Infobox
Kylie Palmer,https://fr.wikipedia.org/?curid=5180753,https://fr.wikipedia.org/wiki/Kylie Palmer,Article utilisant une Infobox
Gulfiya Khanafeyeva,https://fr.wikipedia.org/?curid=5176681,https://fr.wikipedia.org/wiki/Gulfiya Khanafeyeva,Wikip\u00e9dia:\u00e9bauche athl\u00e8te russe
Akira Fubuki,https://fr.wikipedia.org/?curid=517700,https://fr.wikipedia.org/wiki/Akira Fubuki,Article utilisant une Infobox
Dorota Wilk,https://fr.wikipedia.org/?curid=5176362,https://fr.wikipedia.org/wiki/Dorota Wilk,Article utilisant une Infobox
Buse Kayacan,https://fr.wikipedia.org/?curid=5176413,https://fr.wikipedia.org/wiki/Buse Kayacan,Article \u00e0 illustrer Joueur de volley-ball
Andrea Miller,https://fr.wikipedia.org/?curid=5176577,https://fr.wikipedia.org/wiki/Andrea Miller,Wikip\u00e9dia:\u00e9bauche athl\u00e8te n\u00e9o-z\u00e9landais
Maeva M\u00e9line,https://fr.wikipedia.org/?curid=5174721,https://fr.wikipedia.org/wiki/Maeva M\u00e9line,Article utilisant une Infobox
Gillian O'Sullivan,https://fr.wikipedia.org/?curid=5177215,https://fr.wikipedia.org/wiki/Gillian O'Sullivan,Wikip\u00e9dia:\u00e9bauche athl\u00e8te irlandais
Urszula Bejga,https://fr.wikipedia.org/?curid=5174400,https://fr.wikipedia.org/wiki/Urszula Bejga,Article utilisant une Infobox
Dronavalli Harika,https://fr.wikipedia.org/?curid=5162498,https://fr.wikipedia.org/wiki/Dronavalli Harika,Wikip\u00e9dia:\u00e9bauche \u00e9checs
Agn\u00e8s Chiquet,https://fr.wikipedia.org/?curid=5164770,https://fr.wikipedia.org/wiki/Agn\u00e8s Chiquet,Article utilisant une Infobox
Veronika Hron\u010dekov\u00e1,https://fr.wikipedia.org/?curid=5164822,https://fr.wikipedia.org/wiki/Veronika Hron\u010dekov\u00e1,Article utilisant une Infobox
Viktoria Krougla\u00efa,https://fr.wikipedia.org/?curid=5161296,https://fr.wikipedia.org/wiki/Viktoria Krougla\u00efa,Article \u00e0 illustrer Joueur de volley-ball
Mariana Ayd\u0131n,https://fr.wikipedia.org/?curid=5159426,https://fr.wikipedia.org/wiki/Mariana Ayd\u0131n,Article utilisant une Infobox
Marta Szyma\u0144ska,https://fr.wikipedia.org/?curid=5159477,https://fr.wikipedia.org/wiki/Marta Szyma\u0144ska,Article utilisant une Infobox
Iekaterina Oudovitchenko,https://fr.wikipedia.org/?curid=5159485,https://fr.wikipedia.org/wiki/Iekaterina Oudovitchenko,Article \u00e0 illustrer Joueur de volley-ball
Natalia Sorokina,https://fr.wikipedia.org/?curid=512400,https://fr.wikipedia.org/wiki/Natalia Sorokina,Wikip\u00e9dia:\u00e9bauche biathlon
Celeste Bonin,https://fr.wikipedia.org/?curid=5137429,https://fr.wikipedia.org/wiki/Celeste Bonin,Page utilisant P27
Viktoria Kouziakina,https://fr.wikipedia.org/?curid=5137661,https://fr.wikipedia.org/wiki/Viktoria Kouziakina,Article \u00e0 illustrer Joueur de volley-ball
Marit Larsen,https://fr.wikipedia.org/?curid=5127445,https://fr.wikipedia.org/wiki/Marit Larsen,Article utilisant une Infobox
Monkey Island 2: LeChuck's Revenge,https://fr.wikipedia.org/?curid=51277,https://fr.wikipedia.org/wiki/Monkey Island 2: LeChuck's Revenge,Article contenant un lien mort
Sandra Ribeiro-Homo,https://fr.wikipedia.org/?curid=5140026,https://fr.wikipedia.org/wiki/Sandra Ribeiro-Homo,Wikip\u00e9dia:\u00e9bauche athl\u00e8te portugais
Pak Hyon-suk,https://fr.wikipedia.org/?curid=5157115,https://fr.wikipedia.org/wiki/Pak Hyon-suk,Wikip\u00e9dia:\u00e9bauche sportif
Olga Boukre\u00efeva,https://fr.wikipedia.org/?curid=5156118,https://fr.wikipedia.org/wiki/Olga Boukre\u00efeva,Article \u00e0 illustrer Joueur de volley-ball
Ezgi Kapdan,https://fr.wikipedia.org/?curid=5156134,https://fr.wikipedia.org/wiki/Ezgi Kapdan,Article utilisant une Infobox
Svetlana Ichmouratova,https://fr.wikipedia.org/?curid=515776,https://fr.wikipedia.org/wiki/Svetlana Ichmouratova,Article utilisant une Infobox
Merve G\u00fcla\u00e7,https://fr.wikipedia.org/?curid=5131896,https://fr.wikipedia.org/wiki/Merve G\u00fcla\u00e7,Article utilisant une Infobox
Anna Loubnina,https://fr.wikipedia.org/?curid=5131911,https://fr.wikipedia.org/wiki/Anna Loubnina,Article \u00e0 illustrer Joueur de volley-ball
Arantxa S\u00e1nchez Vicario,https://fr.wikipedia.org/?curid=513207,https://fr.wikipedia.org/wiki/Arantxa S\u00e1nchez Vicario,Article utilisant une Infobox
M\u00fcge Kurt,https://fr.wikipedia.org/?curid=5144540,https://fr.wikipedia.org/wiki/M\u00fcge Kurt,Article utilisant une Infobox
Anna Kouprianova,https://fr.wikipedia.org/?curid=5144584,https://fr.wikipedia.org/wiki/Anna Kouprianova,Article \u00e0 illustrer Joueur de volley-ball
Tatiana Svirina,https://fr.wikipedia.org/?curid=5144593,https://fr.wikipedia.org/wiki/Tatiana Svirina,Article \u00e0 illustrer Joueur de volley-ball
Anna Moisse\u00efenko,https://fr.wikipedia.org/?curid=5141733,https://fr.wikipedia.org/wiki/Anna Moisse\u00efenko,Article \u00e0 illustrer Joueur de volley-ball
Irina Iskoulova,https://fr.wikipedia.org/?curid=5141740,https://fr.wikipedia.org/wiki/Irina Iskoulova,Article \u00e0 illustrer Joueur de volley-ball
Camara Jones,https://fr.wikipedia.org/?curid=5140679,https://fr.wikipedia.org/wiki/Camara Jones,Wikip\u00e9dia:\u00e9bauche athl\u00e8te am\u00e9ricain
Karolina Ciaszkiewicz,https://fr.wikipedia.org/?curid=5127926,https://fr.wikipedia.org/wiki/Karolina Ciaszkiewicz,Article utilisant une Infobox
Maria Kouptchinska\u00efa,https://fr.wikipedia.org/?curid=5153806,https://fr.wikipedia.org/wiki/Maria Kouptchinska\u00efa,Article \u00e0 illustrer Joueur de volley-ball
Iouliana Liakounina,https://fr.wikipedia.org/?curid=5153818,https://fr.wikipedia.org/wiki/Iouliana Liakounina,Article \u00e0 illustrer Joueur de volley-ball
Hilal Yabuz,https://fr.wikipedia.org/?curid=5151805,https://fr.wikipedia.org/wiki/Hilal Yabuz,Article \u00e0 illustrer Joueur de volley-ball
Iekaterina Tretiakova,https://fr.wikipedia.org/?curid=5139606,https://fr.wikipedia.org/wiki/Iekaterina Tretiakova,Article \u00e0 illustrer Joueur de volley-ball
Tu\u011f\u00e7e At\u0131c\u0131,https://fr.wikipedia.org/?curid=5139623,https://fr.wikipedia.org/wiki/Tu\u011f\u00e7e At\u0131c\u0131,Article utilisant une Infobox
Aleksandra Kruk,https://fr.wikipedia.org/?curid=5150044,https://fr.wikipedia.org/wiki/Aleksandra Kruk,Article utilisant une Infobox
Mirco Bergamasco,https://fr.wikipedia.org/?curid=514946,https://fr.wikipedia.org/wiki/Mirco Bergamasco,Wikip\u00e9dia:\u00e9bauche joueur italien de rugby \u00e0 XV
\u00d6zge Tulu,https://fr.wikipedia.org/?curid=5147759,https://fr.wikipedia.org/wiki/\u00d6zge Tulu,Article utilisant une Infobox
Mutantes (F\u00e9minisme Porno Punk),https://fr.wikipedia.org/?curid=5147822,https://fr.wikipedia.org/wiki/Mutantes (F\u00e9minisme Porno Punk),Wikip\u00e9dia:\u00e9bauche documentaire
Nelly Furtado,https://fr.wikipedia.org/?curid=513405,https://fr.wikipedia.org/wiki/Nelly Furtado,Page utilisant P569
Yamna Belkacem,https://fr.wikipedia.org/?curid=5134400,https://fr.wikipedia.org/wiki/Yamna Belkacem,Article utilisant une Infobox
Katarzyna Konieczna,https://fr.wikipedia.org/?curid=5133606,https://fr.wikipedia.org/wiki/Katarzyna Konieczna,Article utilisant une Infobox
Iekaterina Orlova,https://fr.wikipedia.org/?curid=5133613,https://fr.wikipedia.org/wiki/Iekaterina Orlova,Article utilisant une Infobox
Olga Nossenko,https://fr.wikipedia.org/?curid=5133629,https://fr.wikipedia.org/wiki/Olga Nossenko,Article \u00e0 illustrer Joueur de volley-ball
P\u0131nar Eren,https://fr.wikipedia.org/?curid=5135862,https://fr.wikipedia.org/wiki/P\u0131nar Eren,Article utilisant une Infobox
Megan Easy,https://fr.wikipedia.org/?curid=5119234,https://fr.wikipedia.org/wiki/Megan Easy,Wikip\u00e9dia:\u00e9bauche joueuse am\u00e9ricaine de volley-ball
Sonia Gioria,https://fr.wikipedia.org/?curid=5119279,https://fr.wikipedia.org/wiki/Sonia Gioria,Wikip\u00e9dia:\u00e9bauche joueuse italienne de volley-ball
Noemi (chanteuse),https://fr.wikipedia.org/?curid=5121104,https://fr.wikipedia.org/wiki/Noemi (chanteuse),Page utilisant P569
Kati Wilhelm,https://fr.wikipedia.org/?curid=512664,https://fr.wikipedia.org/wiki/Kati Wilhelm,Article utilisant une Infobox
Sylvie Becaert,https://fr.wikipedia.org/?curid=512514,https://fr.wikipedia.org/wiki/Sylvie Becaert,Article utilisant une Infobox
Born This Way (chanson),https://fr.wikipedia.org/?curid=5130299,https://fr.wikipedia.org/wiki/Born This Way (chanson),Article utilisant une Infobox
Anna Matienko,https://fr.wikipedia.org/?curid=5122916,https://fr.wikipedia.org/wiki/Anna Matienko,Article utilisant une Infobox
Radostina Chitigoi,https://fr.wikipedia.org/?curid=5125426,https://fr.wikipedia.org/wiki/Radostina Chitigoi,Article \u00e0 illustrer Joueur de volley-ball
Alisha Glass,https://fr.wikipedia.org/?curid=5117615,https://fr.wikipedia.org/wiki/Alisha Glass,Wikip\u00e9dia:\u00e9bauche joueuse am\u00e9ricaine de volley-ball
Nelli Alicheva,https://fr.wikipedia.org/?curid=5117658,https://fr.wikipedia.org/wiki/Nelli Alicheva,Article utilisant une Infobox
Evelyn Stevens,https://fr.wikipedia.org/?curid=4977855,https://fr.wikipedia.org/wiki/Evelyn Stevens,Page utilisant P569
G\u00fclden Kayalar,https://fr.wikipedia.org/?curid=4975957,https://fr.wikipedia.org/wiki/G\u00fclden Kayalar,Article \u00e0 illustrer Joueur de volley-ball
Robin de Kruijf,https://fr.wikipedia.org/?curid=4978665,https://fr.wikipedia.org/wiki/Robin de Kruijf,Article utilisant une Infobox
Anastassia Markova,https://fr.wikipedia.org/?curid=5243228,https://fr.wikipedia.org/wiki/Anastassia Markova,Article utilisant une Infobox
Jenny Lavarda,https://fr.wikipedia.org/?curid=5246480,https://fr.wikipedia.org/wiki/Jenny Lavarda,Wikip\u00e9dia:\u00e9bauche escalade
Gergana Stoyanova,https://fr.wikipedia.org/?curid=5243947,https://fr.wikipedia.org/wiki/Gergana Stoyanova,Article \u00e0 illustrer Athl\u00e8te
Stefka Yordanova,https://fr.wikipedia.org/?curid=5244037,https://fr.wikipedia.org/wiki/Stefka Yordanova,Article \u00e0 illustrer Athl\u00e8te
Blair Evans,https://fr.wikipedia.org/?curid=5204265,https://fr.wikipedia.org/wiki/Blair Evans,Article \u00e0 illustrer Nageur
Christina Applegate,https://fr.wikipedia.org/?curid=522321,https://fr.wikipedia.org/wiki/Christina Applegate,Article utilisant une Infobox
Anna Sotnikova,https://fr.wikipedia.org/?curid=5223144,https://fr.wikipedia.org/wiki/Anna Sotnikova,Article \u00e0 illustrer Joueur de volley-ball
Tatyana Roslanova,https://fr.wikipedia.org/?curid=5225582,https://fr.wikipedia.org/wiki/Tatyana Roslanova,Wikip\u00e9dia:\u00e9bauche athl\u00e8te kazakh
Sina Schielke,https://fr.wikipedia.org/?curid=5224716,https://fr.wikipedia.org/wiki/Sina Schielke,Wikip\u00e9dia:\u00e9bauche athl\u00e8te allemand
Derya \u00c7ay\u0131rgan,https://fr.wikipedia.org/?curid=5221213,https://fr.wikipedia.org/wiki/Derya \u00c7ay\u0131rgan,Article utilisant une Infobox
Chiara Scarabelli,https://fr.wikipedia.org/?curid=5204757,https://fr.wikipedia.org/wiki/Chiara Scarabelli,Wikip\u00e9dia:\u00e9bauche joueuse italienne de volley-ball
Martina \u00datl\u00e1,https://fr.wikipedia.org/?curid=5204830,https://fr.wikipedia.org/wiki/Martina \u00datl\u00e1,Article \u00e0 illustrer Joueur de volley-ball
Maria Beloborodova,https://fr.wikipedia.org/?curid=5229632,https://fr.wikipedia.org/wiki/Maria Beloborodova,Article \u00e0 illustrer Joueur de volley-ball
Guzel Khubbieva,https://fr.wikipedia.org/?curid=5231630,https://fr.wikipedia.org/wiki/Guzel Khubbieva,Wikip\u00e9dia:\u00e9bauche athl\u00e8te ouzbek
Gizem Sancak,https://fr.wikipedia.org/?curid=5231743,https://fr.wikipedia.org/wiki/Gizem Sancak,Article \u00e0 illustrer Joueur de volley-ball
Kristina Gadschiew,https://fr.wikipedia.org/?curid=5232656,https://fr.wikipedia.org/wiki/Kristina Gadschiew,Wikip\u00e9dia:\u00e9bauche athl\u00e8te allemand
Premi\u00e8re dame de C\u00f4te d'Ivoire,https://fr.wikipedia.org/?curid=5232388,https://fr.wikipedia.org/wiki/Premi\u00e8re dame de C\u00f4te d'Ivoire,Portail:C\u00f4te d'Ivoire/Articles li\u00e9s
Julia Vial,https://fr.wikipedia.org/?curid=5233308,https://fr.wikipedia.org/wiki/Julia Vial,Page utilisant P569
Vera Jordanova,https://fr.wikipedia.org/?curid=5243059,https://fr.wikipedia.org/wiki/Vera Jordanova,Article utilisant une Infobox
Olessia Koulakova,https://fr.wikipedia.org/?curid=5238901,https://fr.wikipedia.org/wiki/Olessia Koulakova,Article utilisant une Infobox
Hana Novotni Ka\u0161i\u0107,https://fr.wikipedia.org/?curid=5238961,https://fr.wikipedia.org/wiki/Hana Novotni Ka\u0161i\u0107,Article utilisant une Infobox
Dorota Pykosz,https://fr.wikipedia.org/?curid=5238671,https://fr.wikipedia.org/wiki/Dorota Pykosz,Article utilisant une Infobox
Anastassia Salina,https://fr.wikipedia.org/?curid=5238695,https://fr.wikipedia.org/wiki/Anastassia Salina,Article \u00e0 illustrer Joueur de volley-ball
Candace McNamee,https://fr.wikipedia.org/?curid=5241027,https://fr.wikipedia.org/wiki/Candace McNamee,Wikip\u00e9dia:\u00e9bauche joueuse am\u00e9ricaine de volley-ball
\u00c9lodie White,https://fr.wikipedia.org/?curid=5241059,https://fr.wikipedia.org/wiki/\u00c9lodie White,Article \u00e0 illustrer Joueur de volley-ball
Nataliya Pyhyda,https://fr.wikipedia.org/?curid=5239634,https://fr.wikipedia.org/wiki/Nataliya Pyhyda,Wikip\u00e9dia:\u00e9bauche athl\u00e8te ukrainien
Anna Nazarova,https://fr.wikipedia.org/?curid=5241459,https://fr.wikipedia.org/wiki/Anna Nazarova,Wikip\u00e9dia:\u00e9bauche athl\u00e8te russe
La Couleur des sentiments (film),https://fr.wikipedia.org/?curid=5241912,https://fr.wikipedia.org/wiki/La Couleur des sentiments (film),Article utilisant une Infobox
Wu Lingmei,https://fr.wikipedia.org/?curid=5234620,https://fr.wikipedia.org/wiki/Wu Lingmei,Wikip\u00e9dia:\u00e9bauche athl\u00e8te chinois
Ievguenia Zagorets,https://fr.wikipedia.org/?curid=5236659,https://fr.wikipedia.org/wiki/Ievguenia Zagorets,Article \u00e0 illustrer Joueur de volley-ball
Gianella Marengo,https://fr.wikipedia.org/?curid=5235402,https://fr.wikipedia.org/wiki/Gianella Marengo,Article utilisant une Infobox
Mirela Corjeu\u021banu,https://fr.wikipedia.org/?curid=5234269,https://fr.wikipedia.org/wiki/Mirela Corjeu\u021banu,Article \u00e0 illustrer Joueur de volley-ball
Aneta Lemiesz,https://fr.wikipedia.org/?curid=5234340,https://fr.wikipedia.org/wiki/Aneta Lemiesz,Wikip\u00e9dia:\u00e9bauche athl\u00e8te polonais
Ye Shiwen,https://fr.wikipedia.org/?curid=5213203,https://fr.wikipedia.org/wiki/Ye Shiwen,Article utilisant une Infobox
Jamie Sal\u00e9,https://fr.wikipedia.org/?curid=522642,https://fr.wikipedia.org/wiki/Jamie Sal\u00e9,Article utilisant une Infobox
Natalija Gros,https://fr.wikipedia.org/?curid=5227462,https://fr.wikipedia.org/wiki/Natalija Gros,Article utilisant une Infobox
Maja Vidmar,https://fr.wikipedia.org/?curid=5227479,https://fr.wikipedia.org/wiki/Maja Vidmar,Article utilisant une Infobox
Svetlana Kazanina,https://fr.wikipedia.org/?curid=5227615,https://fr.wikipedia.org/wiki/Svetlana Kazanina,Wikip\u00e9dia:\u00e9bauche athl\u00e8te kazakh
Irina Karpova,https://fr.wikipedia.org/?curid=5229176,https://fr.wikipedia.org/wiki/Irina Karpova,Wikip\u00e9dia:\u00e9bauche athl\u00e8te kazakh
Sabrina Le Beauf,https://fr.wikipedia.org/?curid=522684,https://fr.wikipedia.org/wiki/Sabrina Le Beauf,Wikip\u00e9dia:\u00e9bauche acteur am\u00e9ricain
Zoe Jones,https://fr.wikipedia.org/?curid=5226912,https://fr.wikipedia.org/wiki/Zoe Jones,Article contenant un appel \u00e0 traduction en anglais
Tang Yi,https://fr.wikipedia.org/?curid=5206357,https://fr.wikipedia.org/wiki/Tang Yi,Article utilisant une Infobox
Zhao Jin,https://fr.wikipedia.org/?curid=5206577,https://fr.wikipedia.org/wiki/Zhao Jin,Article \u00e0 illustrer Nageur
Meike Babel,https://fr.wikipedia.org/?curid=521530,https://fr.wikipedia.org/wiki/Meike Babel,Article \u00e0 illustrer Joueur de tennis
Li Xuanxu,https://fr.wikipedia.org/?curid=5214287,https://fr.wikipedia.org/wiki/Li Xuanxu,Article \u00e0 illustrer Nageur
Liv Sansoz,https://fr.wikipedia.org/?curid=5214398,https://fr.wikipedia.org/wiki/Liv Sansoz,Article contenant un lien mort
Rachel Goh,https://fr.wikipedia.org/?curid=5214451,https://fr.wikipedia.org/wiki/Rachel Goh,Article \u00e0 illustrer Nageur
Jade Neilsen,https://fr.wikipedia.org/?curid=5214544,https://fr.wikipedia.org/wiki/Jade Neilsen,Article \u00e0 illustrer Nageur
Rhea Perlman,https://fr.wikipedia.org/?curid=522044,https://fr.wikipedia.org/wiki/Rhea Perlman,Article utilisant une Infobox
Lucia Bacchi,https://fr.wikipedia.org/?curid=5216877,https://fr.wikipedia.org/wiki/Lucia Bacchi,Wikip\u00e9dia:\u00e9bauche joueuse italienne de volley-ball
Sarah Hecken,https://fr.wikipedia.org/?curid=5219603,https://fr.wikipedia.org/wiki/Sarah Hecken,Article utilisant une Infobox
Leiston Pickett,https://fr.wikipedia.org/?curid=5214656,https://fr.wikipedia.org/wiki/Leiston Pickett,Article utilisant une Infobox
Liste des conjoints des souverains de Boh\u00eame,https://fr.wikipedia.org/?curid=5214852,https://fr.wikipedia.org/wiki/Liste des conjoints des souverains de Boh\u00eame,Portail:Tch\u00e9quie/Articles li\u00e9s
G\u00f6k\u00e7e Ulusoy,https://fr.wikipedia.org/?curid=5214985,https://fr.wikipedia.org/wiki/G\u00f6k\u00e7e Ulusoy,Article utilisant une Infobox
GEM (chanteuse),https://fr.wikipedia.org/?curid=5217566,https://fr.wikipedia.org/wiki/GEM (chanteuse),Article contenant un lien mort
Olena Ustymenko,https://fr.wikipedia.org/?curid=5216895,https://fr.wikipedia.org/wiki/Olena Ustymenko,Article utilisant une Infobox
Francesca Mari,https://fr.wikipedia.org/?curid=5218825,https://fr.wikipedia.org/wiki/Francesca Mari,Wikip\u00e9dia:\u00e9bauche joueuse italienne de volley-ball
Libu\u0161e Pr\u016f\u0161ov\u00e1,https://fr.wikipedia.org/?curid=5220747,https://fr.wikipedia.org/wiki/Libu\u0161e Pr\u016f\u0161ov\u00e1,Article \u00e0 illustrer Joueur de tennis
Li Zhesi,https://fr.wikipedia.org/?curid=5206654,https://fr.wikipedia.org/wiki/Li Zhesi,Article \u00e0 illustrer Nageur
Noemi Signorile,https://fr.wikipedia.org/?curid=5206717,https://fr.wikipedia.org/wiki/Noemi Signorile,Wikip\u00e9dia:\u00e9bauche joueuse italienne de volley-ball
Ji Liping,https://fr.wikipedia.org/?curid=5207399,https://fr.wikipedia.org/wiki/Ji Liping,Wikip\u00e9dia:\u00e9bauche natation
Caterina Fanzini,https://fr.wikipedia.org/?curid=5208708,https://fr.wikipedia.org/wiki/Caterina Fanzini,Wikip\u00e9dia:\u00e9bauche joueuse italienne de volley-ball
Mar\u00eda Jos\u00e9 Rienda Contreras,https://fr.wikipedia.org/?curid=520923,https://fr.wikipedia.org/wiki/Mar\u00eda Jos\u00e9 Rienda Contreras,Article utilisant une Infobox
Hilma Caldeira,https://fr.wikipedia.org/?curid=5250725,https://fr.wikipedia.org/wiki/Hilma Caldeira,Article \u00e0 illustrer Joueur de volley-ball
Siret Rits,https://fr.wikipedia.org/?curid=5250761,https://fr.wikipedia.org/wiki/Siret Rits,Article \u00e0 illustrer Joueur de volley-ball
Deborah Sosimenko,https://fr.wikipedia.org/?curid=5250812,https://fr.wikipedia.org/wiki/Deborah Sosimenko,Wikip\u00e9dia:\u00e9bauche athl\u00e8te australien
Dragana Bartula,https://fr.wikipedia.org/?curid=5110016,https://fr.wikipedia.org/wiki/Dragana Bartula,Article utilisant une Infobox
Marta W\u00f3jcik,https://fr.wikipedia.org/?curid=5110024,https://fr.wikipedia.org/wiki/Marta W\u00f3jcik,Article utilisant une Infobox
Iekaterina Lioubouchkina,https://fr.wikipedia.org/?curid=5110045,https://fr.wikipedia.org/wiki/Iekaterina Lioubouchkina,Article utilisant une Infobox
\u00c7i\u011fdem \u00d6ztoprak,https://fr.wikipedia.org/?curid=5110052,https://fr.wikipedia.org/wiki/\u00c7i\u011fdem \u00d6ztoprak,Article utilisant une Infobox
Brigitte Olivier,https://fr.wikipedia.org/?curid=5109559,https://fr.wikipedia.org/wiki/Brigitte Olivier,Page utilisant P569
Marie \u00c9lisabeth Veys,https://fr.wikipedia.org/?curid=5109570,https://fr.wikipedia.org/wiki/Marie \u00c9lisabeth Veys,Page utilisant P569
Charline Van Snick,https://fr.wikipedia.org/?curid=5109591,https://fr.wikipedia.org/wiki/Charline Van Snick,Article utilisant une Infobox
Daniela Costian,https://fr.wikipedia.org/?curid=5112645,https://fr.wikipedia.org/wiki/Daniela Costian,Wikip\u00e9dia:\u00e9bauche athl\u00e8te australien
Ioulia Morozova,https://fr.wikipedia.org/?curid=5115793,https://fr.wikipedia.org/wiki/Ioulia Morozova,Article utilisant une Infobox
Ya\u011fmur Ko\u00e7yi\u011fit,https://fr.wikipedia.org/?curid=5115813,https://fr.wikipedia.org/wiki/Ya\u011fmur Ko\u00e7yi\u011fit,Article utilisant une Infobox
Aleksandra Passynkova,https://fr.wikipedia.org/?curid=5114063,https://fr.wikipedia.org/wiki/Aleksandra Passynkova,Article utilisant une Infobox
Merve Ate\u015f,https://fr.wikipedia.org/?curid=5111902,https://fr.wikipedia.org/wiki/Merve Ate\u015f,Article \u00e0 illustrer Joueur de volley-ball
Ielena Zaroubina,https://fr.wikipedia.org/?curid=5111926,https://fr.wikipedia.org/wiki/Ielena Zaroubina,Article utilisant une Infobox
Katarzyna Kita,https://fr.wikipedia.org/?curid=5101510,https://fr.wikipedia.org/wiki/Katarzyna Kita,Wikip\u00e9dia:\u00e9bauche athl\u00e8te polonais
Alessandra Camarda,https://fr.wikipedia.org/?curid=5104317,https://fr.wikipedia.org/wiki/Alessandra Camarda,Wikip\u00e9dia:\u00e9bauche joueuse italienne de volley-ball
Joanna Mirek,https://fr.wikipedia.org/?curid=5104326,https://fr.wikipedia.org/wiki/Joanna Mirek,Article utilisant une Infobox
Asl\u0131 K\u00f6pr\u00fcl\u00fc,https://fr.wikipedia.org/?curid=5104343,https://fr.wikipedia.org/wiki/Asl\u0131 K\u00f6pr\u00fcl\u00fc,Article utilisant une Infobox
Sinem Karamuk,https://fr.wikipedia.org/?curid=5102311,https://fr.wikipedia.org/wiki/Sinem Karamuk,Article utilisant une Infobox
Lynda Carter,https://fr.wikipedia.org/?curid=510718,https://fr.wikipedia.org/wiki/Lynda Carter,Article \u00e0 r\u00e9f\u00e9rence insuffisante
Olga Potachova,https://fr.wikipedia.org/?curid=5099717,https://fr.wikipedia.org/wiki/Olga Potachova,Article \u00e0 illustrer Joueur de volley-ball
Gizem Giraygil,https://fr.wikipedia.org/?curid=5099982,https://fr.wikipedia.org/wiki/Gizem Giraygil,Article utilisant une Infobox
Florica Vulpe\u0219,https://fr.wikipedia.org/?curid=5097571,https://fr.wikipedia.org/wiki/Florica Vulpe\u0219,Article \u00e0 illustrer Sportif
Maria Brountseva,https://fr.wikipedia.org/?curid=5097056,https://fr.wikipedia.org/wiki/Maria Brountseva,Article utilisant une Infobox
Olabisi Afolabi,https://fr.wikipedia.org/?curid=5083968,https://fr.wikipedia.org/wiki/Olabisi Afolabi,Wikip\u00e9dia:\u00e9bauche athl\u00e8te nig\u00e9rian
Maria Jadan,https://fr.wikipedia.org/?curid=5093113,https://fr.wikipedia.org/wiki/Maria Jadan,Article \u00e0 illustrer Joueur de volley-ball
Michaela Dole\u017eelov\u00e1,https://fr.wikipedia.org/?curid=5090932,https://fr.wikipedia.org/wiki/Michaela Dole\u017eelov\u00e1,Article utilisant une Infobox
Irina Baskakova,https://fr.wikipedia.org/?curid=5090132,https://fr.wikipedia.org/wiki/Irina Baskakova,Wikip\u00e9dia:\u00e9bauche athl\u00e8te sovi\u00e9tique
G\u00f6zde Y\u0131lmaz,https://fr.wikipedia.org/?curid=5090459,https://fr.wikipedia.org/wiki/G\u00f6zde Y\u0131lmaz,Article \u00e0 illustrer Joueur de volley-ball
Ece G\u00f6ren,https://fr.wikipedia.org/?curid=5080419,https://fr.wikipedia.org/wiki/Ece G\u00f6ren,Article utilisant une Infobox
Diana Bolocco,https://fr.wikipedia.org/?curid=5088552,https://fr.wikipedia.org/wiki/Diana Bolocco,Wikip\u00e9dia:\u00e9bauche personnalit\u00e9 chilienne
Petronela Biksadsk\u00e1,https://fr.wikipedia.org/?curid=5087657,https://fr.wikipedia.org/wiki/Petronela Biksadsk\u00e1,Article \u00e0 illustrer Joueur de volley-ball
Mariya Itkina,https://fr.wikipedia.org/?curid=5089728,https://fr.wikipedia.org/wiki/Mariya Itkina,Article contenant un appel \u00e0 traduction en russe
Tamera Young,https://fr.wikipedia.org/?curid=5096019,https://fr.wikipedia.org/wiki/Tamera Young,Article utilisant une Infobox
Julie Kov\u00e1\u0159ov\u00e1,https://fr.wikipedia.org/?curid=5094953,https://fr.wikipedia.org/wiki/Julie Kov\u00e1\u0159ov\u00e1,Article \u00e0 illustrer Joueur de volley-ball
T\u00e9lie Mathiot,https://fr.wikipedia.org/?curid=5084497,https://fr.wikipedia.org/wiki/T\u00e9lie Mathiot,Wikip\u00e9dia:\u00e9bauche athl\u00e8te fran\u00e7ais
Lynda Tolbert,https://fr.wikipedia.org/?curid=5078821,https://fr.wikipedia.org/wiki/Lynda Tolbert,Wikip\u00e9dia:\u00e9bauche athl\u00e8te am\u00e9ricain
Brigitte Ardossi,https://fr.wikipedia.org/?curid=5078506,https://fr.wikipedia.org/wiki/Brigitte Ardossi,Wikip\u00e9dia:\u00e9bauche joueuse de basket-ball
Zhong Huandi,https://fr.wikipedia.org/?curid=5080598,https://fr.wikipedia.org/wiki/Zhong Huandi,Wikip\u00e9dia:\u00e9bauche athl\u00e8te chinois
Irina Mushailova,https://fr.wikipedia.org/?curid=5080779,https://fr.wikipedia.org/wiki/Irina Mushailova,Wikip\u00e9dia:\u00e9bauche athl\u00e8te russe
Yekaterina Kulikova,https://fr.wikipedia.org/?curid=5077682,https://fr.wikipedia.org/wiki/Yekaterina Kulikova,Wikip\u00e9dia:\u00e9bauche athl\u00e8te russe
Ravilya Agletdinova,https://fr.wikipedia.org/?curid=5077326,https://fr.wikipedia.org/wiki/Ravilya Agletdinova,Page utilisant P569
Mink Stole,https://fr.wikipedia.org/?curid=5085290,https://fr.wikipedia.org/wiki/Mink Stole,Article contenant un appel \u00e0 traduction en anglais
Olena Zhupina,https://fr.wikipedia.org/?curid=496677,https://fr.wikipedia.org/wiki/Olena Zhupina,Article \u00e0 illustrer Sportif
Isabella Zilio,https://fr.wikipedia.org/?curid=5020567,https://fr.wikipedia.org/wiki/Isabella Zilio,Wikip\u00e9dia:\u00e9bauche joueuse italienne de volley-ball
Sarah Petrausch,https://fr.wikipedia.org/?curid=5037538,https://fr.wikipedia.org/wiki/Sarah Petrausch,Article \u00e0 illustrer Joueur de volley-ball
Judith Blansjaar,https://fr.wikipedia.org/?curid=5037554,https://fr.wikipedia.org/wiki/Judith Blansjaar,Article \u00e0 illustrer Joueur de volley-ball
Isabelle Brasseur,https://fr.wikipedia.org/?curid=503814,https://fr.wikipedia.org/wiki/Isabelle Brasseur,Wikip\u00e9dia:\u00e9bauche patinage artistique
Ielena Sennikova,https://fr.wikipedia.org/?curid=5039666,https://fr.wikipedia.org/wiki/Ielena Sennikova,Article \u00e0 illustrer Joueur de volley-ball
Theresia Kiesl,https://fr.wikipedia.org/?curid=4947773,https://fr.wikipedia.org/wiki/Theresia Kiesl,Wikip\u00e9dia:\u00e9bauche athl\u00e8te autrichien
Jolien D'Hoore,https://fr.wikipedia.org/?curid=4948073,https://fr.wikipedia.org/wiki/Jolien D'Hoore,Page utilisant P569
Natalia Koulikova,https://fr.wikipedia.org/?curid=4949884,https://fr.wikipedia.org/wiki/Natalia Koulikova,Article \u00e0 illustrer Joueur de volley-ball
Karina Ocasio,https://fr.wikipedia.org/?curid=4949934,https://fr.wikipedia.org/wiki/Karina Ocasio,Article utilisant une Infobox
Naomi (catch),https://fr.wikipedia.org/?curid=4949935,https://fr.wikipedia.org/wiki/Naomi (catch),Article \u00e0 recycler/Liste compl\u00e8te
Chihiro Hara,https://fr.wikipedia.org/?curid=4983863,https://fr.wikipedia.org/wiki/Chihiro Hara,Article utilisant une Infobox
