Name,URL1,URL2,First Category
Magos Herrera,https://fr.wikipedia.org/?curid=13853867,https://fr.wikipedia.org/wiki/Magos Herrera,Wikip\u00e9dia:\u00e9bauche chanteur mexicain
Jo Dee Messina,https://fr.wikipedia.org/?curid=13844505,https://fr.wikipedia.org/wiki/Jo Dee Messina,Article utilisant une Infobox
Grete Ingeborg Nykkelmo,https://fr.wikipedia.org/?curid=1383969,https://fr.wikipedia.org/wiki/Grete Ingeborg Nykkelmo,Wikip\u00e9dia:\u00e9bauche ski de fond
Lee Ji-ah,https://fr.wikipedia.org/?curid=13845960,https://fr.wikipedia.org/wiki/Lee Ji-ah,Page utilisant P569
Margaret Varner Bloss,https://fr.wikipedia.org/?curid=1384634,https://fr.wikipedia.org/wiki/Margaret Varner Bloss,Article \u00e0 illustrer Joueur de tennis
Lee Tae-ran,https://fr.wikipedia.org/?curid=13846407,https://fr.wikipedia.org/wiki/Lee Tae-ran,Page utilisant P569
Marte Leinan Lund,https://fr.wikipedia.org/?curid=13843117,https://fr.wikipedia.org/wiki/Marte Leinan Lund,Article utilisant une Infobox
Kathleen Atkinson,https://fr.wikipedia.org/?curid=1384005,https://fr.wikipedia.org/wiki/Kathleen Atkinson,Article \u00e0 illustrer Joueur de tennis
Tony Award du meilleur second r\u00f4le f\u00e9minin dans une com\u00e9die musicale,https://fr.wikipedia.org/?curid=13837267,https://fr.wikipedia.org/wiki/Tony Award du meilleur second r\u00f4le f\u00e9minin dans une com\u00e9die musicale,Article contenant un appel \u00e0 traduction en anglais
Anne-Marie Dias Borges,https://fr.wikipedia.org/?curid=14090018,https://fr.wikipedia.org/wiki/Anne-Marie Dias Borges,Page utilisant P569
Coline Mattel,https://fr.wikipedia.org/?curid=1409999,https://fr.wikipedia.org/wiki/Coline Mattel,Article utilisant une Infobox
Ce'Aira Brown,https://fr.wikipedia.org/?curid=14099429,https://fr.wikipedia.org/wiki/Ce'Aira Brown,Article utilisant une Infobox
Liste des femmes astronautes,https://fr.wikipedia.org/?curid=14104728,https://fr.wikipedia.org/wiki/Liste des femmes astronautes,Article contenant un appel \u00e0 traduction en anglais
Meryl O'Hara Wood,https://fr.wikipedia.org/?curid=1410294,https://fr.wikipedia.org/wiki/Meryl O'Hara Wood,Article utilisant une Infobox
H\u00e9l\u00e8ne Monastier,https://fr.wikipedia.org/?curid=1407941,https://fr.wikipedia.org/wiki/H\u00e9l\u00e8ne Monastier,Page utilisant P569
Winifred Beamish,https://fr.wikipedia.org/?curid=1407955,https://fr.wikipedia.org/wiki/Winifred Beamish,Article utilisant une Infobox
Aino-Kaisa Pekonen,https://fr.wikipedia.org/?curid=14078291,https://fr.wikipedia.org/wiki/Aino-Kaisa Pekonen,Wikip\u00e9dia:\u00e9bauche personnalit\u00e9 politique finlandaise
Beata Pacut,https://fr.wikipedia.org/?curid=14080894,https://fr.wikipedia.org/wiki/Beata Pacut,Wikip\u00e9dia:\u00e9bauche personnalit\u00e9 polonaise
\u00c9velyne Terras,https://fr.wikipedia.org/?curid=1407792,https://fr.wikipedia.org/wiki/\u00c9velyne Terras,Article utilisant une Infobox
Ingrid Aceit\u00f3n,https://fr.wikipedia.org/?curid=14077943,https://fr.wikipedia.org/wiki/Ingrid Aceit\u00f3n,Page utilisant P569
L\u00e9a Fontaine,https://fr.wikipedia.org/?curid=14080131,https://fr.wikipedia.org/wiki/L\u00e9a Fontaine,Wikip\u00e9dia:\u00e9bauche judo
Bobbie Heine,https://fr.wikipedia.org/?curid=1408024,https://fr.wikipedia.org/wiki/Bobbie Heine,Article utilisant une Infobox
Lee Na-young,https://fr.wikipedia.org/?curid=14080243,https://fr.wikipedia.org/wiki/Lee Na-young,Article \u00e0 wikifier depuis avril 2021
Peggy Saunders,https://fr.wikipedia.org/?curid=1408051,https://fr.wikipedia.org/wiki/Peggy Saunders,Article utilisant une Infobox
Robyn Ebbern,https://fr.wikipedia.org/?curid=1407882,https://fr.wikipedia.org/wiki/Robyn Ebbern,Article utilisant une Infobox
Ang\u00e9la N\u00e9meth,https://fr.wikipedia.org/?curid=1408259,https://fr.wikipedia.org/wiki/Ang\u00e9la N\u00e9meth,Wikip\u00e9dia:\u00e9bauche athl\u00e8te hongrois
Krithi Shetty,https://fr.wikipedia.org/?curid=14085433,https://fr.wikipedia.org/wiki/Krithi Shetty,Page utilisant P19
Premi\u00e8re dame du Guyana,https://fr.wikipedia.org/?curid=14085794,https://fr.wikipedia.org/wiki/Premi\u00e8re dame du Guyana,Wikip\u00e9dia:\u00e9bauche Guyana
Cara Pifko,https://fr.wikipedia.org/?curid=14094130,https://fr.wikipedia.org/wiki/Cara Pifko,Page utilisant P569
Daria Snigur,https://fr.wikipedia.org/?curid=14074483,https://fr.wikipedia.org/wiki/Daria Snigur,Article utilisant une Infobox
Vicky McClure,https://fr.wikipedia.org/?curid=14067851,https://fr.wikipedia.org/wiki/Vicky McClure,Wikip\u00e9dia:\u00e9bauche acteur britannique
Anri Kawamura,https://fr.wikipedia.org/?curid=14067985,https://fr.wikipedia.org/wiki/Anri Kawamura,Article \u00e0 illustrer Sportif
Shashikala,https://fr.wikipedia.org/?curid=14072840,https://fr.wikipedia.org/wiki/Shashikala,Page utilisant P569
Adele Bloch-Bauer,https://fr.wikipedia.org/?curid=14060403,https://fr.wikipedia.org/wiki/Adele Bloch-Bauer,Article contenant un appel \u00e0 traduction en allemand
Free Woman,https://fr.wikipedia.org/?curid=14071324,https://fr.wikipedia.org/wiki/Free Woman,Article \u00e0 wikifier depuis avril 2021
Yasmine Abderrahim,https://fr.wikipedia.org/?curid=14072459,https://fr.wikipedia.org/wiki/Yasmine Abderrahim,Article contenant un lien mort
Caitriona Balfe,https://fr.wikipedia.org/?curid=1407257,https://fr.wikipedia.org/wiki/Caitriona Balfe,Article utilisant une Infobox
Emma Ribom,https://fr.wikipedia.org/?curid=14059402,https://fr.wikipedia.org/wiki/Emma Ribom,Article utilisant une Infobox
Tania Dixon,https://fr.wikipedia.org/?curid=14059858,https://fr.wikipedia.org/wiki/Tania Dixon,Page utilisant P569
Lovisa Modig,https://fr.wikipedia.org/?curid=14063573,https://fr.wikipedia.org/wiki/Lovisa Modig,Wikip\u00e9dia:\u00e9bauche ski de fond
Misaki Emura,https://fr.wikipedia.org/?curid=14063756,https://fr.wikipedia.org/wiki/Misaki Emura,Article \u00e0 illustrer Escrimeur
Michelle Leservoisier,https://fr.wikipedia.org/?curid=14061603,https://fr.wikipedia.org/wiki/Michelle Leservoisier,Article \u00e0 illustrer Athl\u00e8te
Elvira R\u00edos,https://fr.wikipedia.org/?curid=13898286,https://fr.wikipedia.org/wiki/Elvira R\u00edos,Page utilisant P569
OK Not to Be OK,https://fr.wikipedia.org/?curid=13681625,https://fr.wikipedia.org/wiki/OK Not to Be OK,Wikip\u00e9dia:\u00e9bauche chanson
Olga Zavyalova,https://fr.wikipedia.org/?curid=1369688,https://fr.wikipedia.org/wiki/Olga Zavyalova,Wikip\u00e9dia:\u00e9bauche ski de fond
Mame Bineta Sane,https://fr.wikipedia.org/?curid=13711819,https://fr.wikipedia.org/wiki/Mame Bineta Sane,Page utilisant P569
S\u00e1ra Ka\u0148kovsk\u00e1,https://fr.wikipedia.org/?curid=13711938,https://fr.wikipedia.org/wiki/S\u00e1ra Ka\u0148kovsk\u00e1,Page utilisant P569
Silvia Zanardi,https://fr.wikipedia.org/?curid=13711944,https://fr.wikipedia.org/wiki/Silvia Zanardi,Page utilisant P569
Plastic Hearts,https://fr.wikipedia.org/?curid=13654812,https://fr.wikipedia.org/wiki/Plastic Hearts,Article utilisant une Infobox
Liste des comtesses et duchesses du Maine,https://fr.wikipedia.org/?curid=13652299,https://fr.wikipedia.org/wiki/Liste des comtesses et duchesses du Maine,Portail:Histoire/Articles li\u00e9s
Manuela Gostner,https://fr.wikipedia.org/?curid=13686823,https://fr.wikipedia.org/wiki/Manuela Gostner,Article utilisant une Infobox
Gotytom Gebreslase,https://fr.wikipedia.org/?curid=13701111,https://fr.wikipedia.org/wiki/Gotytom Gebreslase,Wikip\u00e9dia:\u00e9bauche athl\u00e8te \u00e9thiopien
Bartier Cardi,https://fr.wikipedia.org/?curid=13701483,https://fr.wikipedia.org/wiki/Bartier Cardi,Article contenant un appel \u00e0 traduction en anglais
Shirine Boukli,https://fr.wikipedia.org/?curid=13715162,https://fr.wikipedia.org/wiki/Shirine Boukli,Wikip\u00e9dia:\u00e9bauche judo
The Squad,https://fr.wikipedia.org/?curid=13684384,https://fr.wikipedia.org/wiki/The Squad,Traduction \u00e0 revoir
Choo Mi-ae,https://fr.wikipedia.org/?curid=13688493,https://fr.wikipedia.org/wiki/Choo Mi-ae,Page utilisant des donn\u00e9es de Wikidata \u00e0 traduire de l'anglais
Fever (chanson de Dua Lipa et Ang\u00e8le),https://fr.wikipedia.org/?curid=13685452,https://fr.wikipedia.org/wiki/Fever (chanson de Dua Lipa et Ang\u00e8le),Article utilisant une Infobox
Ta reine,https://fr.wikipedia.org/?curid=13685488,https://fr.wikipedia.org/wiki/Ta reine,Article utilisant une Infobox
Lena Raine,https://fr.wikipedia.org/?curid=13686228,https://fr.wikipedia.org/wiki/Lena Raine,Article utilisant une Infobox
Bae Hyun-jin,https://fr.wikipedia.org/?curid=13689162,https://fr.wikipedia.org/wiki/Bae Hyun-jin,Page utilisant des donn\u00e9es de Wikidata \u00e0 traduire de l'anglais
Vikash Dhorasoo,https://fr.wikipedia.org/?curid=136199,https://fr.wikipedia.org/wiki/Vikash Dhorasoo,Article contenant un lien mort
Emmy Putzinger,https://fr.wikipedia.org/?curid=13614165,https://fr.wikipedia.org/wiki/Emmy Putzinger,Article \u00e0 illustrer Patineur artistique
Sandrine Br\u00e9tigny,https://fr.wikipedia.org/?curid=1361044,https://fr.wikipedia.org/wiki/Sandrine Br\u00e9tigny,Article utilisant une Infobox
Jacqueline Martel,https://fr.wikipedia.org/?curid=1479391,https://fr.wikipedia.org/wiki/Jacqueline Martel,Page utilisant P569
Linda Fruhvirtov\u00e1,https://fr.wikipedia.org/?curid=14776842,https://fr.wikipedia.org/wiki/Linda Fruhvirtov\u00e1,Article utilisant une Infobox
Katie Boyle,https://fr.wikipedia.org/?curid=14778338,https://fr.wikipedia.org/wiki/Katie Boyle,Page utilisant P569
Jessica Schilder,https://fr.wikipedia.org/?curid=14778828,https://fr.wikipedia.org/wiki/Jessica Schilder,Wikip\u00e9dia:\u00e9bauche athl\u00e8te n\u00e9erlandais
Marysette Agnel,https://fr.wikipedia.org/?curid=1479575,https://fr.wikipedia.org/wiki/Marysette Agnel,Wikip\u00e9dia:\u00e9bauche ski alpin
Andr\u00e9e Tournier,https://fr.wikipedia.org/?curid=1479683,https://fr.wikipedia.org/wiki/Andr\u00e9e Tournier,Page utilisant P569
Delicious Party Pretty Cure,https://fr.wikipedia.org/?curid=15100502,https://fr.wikipedia.org/wiki/Delicious Party Pretty Cure,Wikip\u00e9dia:\u00e9bauche anime
Claire Guichard,https://fr.wikipedia.org/?curid=15097590,https://fr.wikipedia.org/wiki/Claire Guichard,Article utilisant une Infobox
Najat Badri,https://fr.wikipedia.org/?curid=15099258,https://fr.wikipedia.org/wiki/Najat Badri,Wikip\u00e9dia:\u00e9bauche footballeuse
Chaymaa Mourtaji,https://fr.wikipedia.org/?curid=15099672,https://fr.wikipedia.org/wiki/Chaymaa Mourtaji,Wikip\u00e9dia:\u00e9bauche footballeuse
Sofia Bouftini,https://fr.wikipedia.org/?curid=15096145,https://fr.wikipedia.org/wiki/Sofia Bouftini,Article utilisant une Infobox
Miranda Coetzee,https://fr.wikipedia.org/?curid=15043611,https://fr.wikipedia.org/wiki/Miranda Coetzee,Wikip\u00e9dia:\u00e9bauche athl\u00e8te sud-africain
Mir\u00e8 Reinstorf,https://fr.wikipedia.org/?curid=15043654,https://fr.wikipedia.org/wiki/Mir\u00e8 Reinstorf,Wikip\u00e9dia:\u00e9bauche athl\u00e8te sud-africain
Vlada Kharkova,https://fr.wikipedia.org/?curid=15044027,https://fr.wikipedia.org/wiki/Vlada Kharkova,Article \u00e0 illustrer Escrimeur
Francesca Pasquini,https://fr.wikipedia.org/?curid=15046061,https://fr.wikipedia.org/wiki/Francesca Pasquini,Article \u00e0 illustrer Personnalit\u00e9 politique
Sabrina Sebaihi,https://fr.wikipedia.org/?curid=15046137,https://fr.wikipedia.org/wiki/Sabrina Sebaihi,Article \u00e0 illustrer Personnalit\u00e9 politique
Katiana Levavasseur,https://fr.wikipedia.org/?curid=15046215,https://fr.wikipedia.org/wiki/Katiana Levavasseur,Article utilisant une Infobox
Sara Fantini,https://fr.wikipedia.org/?curid=15045010,https://fr.wikipedia.org/wiki/Sara Fantini,Wikip\u00e9dia:\u00e9bauche athl\u00e9tisme
Laurence Cristol,https://fr.wikipedia.org/?curid=15045455,https://fr.wikipedia.org/wiki/Laurence Cristol,Article \u00e0 illustrer Personnalit\u00e9 politique
Anne Stambach-Terrenoir,https://fr.wikipedia.org/?curid=15045465,https://fr.wikipedia.org/wiki/Anne Stambach-Terrenoir,Article \u00e0 illustrer Personnalit\u00e9 politique
Saly Sarr,https://fr.wikipedia.org/?curid=15043037,https://fr.wikipedia.org/wiki/Saly Sarr,Article \u00e0 illustrer Athl\u00e8te
Nora Monie,https://fr.wikipedia.org/?curid=15043087,https://fr.wikipedia.org/wiki/Nora Monie,Article utilisant une Infobox
Yousra Lajdoud,https://fr.wikipedia.org/?curid=15043215,https://fr.wikipedia.org/wiki/Yousra Lajdoud,Article \u00e0 illustrer Athl\u00e8te
\u00c9milie Chandler,https://fr.wikipedia.org/?curid=15045661,https://fr.wikipedia.org/wiki/\u00c9milie Chandler,Article \u00e0 illustrer Personnalit\u00e9 politique
Emma V\u00e4\u00e4n\u00e4nen,https://fr.wikipedia.org/?curid=15042887,https://fr.wikipedia.org/wiki/Emma V\u00e4\u00e4n\u00e4nen,Page utilisant P569
Ildik\u00f3 Wermescher,https://fr.wikipedia.org/?curid=14983079,https://fr.wikipedia.org/wiki/Ildik\u00f3 Wermescher,Article \u00e0 illustrer Athl\u00e8te
Th\u00e9r\u00e8se Leduc (skieuse),https://fr.wikipedia.org/?curid=15087532,https://fr.wikipedia.org/wiki/Th\u00e9r\u00e8se Leduc (skieuse),Article \u00e0 illustrer Sportif
Dorothy Head,https://fr.wikipedia.org/?curid=1310148,https://fr.wikipedia.org/wiki/Dorothy Head,Article \u00e0 illustrer Joueur de tennis
Bertha Townsend,https://fr.wikipedia.org/?curid=1310466,https://fr.wikipedia.org/wiki/Bertha Townsend,Article utilisant une Infobox
Imene Atif,https://fr.wikipedia.org/?curid=13128522,https://fr.wikipedia.org/wiki/Imene Atif,Page utilisant P569
Regina Oja,https://fr.wikipedia.org/?curid=13136805,https://fr.wikipedia.org/wiki/Regina Oja,Wikip\u00e9dia:\u00e9bauche biathlon
Lorenne Teixeira,https://fr.wikipedia.org/?curid=13136807,https://fr.wikipedia.org/wiki/Lorenne Teixeira,Article \u00e0 illustrer Joueur de volley-ball
Liya Silver,https://fr.wikipedia.org/?curid=13136899,https://fr.wikipedia.org/wiki/Liya Silver,Page utilisant P569
Mich\u00e8le Rubirola,https://fr.wikipedia.org/?curid=13143404,https://fr.wikipedia.org/wiki/Mich\u00e8le Rubirola,Article utilisant une Infobox
Gloria Agblemagnon,https://fr.wikipedia.org/?curid=13142798,https://fr.wikipedia.org/wiki/Gloria Agblemagnon,Article \u00e0 illustrer Athl\u00e8te
Barbara Yung,https://fr.wikipedia.org/?curid=13142850,https://fr.wikipedia.org/wiki/Barbara Yung,Article \u00e0 illustrer Personnalit\u00e9 du cin\u00e9ma
Isa Briones,https://fr.wikipedia.org/?curid=13085026,https://fr.wikipedia.org/wiki/Isa Briones,Article utilisant une Infobox
Paula Cristina,https://fr.wikipedia.org/?curid=13091237,https://fr.wikipedia.org/wiki/Paula Cristina,Article \u00e0 illustrer Footballeur
Margaret Scriven,https://fr.wikipedia.org/?curid=1310221,https://fr.wikipedia.org/wiki/Margaret Scriven,Article utilisant une Infobox
Lucienne N\u2019Da,https://fr.wikipedia.org/?curid=1311155,https://fr.wikipedia.org/wiki/Lucienne N\u2019Da,Article \u00e0 illustrer Athl\u00e8te
Sharon Redd,https://fr.wikipedia.org/?curid=13108659,https://fr.wikipedia.org/wiki/Sharon Redd,Page utilisant P569
Electra et Elise Avell\u00e1n,https://fr.wikipedia.org/?curid=13109412,https://fr.wikipedia.org/wiki/Electra et Elise Avell\u00e1n,Page utilisant P2031
Maud Banks,https://fr.wikipedia.org/?curid=1314132,https://fr.wikipedia.org/wiki/Maud Banks,Article \u00e0 illustrer Joueur de tennis
Angela Wiedl,https://fr.wikipedia.org/?curid=13156754,https://fr.wikipedia.org/wiki/Angela Wiedl,Article utilisant une Infobox
Asmaa Mahmoud,https://fr.wikipedia.org/?curid=13157726,https://fr.wikipedia.org/wiki/Asmaa Mahmoud,Wikip\u00e9dia:\u00e9bauche karat\u00e9
Steffani Otiniano,https://fr.wikipedia.org/?curid=13155009,https://fr.wikipedia.org/wiki/Steffani Otiniano,Wikip\u00e9dia:\u00e9bauche footballeuse
Anju Nakamura,https://fr.wikipedia.org/?curid=13155329,https://fr.wikipedia.org/wiki/Anju Nakamura,Wikip\u00e9dia:\u00e9bauche combin\u00e9 nordique
Kristina Reztsova,https://fr.wikipedia.org/?curid=13155590,https://fr.wikipedia.org/wiki/Kristina Reztsova,Wikip\u00e9dia:\u00e9bauche sportif russe
Louise Quinn,https://fr.wikipedia.org/?curid=13157475,https://fr.wikipedia.org/wiki/Louise Quinn,Article utilisant une Infobox
Loubna Mekdas,https://fr.wikipedia.org/?curid=13157496,https://fr.wikipedia.org/wiki/Loubna Mekdas,Wikip\u00e9dia:\u00e9bauche karat\u00e9
Keerthi Reddy,https://fr.wikipedia.org/?curid=13119531,https://fr.wikipedia.org/wiki/Keerthi Reddy,Wikip\u00e9dia:\u00e9bauche acteur indien
Cristina Scolari,https://fr.wikipedia.org/?curid=13119705,https://fr.wikipedia.org/wiki/Cristina Scolari,Wikip\u00e9dia:\u00e9bauche athl\u00e8te italien
Sonja Ald\u00e9n,https://fr.wikipedia.org/?curid=13117282,https://fr.wikipedia.org/wiki/Sonja Ald\u00e9n,Page utilisant P569
Dotter,https://fr.wikipedia.org/?curid=13117331,https://fr.wikipedia.org/wiki/Dotter,Page utilisant P569
Deborah Ann Morgan,https://fr.wikipedia.org/?curid=13116920,https://fr.wikipedia.org/wiki/Deborah Ann Morgan,Page utilisant P569
Lisa Adams,https://fr.wikipedia.org/?curid=13148244,https://fr.wikipedia.org/wiki/Lisa Adams,Article \u00e0 illustrer Athl\u00e8te
Pierina N\u00fa\u00f1ez,https://fr.wikipedia.org/?curid=13146749,https://fr.wikipedia.org/wiki/Pierina N\u00fa\u00f1ez,Wikip\u00e9dia:\u00e9bauche footballeuse
Tifany Roux,https://fr.wikipedia.org/?curid=13147767,https://fr.wikipedia.org/wiki/Tifany Roux,Article utilisant une Infobox
Yikes,https://fr.wikipedia.org/?curid=13145962,https://fr.wikipedia.org/wiki/Yikes,Article utilisant une Infobox
Mohamed Islam Bouglia,https://fr.wikipedia.org/?curid=13143600,https://fr.wikipedia.org/wiki/Mohamed Islam Bouglia,Wikip\u00e9dia:\u00e9bauche triathl\u00e8te
Chromatica,https://fr.wikipedia.org/?curid=13160965,https://fr.wikipedia.org/wiki/Chromatica,Article utilisant une Infobox
Lily Partridge,https://fr.wikipedia.org/?curid=13159710,https://fr.wikipedia.org/wiki/Lily Partridge,Wikip\u00e9dia:\u00e9bauche athl\u00e9tisme
Ababel Yeshaneh,https://fr.wikipedia.org/?curid=13161540,https://fr.wikipedia.org/wiki/Ababel Yeshaneh,Article utilisant une Infobox
Xu Huiqin,https://fr.wikipedia.org/?curid=13158655,https://fr.wikipedia.org/wiki/Xu Huiqin,Wikip\u00e9dia:\u00e9bauche athl\u00e8te chinois
Lynn El Hayek,https://fr.wikipedia.org/?curid=13180993,https://fr.wikipedia.org/wiki/Lynn El Hayek,Page utilisant P569
Liste des duchesses de Calabre,https://fr.wikipedia.org/?curid=13202003,https://fr.wikipedia.org/wiki/Liste des duchesses de Calabre,Portail:Naples/Articles li\u00e9s
Natalie Uy,https://fr.wikipedia.org/?curid=13203918,https://fr.wikipedia.org/wiki/Natalie Uy,Article \u00e0 illustrer Sportif
Lee Na-eun,https://fr.wikipedia.org/?curid=13204798,https://fr.wikipedia.org/wiki/Lee Na-eun,Article utilisant une Infobox
Karen Smadja-Cl\u00e9ment,https://fr.wikipedia.org/?curid=13190860,https://fr.wikipedia.org/wiki/Karen Smadja-Cl\u00e9ment,Article \u00e0 illustrer Sportif
Fall in Line,https://fr.wikipedia.org/?curid=13192728,https://fr.wikipedia.org/wiki/Fall in Line,Wikip\u00e9dia:\u00e9bauche chanson
Rachel Matthews,https://fr.wikipedia.org/?curid=13192875,https://fr.wikipedia.org/wiki/Rachel Matthews,Article utilisant une Infobox
Amanda P\u00e9rez,https://fr.wikipedia.org/?curid=13190075,https://fr.wikipedia.org/wiki/Amanda P\u00e9rez,Article \u00e0 illustrer Footballeur
Anita Nahmias,https://fr.wikipedia.org/?curid=13213442,https://fr.wikipedia.org/wiki/Anita Nahmias,Article \u00e0 illustrer Patineur artistique
Simone Poujade,https://fr.wikipedia.org/?curid=13213773,https://fr.wikipedia.org/wiki/Simone Poujade,Article \u00e0 illustrer Patineur artistique
Flavia Gaviglio,https://fr.wikipedia.org/?curid=13128918,https://fr.wikipedia.org/wiki/Flavia Gaviglio,Article \u00e0 illustrer Athl\u00e8te
Lesley Tomlinson,https://fr.wikipedia.org/?curid=13130463,https://fr.wikipedia.org/wiki/Lesley Tomlinson,Wikip\u00e9dia:\u00e9bauche sportif canadien
Urszula \u0141o\u015b,https://fr.wikipedia.org/?curid=13130466,https://fr.wikipedia.org/wiki/Urszula \u0141o\u015b,Page utilisant P569
Imogen Simmonds,https://fr.wikipedia.org/?curid=13130467,https://fr.wikipedia.org/wiki/Imogen Simmonds,Wikip\u00e9dia:\u00e9bauche triathl\u00e8te
Ya\u00eblle Hoyaux,https://fr.wikipedia.org/?curid=13130575,https://fr.wikipedia.org/wiki/Ya\u00eblle Hoyaux,Wikip\u00e9dia:\u00e9bauche badminton
Michelle Yim,https://fr.wikipedia.org/?curid=13197447,https://fr.wikipedia.org/wiki/Michelle Yim,Article contenant un lien mort
Celeste (chanteuse),https://fr.wikipedia.org/?curid=13141581,https://fr.wikipedia.org/wiki/Celeste (chanteuse),Article utilisant une Infobox
Ria Baran,https://fr.wikipedia.org/?curid=1314160,https://fr.wikipedia.org/wiki/Ria Baran,Article \u00e0 illustrer Patineur artistique
Ruesha Littlejohn,https://fr.wikipedia.org/?curid=13169423,https://fr.wikipedia.org/wiki/Ruesha Littlejohn,Article utilisant une Infobox
The Chromatica Ball,https://fr.wikipedia.org/?curid=13169554,https://fr.wikipedia.org/wiki/The Chromatica Ball,Article \u00e0 wikifier depuis mars 2020
Kekelly Elenga,https://fr.wikipedia.org/?curid=12936908,https://fr.wikipedia.org/wiki/Kekelly Elenga,Article \u00e0 illustrer Joueur de basket-ball
Marie-Claude Asselin,https://fr.wikipedia.org/?curid=12937445,https://fr.wikipedia.org/wiki/Marie-Claude Asselin,Article \u00e0 illustrer Sportif
Reona Aoki,https://fr.wikipedia.org/?curid=12942556,https://fr.wikipedia.org/wiki/Reona Aoki,Article utilisant une Infobox
Ana Rita,https://fr.wikipedia.org/?curid=12940388,https://fr.wikipedia.org/wiki/Ana Rita,Article \u00e0 illustrer Footballeur
Liu Yaxin,https://fr.wikipedia.org/?curid=12940533,https://fr.wikipedia.org/wiki/Liu Yaxin,Article \u00e0 illustrer Nageur
Marion Harris,https://fr.wikipedia.org/?curid=12937523,https://fr.wikipedia.org/wiki/Marion Harris,Page utilisant P569
Chihiro Igarashi,https://fr.wikipedia.org/?curid=12937779,https://fr.wikipedia.org/wiki/Chihiro Igarashi,Article utilisant une Infobox
Sayaka Akase,https://fr.wikipedia.org/?curid=12938144,https://fr.wikipedia.org/wiki/Sayaka Akase,Article utilisant une Infobox
Tatjana Mannima,https://fr.wikipedia.org/?curid=12941053,https://fr.wikipedia.org/wiki/Tatjana Mannima,Wikip\u00e9dia:\u00e9bauche ski de fond
Irina Skladneva,https://fr.wikipedia.org/?curid=12941077,https://fr.wikipedia.org/wiki/Irina Skladneva,Article \u00e0 illustrer Sportif
Mafalda Marujo,https://fr.wikipedia.org/?curid=12936567,https://fr.wikipedia.org/wiki/Mafalda Marujo,Article \u00e0 illustrer Footballeur
Diana Silva,https://fr.wikipedia.org/?curid=12885887,https://fr.wikipedia.org/wiki/Diana Silva,Article \u00e0 illustrer Footballeur
Nadin Dawani,https://fr.wikipedia.org/?curid=12906908,https://fr.wikipedia.org/wiki/Nadin Dawani,Article \u00e0 illustrer Sportif
Grayson Murphy,https://fr.wikipedia.org/?curid=12907328,https://fr.wikipedia.org/wiki/Grayson Murphy,Article utilisant une Infobox
Valentina Nazarova,https://fr.wikipedia.org/?curid=12907653,https://fr.wikipedia.org/wiki/Valentina Nazarova,Wikip\u00e9dia:\u00e9bauche sportif russe
Kelly Murphy (cyclisme),https://fr.wikipedia.org/?curid=12907950,https://fr.wikipedia.org/wiki/Kelly Murphy (cyclisme),Page utilisant P569
Marie Massios,https://fr.wikipedia.org/?curid=12904760,https://fr.wikipedia.org/wiki/Marie Massios,Article \u00e0 illustrer Sportif
Maria Teresa De Filippis,https://fr.wikipedia.org/?curid=1290632,https://fr.wikipedia.org/wiki/Maria Teresa De Filippis,Article utilisant une Infobox
Teija Nieminen,https://fr.wikipedia.org/?curid=12906638,https://fr.wikipedia.org/wiki/Teija Nieminen,Wikip\u00e9dia:\u00e9bauche biathlon
Josephine de la Vi\u00f1a,https://fr.wikipedia.org/?curid=12910424,https://fr.wikipedia.org/wiki/Josephine de la Vi\u00f1a,Article utilisant une Infobox
Bishop Briggs,https://fr.wikipedia.org/?curid=12888010,https://fr.wikipedia.org/wiki/Bishop Briggs,Article utilisant une Infobox
Mary Bevis Hawton,https://fr.wikipedia.org/?curid=1289158,https://fr.wikipedia.org/wiki/Mary Bevis Hawton,Article \u00e0 illustrer Joueur de tennis
Lucija Krko\u010d,https://fr.wikipedia.org/?curid=12895470,https://fr.wikipedia.org/wiki/Lucija Krko\u010d,Article \u00e0 illustrer Athl\u00e8te
Dorina Pieper,https://fr.wikipedia.org/?curid=12896197,https://fr.wikipedia.org/wiki/Dorina Pieper,Wikip\u00e9dia:\u00e9bauche biathlon
Nur Dhabitah Sabri,https://fr.wikipedia.org/?curid=12891776,https://fr.wikipedia.org/wiki/Nur Dhabitah Sabri,Article utilisant une Infobox
Lucija Larisi,https://fr.wikipedia.org/?curid=12894274,https://fr.wikipedia.org/wiki/Lucija Larisi,Wikip\u00e9dia:\u00e9bauche biathlon
Vanessa Marques,https://fr.wikipedia.org/?curid=12894616,https://fr.wikipedia.org/wiki/Vanessa Marques,Wikip\u00e9dia:\u00e9bauche footballeuse
Zouina Bouzebra,https://fr.wikipedia.org/?curid=12892513,https://fr.wikipedia.org/wiki/Zouina Bouzebra,Wikip\u00e9dia:\u00e9bauche athl\u00e9tisme
Oyesade Olatoye,https://fr.wikipedia.org/?curid=12892537,https://fr.wikipedia.org/wiki/Oyesade Olatoye,Wikip\u00e9dia:\u00e9bauche athl\u00e9tisme
J\u00e9ssica Silva,https://fr.wikipedia.org/?curid=12893359,https://fr.wikipedia.org/wiki/J\u00e9ssica Silva,Article \u00e0 illustrer Footballeur
Donna Floyd,https://fr.wikipedia.org/?curid=1289377,https://fr.wikipedia.org/wiki/Donna Floyd,Article \u00e0 illustrer Joueur de tennis
Mateja Kosovelj,https://fr.wikipedia.org/?curid=12892808,https://fr.wikipedia.org/wiki/Mateja Kosovelj,Article \u00e0 illustrer Athl\u00e8te
Gao Hongmiao,https://fr.wikipedia.org/?curid=12900157,https://fr.wikipedia.org/wiki/Gao Hongmiao,Article \u00e0 illustrer Athl\u00e8te
Alice de Hales,https://fr.wikipedia.org/?curid=12902705,https://fr.wikipedia.org/wiki/Alice de Hales,Article \u00e0 illustrer R\u00f4le monarchique
Chuang Chia-chia,https://fr.wikipedia.org/?curid=12903958,https://fr.wikipedia.org/wiki/Chuang Chia-chia,Article \u00e0 illustrer Sportif
Evgenia Volkova,https://fr.wikipedia.org/?curid=12901429,https://fr.wikipedia.org/wiki/Evgenia Volkova,Wikip\u00e9dia:\u00e9bauche sportif russe
Marjan Salahshouri,https://fr.wikipedia.org/?curid=12903368,https://fr.wikipedia.org/wiki/Marjan Salahshouri,Article utilisant une Infobox
Ane Skrove Nossum,https://fr.wikipedia.org/?curid=12903804,https://fr.wikipedia.org/wiki/Ane Skrove Nossum,Wikip\u00e9dia:\u00e9bauche biathlon
Dorothy Round,https://fr.wikipedia.org/?curid=1292844,https://fr.wikipedia.org/wiki/Dorothy Round,Article \u00e0 illustrer Joueur de tennis
Isabela Souza,https://fr.wikipedia.org/?curid=12933367,https://fr.wikipedia.org/wiki/Isabela Souza,Article manquant de r\u00e9f\u00e9rences depuis novembre 2019
Liubov Beliakova,https://fr.wikipedia.org/?curid=12929744,https://fr.wikipedia.org/wiki/Liubov Beliakova,Wikip\u00e9dia:\u00e9bauche sportif russe
Stephanie Au,https://fr.wikipedia.org/?curid=12935036,https://fr.wikipedia.org/wiki/Stephanie Au,Article utilisant une Infobox
Camille Cheng,https://fr.wikipedia.org/?curid=12932522,https://fr.wikipedia.org/wiki/Camille Cheng,Article \u00e0 illustrer Nageur
Hiromi Suga,https://fr.wikipedia.org/?curid=12935580,https://fr.wikipedia.org/wiki/Hiromi Suga,Wikip\u00e9dia:\u00e9bauche biathlon
Mami Shindo-Honma,https://fr.wikipedia.org/?curid=12935636,https://fr.wikipedia.org/wiki/Mami Shindo-Honma,Wikip\u00e9dia:\u00e9bauche biathlon
Jaroslav Kova\u010di\u010d,https://fr.wikipedia.org/?curid=12932828,https://fr.wikipedia.org/wiki/Jaroslav Kova\u010di\u010d,Wikip\u00e9dia:\u00e9bauche triathl\u00e8te
Just\u0117 Jocyt\u0117,https://fr.wikipedia.org/?curid=12883940,https://fr.wikipedia.org/wiki/Just\u0117 Jocyt\u0117,Article utilisant une Infobox
Roslinda Samsu,https://fr.wikipedia.org/?curid=12921433,https://fr.wikipedia.org/wiki/Roslinda Samsu,Article \u00e0 illustrer Athl\u00e8te
Gong Linna,https://fr.wikipedia.org/?curid=12886481,https://fr.wikipedia.org/wiki/Gong Linna,Wikip\u00e9dia:\u00e9bauche chanteur chinois
Mona Sulaiman,https://fr.wikipedia.org/?curid=12913386,https://fr.wikipedia.org/wiki/Mona Sulaiman,Article \u00e0 illustrer Athl\u00e8te
Oui ou non,https://fr.wikipedia.org/?curid=12912139,https://fr.wikipedia.org/wiki/Oui ou non,Article utilisant une Infobox
Carmen Moore (actrice am\u00e9ricaine),https://fr.wikipedia.org/?curid=12915846,https://fr.wikipedia.org/wiki/Carmen Moore (actrice am\u00e9ricaine),Wikip\u00e9dia:\u00e9bauche actrice pornographique am\u00e9ricaine
Huang Qiuyan,https://fr.wikipedia.org/?curid=12911178,https://fr.wikipedia.org/wiki/Huang Qiuyan,Article \u00e0 illustrer Athl\u00e8te
Angela Hui,https://fr.wikipedia.org/?curid=12888844,https://fr.wikipedia.org/wiki/Angela Hui,Page utilisant P569
Cristina L\u00f3pez (athl\u00e9tisme),https://fr.wikipedia.org/?curid=12883386,https://fr.wikipedia.org/wiki/Cristina L\u00f3pez (athl\u00e9tisme),Wikip\u00e9dia:\u00e9bauche athl\u00e9tisme
Gong Hyo-jin,https://fr.wikipedia.org/?curid=12884982,https://fr.wikipedia.org/wiki/Gong Hyo-jin,Page utilisant P1559
Natsumi Sakai,https://fr.wikipedia.org/?curid=12889348,https://fr.wikipedia.org/wiki/Natsumi Sakai,Article utilisant une Infobox
Krista Tervo,https://fr.wikipedia.org/?curid=12797080,https://fr.wikipedia.org/wiki/Krista Tervo,Wikip\u00e9dia:\u00e9bauche athl\u00e8te finlandais
Karen Hantze,https://fr.wikipedia.org/?curid=1279359,https://fr.wikipedia.org/wiki/Karen Hantze,Article \u00e0 illustrer Joueur de tennis
Irina Kokoueva,https://fr.wikipedia.org/?curid=12793641,https://fr.wikipedia.org/wiki/Irina Kokoueva,Wikip\u00e9dia:\u00e9bauche biathlon
Alice Gaggi,https://fr.wikipedia.org/?curid=12788043,https://fr.wikipedia.org/wiki/Alice Gaggi,Article utilisant une Infobox
Li Maocuo,https://fr.wikipedia.org/?curid=12788233,https://fr.wikipedia.org/wiki/Li Maocuo,Wikip\u00e9dia:\u00e9bauche athl\u00e8te chinois
Annie Kunz,https://fr.wikipedia.org/?curid=12795657,https://fr.wikipedia.org/wiki/Annie Kunz,Wikip\u00e9dia:\u00e9bauche athl\u00e8te am\u00e9ricain
Han Qing,https://fr.wikipedia.org/?curid=12795672,https://fr.wikipedia.org/wiki/Han Qing,Wikip\u00e9dia:\u00e9bauche athl\u00e8te chinois
Song Yinglan,https://fr.wikipedia.org/?curid=12795682,https://fr.wikipedia.org/wiki/Song Yinglan,Wikip\u00e9dia:\u00e9bauche athl\u00e8te chinois
Fancy Cherono,https://fr.wikipedia.org/?curid=12798231,https://fr.wikipedia.org/wiki/Fancy Cherono,Wikip\u00e9dia:\u00e9bauche athl\u00e8te k\u00e9nyan
Tatiana Mo\u00efsse\u00efeva,https://fr.wikipedia.org/?curid=1279253,https://fr.wikipedia.org/wiki/Tatiana Mo\u00efsse\u00efeva,Wikip\u00e9dia:\u00e9bauche biathlon
Carmem de Oliveira,https://fr.wikipedia.org/?curid=12791014,https://fr.wikipedia.org/wiki/Carmem de Oliveira,Wikip\u00e9dia:\u00e9bauche athl\u00e8te br\u00e9silien
Rosemary Wanjiru,https://fr.wikipedia.org/?curid=12791027,https://fr.wikipedia.org/wiki/Rosemary Wanjiru,Wikip\u00e9dia:\u00e9bauche athl\u00e8te k\u00e9nyan
Je veux tes yeux,https://fr.wikipedia.org/?curid=12791357,https://fr.wikipedia.org/wiki/Je veux tes yeux,Article utilisant une Infobox
Rosa Chacha,https://fr.wikipedia.org/?curid=12791363,https://fr.wikipedia.org/wiki/Rosa Chacha,Wikip\u00e9dia:\u00e9bauche athl\u00e8te \u00e9quatorien
Paola P\u00e9rez (athl\u00e9tisme),https://fr.wikipedia.org/?curid=12791399,https://fr.wikipedia.org/wiki/Paola P\u00e9rez (athl\u00e9tisme),Wikip\u00e9dia:\u00e9bauche athl\u00e8te \u00e9quatorien
Yang Liujing,https://fr.wikipedia.org/?curid=12789979,https://fr.wikipedia.org/wiki/Yang Liujing,Wikip\u00e9dia:\u00e9bauche athl\u00e8te chinois
Halimah Nakaayi,https://fr.wikipedia.org/?curid=12791559,https://fr.wikipedia.org/wiki/Halimah Nakaayi,Wikip\u00e9dia:\u00e9bauche athl\u00e8te ougandais
Son Chae-young,https://fr.wikipedia.org/?curid=12787448,https://fr.wikipedia.org/wiki/Son Chae-young,Wikip\u00e9dia:\u00e9bauche chanteur sud-cor\u00e9en
Tiffani Marinho,https://fr.wikipedia.org/?curid=12793306,https://fr.wikipedia.org/wiki/Tiffani Marinho,Wikip\u00e9dia:\u00e9bauche athl\u00e8te br\u00e9silien
Jasmine Blocker,https://fr.wikipedia.org/?curid=12793332,https://fr.wikipedia.org/wiki/Jasmine Blocker,Wikip\u00e9dia:\u00e9bauche athl\u00e8te am\u00e9ricain
Anabela Silva,https://fr.wikipedia.org/?curid=13064190,https://fr.wikipedia.org/wiki/Anabela Silva,Article \u00e0 illustrer Footballeur
Myrtle McAteer,https://fr.wikipedia.org/?curid=1306475,https://fr.wikipedia.org/wiki/Myrtle McAteer,Article utilisant une Infobox
Cilly Aussem,https://fr.wikipedia.org/?curid=1306263,https://fr.wikipedia.org/wiki/Cilly Aussem,Article utilisant une Infobox
Music to Be Murdered By,https://fr.wikipedia.org/?curid=13062776,https://fr.wikipedia.org/wiki/Music to Be Murdered By,Article contenant un appel \u00e0 traduction en anglais
Zsuzsa K\u00f6rm\u00f6czy,https://fr.wikipedia.org/?curid=1306115,https://fr.wikipedia.org/wiki/Zsuzsa K\u00f6rm\u00f6czy,Article \u00e0 illustrer Joueur de tennis
Michelle Gurevich,https://fr.wikipedia.org/?curid=13059116,https://fr.wikipedia.org/wiki/Michelle Gurevich,Page utilisant P19
Guerri\u00e8re viking de Birka,https://fr.wikipedia.org/?curid=13060453,https://fr.wikipedia.org/wiki/Guerri\u00e8re viking de Birka,Page sans coordonn\u00e9es Wikidata
Yola Ram\u00edrez,https://fr.wikipedia.org/?curid=1305993,https://fr.wikipedia.org/wiki/Yola Ram\u00edrez,Article \u00e0 illustrer Joueur de tennis
Pauline He\u00dfler,https://fr.wikipedia.org/?curid=13011506,https://fr.wikipedia.org/wiki/Pauline He\u00dfler,Wikip\u00e9dia:\u00e9bauche saut \u00e0 ski
Alile Sharon Larkin,https://fr.wikipedia.org/?curid=13040019,https://fr.wikipedia.org/wiki/Alile Sharon Larkin,Page utilisant P569
Noelle Pikus-Pace,https://fr.wikipedia.org/?curid=1296524,https://fr.wikipedia.org/wiki/Noelle Pikus-Pace,Wikip\u00e9dia:\u00e9bauche personnalit\u00e9 am\u00e9ricaine
Liste des m\u00e9daill\u00e9s aux Jeux olympiques d'\u00e9t\u00e9 de 1984,https://fr.wikipedia.org/?curid=12961514,https://fr.wikipedia.org/wiki/Liste des m\u00e9daill\u00e9s aux Jeux olympiques d'\u00e9t\u00e9 de 1984,Page utilisant une pr\u00e9sentation en colonnes avec un nombre fixe de colonnes
Maggie Baird,https://fr.wikipedia.org/?curid=12962034,https://fr.wikipedia.org/wiki/Maggie Baird,Page utilisant P569
Margaret Molesworth,https://fr.wikipedia.org/?curid=1296686,https://fr.wikipedia.org/wiki/Margaret Molesworth,Article utilisant une Infobox
Kate McIlroy,https://fr.wikipedia.org/?curid=12966924,https://fr.wikipedia.org/wiki/Kate McIlroy,Article utilisant une Infobox
Kerstin Szymkowiak,https://fr.wikipedia.org/?curid=1296694,https://fr.wikipedia.org/wiki/Kerstin Szymkowiak,Wikip\u00e9dia:\u00e9bauche skeleton
Yvonne Visser,https://fr.wikipedia.org/?curid=12965680,https://fr.wikipedia.org/wiki/Yvonne Visser,Wikip\u00e9dia:\u00e9bauche biathlon
Daphne Akhurst,https://fr.wikipedia.org/?curid=1296573,https://fr.wikipedia.org/wiki/Daphne Akhurst,Article utilisant une Infobox
Ane Appelkvist Stenseth,https://fr.wikipedia.org/?curid=12967051,https://fr.wikipedia.org/wiki/Ane Appelkvist Stenseth,Wikip\u00e9dia:\u00e9bauche ski de fond
Marguerite Broquedis,https://fr.wikipedia.org/?curid=1296258,https://fr.wikipedia.org/wiki/Marguerite Broquedis,Article utilisant une Infobox
Liste des m\u00e9daill\u00e9s aux Jeux olympiques d'\u00e9t\u00e9 de 1988,https://fr.wikipedia.org/?curid=13009549,https://fr.wikipedia.org/wiki/Liste des m\u00e9daill\u00e9s aux Jeux olympiques d'\u00e9t\u00e9 de 1988,Page utilisant une pr\u00e9sentation en colonnes avec un nombre fixe de colonnes
Ana Capeta,https://fr.wikipedia.org/?curid=13028233,https://fr.wikipedia.org/wiki/Ana Capeta,Article \u00e0 illustrer Footballeur
Liste des duchesses d'York,https://fr.wikipedia.org/?curid=13027537,https://fr.wikipedia.org/wiki/Liste des duchesses d'York,Article utilisant une Infobox
Manon Genest,https://fr.wikipedia.org/?curid=13069384,https://fr.wikipedia.org/wiki/Manon Genest,Page utilisant P569
Aimyon,https://fr.wikipedia.org/?curid=13070724,https://fr.wikipedia.org/wiki/Aimyon,Page utilisant P569
France Joli,https://fr.wikipedia.org/?curid=1306759,https://fr.wikipedia.org/wiki/France Joli,Article \u00e0 v\u00e9rifier/biographie
Li Yingying,https://fr.wikipedia.org/?curid=13071241,https://fr.wikipedia.org/wiki/Li Yingying,Article \u00e0 illustrer Joueur de volley-ball
Nadia Townsend,https://fr.wikipedia.org/?curid=13046812,https://fr.wikipedia.org/wiki/Nadia Townsend,Article manquant de r\u00e9f\u00e9rences depuis janvier 2020
Christine Lundy,https://fr.wikipedia.org/?curid=13043628,https://fr.wikipedia.org/wiki/Christine Lundy,Article utilisant une Infobox
Rumeshika Rathnayake,https://fr.wikipedia.org/?curid=12948304,https://fr.wikipedia.org/wiki/Rumeshika Rathnayake,Article utilisant une Infobox
Stine Larsen,https://fr.wikipedia.org/?curid=12948446,https://fr.wikipedia.org/wiki/Stine Larsen,Wikip\u00e9dia:\u00e9bauche footballeuse
Liste des m\u00e9daill\u00e9s aux Jeux olympiques d'\u00e9t\u00e9 de 1952,https://fr.wikipedia.org/?curid=12943751,https://fr.wikipedia.org/wiki/Liste des m\u00e9daill\u00e9s aux Jeux olympiques d'\u00e9t\u00e9 de 1952,Page utilisant une pr\u00e9sentation en colonnes avec un nombre fixe de colonnes
Lottie Dod,https://fr.wikipedia.org/?curid=1294379,https://fr.wikipedia.org/wiki/Lottie Dod,Article utilisant une Infobox
Iva Landeka,https://fr.wikipedia.org/?curid=12943930,https://fr.wikipedia.org/wiki/Iva Landeka,Page utilisant P27
Anna Zherebyateva,https://fr.wikipedia.org/?curid=12954228,https://fr.wikipedia.org/wiki/Anna Zherebyateva,Wikip\u00e9dia:\u00e9bauche ski de fond
Sanjivani Jadhav,https://fr.wikipedia.org/?curid=12945255,https://fr.wikipedia.org/wiki/Sanjivani Jadhav,Article utilisant une Infobox
Anu Raghavan,https://fr.wikipedia.org/?curid=12950533,https://fr.wikipedia.org/wiki/Anu Raghavan,Article utilisant une Infobox
Mona McSharry,https://fr.wikipedia.org/?curid=12953571,https://fr.wikipedia.org/wiki/Mona McSharry,Article utilisant une Infobox
Jerneja Brecl,https://fr.wikipedia.org/?curid=13010591,https://fr.wikipedia.org/wiki/Jerneja Brecl,Wikip\u00e9dia:\u00e9bauche saut \u00e0 ski
Lisa Eder,https://fr.wikipedia.org/?curid=13010811,https://fr.wikipedia.org/wiki/Lisa Eder,Wikip\u00e9dia:\u00e9bauche saut \u00e0 ski
Shae Kelley,https://fr.wikipedia.org/?curid=13010980,https://fr.wikipedia.org/wiki/Shae Kelley,Article \u00e0 illustrer Joueur de basket-ball
Pichi Pichi Pitch : La M\u00e9lodie des sir\u00e8nes,https://fr.wikipedia.org/?curid=1327166,https://fr.wikipedia.org/wiki/Pichi Pichi Pitch : La M\u00e9lodie des sir\u00e8nes,Article utilisant une Infobox
Natalia Bykova (tennis),https://fr.wikipedia.org/?curid=1328343,https://fr.wikipedia.org/wiki/Natalia Bykova (tennis),Article \u00e0 illustrer Joueur de tennis
Helena Ekholm,https://fr.wikipedia.org/?curid=1328499,https://fr.wikipedia.org/wiki/Helena Ekholm,Article utilisant une Infobox
Maisie Peters,https://fr.wikipedia.org/?curid=13288493,https://fr.wikipedia.org/wiki/Maisie Peters,Page utilisant P569
Lana et Lilly Wachowski,https://fr.wikipedia.org/?curid=132866,https://fr.wikipedia.org/wiki/Lana et Lilly Wachowski,Article utilisant une Infobox
Olienka Salinas,https://fr.wikipedia.org/?curid=13287654,https://fr.wikipedia.org/wiki/Olienka Salinas,Wikip\u00e9dia:\u00e9bauche footballeuse
Diana Bracho,https://fr.wikipedia.org/?curid=13284747,https://fr.wikipedia.org/wiki/Diana Bracho,Page utilisant P569
Rare (album de Selena Gomez),https://fr.wikipedia.org/?curid=13296221,https://fr.wikipedia.org/wiki/Rare (album de Selena Gomez),Article manquant de r\u00e9f\u00e9rences depuis juin 2022
L\u00e9na Situations,https://fr.wikipedia.org/?curid=13314749,https://fr.wikipedia.org/wiki/L\u00e9na Situations,Page dont la protection est \u00e0 v\u00e9rifier
Elisabeth Rust,https://fr.wikipedia.org/?curid=13317391,https://fr.wikipedia.org/wiki/Elisabeth Rust,Article \u00e0 illustrer Athl\u00e8te
Molly Van Nostrand,https://fr.wikipedia.org/?curid=1328569,https://fr.wikipedia.org/wiki/Molly Van Nostrand,Article \u00e0 illustrer Joueur de tennis
Meg Myers,https://fr.wikipedia.org/?curid=13308944,https://fr.wikipedia.org/wiki/Meg Myers,Page utilisant P569
Elisabeth de Culemborg,https://fr.wikipedia.org/?curid=13308981,https://fr.wikipedia.org/wiki/Elisabeth de Culemborg,Wikip\u00e9dia:\u00e9bauche personnalit\u00e9 n\u00e9erlandaise
Gudrun de Pay,https://fr.wikipedia.org/?curid=13274668,https://fr.wikipedia.org/wiki/Gudrun de Pay,Wikip\u00e9dia:\u00e9bauche athl\u00e8te allemand
Yuliya Beygelzimer,https://fr.wikipedia.org/?curid=1327233,https://fr.wikipedia.org/wiki/Yuliya Beygelzimer,Article utilisant une Infobox
Melanie Marquez,https://fr.wikipedia.org/?curid=13272417,https://fr.wikipedia.org/wiki/Melanie Marquez,Article contenant un lien mort
Camille Chevalier (golfeuse),https://fr.wikipedia.org/?curid=13273522,https://fr.wikipedia.org/wiki/Camille Chevalier (golfeuse),Article utilisant une Infobox
Cecilia Martinez,https://fr.wikipedia.org/?curid=1328300,https://fr.wikipedia.org/wiki/Cecilia Martinez,Article \u00e0 illustrer Joueur de tennis
Claire McLean,https://fr.wikipedia.org/?curid=13284187,https://fr.wikipedia.org/wiki/Claire McLean,Wikip\u00e9dia:\u00e9bauche triathl\u00e8te
Ana Wills,https://fr.wikipedia.org/?curid=13272971,https://fr.wikipedia.org/wiki/Ana Wills,Article utilisant une Infobox
Kirrily Sharpe,https://fr.wikipedia.org/?curid=1328737,https://fr.wikipedia.org/wiki/Kirrily Sharpe,Article manquant de r\u00e9f\u00e9rences depuis juin 2020
Britta Bila\u010d,https://fr.wikipedia.org/?curid=1329029,https://fr.wikipedia.org/wiki/Britta Bila\u010d,Article \u00e0 illustrer Athl\u00e8te
Doreen Denny,https://fr.wikipedia.org/?curid=13290686,https://fr.wikipedia.org/wiki/Doreen Denny,Page utilisant P27
I'll Never Love Again,https://fr.wikipedia.org/?curid=13307762,https://fr.wikipedia.org/wiki/I'll Never Love Again,Wikip\u00e9dia:\u00e9bauche chanson
Joyce El-Khoury,https://fr.wikipedia.org/?curid=13305823,https://fr.wikipedia.org/wiki/Joyce El-Khoury,Article contenant un lien mort
Shikha Uberoi,https://fr.wikipedia.org/?curid=1327117,https://fr.wikipedia.org/wiki/Shikha Uberoi,Article utilisant une Infobox
Jung Ye-rin,https://fr.wikipedia.org/?curid=13279593,https://fr.wikipedia.org/wiki/Jung Ye-rin,Article utilisant une Infobox
Say So (chanson de Doja Cat),https://fr.wikipedia.org/?curid=13320425,https://fr.wikipedia.org/wiki/Say So (chanson de Doja Cat),Article contenant un appel \u00e0 traduction en anglais
Sa\u00efda Djedra,https://fr.wikipedia.org/?curid=13359937,https://fr.wikipedia.org/wiki/Sa\u00efda Djedra,Wikip\u00e9dia:\u00e9bauche karat\u00e9ka
Rain on Me (chanson de Lady Gaga et d'Ariana Grande),https://fr.wikipedia.org/?curid=13358779,https://fr.wikipedia.org/wiki/Rain on Me (chanson de Lady Gaga et d'Ariana Grande),Article utilisant une Infobox
Kelly Rowan,https://fr.wikipedia.org/?curid=1335661,https://fr.wikipedia.org/wiki/Kelly Rowan,Article utilisant une Infobox
Yvona Brz\u00e1kov\u00e1,https://fr.wikipedia.org/?curid=1332765,https://fr.wikipedia.org/wiki/Yvona Brz\u00e1kov\u00e1,Article \u00e0 illustrer Joueur de tennis
Liste des comtesses de Tripoli,https://fr.wikipedia.org/?curid=13345862,https://fr.wikipedia.org/wiki/Liste des comtesses de Tripoli,Portail:Croisades/Articles li\u00e9s
Liste des duchesses d'\u00c9dimbourg,https://fr.wikipedia.org/?curid=13325647,https://fr.wikipedia.org/wiki/Liste des duchesses d'\u00c9dimbourg,Portail:Monarchie/Articles li\u00e9s
Mary Arnold,https://fr.wikipedia.org/?curid=1333526,https://fr.wikipedia.org/wiki/Mary Arnold,Article \u00e0 illustrer Joueur de tennis
Magda Rurac,https://fr.wikipedia.org/?curid=1333697,https://fr.wikipedia.org/wiki/Magda Rurac,Article \u00e0 illustrer Joueur de tennis
Ann Pirvu,https://fr.wikipedia.org/?curid=13337996,https://fr.wikipedia.org/wiki/Ann Pirvu,Wikip\u00e9dia:\u00e9bauche acteur canadien
Nahomi Mart\u00ednez,https://fr.wikipedia.org/?curid=13343355,https://fr.wikipedia.org/wiki/Nahomi Mart\u00ednez,Wikip\u00e9dia:\u00e9bauche footballeuse
Umji,https://fr.wikipedia.org/?curid=13326408,https://fr.wikipedia.org/wiki/Umji,Wikip\u00e9dia:\u00e9bauche chanteur sud-cor\u00e9en
\u00c9va Szab\u00f3,https://fr.wikipedia.org/?curid=1332696,https://fr.wikipedia.org/wiki/\u00c9va Szab\u00f3,Article \u00e0 illustrer Joueur de tennis
Miriam Steever,https://fr.wikipedia.org/?curid=1333192,https://fr.wikipedia.org/wiki/Miriam Steever,Article \u00e0 illustrer Joueur de tennis
Winona Closterman,https://fr.wikipedia.org/?curid=1332997,https://fr.wikipedia.org/wiki/Winona Closterman,Article \u00e0 illustrer Joueur de tennis
Chris Newton (tennis),https://fr.wikipedia.org/?curid=1332817,https://fr.wikipedia.org/wiki/Chris Newton (tennis),Article \u00e0 illustrer Joueur de tennis
Ama Abebrese,https://fr.wikipedia.org/?curid=13319870,https://fr.wikipedia.org/wiki/Ama Abebrese,Page utilisant P569
Vani Bhojan,https://fr.wikipedia.org/?curid=13350842,https://fr.wikipedia.org/wiki/Vani Bhojan,Page utilisant P569
Anna Harkowska,https://fr.wikipedia.org/?curid=13352755,https://fr.wikipedia.org/wiki/Anna Harkowska,Article \u00e0 illustrer Sportif
Morgane Belkhiter,https://fr.wikipedia.org/?curid=13319715,https://fr.wikipedia.org/wiki/Morgane Belkhiter,Article \u00e0 illustrer Footballeur
Lilia Boumrar,https://fr.wikipedia.org/?curid=13322023,https://fr.wikipedia.org/wiki/Lilia Boumrar,Article \u00e0 illustrer Footballeur
Julia Biryukova,https://fr.wikipedia.org/?curid=13324590,https://fr.wikipedia.org/wiki/Julia Biryukova,Wikip\u00e9dia:\u00e9bauche coureur cycliste ukrainien
Johanna Bassani,https://fr.wikipedia.org/?curid=13324716,https://fr.wikipedia.org/wiki/Johanna Bassani,Page utilisant P641
Con altura,https://fr.wikipedia.org/?curid=13251336,https://fr.wikipedia.org/wiki/Con altura,Wikip\u00e9dia:\u00e9bauche chanson
Luda (chanteuse),https://fr.wikipedia.org/?curid=13249144,https://fr.wikipedia.org/wiki/Luda (chanteuse),Article utilisant une Infobox
\u00c9milie Marsh,https://fr.wikipedia.org/?curid=13189048,https://fr.wikipedia.org/wiki/\u00c9milie Marsh,Article manquant de r\u00e9f\u00e9rences depuis f\u00e9vrier 2020
Lim Cho Cho,https://fr.wikipedia.org/?curid=13189265,https://fr.wikipedia.org/wiki/Lim Cho Cho,Article contenant un appel \u00e0 traduction en anglais
Kater\u00edna Gi\u00f3ta,https://fr.wikipedia.org/?curid=13194435,https://fr.wikipedia.org/wiki/Kater\u00edna Gi\u00f3ta,Article \u00e0 illustrer Joueur de volley-ball
Tz\u00edna Lampro\u00fasi,https://fr.wikipedia.org/?curid=13194847,https://fr.wikipedia.org/wiki/Tz\u00edna Lampro\u00fasi,Article utilisant une Infobox
Ar\u00e9ta Kon\u00f3mi,https://fr.wikipedia.org/?curid=13196351,https://fr.wikipedia.org/wiki/Ar\u00e9ta Kon\u00f3mi,Article \u00e0 illustrer Joueur de volley-ball
Liste des princesses de Tarente,https://fr.wikipedia.org/?curid=13173886,https://fr.wikipedia.org/wiki/Liste des princesses de Tarente,Portail:Histoire/Articles li\u00e9s
Mar\u00eda Jos\u00e9 Urrutia,https://fr.wikipedia.org/?curid=13232545,https://fr.wikipedia.org/wiki/Mar\u00eda Jos\u00e9 Urrutia,Article utilisant une Infobox
Elena Furiase,https://fr.wikipedia.org/?curid=13239353,https://fr.wikipedia.org/wiki/Elena Furiase,Page utilisant P569
Eyedi,https://fr.wikipedia.org/?curid=13237217,https://fr.wikipedia.org/wiki/Eyedi,Article \u00e0 wikifier depuis avril 2020
Carolina Reiber,https://fr.wikipedia.org/?curid=13175667,https://fr.wikipedia.org/wiki/Carolina Reiber,Article \u00e0 illustrer Athl\u00e8te
Joanne Malar,https://fr.wikipedia.org/?curid=13175673,https://fr.wikipedia.org/wiki/Joanne Malar,Article \u00e0 illustrer Nageur
Liste des princesses de Linange,https://fr.wikipedia.org/?curid=13231386,https://fr.wikipedia.org/wiki/Liste des princesses de Linange,Portail:Saint-Empire romain germanique/Articles li\u00e9s
Premi\u00e8re dame de la r\u00e9publique d\u00e9mocratique du Congo,https://fr.wikipedia.org/?curid=13372556,https://fr.wikipedia.org/wiki/Premi\u00e8re dame de la r\u00e9publique d\u00e9mocratique du Congo,Article utilisant une Infobox
Mar\u00eda Lorena Ram\u00edrez,https://fr.wikipedia.org/?curid=13369253,https://fr.wikipedia.org/wiki/Mar\u00eda Lorena Ram\u00edrez,Page utilisant P569
Angela Mudge,https://fr.wikipedia.org/?curid=13375489,https://fr.wikipedia.org/wiki/Angela Mudge,Article utilisant une Infobox
Hazel Hotchkiss Wightman,https://fr.wikipedia.org/?curid=1337581,https://fr.wikipedia.org/wiki/Hazel Hotchkiss Wightman,Article utilisant une Infobox
Alice Lee (actrice),https://fr.wikipedia.org/?curid=13375109,https://fr.wikipedia.org/wiki/Alice Lee (actrice),Article \u00e0 illustrer Personnalit\u00e9 du cin\u00e9ma
Odile Monguillon,https://fr.wikipedia.org/?curid=13402456,https://fr.wikipedia.org/wiki/Odile Monguillon,Article utilisant une Infobox
Shazza McKenzie,https://fr.wikipedia.org/?curid=13390461,https://fr.wikipedia.org/wiki/Shazza McKenzie,Wikip\u00e9dia:\u00e9bauche catch
Hwang Ye-ji,https://fr.wikipedia.org/?curid=13392442,https://fr.wikipedia.org/wiki/Hwang Ye-ji,Article manquant de r\u00e9f\u00e9rences depuis juin 2021
Kim Da-mi,https://fr.wikipedia.org/?curid=13393066,https://fr.wikipedia.org/wiki/Kim Da-mi,Wikip\u00e9dia:\u00e9bauche acteur sud-cor\u00e9en
Sarah Rowell,https://fr.wikipedia.org/?curid=13393621,https://fr.wikipedia.org/wiki/Sarah Rowell,Article \u00e0 illustrer Athl\u00e8te
Liste des duchesses de Bouillon,https://fr.wikipedia.org/?curid=13394893,https://fr.wikipedia.org/wiki/Liste des duchesses de Bouillon,Portail:Histoire/Articles li\u00e9s
C\u00e9lina Hangl,https://fr.wikipedia.org/?curid=13391012,https://fr.wikipedia.org/wiki/C\u00e9lina Hangl,Article \u00e0 illustrer Sportif
Junna Tsukii,https://fr.wikipedia.org/?curid=13382820,https://fr.wikipedia.org/wiki/Junna Tsukii,Wikip\u00e9dia:\u00e9bauche karat\u00e9
Claudia Pascual,https://fr.wikipedia.org/?curid=13382866,https://fr.wikipedia.org/wiki/Claudia Pascual,Page utilisant P569
Marie-Christine d'Espagne (1833-1902),https://fr.wikipedia.org/?curid=13383001,https://fr.wikipedia.org/wiki/Marie-Christine d'Espagne (1833-1902),Page utilisant P569
Marion Zinderstein,https://fr.wikipedia.org/?curid=1338212,https://fr.wikipedia.org/wiki/Marion Zinderstein,Article utilisant une Infobox
Lydia Belkacemi,https://fr.wikipedia.org/?curid=13382122,https://fr.wikipedia.org/wiki/Lydia Belkacemi,Article \u00e0 illustrer Footballeur
Angela Buxton,https://fr.wikipedia.org/?curid=1338455,https://fr.wikipedia.org/wiki/Angela Buxton,Article \u00e0 illustrer Joueur de tennis
Jennifer Ward-Lealand,https://fr.wikipedia.org/?curid=13396543,https://fr.wikipedia.org/wiki/Jennifer Ward-Lealand,Page utilisant des donn\u00e9es de Wikidata \u00e0 traduire de l'anglais
Chrishell Stause,https://fr.wikipedia.org/?curid=13370355,https://fr.wikipedia.org/wiki/Chrishell Stause,Page utilisant P69
C\u00e9line Banza,https://fr.wikipedia.org/?curid=13373250,https://fr.wikipedia.org/wiki/C\u00e9line Banza,Page utilisant P569
Jasmin Paris,https://fr.wikipedia.org/?curid=13409828,https://fr.wikipedia.org/wiki/Jasmin Paris,Article utilisant une Infobox
Helen Fines,https://fr.wikipedia.org/?curid=13407626,https://fr.wikipedia.org/wiki/Helen Fines,Article \u00e0 illustrer Athl\u00e8te
Christiane Fladt,https://fr.wikipedia.org/?curid=13279789,https://fr.wikipedia.org/wiki/Christiane Fladt,Article \u00e0 illustrer Athl\u00e8te
Gladys Dorador,https://fr.wikipedia.org/?curid=13298591,https://fr.wikipedia.org/wiki/Gladys Dorador,Wikip\u00e9dia:\u00e9bauche footballeuse
Alevtina Kolchina,https://fr.wikipedia.org/?curid=1636143,https://fr.wikipedia.org/wiki/Alevtina Kolchina,Article utilisant une Infobox
Out of Africa,https://fr.wikipedia.org/?curid=171953,https://fr.wikipedia.org/wiki/Out of Africa,Article utilisant une Infobox
Melissa O'Neil,https://fr.wikipedia.org/?curid=1612900,https://fr.wikipedia.org/wiki/Melissa O'Neil,Wikip\u00e9dia:\u00e9bauche acteur canadien
Nanne Gr\u00f6nvall,https://fr.wikipedia.org/?curid=1613013,https://fr.wikipedia.org/wiki/Nanne Gr\u00f6nvall,Article utilisant une Infobox
Hope Davis,https://fr.wikipedia.org/?curid=1630900,https://fr.wikipedia.org/wiki/Hope Davis,Article utilisant une Infobox
Leslie Butkiewicz,https://fr.wikipedia.org/?curid=1629665,https://fr.wikipedia.org/wiki/Leslie Butkiewicz,Article \u00e0 illustrer Joueur de tennis
Almira Skripchenko,https://fr.wikipedia.org/?curid=1688938,https://fr.wikipedia.org/wiki/Almira Skripchenko,Page utilisant P106
Amanda Tapping,https://fr.wikipedia.org/?curid=169049,https://fr.wikipedia.org/wiki/Amanda Tapping,Wikip\u00e9dia:\u00e9bauche acteur britannique
Sabine Braun,https://fr.wikipedia.org/?curid=1641000,https://fr.wikipedia.org/wiki/Sabine Braun,Wikip\u00e9dia:\u00e9bauche athl\u00e8te allemand
Louise Riddell,https://fr.wikipedia.org/?curid=1638757,https://fr.wikipedia.org/wiki/Louise Riddell,Article \u00e0 illustrer Joueur de tennis
Dorothy Green (joueuse de tennis),https://fr.wikipedia.org/?curid=1638759,https://fr.wikipedia.org/wiki/Dorothy Green (joueuse de tennis),Article utilisant une Infobox
