Name,URL1,URL2,First Category
Ana Mar\u00eda Arias,https://fr.wikipedia.org/?curid=1199625,https://fr.wikipedia.org/wiki/Ana Mar\u00eda Arias,Article \u00e0 illustrer Joueur de tennis
Anna Grimaldi,https://fr.wikipedia.org/?curid=11981602,https://fr.wikipedia.org/wiki/Anna Grimaldi,Article contenant un lien mort
Chun-Li (chanson de Nicki Minaj),https://fr.wikipedia.org/?curid=11970658,https://fr.wikipedia.org/wiki/Chun-Li (chanson de Nicki Minaj),Article contenant un lien mort
Sandrina Illes,https://fr.wikipedia.org/?curid=11977231,https://fr.wikipedia.org/wiki/Sandrina Illes,Wikip\u00e9dia:\u00e9bauche triathl\u00e8te
Haykanoush Danielyan,https://fr.wikipedia.org/?curid=11974643,https://fr.wikipedia.org/wiki/Haykanoush Danielyan,Page utilisant P569
Caroline Chepkwony,https://fr.wikipedia.org/?curid=12191961,https://fr.wikipedia.org/wiki/Caroline Chepkwony,Article utilisant une Infobox
In\u00e8s Boutaleb,https://fr.wikipedia.org/?curid=12203714,https://fr.wikipedia.org/wiki/In\u00e8s Boutaleb,Article \u00e0 illustrer Footballeur
Marzena Wojdecka,https://fr.wikipedia.org/?curid=12208802,https://fr.wikipedia.org/wiki/Marzena Wojdecka,Wikip\u00e9dia:\u00e9bauche athl\u00e9tisme
Always Remember Us This Way,https://fr.wikipedia.org/?curid=12206179,https://fr.wikipedia.org/wiki/Always Remember Us This Way,Article utilisant une Infobox
Gretta Taslakian,https://fr.wikipedia.org/?curid=12205354,https://fr.wikipedia.org/wiki/Gretta Taslakian,Wikip\u00e9dia:\u00e9bauche athl\u00e8te
Ava Max,https://fr.wikipedia.org/?curid=12165862,https://fr.wikipedia.org/wiki/Ava Max,Article utilisant une Infobox
Brenda Remilton,https://fr.wikipedia.org/?curid=1216610,https://fr.wikipedia.org/wiki/Brenda Remilton,Article \u00e0 illustrer Joueur de tennis
Hayley Orrantia,https://fr.wikipedia.org/?curid=12191241,https://fr.wikipedia.org/wiki/Hayley Orrantia,Article utilisant une Infobox
Kim Yuna,https://fr.wikipedia.org/?curid=1219432,https://fr.wikipedia.org/wiki/Kim Yuna,Article utilisant une Infobox
Claire Michel,https://fr.wikipedia.org/?curid=12194529,https://fr.wikipedia.org/wiki/Claire Michel,Article \u00e0 illustrer Sportif
Oksana Ekk,https://fr.wikipedia.org/?curid=12218101,https://fr.wikipedia.org/wiki/Oksana Ekk,Wikip\u00e9dia:\u00e9bauche athl\u00e9tisme
Johanna Koning,https://fr.wikipedia.org/?curid=12220432,https://fr.wikipedia.org/wiki/Johanna Koning,Wikip\u00e9dia:\u00e9bauche athl\u00e9tisme
Hisami Yokoyama,https://fr.wikipedia.org/?curid=12186544,https://fr.wikipedia.org/wiki/Hisami Yokoyama,Wikip\u00e9dia:\u00e9bauche karat\u00e9ka japonais
Mercedes Martinez,https://fr.wikipedia.org/?curid=12163756,https://fr.wikipedia.org/wiki/Mercedes Martinez,Page utilisant des arguments dupliqu\u00e9s dans les appels de mod\u00e8le
Barbara Madejczyk,https://fr.wikipedia.org/?curid=12163534,https://fr.wikipedia.org/wiki/Barbara Madejczyk,Wikip\u00e9dia:\u00e9bauche athl\u00e9tisme
Letizia Bertoni,https://fr.wikipedia.org/?curid=12163646,https://fr.wikipedia.org/wiki/Letizia Bertoni,Wikip\u00e9dia:\u00e9bauche athl\u00e9tisme
Domee Shi,https://fr.wikipedia.org/?curid=12216489,https://fr.wikipedia.org/wiki/Domee Shi,Article utilisant une Infobox
Natalya Anisimova,https://fr.wikipedia.org/?curid=12211663,https://fr.wikipedia.org/wiki/Natalya Anisimova,Wikip\u00e9dia:\u00e9bauche athl\u00e9tisme
Morita D\u014dji,https://fr.wikipedia.org/?curid=12170481,https://fr.wikipedia.org/wiki/Morita D\u014dji,Page utilisant P569
Bibie,https://fr.wikipedia.org/?curid=121787,https://fr.wikipedia.org/wiki/Bibie,Article utilisant une Infobox
Zoya Spasovkhodskaya,https://fr.wikipedia.org/?curid=12177703,https://fr.wikipedia.org/wiki/Zoya Spasovkhodskaya,Wikip\u00e9dia:\u00e9bauche athl\u00e9tisme
Lymari Nadal,https://fr.wikipedia.org/?curid=12177920,https://fr.wikipedia.org/wiki/Lymari Nadal,Article utilisant une Infobox
Gisela Kinzel,https://fr.wikipedia.org/?curid=12174908,https://fr.wikipedia.org/wiki/Gisela Kinzel,Wikip\u00e9dia:\u00e9bauche athl\u00e9tisme
Maura Viceconte,https://fr.wikipedia.org/?curid=12201817,https://fr.wikipedia.org/wiki/Maura Viceconte,Wikip\u00e9dia:\u00e9bauche athl\u00e9tisme
Marin Honda,https://fr.wikipedia.org/?curid=12198633,https://fr.wikipedia.org/wiki/Marin Honda,Article utilisant une Infobox
Emma Ania,https://fr.wikipedia.org/?curid=12202198,https://fr.wikipedia.org/wiki/Emma Ania,Wikip\u00e9dia:\u00e9bauche athl\u00e9tisme
Yasemin \u015eamdereli,https://fr.wikipedia.org/?curid=12202433,https://fr.wikipedia.org/wiki/Yasemin \u015eamdereli,Page utilisant P569
Riitta-Liisa Roponen,https://fr.wikipedia.org/?curid=1219964,https://fr.wikipedia.org/wiki/Riitta-Liisa Roponen,Article utilisant une Infobox
Nerida Gregory,https://fr.wikipedia.org/?curid=1216632,https://fr.wikipedia.org/wiki/Nerida Gregory,Article \u00e0 illustrer Joueur de tennis
Grietje de Jongh,https://fr.wikipedia.org/?curid=12180374,https://fr.wikipedia.org/wiki/Grietje de Jongh,Wikip\u00e9dia:\u00e9bauche athl\u00e9tisme
Erika Fisch,https://fr.wikipedia.org/?curid=12173377,https://fr.wikipedia.org/wiki/Erika Fisch,Wikip\u00e9dia:\u00e9bauche athl\u00e9tisme
Cynthia Sieler,https://fr.wikipedia.org/?curid=1193846,https://fr.wikipedia.org/wiki/Cynthia Sieler,Article \u00e0 illustrer Joueur de tennis
Sydelle Noel,https://fr.wikipedia.org/?curid=11835868,https://fr.wikipedia.org/wiki/Sydelle Noel,Article contenant un lien mort
Bone of My Bones,https://fr.wikipedia.org/?curid=11846191,https://fr.wikipedia.org/wiki/Bone of My Bones,Wikip\u00e9dia:\u00e9bauche album
Sandra Reynolds,https://fr.wikipedia.org/?curid=1179988,https://fr.wikipedia.org/wiki/Sandra Reynolds,Article \u00e0 illustrer Joueur de tennis
Courtney Dauwalter,https://fr.wikipedia.org/?curid=11801786,https://fr.wikipedia.org/wiki/Courtney Dauwalter,Page utilisant P569
Clara Luciani,https://fr.wikipedia.org/?curid=11797547,https://fr.wikipedia.org/wiki/Clara Luciani,Page utilisant P569
Marta Martyanova,https://fr.wikipedia.org/?curid=11798926,https://fr.wikipedia.org/wiki/Marta Martyanova,Article utilisant une Infobox
Qian Jiarui,https://fr.wikipedia.org/?curid=11800912,https://fr.wikipedia.org/wiki/Qian Jiarui,Wikip\u00e9dia:\u00e9bauche escrimeuse
Michelle Casati,https://fr.wikipedia.org/?curid=1183637,https://fr.wikipedia.org/wiki/Michelle Casati,Article \u00e0 illustrer Joueur de tennis
Sanna El Kott,https://fr.wikipedia.org/?curid=11841085,https://fr.wikipedia.org/wiki/Sanna El Kott,Page utilisant P569
Jackie Tohn,https://fr.wikipedia.org/?curid=11837281,https://fr.wikipedia.org/wiki/Jackie Tohn,Article contenant un lien mort
Girls Like You,https://fr.wikipedia.org/?curid=11840782,https://fr.wikipedia.org/wiki/Girls Like You,Article utilisant une Infobox
Pascaline Wangui,https://fr.wikipedia.org/?curid=11841846,https://fr.wikipedia.org/wiki/Pascaline Wangui,Page utilisant P569
Am\u00e1lie \u0160v\u00e1b\u00edkov\u00e1,https://fr.wikipedia.org/?curid=11841872,https://fr.wikipedia.org/wiki/Am\u00e1lie \u0160v\u00e1b\u00edkov\u00e1,Wikip\u00e9dia:\u00e9bauche athl\u00e8te tch\u00e8que
Briana Williams,https://fr.wikipedia.org/?curid=11841887,https://fr.wikipedia.org/wiki/Briana Williams,Wikip\u00e9dia:\u00e9bauche athl\u00e8te jama\u00efcain
Muriel Evans,https://fr.wikipedia.org/?curid=11842089,https://fr.wikipedia.org/wiki/Muriel Evans,Page utilisant P569
Parveen Babi,https://fr.wikipedia.org/?curid=11776543,https://fr.wikipedia.org/wiki/Parveen Babi,Page utilisant P569
Coco Gauff,https://fr.wikipedia.org/?curid=11767881,https://fr.wikipedia.org/wiki/Coco Gauff,Article utilisant une Infobox
S\u00e9bastien Japrisot,https://fr.wikipedia.org/?curid=11854,https://fr.wikipedia.org/wiki/S\u00e9bastien Japrisot,R\u00e9daction \u00e0 am\u00e9liorer
Cynthia MacGregor,https://fr.wikipedia.org/?curid=1185594,https://fr.wikipedia.org/wiki/Cynthia MacGregor,Article \u00e0 illustrer Joueur de tennis
Heidi Eisterlehner,https://fr.wikipedia.org/?curid=1185710,https://fr.wikipedia.org/wiki/Heidi Eisterlehner,Article \u00e0 illustrer Joueur de tennis
Zahara (musicienne),https://fr.wikipedia.org/?curid=11769164,https://fr.wikipedia.org/wiki/Zahara (musicienne),Page utilisant P569
Motsi Mabuse,https://fr.wikipedia.org/?curid=11778910,https://fr.wikipedia.org/wiki/Motsi Mabuse,Article manquant de r\u00e9f\u00e9rences depuis juin 2018
Miranda Richardson,https://fr.wikipedia.org/?curid=118124,https://fr.wikipedia.org/wiki/Miranda Richardson,Article contenant un appel \u00e0 traduction en anglais
Fiorella Bonicelli,https://fr.wikipedia.org/?curid=1180845,https://fr.wikipedia.org/wiki/Fiorella Bonicelli,Article \u00e0 illustrer Joueur de tennis
Stevie Kremer,https://fr.wikipedia.org/?curid=11808611,https://fr.wikipedia.org/wiki/Stevie Kremer,Page utilisant P569
Anette B\u00f8e,https://fr.wikipedia.org/?curid=1180872,https://fr.wikipedia.org/wiki/Anette B\u00f8e,Wikip\u00e9dia:\u00e9bauche ski de fond
Melissa Gurney,https://fr.wikipedia.org/?curid=1180959,https://fr.wikipedia.org/wiki/Melissa Gurney,Article \u00e0 illustrer Joueur de tennis
Sarah Latton,https://fr.wikipedia.org/?curid=11806149,https://fr.wikipedia.org/wiki/Sarah Latton,Article manquant de r\u00e9f\u00e9rences depuis juin 2018
Christel Dewalle,https://fr.wikipedia.org/?curid=11806172,https://fr.wikipedia.org/wiki/Christel Dewalle,Article utilisant une Infobox
Ekaterina Leonova,https://fr.wikipedia.org/?curid=11806225,https://fr.wikipedia.org/wiki/Ekaterina Leonova,Article manquant de r\u00e9f\u00e9rences depuis juin 2018
Lina El Kott,https://fr.wikipedia.org/?curid=11804635,https://fr.wikipedia.org/wiki/Lina El Kott,Page utilisant P569
Galefele Moroko,https://fr.wikipedia.org/?curid=11828957,https://fr.wikipedia.org/wiki/Galefele Moroko,Wikip\u00e9dia:\u00e9bauche athl\u00e9tisme
Hadjer Mecerem,https://fr.wikipedia.org/?curid=11816223,https://fr.wikipedia.org/wiki/Hadjer Mecerem,Wikip\u00e9dia:\u00e9bauche sportif alg\u00e9rien
Souad Bellakehal,https://fr.wikipedia.org/?curid=11816391,https://fr.wikipedia.org/wiki/Souad Bellakehal,Wikip\u00e9dia:\u00e9bauche sportif alg\u00e9rien
Kheira-Chaimaa Yahiaoui,https://fr.wikipedia.org/?curid=11816457,https://fr.wikipedia.org/wiki/Kheira-Chaimaa Yahiaoui,Wikip\u00e9dia:\u00e9bauche lutte
La Giuditta (3 voix),https://fr.wikipedia.org/?curid=11832391,https://fr.wikipedia.org/wiki/La Giuditta (3 voix),Article de Wikip\u00e9dia avec notice d'autorit\u00e9
La Giuditta (5 voix),https://fr.wikipedia.org/?curid=11832436,https://fr.wikipedia.org/wiki/La Giuditta (5 voix),Article de Wikip\u00e9dia avec notice d'autorit\u00e9
Victoria Majekodunmi,https://fr.wikipedia.org/?curid=11826570,https://fr.wikipedia.org/wiki/Victoria Majekodunmi,Article utilisant une Infobox
Lisa Fischer,https://fr.wikipedia.org/?curid=11828690,https://fr.wikipedia.org/wiki/Lisa Fischer,Page utilisant P569
Nikola Ogrodn\u00edkov\u00e1,https://fr.wikipedia.org/?curid=11830123,https://fr.wikipedia.org/wiki/Nikola Ogrodn\u00edkov\u00e1,Wikip\u00e9dia:\u00e9bauche athl\u00e8te
Cl\u00e9mence Beretta,https://fr.wikipedia.org/?curid=11830383,https://fr.wikipedia.org/wiki/Cl\u00e9mence Beretta,Page utilisant P569
Mar\u00eda Vicente,https://fr.wikipedia.org/?curid=11827371,https://fr.wikipedia.org/wiki/Mar\u00eda Vicente,Article utilisant une Infobox
Sue Mappin,https://fr.wikipedia.org/?curid=1182754,https://fr.wikipedia.org/wiki/Sue Mappin,Article \u00e0 illustrer Joueur de tennis
Cathy Gauthier,https://fr.wikipedia.org/?curid=1182765,https://fr.wikipedia.org/wiki/Cathy Gauthier,Wikip\u00e9dia:\u00e9bauche humour
Harumi Hiroyama,https://fr.wikipedia.org/?curid=12274352,https://fr.wikipedia.org/wiki/Harumi Hiroyama,Wikip\u00e9dia:\u00e9bauche athl\u00e9tisme
Peggy Moffitt,https://fr.wikipedia.org/?curid=12274760,https://fr.wikipedia.org/wiki/Peggy Moffitt,Page utilisant P569
Liste de tableaux d'\u00c9lisabeth Vig\u00e9e Le Brun,https://fr.wikipedia.org/?curid=12275236,https://fr.wikipedia.org/wiki/Liste de tableaux d'\u00c9lisabeth Vig\u00e9e Le Brun,Article contenant un appel \u00e0 traduction en anglais
Lorraine Shaw,https://fr.wikipedia.org/?curid=12229336,https://fr.wikipedia.org/wiki/Lorraine Shaw,Wikip\u00e9dia:\u00e9bauche athl\u00e9tisme
Maria Musso,https://fr.wikipedia.org/?curid=12226978,https://fr.wikipedia.org/wiki/Maria Musso,Wikip\u00e9dia:\u00e9bauche athl\u00e9tisme
Good Form,https://fr.wikipedia.org/?curid=12227209,https://fr.wikipedia.org/wiki/Good Form,Article utilisant une Infobox
Wanda dos Santos,https://fr.wikipedia.org/?curid=12246563,https://fr.wikipedia.org/wiki/Wanda dos Santos,Wikip\u00e9dia:\u00e9bauche athl\u00e9tisme
Ariarne Titmus,https://fr.wikipedia.org/?curid=12243263,https://fr.wikipedia.org/wiki/Ariarne Titmus,Article \u00e0 illustrer Nageur
\u00c1ngela Figueroa,https://fr.wikipedia.org/?curid=12243290,https://fr.wikipedia.org/wiki/\u00c1ngela Figueroa,Wikip\u00e9dia:\u00e9bauche athl\u00e9tisme
Kelita Zupancic,https://fr.wikipedia.org/?curid=12255256,https://fr.wikipedia.org/wiki/Kelita Zupancic,Wikip\u00e9dia:\u00e9bauche sportif canadien
Anna Chtcherbakova,https://fr.wikipedia.org/?curid=12264733,https://fr.wikipedia.org/wiki/Anna Chtcherbakova,Article utilisant une Infobox
Lady Gaga Enigma,https://fr.wikipedia.org/?curid=12267004,https://fr.wikipedia.org/wiki/Lady Gaga Enigma,Article utilisant une Infobox
Ei Iida,https://fr.wikipedia.org/?curid=1222903,https://fr.wikipedia.org/wiki/Ei Iida,Article \u00e0 illustrer Joueur de tennis
Maria Bettina Cogliatti,https://fr.wikipedia.org/?curid=12239867,https://fr.wikipedia.org/wiki/Maria Bettina Cogliatti,Article utilisant l'infobox Artiste
Manon Aubry,https://fr.wikipedia.org/?curid=12240060,https://fr.wikipedia.org/wiki/Manon Aubry,Article contenant un lien mort
Alina Baraz,https://fr.wikipedia.org/?curid=12240181,https://fr.wikipedia.org/wiki/Alina Baraz,Page utilisant P569
Liste des \u00e9pouses des pr\u00e9sidents de la r\u00e9publique du Congo,https://fr.wikipedia.org/?curid=12240575,https://fr.wikipedia.org/wiki/Liste des \u00e9pouses des pr\u00e9sidents de la r\u00e9publique du Congo,Portail:R\u00e9publique du Congo/Articles li\u00e9s
Li Bingjie,https://fr.wikipedia.org/?curid=12270966,https://fr.wikipedia.org/wiki/Li Bingjie,Article utilisant une Infobox
Doriane Escan\u00e9,https://fr.wikipedia.org/?curid=12272165,https://fr.wikipedia.org/wiki/Doriane Escan\u00e9,Article utilisant une Infobox
Jihae,https://fr.wikipedia.org/?curid=12253983,https://fr.wikipedia.org/wiki/Jihae,Article non v\u00e9rifiable des mois pr\u00e9c\u00e9dents
Kiyomi Watanabe,https://fr.wikipedia.org/?curid=12257998,https://fr.wikipedia.org/wiki/Kiyomi Watanabe,Wikip\u00e9dia:\u00e9bauche sportif philippin
Distria Krasniqi,https://fr.wikipedia.org/?curid=12257427,https://fr.wikipedia.org/wiki/Distria Krasniqi,Article utilisant une Infobox
Darlenys Obreg\u00f3n,https://fr.wikipedia.org/?curid=12258491,https://fr.wikipedia.org/wiki/Darlenys Obreg\u00f3n,Wikip\u00e9dia:\u00e9bauche athl\u00e9tisme
Alegna Gonz\u00e1lez,https://fr.wikipedia.org/?curid=12258675,https://fr.wikipedia.org/wiki/Alegna Gonz\u00e1lez,Article \u00e0 illustrer Athl\u00e8te
Olivija Balei\u0161yt\u0117,https://fr.wikipedia.org/?curid=12262945,https://fr.wikipedia.org/wiki/Olivija Balei\u0161yt\u0117,Page utilisant P569
Barbara Bakulin,https://fr.wikipedia.org/?curid=12260235,https://fr.wikipedia.org/wiki/Barbara Bakulin,Wikip\u00e9dia:\u00e9bauche athl\u00e9tisme
Sandra Eriksson,https://fr.wikipedia.org/?curid=12260491,https://fr.wikipedia.org/wiki/Sandra Eriksson,Wikip\u00e9dia:\u00e9bauche athl\u00e9tisme
PattiSue Plumer,https://fr.wikipedia.org/?curid=12263805,https://fr.wikipedia.org/wiki/PattiSue Plumer,Wikip\u00e9dia:\u00e9bauche athl\u00e9tisme
Elena Stoyanova,https://fr.wikipedia.org/?curid=12262270,https://fr.wikipedia.org/wiki/Elena Stoyanova,Article \u00e0 illustrer Athl\u00e8te
Amanda Warren,https://fr.wikipedia.org/?curid=12238433,https://fr.wikipedia.org/wiki/Amanda Warren,Article manquant de r\u00e9f\u00e9rences depuis d\u00e9cembre 2018
Virve Roolaid,https://fr.wikipedia.org/?curid=12238461,https://fr.wikipedia.org/wiki/Virve Roolaid,Wikip\u00e9dia:\u00e9bauche athl\u00e9tisme
Karine Icher,https://fr.wikipedia.org/?curid=1223867,https://fr.wikipedia.org/wiki/Karine Icher,Article utilisant une Infobox
Mack et Ro,https://fr.wikipedia.org/?curid=12249434,https://fr.wikipedia.org/wiki/Mack et Ro,Page utilisant une adresse fournie par Wikidata
Rossella Giordano,https://fr.wikipedia.org/?curid=12251971,https://fr.wikipedia.org/wiki/Rossella Giordano,Wikip\u00e9dia:\u00e9bauche athl\u00e9tisme
Selima Sfar,https://fr.wikipedia.org/?curid=1224882,https://fr.wikipedia.org/wiki/Selima Sfar,Article manquant de r\u00e9f\u00e9rences depuis ao\u00fbt 2010
Roxana D\u00edaz (athl\u00e9tisme),https://fr.wikipedia.org/?curid=12249266,https://fr.wikipedia.org/wiki/Roxana D\u00edaz (athl\u00e9tisme),Wikip\u00e9dia:\u00e9bauche athl\u00e9tisme
Rieko Kodama,https://fr.wikipedia.org/?curid=12252469,https://fr.wikipedia.org/wiki/Rieko Kodama,Article contenant un lien mort
Ruika Sato,https://fr.wikipedia.org/?curid=12252500,https://fr.wikipedia.org/wiki/Ruika Sato,Wikip\u00e9dia:\u00e9bauche sportif japonais
Sippie Wallace,https://fr.wikipedia.org/?curid=1225048,https://fr.wikipedia.org/wiki/Sippie Wallace,Wikip\u00e9dia:\u00e9bauche blues
Mar\u00eda-Isabel Fern\u00e1ndez,https://fr.wikipedia.org/?curid=1222654,https://fr.wikipedia.org/wiki/Mar\u00eda-Isabel Fern\u00e1ndez,Article \u00e0 illustrer Joueur de tennis
Aliona Kostorna\u00efa,https://fr.wikipedia.org/?curid=12235683,https://fr.wikipedia.org/wiki/Aliona Kostorna\u00efa,Article utilisant une Infobox
Nunu Abashidze,https://fr.wikipedia.org/?curid=12236257,https://fr.wikipedia.org/wiki/Nunu Abashidze,Wikip\u00e9dia:\u00e9bauche athl\u00e9tisme
Beverly Bowes,https://fr.wikipedia.org/?curid=1196344,https://fr.wikipedia.org/wiki/Beverly Bowes,Article \u00e0 illustrer Joueur de tennis
Marcela Skuhersk\u00e1,https://fr.wikipedia.org/?curid=1196005,https://fr.wikipedia.org/wiki/Marcela Skuhersk\u00e1,Article manquant de r\u00e9f\u00e9rences depuis juin 2023
Jessie Buckley,https://fr.wikipedia.org/?curid=11962267,https://fr.wikipedia.org/wiki/Jessie Buckley,Article manquant de r\u00e9f\u00e9rences depuis juillet 2019
Kaori Nazuka,https://fr.wikipedia.org/?curid=11964522,https://fr.wikipedia.org/wiki/Kaori Nazuka,Article contenant un appel \u00e0 traduction en japonais
Pooja Bhatt,https://fr.wikipedia.org/?curid=11787094,https://fr.wikipedia.org/wiki/Pooja Bhatt,Wikip\u00e9dia:\u00e9bauche acteur indien
Sana Fakhar,https://fr.wikipedia.org/?curid=11784534,https://fr.wikipedia.org/wiki/Sana Fakhar,Wikip\u00e9dia:\u00e9bauche acteur pakistanais
Yngvild Kaspersen,https://fr.wikipedia.org/?curid=11821770,https://fr.wikipedia.org/wiki/Yngvild Kaspersen,Page utilisant P569
Kaat Van Daele,https://fr.wikipedia.org/?curid=11860690,https://fr.wikipedia.org/wiki/Kaat Van Daele,Wikip\u00e9dia:\u00e9bauche patinage artistique
Berthe Etane Ngolle,https://fr.wikipedia.org/?curid=11860823,https://fr.wikipedia.org/wiki/Berthe Etane Ngolle,Wikip\u00e9dia:\u00e9bauche lutte
Zuzanna Ginczanka,https://fr.wikipedia.org/?curid=11863877,https://fr.wikipedia.org/wiki/Zuzanna Ginczanka,Article contenant un appel \u00e0 traduction en anglais
Peruth Chemutai,https://fr.wikipedia.org/?curid=11859324,https://fr.wikipedia.org/wiki/Peruth Chemutai,Wikip\u00e9dia:\u00e9bauche athl\u00e8te ougandais
Anu Kaljurand,https://fr.wikipedia.org/?curid=11965854,https://fr.wikipedia.org/wiki/Anu Kaljurand,Wikip\u00e9dia:\u00e9bauche athl\u00e8te estonien
Halle Carroll,https://fr.wikipedia.org/?curid=1196822,https://fr.wikipedia.org/wiki/Halle Carroll,Article \u00e0 illustrer Joueur de tennis
Andrea Waldis,https://fr.wikipedia.org/?curid=11967455,https://fr.wikipedia.org/wiki/Andrea Waldis,Page utilisant P569
Flora Balaine,https://fr.wikipedia.org/?curid=11885070,https://fr.wikipedia.org/wiki/Flora Balaine,Article \u00e0 illustrer Joueur de rink hockey
Angie Orjuela,https://fr.wikipedia.org/?curid=11887056,https://fr.wikipedia.org/wiki/Angie Orjuela,Wikip\u00e9dia:\u00e9bauche athl\u00e8te colombien
Natacha Ngoye Akamabi,https://fr.wikipedia.org/?curid=11951347,https://fr.wikipedia.org/wiki/Natacha Ngoye Akamabi,Article \u00e0 illustrer Athl\u00e8te
Marita Redondo,https://fr.wikipedia.org/?curid=1194697,https://fr.wikipedia.org/wiki/Marita Redondo,Article \u00e0 illustrer Joueur de tennis
10Six,https://fr.wikipedia.org/?curid=1194775,https://fr.wikipedia.org/wiki/10Six,Wikip\u00e9dia:\u00e9bauche jeu vid\u00e9o
Ren\u00e9e Richards,https://fr.wikipedia.org/?curid=1194780,https://fr.wikipedia.org/wiki/Ren\u00e9e Richards,Article \u00e0 illustrer Joueur de tennis
Kelly Vanderbeek,https://fr.wikipedia.org/?curid=1194811,https://fr.wikipedia.org/wiki/Kelly Vanderbeek,Wikip\u00e9dia:\u00e9bauche ski alpin
Doris Ba\u010di\u0107,https://fr.wikipedia.org/?curid=11955163,https://fr.wikipedia.org/wiki/Doris Ba\u010di\u0107,Article \u00e0 illustrer Footballeur
Christy Altomare,https://fr.wikipedia.org/?curid=11955876,https://fr.wikipedia.org/wiki/Christy Altomare,Page utilisant P569
Raquel Giscafr\u00e9,https://fr.wikipedia.org/?curid=1193910,https://fr.wikipedia.org/wiki/Raquel Giscafr\u00e9,Article \u00e0 illustrer Joueur de tennis
Diana Vaisman,https://fr.wikipedia.org/?curid=11946173,https://fr.wikipedia.org/wiki/Diana Vaisman,Wikip\u00e9dia:\u00e9bauche athl\u00e9tisme
Liste des m\u00e9daill\u00e9s aux Jeux olympiques d'\u00e9t\u00e9 de 1948,https://fr.wikipedia.org/?curid=12309769,https://fr.wikipedia.org/wiki/Liste des m\u00e9daill\u00e9s aux Jeux olympiques d'\u00e9t\u00e9 de 1948,Page utilisant une pr\u00e9sentation en colonnes avec un nombre fixe de colonnes
Jelle Geens,https://fr.wikipedia.org/?curid=12310244,https://fr.wikipedia.org/wiki/Jelle Geens,Article utilisant une Infobox
Filmographie de Sandra Bullock,https://fr.wikipedia.org/?curid=12292260,https://fr.wikipedia.org/wiki/Filmographie de Sandra Bullock,Article contenant un lien mort
Uhm Ji-won,https://fr.wikipedia.org/?curid=12281681,https://fr.wikipedia.org/wiki/Uhm Ji-won,Article contenant un lien mort
V\u00e2nia Silva,https://fr.wikipedia.org/?curid=12304792,https://fr.wikipedia.org/wiki/V\u00e2nia Silva,Wikip\u00e9dia:\u00e9bauche athl\u00e9tisme
Pablo Dapena Gonz\u00e1lez,https://fr.wikipedia.org/?curid=12302485,https://fr.wikipedia.org/wiki/Pablo Dapena Gonz\u00e1lez,Wikip\u00e9dia:\u00e9bauche triathl\u00e8te
Carla Georges,https://fr.wikipedia.org/?curid=12288211,https://fr.wikipedia.org/wiki/Carla Georges,Article utilisant une Infobox
Chuang Chia-jung,https://fr.wikipedia.org/?curid=1228840,https://fr.wikipedia.org/wiki/Chuang Chia-jung,Article utilisant une Infobox
Emma Mackey,https://fr.wikipedia.org/?curid=12317585,https://fr.wikipedia.org/wiki/Emma Mackey,Article utilisant une Infobox
Our Lady J,https://fr.wikipedia.org/?curid=12298644,https://fr.wikipedia.org/wiki/Our Lady J,Article contenant un appel \u00e0 traduction en anglais
Blanka Paul\u016f,https://fr.wikipedia.org/?curid=1231381,https://fr.wikipedia.org/wiki/Blanka Paul\u016f,Wikip\u00e9dia:\u00e9bauche ski de fond
Momo Tamaoki,https://fr.wikipedia.org/?curid=12315827,https://fr.wikipedia.org/wiki/Momo Tamaoki,Wikip\u00e9dia:\u00e9bauche judo
Taya Valkyrie,https://fr.wikipedia.org/?curid=12312030,https://fr.wikipedia.org/wiki/Taya Valkyrie,Article \u00e0 recycler/Liste compl\u00e8te
Afag Sultanova,https://fr.wikipedia.org/?curid=12288011,https://fr.wikipedia.org/wiki/Afag Sultanova,Article utilisant une Infobox
Nora Rocha,https://fr.wikipedia.org/?curid=12285654,https://fr.wikipedia.org/wiki/Nora Rocha,Wikip\u00e9dia:\u00e9bauche athl\u00e9tisme
B\u00e9atrice Kamboul\u00e9,https://fr.wikipedia.org/?curid=12281939,https://fr.wikipedia.org/wiki/B\u00e9atrice Kamboul\u00e9,Wikip\u00e9dia:\u00e9bauche athl\u00e8te
Yi Jingqian,https://fr.wikipedia.org/?curid=1228696,https://fr.wikipedia.org/wiki/Yi Jingqian,Article \u00e0 illustrer Joueur de tennis
Chen Li Ling,https://fr.wikipedia.org/?curid=1228716,https://fr.wikipedia.org/wiki/Chen Li Ling,Article \u00e0 illustrer Joueur de tennis
Nothing Breaks Like a Heart,https://fr.wikipedia.org/?curid=12278445,https://fr.wikipedia.org/wiki/Nothing Breaks Like a Heart,Wikip\u00e9dia:\u00e9bauche chanson
Odile Ahouanwanou,https://fr.wikipedia.org/?curid=11026713,https://fr.wikipedia.org/wiki/Odile Ahouanwanou,Wikip\u00e9dia:\u00e9bauche athl\u00e8te
Liste des m\u00e9daill\u00e9s olympiques en triathlon,https://fr.wikipedia.org/?curid=11032122,https://fr.wikipedia.org/wiki/Liste des m\u00e9daill\u00e9s olympiques en triathlon,Portail:Jeux olympiques/Articles li\u00e9s
Salom\u00e9 Kora,https://fr.wikipedia.org/?curid=11031770,https://fr.wikipedia.org/wiki/Salom\u00e9 Kora,Wikip\u00e9dia:\u00e9bauche athl\u00e8te suisse
Sol\u00e8ne Ndama,https://fr.wikipedia.org/?curid=11032629,https://fr.wikipedia.org/wiki/Sol\u00e8ne Ndama,Article utilisant une Infobox
Nage en eau libre aux Jeux olympiques,https://fr.wikipedia.org/?curid=11031309,https://fr.wikipedia.org/wiki/Nage en eau libre aux Jeux olympiques,Wikip\u00e9dia:\u00e9bauche natation
Aisha Praught-Leer,https://fr.wikipedia.org/?curid=11035514,https://fr.wikipedia.org/wiki/Aisha Praught-Leer,Wikip\u00e9dia:\u00e9bauche athl\u00e8te jama\u00efcain
\u013dudmila Cervanov\u00e1,https://fr.wikipedia.org/?curid=1105904,https://fr.wikipedia.org/wiki/\u013dudmila Cervanov\u00e1,Article \u00e0 illustrer Joueur de tennis
Fredrik Croneborg,https://fr.wikipedia.org/?curid=11061499,https://fr.wikipedia.org/wiki/Fredrik Croneborg,Wikip\u00e9dia:\u00e9bauche triathl\u00e8te
Adele Romanski,https://fr.wikipedia.org/?curid=11061793,https://fr.wikipedia.org/wiki/Adele Romanski,Wikip\u00e9dia:\u00e9bauche producteur de cin\u00e9ma am\u00e9ricain
Milagros Sequera,https://fr.wikipedia.org/?curid=1105864,https://fr.wikipedia.org/wiki/Milagros Sequera,Article utilisant une Infobox
Maria Vittoria Sperotto,https://fr.wikipedia.org/?curid=11025313,https://fr.wikipedia.org/wiki/Maria Vittoria Sperotto,Page utilisant P569
DeAnna Price,https://fr.wikipedia.org/?curid=11029469,https://fr.wikipedia.org/wiki/DeAnna Price,Wikip\u00e9dia:\u00e9bauche athl\u00e8te am\u00e9ricain
Dj\u00e9n\u00e9bou Dant\u00e9,https://fr.wikipedia.org/?curid=11027323,https://fr.wikipedia.org/wiki/Dj\u00e9n\u00e9bou Dant\u00e9,Wikip\u00e9dia:\u00e9bauche athl\u00e8te
Jessica Trengove,https://fr.wikipedia.org/?curid=11027639,https://fr.wikipedia.org/wiki/Jessica Trengove,Article utilisant une Infobox
Rose Chelimo,https://fr.wikipedia.org/?curid=11027699,https://fr.wikipedia.org/wiki/Rose Chelimo,Page utilisant P569
Jacinda Ardern,https://fr.wikipedia.org/?curid=11028602,https://fr.wikipedia.org/wiki/Jacinda Ardern,Article utilisant une Infobox
Lise Meloche,https://fr.wikipedia.org/?curid=11045334,https://fr.wikipedia.org/wiki/Lise Meloche,Article utilisant une Infobox
Ivo Suur,https://fr.wikipedia.org/?curid=11046979,https://fr.wikipedia.org/wiki/Ivo Suur,Wikip\u00e9dia:\u00e9bauche coureur cycliste estonien
Jane McGonigal,https://fr.wikipedia.org/?curid=11049978,https://fr.wikipedia.org/wiki/Jane McGonigal,Wikip\u00e9dia:\u00e9bauche jeu vid\u00e9o
Isabella King,https://fr.wikipedia.org/?curid=11052153,https://fr.wikipedia.org/wiki/Isabella King,Page utilisant P569
Ciara Hanna,https://fr.wikipedia.org/?curid=11053090,https://fr.wikipedia.org/wiki/Ciara Hanna,Wikip\u00e9dia:\u00e9bauche acteur am\u00e9ricain
Dana Gilbert,https://fr.wikipedia.org/?curid=1103432,https://fr.wikipedia.org/wiki/Dana Gilbert,Article \u00e0 illustrer Joueur de tennis
Winfred Yavi,https://fr.wikipedia.org/?curid=11035553,https://fr.wikipedia.org/wiki/Winfred Yavi,Wikip\u00e9dia:\u00e9bauche athl\u00e8te bahre\u00efni
Birtukan Fente,https://fr.wikipedia.org/?curid=11035571,https://fr.wikipedia.org/wiki/Birtukan Fente,Wikip\u00e9dia:\u00e9bauche athl\u00e8te \u00e9thiopien
Yin Hang (athl\u00e9tisme),https://fr.wikipedia.org/?curid=11039084,https://fr.wikipedia.org/wiki/Yin Hang (athl\u00e9tisme),Wikip\u00e9dia:\u00e9bauche athl\u00e8te chinois
Kathleen Burnett,https://fr.wikipedia.org/?curid=11039093,https://fr.wikipedia.org/wiki/Kathleen Burnett,Wikip\u00e9dia:\u00e9bauche athl\u00e8te am\u00e9ricain
Chantel Malone,https://fr.wikipedia.org/?curid=11037258,https://fr.wikipedia.org/wiki/Chantel Malone,Wikip\u00e9dia:\u00e9bauche athl\u00e9tisme
Brittany Crew,https://fr.wikipedia.org/?curid=11033580,https://fr.wikipedia.org/wiki/Brittany Crew,Wikip\u00e9dia:\u00e9bauche athl\u00e8te canadien
Yang Shuqing,https://fr.wikipedia.org/?curid=11040739,https://fr.wikipedia.org/wiki/Yang Shuqing,Wikip\u00e9dia:\u00e9bauche athl\u00e8te chinois
Yang Jiayu,https://fr.wikipedia.org/?curid=11040821,https://fr.wikipedia.org/wiki/Yang Jiayu,Wikip\u00e9dia:\u00e9bauche athl\u00e8te chinois
Kendall Ellis,https://fr.wikipedia.org/?curid=11040880,https://fr.wikipedia.org/wiki/Kendall Ellis,Wikip\u00e9dia:\u00e9bauche athl\u00e8te am\u00e9ricain
Kerstin Brandt,https://fr.wikipedia.org/?curid=11044513,https://fr.wikipedia.org/wiki/Kerstin Brandt,Article \u00e0 illustrer Athl\u00e8te
Maria Lindstr\u00f6m,https://fr.wikipedia.org/?curid=1104317,https://fr.wikipedia.org/wiki/Maria Lindstr\u00f6m,Article \u00e0 illustrer Joueur de tennis
Terry Phelps,https://fr.wikipedia.org/?curid=1104399,https://fr.wikipedia.org/wiki/Terry Phelps,Article \u00e0 illustrer Joueur de tennis
Aleksandra Olsza,https://fr.wikipedia.org/?curid=1104254,https://fr.wikipedia.org/wiki/Aleksandra Olsza,Article \u00e0 illustrer Joueur de tennis
Aleksandra Gaworska,https://fr.wikipedia.org/?curid=11041806,https://fr.wikipedia.org/wiki/Aleksandra Gaworska,Wikip\u00e9dia:\u00e9bauche athl\u00e8te polonais
Zoey Clark,https://fr.wikipedia.org/?curid=11041817,https://fr.wikipedia.org/wiki/Zoey Clark,Wikip\u00e9dia:\u00e9bauche athl\u00e8te britannique
Kim Ji-soo,https://fr.wikipedia.org/?curid=11022972,https://fr.wikipedia.org/wiki/Kim Ji-soo,Article utilisant une Infobox
Shonda Rhimes,https://fr.wikipedia.org/?curid=1102365,https://fr.wikipedia.org/wiki/Shonda Rhimes,Article utilisant une Infobox
Alma (chanteuse finlandaise),https://fr.wikipedia.org/?curid=11019871,https://fr.wikipedia.org/wiki/Alma (chanteuse finlandaise),Article manquant de r\u00e9f\u00e9rences depuis ao\u00fbt 2017
Katrina Miller,https://fr.wikipedia.org/?curid=11021604,https://fr.wikipedia.org/wiki/Katrina Miller,Page utilisant P569
Elisa Desco,https://fr.wikipedia.org/?curid=11818169,https://fr.wikipedia.org/wiki/Elisa Desco,Page utilisant P569
Discographie de Cardi B,https://fr.wikipedia.org/?curid=11825404,https://fr.wikipedia.org/wiki/Discographie de Cardi B,Article utilisant une Infobox
Marta Larraechea,https://fr.wikipedia.org/?curid=11823867,https://fr.wikipedia.org/wiki/Marta Larraechea,Article contenant un lien mort
Brit Pettersen,https://fr.wikipedia.org/?curid=1182300,https://fr.wikipedia.org/wiki/Brit Pettersen,Wikip\u00e9dia:\u00e9bauche ski de fond
Shirin David,https://fr.wikipedia.org/?curid=11764372,https://fr.wikipedia.org/wiki/Shirin David,Article manquant de r\u00e9f\u00e9rences depuis juin 2018
Mary Jane Clark,https://fr.wikipedia.org/?curid=1186976,https://fr.wikipedia.org/wiki/Mary Jane Clark,Wikip\u00e9dia:\u00e9bauche \u00e9crivain am\u00e9ricain
Ejgayehu Taye,https://fr.wikipedia.org/?curid=11893665,https://fr.wikipedia.org/wiki/Ejgayehu Taye,Wikip\u00e9dia:\u00e9bauche athl\u00e8te \u00e9thiopien
Diribe Welteji,https://fr.wikipedia.org/?curid=11893609,https://fr.wikipedia.org/wiki/Diribe Welteji,Wikip\u00e9dia:\u00e9bauche athl\u00e8te \u00e9thiopien
Adeline Gou\u00e9non,https://fr.wikipedia.org/?curid=11893627,https://fr.wikipedia.org/wiki/Adeline Gou\u00e9non,Wikip\u00e9dia:\u00e9bauche athl\u00e9tisme
Otlile Mabuse,https://fr.wikipedia.org/?curid=11796656,https://fr.wikipedia.org/wiki/Otlile Mabuse,Article manquant de r\u00e9f\u00e9rences depuis juin 2018
Sanam Chaudhry,https://fr.wikipedia.org/?curid=11788800,https://fr.wikipedia.org/wiki/Sanam Chaudhry,Article contenant un lien mort
Katharine Holmes,https://fr.wikipedia.org/?curid=11868393,https://fr.wikipedia.org/wiki/Katharine Holmes,Article \u00e0 illustrer Escrimeur
Estela Garc\u00eda,https://fr.wikipedia.org/?curid=11816547,https://fr.wikipedia.org/wiki/Estela Garc\u00eda,Wikip\u00e9dia:\u00e9bauche athl\u00e8te espagnol
Maru\u0161a Mi\u0161ma\u0161-Zrim\u0161ek,https://fr.wikipedia.org/?curid=11812633,https://fr.wikipedia.org/wiki/Maru\u0161a Mi\u0161ma\u0161-Zrim\u0161ek,Wikip\u00e9dia:\u00e9bauche athl\u00e8te slov\u00e8ne
Olga Jackowska,https://fr.wikipedia.org/?curid=11875339,https://fr.wikipedia.org/wiki/Olga Jackowska,Page utilisant P569
Beatrice Chebet,https://fr.wikipedia.org/?curid=11890353,https://fr.wikipedia.org/wiki/Beatrice Chebet,Article utilisant une Infobox
Christine Botlogetswe,https://fr.wikipedia.org/?curid=11887248,https://fr.wikipedia.org/wiki/Christine Botlogetswe,Wikip\u00e9dia:\u00e9bauche sportif botswanais
Min (chanteuse),https://fr.wikipedia.org/?curid=11888182,https://fr.wikipedia.org/wiki/Min (chanteuse),Article contenant un lien mort
Daisy Osakue,https://fr.wikipedia.org/?curid=11876440,https://fr.wikipedia.org/wiki/Daisy Osakue,Page utilisant P569
Eldred Henry,https://fr.wikipedia.org/?curid=11877966,https://fr.wikipedia.org/wiki/Eldred Henry,Wikip\u00e9dia:\u00e9bauche athl\u00e9tisme
Pat Walkden,https://fr.wikipedia.org/?curid=1191734,https://fr.wikipedia.org/wiki/Pat Walkden,Article utilisant une Infobox
Paul Bourget,https://fr.wikipedia.org/?curid=11912,https://fr.wikipedia.org/wiki/Paul Bourget,Page utilisant P119
Nanne Dahlman,https://fr.wikipedia.org/?curid=1191928,https://fr.wikipedia.org/wiki/Nanne Dahlman,Article \u00e0 illustrer Joueur de tennis
Elis\u00e1vet Pesir\u00eddou,https://fr.wikipedia.org/?curid=11920312,https://fr.wikipedia.org/wiki/Elis\u00e1vet Pesir\u00eddou,Article utilisant une Infobox
Christina Singer,https://fr.wikipedia.org/?curid=1192713,https://fr.wikipedia.org/wiki/Christina Singer,Article \u00e0 illustrer Joueur de tennis
Julie Warner,https://fr.wikipedia.org/?curid=11927288,https://fr.wikipedia.org/wiki/Julie Warner,Wikip\u00e9dia:\u00e9bauche acteur am\u00e9ricain
Liveta Jasi\u016bnait\u0117,https://fr.wikipedia.org/?curid=11928341,https://fr.wikipedia.org/wiki/Liveta Jasi\u016bnait\u0117,Wikip\u00e9dia:\u00e9bauche athl\u00e8te lituanien
Alfred Austin,https://fr.wikipedia.org/?curid=1193094,https://fr.wikipedia.org/wiki/Alfred Austin,Page utilisant P69
Kate\u0159ina Cachov\u00e1,https://fr.wikipedia.org/?curid=10081559,https://fr.wikipedia.org/wiki/Kate\u0159ina Cachov\u00e1,Wikip\u00e9dia:\u00e9bauche athl\u00e8te tch\u00e8que
Anouk Vetter,https://fr.wikipedia.org/?curid=10081583,https://fr.wikipedia.org/wiki/Anouk Vetter,Article utilisant une Infobox
Desir\u00e9e Rossit,https://fr.wikipedia.org/?curid=10076340,https://fr.wikipedia.org/wiki/Desir\u00e9e Rossit,Wikip\u00e9dia:\u00e9bauche athl\u00e8te italien
Pia Riva,https://fr.wikipedia.org/?curid=1007636,https://fr.wikipedia.org/wiki/Pia Riva,Page utilisant P569
R\u00f6sli Streiff,https://fr.wikipedia.org/?curid=1007649,https://fr.wikipedia.org/wiki/R\u00f6sli Streiff,Wikip\u00e9dia:\u00e9bauche personnalit\u00e9 suisse
Paula Wiesinger,https://fr.wikipedia.org/?curid=1007752,https://fr.wikipedia.org/wiki/Paula Wiesinger,Article utilisant une Infobox
R\u00f6sli Rominger,https://fr.wikipedia.org/?curid=1007803,https://fr.wikipedia.org/wiki/R\u00f6sli Rominger,Wikip\u00e9dia:\u00e9bauche personnalit\u00e9 suisse
Sinead Jack,https://fr.wikipedia.org/?curid=10032053,https://fr.wikipedia.org/wiki/Sinead Jack,Article utilisant une Infobox
Karina Smirnoff,https://fr.wikipedia.org/?curid=10037937,https://fr.wikipedia.org/wiki/Karina Smirnoff,Article contenant un lien mort
Di'Ja,https://fr.wikipedia.org/?curid=10043919,https://fr.wikipedia.org/wiki/Di'Ja,Article utilisant une Infobox
Ruth Kadiri,https://fr.wikipedia.org/?curid=10049650,https://fr.wikipedia.org/wiki/Ruth Kadiri,Wikip\u00e9dia:\u00e9bauche acteur nig\u00e9rian
St\u00e9phane Bahier,https://fr.wikipedia.org/?curid=10047673,https://fr.wikipedia.org/wiki/St\u00e9phane Bahier,Article \u00e0 illustrer Sportif
Patrick Lange (triathlon),https://fr.wikipedia.org/?curid=10056050,https://fr.wikipedia.org/wiki/Patrick Lange (triathlon),Article utilisant une Infobox
Kimberley Wells,https://fr.wikipedia.org/?curid=10061742,https://fr.wikipedia.org/wiki/Kimberley Wells,Page utilisant P569
La La Land (film),https://fr.wikipedia.org/?curid=10052634,https://fr.wikipedia.org/wiki/La La Land (film),Article utilisant une Infobox
Bo\u017eidarka Frajt,https://fr.wikipedia.org/?curid=10057153,https://fr.wikipedia.org/wiki/Bo\u017eidarka Frajt,Article manquant de r\u00e9f\u00e9rences depuis octobre 2020
Ilham Eldjou,https://fr.wikipedia.org/?curid=10057319,https://fr.wikipedia.org/wiki/Ilham Eldjou,Wikip\u00e9dia:\u00e9bauche karat\u00e9ka
Beatrice Chepkoech,https://fr.wikipedia.org/?curid=10056305,https://fr.wikipedia.org/wiki/Beatrice Chepkoech,Article utilisant une Infobox
Miss Belgique 1997,https://fr.wikipedia.org/?curid=10083626,https://fr.wikipedia.org/wiki/Miss Belgique 1997,Article \u00e0 illustrer Miss
Tim Berkel,https://fr.wikipedia.org/?curid=10083715,https://fr.wikipedia.org/wiki/Tim Berkel,Article utilisant une Infobox
Lucille Wheeler,https://fr.wikipedia.org/?curid=1008529,https://fr.wikipedia.org/wiki/Lucille Wheeler,Wikip\u00e9dia:\u00e9bauche ski alpin
Elena d'Avalor,https://fr.wikipedia.org/?curid=10084560,https://fr.wikipedia.org/wiki/Elena d'Avalor,Article contenant un appel \u00e0 traduction en anglais
Penny Pitou,https://fr.wikipedia.org/?curid=1008465,https://fr.wikipedia.org/wiki/Penny Pitou,Page utilisant P569
Liste des \u00e9pouses des Premiers ministres du Japon,https://fr.wikipedia.org/?curid=10084759,https://fr.wikipedia.org/wiki/Liste des \u00e9pouses des Premiers ministres du Japon,Article utilisant une Infobox
Frieda D\u00e4nzer,https://fr.wikipedia.org/?curid=1008490,https://fr.wikipedia.org/wiki/Frieda D\u00e4nzer,Wikip\u00e9dia:\u00e9bauche personnalit\u00e9 suisse
Josefin Frandl,https://fr.wikipedia.org/?curid=1008736,https://fr.wikipedia.org/wiki/Josefin Frandl,Page utilisant P569
Carla Marchelli,https://fr.wikipedia.org/?curid=1008766,https://fr.wikipedia.org/wiki/Carla Marchelli,Page utilisant P569
Sally Deaver,https://fr.wikipedia.org/?curid=1008770,https://fr.wikipedia.org/wiki/Sally Deaver,Page utilisant P569
Monique Henderson,https://fr.wikipedia.org/?curid=1004002,https://fr.wikipedia.org/wiki/Monique Henderson,Wikip\u00e9dia:\u00e9bauche athl\u00e8te am\u00e9ricain
Alysha Clark,https://fr.wikipedia.org/?curid=10043297,https://fr.wikipedia.org/wiki/Alysha Clark,Article utilisant une Infobox
Anthony Pujades,https://fr.wikipedia.org/?curid=10043541,https://fr.wikipedia.org/wiki/Anthony Pujades,Wikip\u00e9dia:\u00e9bauche triathl\u00e8te
Jacob Birtwhistle,https://fr.wikipedia.org/?curid=10043677,https://fr.wikipedia.org/wiki/Jacob Birtwhistle,Wikip\u00e9dia:\u00e9bauche triathl\u00e8te
Huang Zhihong,https://fr.wikipedia.org/?curid=1004111,https://fr.wikipedia.org/wiki/Huang Zhihong,Wikip\u00e9dia:\u00e9bauche athl\u00e8te chinois
Samantha Bricio,https://fr.wikipedia.org/?curid=10039677,https://fr.wikipedia.org/wiki/Samantha Bricio,Article utilisant une Infobox
Sruthi Menon,https://fr.wikipedia.org/?curid=10075825,https://fr.wikipedia.org/wiki/Sruthi Menon,Article utilisant une Infobox
Marianne Jahn,https://fr.wikipedia.org/?curid=1007589,https://fr.wikipedia.org/wiki/Marianne Jahn,Page utilisant P569
Joan Hannah,https://fr.wikipedia.org/?curid=1007613,https://fr.wikipedia.org/wiki/Joan Hannah,Page utilisant P569
Alexandra Wester,https://fr.wikipedia.org/?curid=10074036,https://fr.wikipedia.org/wiki/Alexandra Wester,Wikip\u00e9dia:\u00e9bauche athl\u00e8te allemand
Heidi Zimmermann,https://fr.wikipedia.org/?curid=1007486,https://fr.wikipedia.org/wiki/Heidi Zimmermann,Page utilisant P569
Penny McCoy,https://fr.wikipedia.org/?curid=1007493,https://fr.wikipedia.org/wiki/Penny McCoy,Page utilisant P569
Morgan Mitchell,https://fr.wikipedia.org/?curid=10075388,https://fr.wikipedia.org/wiki/Morgan Mitchell,Wikip\u00e9dia:\u00e9bauche athl\u00e8te australien
Jean Saubert,https://fr.wikipedia.org/?curid=1007544,https://fr.wikipedia.org/wiki/Jean Saubert,Page utilisant P569
Soyou (artiste),https://fr.wikipedia.org/?curid=10067232,https://fr.wikipedia.org/wiki/Soyou (artiste),Article utilisant une Infobox
Aleen Bailey,https://fr.wikipedia.org/?curid=1006751,https://fr.wikipedia.org/wiki/Aleen Bailey,Wikip\u00e9dia:\u00e9bauche athl\u00e8te jama\u00efcain
Baby K,https://fr.wikipedia.org/?curid=10089800,https://fr.wikipedia.org/wiki/Baby K,Article utilisant une Infobox
K\u00e4the Grasegger,https://fr.wikipedia.org/?curid=1009210,https://fr.wikipedia.org/wiki/K\u00e4the Grasegger,Article \u00e0 illustrer Sportif
Erika Mahringer,https://fr.wikipedia.org/?curid=1008869,https://fr.wikipedia.org/wiki/Erika Mahringer,Article utilisant une Infobox
Nini von Arx-Zogg,https://fr.wikipedia.org/?curid=1008888,https://fr.wikipedia.org/wiki/Nini von Arx-Zogg,Wikip\u00e9dia:\u00e9bauche personnalit\u00e9 suisse
Renata Notni,https://fr.wikipedia.org/?curid=10032632,https://fr.wikipedia.org/wiki/Renata Notni,Article utilisant une Infobox
Noma Dumezweni,https://fr.wikipedia.org/?curid=10178835,https://fr.wikipedia.org/wiki/Noma Dumezweni,Article utilisant une Infobox
Poppy Miller,https://fr.wikipedia.org/?curid=10178884,https://fr.wikipedia.org/wiki/Poppy Miller,Article \u00e0 illustrer Personnalit\u00e9 du cin\u00e9ma
Bai Baihe,https://fr.wikipedia.org/?curid=10179188,https://fr.wikipedia.org/wiki/Bai Baihe,Wikip\u00e9dia:\u00e9bauche acteur chinois
Barbara Jordan (tennis),https://fr.wikipedia.org/?curid=1017731,https://fr.wikipedia.org/wiki/Barbara Jordan (tennis),Article \u00e0 illustrer Joueur de tennis
Shirley Frimpong-Manso,https://fr.wikipedia.org/?curid=10177548,https://fr.wikipedia.org/wiki/Shirley Frimpong-Manso,Wikip\u00e9dia:\u00e9bauche r\u00e9alisateur
Ariya Jutanugarn,https://fr.wikipedia.org/?curid=10176387,https://fr.wikipedia.org/wiki/Ariya Jutanugarn,Article utilisant une Infobox
Wallace Distelmeyer,https://fr.wikipedia.org/?curid=1018901,https://fr.wikipedia.org/wiki/Wallace Distelmeyer,Wikip\u00e9dia:\u00e9bauche patinage artistique
Lubna al-Omair,https://fr.wikipedia.org/?curid=10186270,https://fr.wikipedia.org/wiki/Lubna al-Omair,Wikip\u00e9dia:\u00e9bauche escrimeuse
Anissa Khelfaoui,https://fr.wikipedia.org/?curid=10187721,https://fr.wikipedia.org/wiki/Anissa Khelfaoui,Article utilisant une Infobox
Kseniya Tuhai,https://fr.wikipedia.org/?curid=10187955,https://fr.wikipedia.org/wiki/Kseniya Tuhai,Page utilisant P1813
Zouleiha Abzetta Dabonn\u00e9,https://fr.wikipedia.org/?curid=10174705,https://fr.wikipedia.org/wiki/Zouleiha Abzetta Dabonn\u00e9,Wikip\u00e9dia:\u00e9bauche judo
Sandra Cecchini,https://fr.wikipedia.org/?curid=1017478,https://fr.wikipedia.org/wiki/Sandra Cecchini,Article \u00e0 illustrer Joueur de tennis
Barbara Paulus,https://fr.wikipedia.org/?curid=1017500,https://fr.wikipedia.org/wiki/Barbara Paulus,Article \u00e0 illustrer Joueur de tennis
Liste des sportifs ayant particip\u00e9 aux Jeux olympiques d'\u00e9t\u00e9 et d'hiver,https://fr.wikipedia.org/?curid=10194423,https://fr.wikipedia.org/wiki/Liste des sportifs ayant particip\u00e9 aux Jeux olympiques d'\u00e9t\u00e9 et d'hiver,Liste incompl\u00e8te
Millie Bobby Brown,https://fr.wikipedia.org/?curid=10198626,https://fr.wikipedia.org/wiki/Millie Bobby Brown,Article contenant un appel \u00e0 traduction en anglais
Aranka Binder,https://fr.wikipedia.org/?curid=10198786,https://fr.wikipedia.org/wiki/Aranka Binder,Article avec source \u00e0 lier
Iconiq,https://fr.wikipedia.org/?curid=10195148,https://fr.wikipedia.org/wiki/Iconiq,Article contenant un lien mort
Cl\u00e9mence Beikes,https://fr.wikipedia.org/?curid=1019710,https://fr.wikipedia.org/wiki/Cl\u00e9mence Beikes,Article utilisant une Infobox
Miss Rwanda 2009,https://fr.wikipedia.org/?curid=10197215,https://fr.wikipedia.org/wiki/Miss Rwanda 2009,Article \u00e0 illustrer Miss
Miss Univers Canada 2012,https://fr.wikipedia.org/?curid=10164487,https://fr.wikipedia.org/wiki/Miss Univers Canada 2012,Article utilisant une Infobox
Ren\u00e1ta Tomanov\u00e1,https://fr.wikipedia.org/?curid=1016120,https://fr.wikipedia.org/wiki/Ren\u00e1ta Tomanov\u00e1,Article \u00e0 illustrer Joueur de tennis
Hortense Di\u00e9dhiou,https://fr.wikipedia.org/?curid=10153851,https://fr.wikipedia.org/wiki/Hortense Di\u00e9dhiou,Article contenant un lien mort
Nadine Morano,https://fr.wikipedia.org/?curid=10154,https://fr.wikipedia.org/wiki/Nadine Morano,Article utilisant une Infobox
Lilly King,https://fr.wikipedia.org/?curid=10193607,https://fr.wikipedia.org/wiki/Lilly King,Wikip\u00e9dia:\u00e9bauche natation
Soline Lamboley,https://fr.wikipedia.org/?curid=10190364,https://fr.wikipedia.org/wiki/Soline Lamboley,Page utilisant P569
Anabelle Dreville,https://fr.wikipedia.org/?curid=10190423,https://fr.wikipedia.org/wiki/Anabelle Dreville,Page utilisant P569
Karolina Ko\u0142eczek,https://fr.wikipedia.org/?curid=10191176,https://fr.wikipedia.org/wiki/Karolina Ko\u0142eczek,Article utilisant une Infobox
Odette Giuffrida,https://fr.wikipedia.org/?curid=10191387,https://fr.wikipedia.org/wiki/Odette Giuffrida,Wikip\u00e9dia:\u00e9bauche judo
Agnieszka Dygacz,https://fr.wikipedia.org/?curid=10191441,https://fr.wikipedia.org/wiki/Agnieszka Dygacz,Article \u00e0 illustrer Athl\u00e8te
Jeong Bo-kyeong,https://fr.wikipedia.org/?curid=10189780,https://fr.wikipedia.org/wiki/Jeong Bo-kyeong,Wikip\u00e9dia:\u00e9bauche judo
Dorjs\u00fcrengiin Sumiyaa,https://fr.wikipedia.org/?curid=10193405,https://fr.wikipedia.org/wiki/Dorjs\u00fcrengiin Sumiyaa,Article \u00e0 illustrer Judoka
Sarah Myriam Mazouz,https://fr.wikipedia.org/?curid=10201448,https://fr.wikipedia.org/wiki/Sarah Myriam Mazouz,Wikip\u00e9dia:\u00e9bauche judo
Yu Song,https://fr.wikipedia.org/?curid=10201346,https://fr.wikipedia.org/wiki/Yu Song,Wikip\u00e9dia:\u00e9bauche judo
Josiane Balasko,https://fr.wikipedia.org/?curid=102035,https://fr.wikipedia.org/wiki/Josiane Balasko,Article contenant un lien mort
Kim Da-som,https://fr.wikipedia.org/?curid=10200656,https://fr.wikipedia.org/wiki/Kim Da-som,Article utilisant une Infobox
Ella Thomas,https://fr.wikipedia.org/?curid=10200810,https://fr.wikipedia.org/wiki/Ella Thomas,Wikip\u00e9dia:\u00e9bauche acteur am\u00e9ricain
Christania Williams,https://fr.wikipedia.org/?curid=10202447,https://fr.wikipedia.org/wiki/Christania Williams,Article \u00e0 illustrer Athl\u00e8te
Shonali Bose,https://fr.wikipedia.org/?curid=10167507,https://fr.wikipedia.org/wiki/Shonali Bose,Wikip\u00e9dia:\u00e9bauche r\u00e9alisateur indien
Astrid Carolina Herrera,https://fr.wikipedia.org/?curid=10183637,https://fr.wikipedia.org/wiki/Astrid Carolina Herrera,Wikip\u00e9dia:\u00e9bauche mannequin
Mallory Swanson,https://fr.wikipedia.org/?curid=10184545,https://fr.wikipedia.org/wiki/Mallory Swanson,Article contenant un appel \u00e0 traduction en anglais
\u00c9lise Marc,https://fr.wikipedia.org/?curid=10182044,https://fr.wikipedia.org/wiki/\u00c9lise Marc,Article utilisant une Infobox
Jessica Moore (tennis),https://fr.wikipedia.org/?curid=10170962,https://fr.wikipedia.org/wiki/Jessica Moore (tennis),Article utilisant une Infobox
Caroline Dhenin,https://fr.wikipedia.org/?curid=10170073,https://fr.wikipedia.org/wiki/Caroline Dhenin,Article \u00e0 illustrer Joueur de tennis
Viviana Gonz\u00e1lez,https://fr.wikipedia.org/?curid=10170116,https://fr.wikipedia.org/wiki/Viviana Gonz\u00e1lez,Article \u00e0 illustrer Joueur de tennis
Laurence Courtois,https://fr.wikipedia.org/?curid=1015629,https://fr.wikipedia.org/wiki/Laurence Courtois,Article \u00e0 illustrer Joueur de tennis
Virginia Ruzici,https://fr.wikipedia.org/?curid=1015803,https://fr.wikipedia.org/wiki/Virginia Ruzici,Article utilisant une Infobox
Natascha B\u00f6rger,https://fr.wikipedia.org/?curid=10158305,https://fr.wikipedia.org/wiki/Natascha B\u00f6rger,Article avec source \u00e0 lier
Mima Jau\u0161ovec,https://fr.wikipedia.org/?curid=1015839,https://fr.wikipedia.org/wiki/Mima Jau\u0161ovec,Article \u00e0 illustrer Joueur de tennis
Solange Carvalhas,https://fr.wikipedia.org/?curid=10158446,https://fr.wikipedia.org/wiki/Solange Carvalhas,Article \u00e0 illustrer Footballeur
Leslie Rutledge,https://fr.wikipedia.org/?curid=10157429,https://fr.wikipedia.org/wiki/Leslie Rutledge,Article utilisant une Infobox
Carrie Lester,https://fr.wikipedia.org/?curid=10207722,https://fr.wikipedia.org/wiki/Carrie Lester,Article utilisant une Infobox
Katy Marchant,https://fr.wikipedia.org/?curid=10207875,https://fr.wikipedia.org/wiki/Katy Marchant,Page utilisant P569
Madeleine de Brandebourg,https://fr.wikipedia.org/?curid=10207379,https://fr.wikipedia.org/wiki/Madeleine de Brandebourg,Wikip\u00e9dia:\u00e9bauche monarchie
Tha\u00edssa Presti,https://fr.wikipedia.org/?curid=10207436,https://fr.wikipedia.org/wiki/Tha\u00edssa Presti,Wikip\u00e9dia:\u00e9bauche athl\u00e8te br\u00e9silien
Anika Smit,https://fr.wikipedia.org/?curid=10096760,https://fr.wikipedia.org/wiki/Anika Smit,Article \u00e0 illustrer Athl\u00e8te
Maroussia Par\u00e9,https://fr.wikipedia.org/?curid=10142516,https://fr.wikipedia.org/wiki/Maroussia Par\u00e9,Wikip\u00e9dia:\u00e9bauche athl\u00e8te fran\u00e7ais
Esha Gupta,https://fr.wikipedia.org/?curid=10143804,https://fr.wikipedia.org/wiki/Esha Gupta,Wikip\u00e9dia:\u00e9bauche acteur indien
Olutoyin Augustus,https://fr.wikipedia.org/?curid=10101615,https://fr.wikipedia.org/wiki/Olutoyin Augustus,Wikip\u00e9dia:\u00e9bauche athl\u00e8te nig\u00e9rian
Tate Chmielewski,https://fr.wikipedia.org/?curid=10116755,https://fr.wikipedia.org/wiki/Tate Chmielewski,Wikip\u00e9dia:\u00e9bauche r\u00e9alisateur am\u00e9ricain
Minako Komukai,https://fr.wikipedia.org/?curid=10096440,https://fr.wikipedia.org/wiki/Minako Komukai,Page utilisant P569
Paulina Buziak,https://fr.wikipedia.org/?curid=10096576,https://fr.wikipedia.org/wiki/Paulina Buziak,Article utilisant une Infobox
Tucky Williams,https://fr.wikipedia.org/?curid=10111623,https://fr.wikipedia.org/wiki/Tucky Williams,Wikip\u00e9dia:\u00e9bauche acteur am\u00e9ricain
Alyssa Conley,https://fr.wikipedia.org/?curid=10111661,https://fr.wikipedia.org/wiki/Alyssa Conley,Wikip\u00e9dia:\u00e9bauche athl\u00e8te sud-africain
Norah Jeruto,https://fr.wikipedia.org/?curid=10111688,https://fr.wikipedia.org/wiki/Norah Jeruto,Article utilisant une Infobox
Tebogo Mamathu,https://fr.wikipedia.org/?curid=10111696,https://fr.wikipedia.org/wiki/Tebogo Mamathu,Wikip\u00e9dia:\u00e9bauche athl\u00e8te sud-africain
Tamzin Thomas,https://fr.wikipedia.org/?curid=10111700,https://fr.wikipedia.org/wiki/Tamzin Thomas,Wikip\u00e9dia:\u00e9bauche athl\u00e8te sud-africain
Liste d'aventuri\u00e8res et exploratrices,https://fr.wikipedia.org/?curid=10111813,https://fr.wikipedia.org/wiki/Liste d'aventuri\u00e8res et exploratrices,Article contenant un appel \u00e0 traduction en anglais
Juliana Barrett,https://fr.wikipedia.org/?curid=10111975,https://fr.wikipedia.org/wiki/Juliana Barrett,Wikip\u00e9dia:\u00e9bauche escrimeuse
Tameka Jameson,https://fr.wikipedia.org/?curid=10115398,https://fr.wikipedia.org/wiki/Tameka Jameson,Wikip\u00e9dia:\u00e9bauche athl\u00e8te nig\u00e9rian
Weynshet Ansa,https://fr.wikipedia.org/?curid=10115420,https://fr.wikipedia.org/wiki/Weynshet Ansa,Wikip\u00e9dia:\u00e9bauche athl\u00e8te \u00e9thiopien
Miss Vermont USA,https://fr.wikipedia.org/?curid=10101043,https://fr.wikipedia.org/wiki/Miss Vermont USA,Traduction incompl\u00e8te
Belinda Effah,https://fr.wikipedia.org/?curid=10121286,https://fr.wikipedia.org/wiki/Belinda Effah,Page utilisant P106
Martina Carraro,https://fr.wikipedia.org/?curid=10123114,https://fr.wikipedia.org/wiki/Martina Carraro,Wikip\u00e9dia:\u00e9bauche natation
Alexis Palisson,https://fr.wikipedia.org/?curid=1012175,https://fr.wikipedia.org/wiki/Alexis Palisson,Article utilisant une Infobox
Miss Wyoming USA,https://fr.wikipedia.org/?curid=10102219,https://fr.wikipedia.org/wiki/Miss Wyoming USA,Portail:Mannequinat/Articles li\u00e9s
Youddiph,https://fr.wikipedia.org/?curid=10093864,https://fr.wikipedia.org/wiki/Youddiph,Article utilisant une Infobox
Iwona Lewandowska,https://fr.wikipedia.org/?curid=10108227,https://fr.wikipedia.org/wiki/Iwona Lewandowska,Wikip\u00e9dia:\u00e9bauche athl\u00e8te polonais
Marine Vallet,https://fr.wikipedia.org/?curid=10110870,https://fr.wikipedia.org/wiki/Marine Vallet,Wikip\u00e9dia:\u00e9bauche athl\u00e8te fran\u00e7ais
Lexi Thompson,https://fr.wikipedia.org/?curid=10139111,https://fr.wikipedia.org/wiki/Lexi Thompson,Article utilisant une Infobox
Emily Diamond,https://fr.wikipedia.org/?curid=10139180,https://fr.wikipedia.org/wiki/Emily Diamond,Wikip\u00e9dia:\u00e9bauche athl\u00e8te britannique
