Name,URL1,URL2,First Category
Sara De Lellis,https://fr.wikipedia.org/?curid=6112443,https://fr.wikipedia.org/wiki/Sara De Lellis,Wikip\u00e9dia:\u00e9bauche joueuse italienne de volley-ball
Mariaeugenia Benato,https://fr.wikipedia.org/?curid=6112475,https://fr.wikipedia.org/wiki/Mariaeugenia Benato,Wikip\u00e9dia:\u00e9bauche joueuse italienne de volley-ball
Mandy Capristo,https://fr.wikipedia.org/?curid=6119963,https://fr.wikipedia.org/wiki/Mandy Capristo,Wikip\u00e9dia:\u00e9bauche chanteur allemand
Ivy Quainoo,https://fr.wikipedia.org/?curid=6121396,https://fr.wikipedia.org/wiki/Ivy Quainoo,Article contenant un lien mort
Premi\u00e8re dame de Tunisie,https://fr.wikipedia.org/?curid=6135829,https://fr.wikipedia.org/wiki/Premi\u00e8re dame de Tunisie,Article \u00e0 illustrer Poste politique
Martina Kone\u010dn\u00e1,https://fr.wikipedia.org/?curid=6135881,https://fr.wikipedia.org/wiki/Martina Kone\u010dn\u00e1,Article \u00e0 illustrer Joueur de volley-ball
Noora Lainesalo,https://fr.wikipedia.org/?curid=6135895,https://fr.wikipedia.org/wiki/Noora Lainesalo,Article \u00e0 illustrer Joueur de volley-ball
Hellen Obiri,https://fr.wikipedia.org/?curid=6136184,https://fr.wikipedia.org/wiki/Hellen Obiri,Article utilisant une Infobox
Shana Cox,https://fr.wikipedia.org/?curid=6136333,https://fr.wikipedia.org/wiki/Shana Cox,Wikip\u00e9dia:\u00e9bauche athl\u00e8te britannique
Pihla Pelki\u00f6,https://fr.wikipedia.org/?curid=6137348,https://fr.wikipedia.org/wiki/Pihla Pelki\u00f6,Article \u00e0 illustrer Joueur de volley-ball
Hillaelina H\u00e4m\u00e4l\u00e4inen,https://fr.wikipedia.org/?curid=6137368,https://fr.wikipedia.org/wiki/Hillaelina H\u00e4m\u00e4l\u00e4inen,Article \u00e0 illustrer Joueur de volley-ball
Jernail Hayes,https://fr.wikipedia.org/?curid=6137543,https://fr.wikipedia.org/wiki/Jernail Hayes,Wikip\u00e9dia:\u00e9bauche athl\u00e8te am\u00e9ricain
Vera Fischer,https://fr.wikipedia.org/?curid=6138600,https://fr.wikipedia.org/wiki/Vera Fischer,Page utilisant P569
Margaret Smith Court,https://fr.wikipedia.org/?curid=609960,https://fr.wikipedia.org/wiki/Margaret Smith Court,Article utilisant une Infobox
Eva Michalski,https://fr.wikipedia.org/?curid=6099038,https://fr.wikipedia.org/wiki/Eva Michalski,Article \u00e0 illustrer Joueur de volley-ball
Mestawet Tufa,https://fr.wikipedia.org/?curid=6133702,https://fr.wikipedia.org/wiki/Mestawet Tufa,Wikip\u00e9dia:\u00e9bauche athl\u00e8te \u00e9thiopien
Synn\u00f8ve Solemdal,https://fr.wikipedia.org/?curid=6134336,https://fr.wikipedia.org/wiki/Synn\u00f8ve Solemdal,Article utilisant une Infobox
Marija Pucarevi\u0107,https://fr.wikipedia.org/?curid=6114308,https://fr.wikipedia.org/wiki/Marija Pucarevi\u0107,Article \u00e0 illustrer Joueur de volley-ball
Natalia Cukseeva,https://fr.wikipedia.org/?curid=6114340,https://fr.wikipedia.org/wiki/Natalia Cukseeva,Article \u00e0 illustrer Joueur de volley-ball
Medal of Honor: Warfighter,https://fr.wikipedia.org/?curid=6126016,https://fr.wikipedia.org/wiki/Medal of Honor: Warfighter,Page utilisant P856
Seun Adigun,https://fr.wikipedia.org/?curid=6147005,https://fr.wikipedia.org/wiki/Seun Adigun,Article utilisant une Infobox
Anna Graves,https://fr.wikipedia.org/?curid=6146673,https://fr.wikipedia.org/wiki/Anna Graves,Wikip\u00e9dia:\u00e9bauche jeu vid\u00e9o
Bianca Stuart,https://fr.wikipedia.org/?curid=6117105,https://fr.wikipedia.org/wiki/Bianca Stuart,Wikip\u00e9dia:\u00e9bauche athl\u00e8te baham\u00e9en
Lara Robinson,https://fr.wikipedia.org/?curid=6116496,https://fr.wikipedia.org/wiki/Lara Robinson,Article utilisant une Infobox
Jodie Sutton,https://fr.wikipedia.org/?curid=6116498,https://fr.wikipedia.org/wiki/Jodie Sutton,Wikip\u00e9dia:\u00e9bauche curling
Fionnuala McCormack,https://fr.wikipedia.org/?curid=6116769,https://fr.wikipedia.org/wiki/Fionnuala McCormack,Wikip\u00e9dia:\u00e9bauche athl\u00e8te irlandais
Sonja Percan,https://fr.wikipedia.org/?curid=5990065,https://fr.wikipedia.org/wiki/Sonja Percan,Article utilisant une Infobox
Serena Masino,https://fr.wikipedia.org/?curid=5987780,https://fr.wikipedia.org/wiki/Serena Masino,Wikip\u00e9dia:\u00e9bauche joueuse italienne de volley-ball
Aur\u00e9lie Kamga,https://fr.wikipedia.org/?curid=5987908,https://fr.wikipedia.org/wiki/Aur\u00e9lie Kamga,Wikip\u00e9dia:\u00e9bauche athl\u00e8te fran\u00e7ais
Sylvanie Morandais,https://fr.wikipedia.org/?curid=5987449,https://fr.wikipedia.org/wiki/Sylvanie Morandais,Wikip\u00e9dia:\u00e9bauche athl\u00e8te fran\u00e7ais
Kyoko Iwasaki,https://fr.wikipedia.org/?curid=5988349,https://fr.wikipedia.org/wiki/Kyoko Iwasaki,Article \u00e0 illustrer Nageur
Sara Menghi,https://fr.wikipedia.org/?curid=5950120,https://fr.wikipedia.org/wiki/Sara Menghi,Wikip\u00e9dia:\u00e9bauche joueuse italienne de volley-ball
Valeria Zanin,https://fr.wikipedia.org/?curid=5950147,https://fr.wikipedia.org/wiki/Valeria Zanin,Wikip\u00e9dia:\u00e9bauche joueuse italienne de volley-ball
Jole Ruzzini,https://fr.wikipedia.org/?curid=5950157,https://fr.wikipedia.org/wiki/Jole Ruzzini,Wikip\u00e9dia:\u00e9bauche joueuse italienne de volley-ball
Jura Levy,https://fr.wikipedia.org/?curid=5957244,https://fr.wikipedia.org/wiki/Jura Levy,Wikip\u00e9dia:\u00e9bauche athl\u00e8te jama\u00efcain
Eva Logar,https://fr.wikipedia.org/?curid=5956858,https://fr.wikipedia.org/wiki/Eva Logar,Article utilisant une Infobox
Marijana Ba\u0161i\u0107,https://fr.wikipedia.org/?curid=5958849,https://fr.wikipedia.org/wiki/Marijana Ba\u0161i\u0107,Article \u00e0 illustrer Joueur de volley-ball
Maria Rus,https://fr.wikipedia.org/?curid=5970823,https://fr.wikipedia.org/wiki/Maria Rus,Wikip\u00e9dia:\u00e9bauche athl\u00e8te roumain
Iekaterina Syrtseva,https://fr.wikipedia.org/?curid=5971285,https://fr.wikipedia.org/wiki/Iekaterina Syrtseva,Article \u00e0 illustrer Joueur de volley-ball
Alina Zviaguina,https://fr.wikipedia.org/?curid=5973249,https://fr.wikipedia.org/wiki/Alina Zviaguina,Article \u00e0 illustrer Joueur de volley-ball
Nadejda Korotka\u00efa,https://fr.wikipedia.org/?curid=5973266,https://fr.wikipedia.org/wiki/Nadejda Korotka\u00efa,Article \u00e0 illustrer Joueur de volley-ball
Anna Kajalina,https://fr.wikipedia.org/?curid=5975545,https://fr.wikipedia.org/wiki/Anna Kajalina,Article \u00e0 illustrer Joueur de volley-ball
Lillian Palmer,https://fr.wikipedia.org/?curid=5930024,https://fr.wikipedia.org/wiki/Lillian Palmer,Wikip\u00e9dia:\u00e9bauche athl\u00e8te canadien
Mary Frizzell,https://fr.wikipedia.org/?curid=5930057,https://fr.wikipedia.org/wiki/Mary Frizzell,Wikip\u00e9dia:\u00e9bauche athl\u00e8te canadien
Diane Dufresne,https://fr.wikipedia.org/?curid=59380,https://fr.wikipedia.org/wiki/Diane Dufresne,Article utilisant une Infobox
Marjorie Estiano,https://fr.wikipedia.org/?curid=5938423,https://fr.wikipedia.org/wiki/Marjorie Estiano,Article contenant un lien mort
Yelena Trofimenko,https://fr.wikipedia.org/?curid=5934249,https://fr.wikipedia.org/wiki/Yelena Trofimenko,Article manquant de r\u00e9f\u00e9rences depuis d\u00e9cembre 2011
Emilia Szubert,https://fr.wikipedia.org/?curid=5935836,https://fr.wikipedia.org/wiki/Emilia Szubert,Article utilisant une Infobox
Jessica Jung,https://fr.wikipedia.org/?curid=5935929,https://fr.wikipedia.org/wiki/Jessica Jung,Article utilisant une Infobox
Daria Paszek,https://fr.wikipedia.org/?curid=5937828,https://fr.wikipedia.org/wiki/Daria Paszek,Article utilisant une Infobox
Fana Ashby,https://fr.wikipedia.org/?curid=5944851,https://fr.wikipedia.org/wiki/Fana Ashby,Wikip\u00e9dia:\u00e9bauche athl\u00e8te trinidadien
Park Shin-hye,https://fr.wikipedia.org/?curid=5945056,https://fr.wikipedia.org/wiki/Park Shin-hye,Article utilisant une Infobox
Galina Bo\u00efko,https://fr.wikipedia.org/?curid=5985653,https://fr.wikipedia.org/wiki/Galina Bo\u00efko,Article \u00e0 illustrer Joueur de volley-ball
Sara Maldonado,https://fr.wikipedia.org/?curid=5983969,https://fr.wikipedia.org/wiki/Sara Maldonado,Article utilisant une Infobox
Maria Vonogova,https://fr.wikipedia.org/?curid=5983181,https://fr.wikipedia.org/wiki/Maria Vonogova,Article utilisant une Infobox
Iekaterina Ienina,https://fr.wikipedia.org/?curid=5980711,https://fr.wikipedia.org/wiki/Iekaterina Ienina,Article \u00e0 illustrer Joueur de volley-ball
Shin Min-a,https://fr.wikipedia.org/?curid=5980608,https://fr.wikipedia.org/wiki/Shin Min-a,Article utilisant une Infobox
Inga Gentzel,https://fr.wikipedia.org/?curid=5931401,https://fr.wikipedia.org/wiki/Inga Gentzel,Wikip\u00e9dia:\u00e9bauche athl\u00e8te su\u00e9dois
Kinue Hitomi,https://fr.wikipedia.org/?curid=5931490,https://fr.wikipedia.org/wiki/Kinue Hitomi,Wikip\u00e9dia:\u00e9bauche athl\u00e8te japonais
Marie Severin,https://fr.wikipedia.org/?curid=5926541,https://fr.wikipedia.org/wiki/Marie Severin,Article utilisant une Infobox
Larisa Lazutina,https://fr.wikipedia.org/?curid=592488,https://fr.wikipedia.org/wiki/Larisa Lazutina,Article contenant un lien mort
Ruth Osburn,https://fr.wikipedia.org/?curid=5925188,https://fr.wikipedia.org/wiki/Ruth Osburn,Wikip\u00e9dia:\u00e9bauche athl\u00e8te am\u00e9ricain
Loretta McNeil,https://fr.wikipedia.org/?curid=5931632,https://fr.wikipedia.org/wiki/Loretta McNeil,Wikip\u00e9dia:\u00e9bauche athl\u00e8te am\u00e9ricain
Helene Schmidt,https://fr.wikipedia.org/?curid=5933089,https://fr.wikipedia.org/wiki/Helene Schmidt,Wikip\u00e9dia:\u00e9bauche athl\u00e8te allemand
Airis,https://fr.wikipedia.org/?curid=5932703,https://fr.wikipedia.org/wiki/Airis,Article utilisant une Infobox
Jessie Cross,https://fr.wikipedia.org/?curid=5931967,https://fr.wikipedia.org/wiki/Jessie Cross,Wikip\u00e9dia:\u00e9bauche athl\u00e8te am\u00e9ricain
Lien Gisolf,https://fr.wikipedia.org/?curid=5932040,https://fr.wikipedia.org/wiki/Lien Gisolf,Wikip\u00e9dia:\u00e9bauche athl\u00e8te n\u00e9erlandais
Johanne Vanbergen,https://fr.wikipedia.org/?curid=5931314,https://fr.wikipedia.org/wiki/Johanne Vanbergen,Wikip\u00e9dia:\u00e9bauche judo
Brankica Mihajlovi\u0107,https://fr.wikipedia.org/?curid=5961663,https://fr.wikipedia.org/wiki/Brankica Mihajlovi\u0107,Article utilisant une Infobox
Wendy Holdener,https://fr.wikipedia.org/?curid=5963655,https://fr.wikipedia.org/wiki/Wendy Holdener,Article utilisant une Infobox
Liste des m\u00e9daill\u00e9s aux Jeux olympiques d'\u00e9t\u00e9 de 2012,https://fr.wikipedia.org/?curid=6389722,https://fr.wikipedia.org/wiki/Liste des m\u00e9daill\u00e9s aux Jeux olympiques d'\u00e9t\u00e9 de 2012,Page utilisant une pr\u00e9sentation en colonnes avec un nombre fixe de colonnes
Claire Perraux,https://fr.wikipedia.org/?curid=6393714,https://fr.wikipedia.org/wiki/Claire Perraux,Wikip\u00e9dia:\u00e9bauche athl\u00e8te fran\u00e7ais
Gesa Felicitas Krause,https://fr.wikipedia.org/?curid=6393754,https://fr.wikipedia.org/wiki/Gesa Felicitas Krause,Article utilisant une Infobox
Yana Borodina,https://fr.wikipedia.org/?curid=6392628,https://fr.wikipedia.org/wiki/Yana Borodina,Wikip\u00e9dia:\u00e9bauche athl\u00e8te russe
Camila Giorgi,https://fr.wikipedia.org/?curid=6392834,https://fr.wikipedia.org/wiki/Camila Giorgi,Article utilisant une Infobox
Irina Maracheva,https://fr.wikipedia.org/?curid=6393212,https://fr.wikipedia.org/wiki/Irina Maracheva,Wikip\u00e9dia:\u00e9bauche athl\u00e8te russe
Martina Schild,https://fr.wikipedia.org/?curid=639487,https://fr.wikipedia.org/wiki/Martina Schild,Article utilisant une Infobox
Katsiaryna Paplauskaya,https://fr.wikipedia.org/?curid=6394874,https://fr.wikipedia.org/wiki/Katsiaryna Paplauskaya,Wikip\u00e9dia:\u00e9bauche athl\u00e8te bi\u00e9lorusse
Fr\u00e4nzi Aufdenblatten,https://fr.wikipedia.org/?curid=639491,https://fr.wikipedia.org/wiki/Fr\u00e4nzi Aufdenblatten,Article utilisant une Infobox
Tonje Angelsen,https://fr.wikipedia.org/?curid=6390067,https://fr.wikipedia.org/wiki/Tonje Angelsen,Article utilisant une Infobox
Olga Golovkina,https://fr.wikipedia.org/?curid=6390126,https://fr.wikipedia.org/wiki/Olga Golovkina,Wikip\u00e9dia:\u00e9bauche athl\u00e8te russe
Christiane Taubira,https://fr.wikipedia.org/?curid=640,https://fr.wikipedia.org/wiki/Christiane Taubira,Article contenant un lien mort
Ana Dulce F\u00e9lix,https://fr.wikipedia.org/?curid=6395680,https://fr.wikipedia.org/wiki/Ana Dulce F\u00e9lix,Wikip\u00e9dia:\u00e9bauche athl\u00e8te portugais
Leena G\u00fcnther,https://fr.wikipedia.org/?curid=6395783,https://fr.wikipedia.org/wiki/Leena G\u00fcnther,Wikip\u00e9dia:\u00e9bauche athl\u00e8te allemand
Tatjana Pinto,https://fr.wikipedia.org/?curid=6395799,https://fr.wikipedia.org/wiki/Tatjana Pinto,Article utilisant une Infobox
L\u00e9nora Guion-Firmin,https://fr.wikipedia.org/?curid=6395830,https://fr.wikipedia.org/wiki/L\u00e9nora Guion-Firmin,Article utilisant une Infobox
Ioulia Olichevska,https://fr.wikipedia.org/?curid=6395881,https://fr.wikipedia.org/wiki/Ioulia Olichevska,Wikip\u00e9dia:\u00e9bauche athl\u00e8te ukrainien
Alina Lohvynenko,https://fr.wikipedia.org/?curid=6395893,https://fr.wikipedia.org/wiki/Alina Lohvynenko,Wikip\u00e9dia:\u00e9bauche athl\u00e8te ukrainien
Dawa Dachhiri Sherpa,https://fr.wikipedia.org/?curid=639849,https://fr.wikipedia.org/wiki/Dawa Dachhiri Sherpa,Article utilisant une Infobox
Francine Niyonsaba,https://fr.wikipedia.org/?curid=6404213,https://fr.wikipedia.org/wiki/Francine Niyonsaba,Article utilisant une Infobox
Lindsay Alcock,https://fr.wikipedia.org/?curid=640509,https://fr.wikipedia.org/wiki/Lindsay Alcock,Wikip\u00e9dia:\u00e9bauche skeleton
Debbie Armstrong,https://fr.wikipedia.org/?curid=637856,https://fr.wikipedia.org/wiki/Debbie Armstrong,Article \u00e0 illustrer Sportif
Paoletta Magoni-Sforza,https://fr.wikipedia.org/?curid=637867,https://fr.wikipedia.org/wiki/Paoletta Magoni-Sforza,Page utilisant P569
Carla Castiglione,https://fr.wikipedia.org/?curid=6372895,https://fr.wikipedia.org/wiki/Carla Castiglione,Article \u00e0 illustrer Joueur de volley-ball
Courtney Thompson,https://fr.wikipedia.org/?curid=6382935,https://fr.wikipedia.org/wiki/Courtney Thompson,Wikip\u00e9dia:\u00e9bauche joueuse am\u00e9ricaine de volley-ball
Madeleine Berthod,https://fr.wikipedia.org/?curid=638319,https://fr.wikipedia.org/wiki/Madeleine Berthod,Wikip\u00e9dia:\u00e9bauche personnalit\u00e9 suisse
Calmos,https://fr.wikipedia.org/?curid=638367,https://fr.wikipedia.org/wiki/Calmos,Article utilisant une Infobox
Goin' In,https://fr.wikipedia.org/?curid=6381587,https://fr.wikipedia.org/wiki/Goin' In,Article utilisant une Infobox
Florencia Busquets,https://fr.wikipedia.org/?curid=6371284,https://fr.wikipedia.org/wiki/Florencia Busquets,Article \u00e0 illustrer Joueur de volley-ball
Fl\u00e1via Assis,https://fr.wikipedia.org/?curid=6371357,https://fr.wikipedia.org/wiki/Fl\u00e1via Assis,Article \u00e0 illustrer Joueur de volley-ball
Ain't It Funny,https://fr.wikipedia.org/?curid=6371573,https://fr.wikipedia.org/wiki/Ain't It Funny,Article utilisant une Infobox
Ilaria Demichelis,https://fr.wikipedia.org/?curid=6376979,https://fr.wikipedia.org/wiki/Ilaria Demichelis,Wikip\u00e9dia:\u00e9bauche joueuse italienne de volley-ball
Heidi Biebl,https://fr.wikipedia.org/?curid=638037,https://fr.wikipedia.org/wiki/Heidi Biebl,Page utilisant P569
Olga Nazarova (biathlon),https://fr.wikipedia.org/?curid=637996,https://fr.wikipedia.org/wiki/Olga Nazarova (biathlon),Wikip\u00e9dia:\u00e9bauche biathlon
Luc\u00eda Fresco,https://fr.wikipedia.org/?curid=6369389,https://fr.wikipedia.org/wiki/Luc\u00eda Fresco,Article utilisant une Infobox
Lina Grin\u010dikait\u0117-Samuol\u0117,https://fr.wikipedia.org/?curid=6391379,https://fr.wikipedia.org/wiki/Lina Grin\u010dikait\u0117-Samuol\u0117,Wikip\u00e9dia:\u00e9bauche athl\u00e8te lituanien
Ariane Moffatt,https://fr.wikipedia.org/?curid=638801,https://fr.wikipedia.org/wiki/Ariane Moffatt,Page utilisant P5395
Heidi Zurbriggen,https://fr.wikipedia.org/?curid=638871,https://fr.wikipedia.org/wiki/Heidi Zurbriggen,Wikip\u00e9dia:\u00e9bauche ski alpin
Mateja Svet,https://fr.wikipedia.org/?curid=638899,https://fr.wikipedia.org/wiki/Mateja Svet,Article utilisant une Infobox
Anna Frost,https://fr.wikipedia.org/?curid=6390978,https://fr.wikipedia.org/wiki/Anna Frost,Wikip\u00e9dia:\u00e9bauche athl\u00e8te n\u00e9o-z\u00e9landais
Diann Roffe Steinrotter,https://fr.wikipedia.org/?curid=637247,https://fr.wikipedia.org/wiki/Diann Roffe Steinrotter,Article \u00e0 illustrer Sportif
Kerrin Lee-Gartner,https://fr.wikipedia.org/?curid=637261,https://fr.wikipedia.org/wiki/Kerrin Lee-Gartner,Article \u00e0 illustrer Sportif
Princesse Saphir (s\u00e9rie t\u00e9l\u00e9vis\u00e9e d'animation),https://fr.wikipedia.org/?curid=6376203,https://fr.wikipedia.org/wiki/Princesse Saphir (s\u00e9rie t\u00e9l\u00e9vis\u00e9e d'animation),Article utilisant une Infobox
Lea Mur\u010dinkov\u00e1,https://fr.wikipedia.org/?curid=6380723,https://fr.wikipedia.org/wiki/Lea Mur\u010dinkov\u00e1,Article \u00e0 illustrer Joueur de volley-ball
Dance Again... the Hits,https://fr.wikipedia.org/?curid=6385907,https://fr.wikipedia.org/wiki/Dance Again... the Hits,Article utilisant une Infobox
Sarah Meier,https://fr.wikipedia.org/?curid=638726,https://fr.wikipedia.org/wiki/Sarah Meier,Article utilisant une Infobox
Dominique Lamb,https://fr.wikipedia.org/?curid=6387413,https://fr.wikipedia.org/wiki/Dominique Lamb,Wikip\u00e9dia:\u00e9bauche joueuse am\u00e9ricaine de volley-ball
Tatjana H\u00fcfner,https://fr.wikipedia.org/?curid=638525,https://fr.wikipedia.org/wiki/Tatjana H\u00fcfner,Wikip\u00e9dia:\u00e9bauche luge
Gretchen Fraser,https://fr.wikipedia.org/?curid=638546,https://fr.wikipedia.org/wiki/Gretchen Fraser,Article \u00e0 illustrer Sportif
\u00d6zge Yurtdag\u00fclen,https://fr.wikipedia.org/?curid=6385070,https://fr.wikipedia.org/wiki/\u00d6zge Yurtdag\u00fclen,Article utilisant une Infobox
Inna Deriglazova,https://fr.wikipedia.org/?curid=6370909,https://fr.wikipedia.org/wiki/Inna Deriglazova,Article utilisant une Infobox
Kamilla Gafurzianova,https://fr.wikipedia.org/?curid=6370918,https://fr.wikipedia.org/wiki/Kamilla Gafurzianova,Article \u00e0 illustrer Escrimeur
Larisa Korobeynikova,https://fr.wikipedia.org/?curid=6370939,https://fr.wikipedia.org/wiki/Larisa Korobeynikova,Article utilisant une Infobox
All I Have (chanson),https://fr.wikipedia.org/?curid=6371017,https://fr.wikipedia.org/wiki/All I Have (chanson),Article utilisant une Infobox
Love Don't Cost a Thing (chanson),https://fr.wikipedia.org/?curid=6367900,https://fr.wikipedia.org/wiki/Love Don't Cost a Thing (chanson),Article utilisant une Infobox
Ashley Engle,https://fr.wikipedia.org/?curid=6315097,https://fr.wikipedia.org/wiki/Ashley Engle,Wikip\u00e9dia:\u00e9bauche joueuse am\u00e9ricaine de volley-ball
Doreen Engel,https://fr.wikipedia.org/?curid=6042713,https://fr.wikipedia.org/wiki/Doreen Engel,Article \u00e0 illustrer Joueur de volley-ball
Fringe (s\u00e9rie t\u00e9l\u00e9vis\u00e9e),https://fr.wikipedia.org/?curid=6077256,https://fr.wikipedia.org/wiki/Fringe (s\u00e9rie t\u00e9l\u00e9vis\u00e9e),Article contenant un lien mort
Galina Malchugina,https://fr.wikipedia.org/?curid=606797,https://fr.wikipedia.org/wiki/Galina Malchugina,Wikip\u00e9dia:\u00e9bauche athl\u00e8te russe
Inha Babakova,https://fr.wikipedia.org/?curid=606883,https://fr.wikipedia.org/wiki/Inha Babakova,Wikip\u00e9dia:\u00e9bauche athl\u00e8te ukrainien
Raven Goodwin,https://fr.wikipedia.org/?curid=6066491,https://fr.wikipedia.org/wiki/Raven Goodwin,Article manquant de r\u00e9f\u00e9rences depuis ao\u00fbt 2015
Stephanie Dixon,https://fr.wikipedia.org/?curid=6066904,https://fr.wikipedia.org/wiki/Stephanie Dixon,Article \u00e0 illustrer Nageur
Aleksandra Koroukovets,https://fr.wikipedia.org/?curid=6027121,https://fr.wikipedia.org/wiki/Aleksandra Koroukovets,Article \u00e0 illustrer Joueur de volley-ball
Amy Levy,https://fr.wikipedia.org/?curid=6026418,https://fr.wikipedia.org/wiki/Amy Levy,Page utilisant P569
Nebahat \u00c7ehre,https://fr.wikipedia.org/?curid=6037753,https://fr.wikipedia.org/wiki/Nebahat \u00c7ehre,Article manquant de r\u00e9f\u00e9rences depuis f\u00e9vrier 2012
Anastassia Sivatchenko,https://fr.wikipedia.org/?curid=6031912,https://fr.wikipedia.org/wiki/Anastassia Sivatchenko,Article \u00e0 illustrer Joueur de volley-ball
Trente-six po\u00e9tesses immortelles,https://fr.wikipedia.org/?curid=6028856,https://fr.wikipedia.org/wiki/Trente-six po\u00e9tesses immortelles,Portail:Japon/Articles li\u00e9s
Ielena Bo\u00efarkina,https://fr.wikipedia.org/?curid=6029570,https://fr.wikipedia.org/wiki/Ielena Bo\u00efarkina,Article utilisant une Infobox
Comte,https://fr.wikipedia.org/?curid=59610,https://fr.wikipedia.org/wiki/Comte,Article partiellement issu du Dictionnaire universel d'histoire et de g\u00e9ographie Bouillet
Daria Issa\u00efeva,https://fr.wikipedia.org/?curid=5992155,https://fr.wikipedia.org/wiki/Daria Issa\u00efeva,Article utilisant une Infobox
Maribel Vinson,https://fr.wikipedia.org/?curid=5999452,https://fr.wikipedia.org/wiki/Maribel Vinson,Wikip\u00e9dia:\u00e9bauche patinage artistique
Kirby Bliss Blanton,https://fr.wikipedia.org/?curid=6152956,https://fr.wikipedia.org/wiki/Kirby Bliss Blanton,Article manquant de r\u00e9f\u00e9rences depuis mai 2017
Nadsat,https://fr.wikipedia.org/?curid=615033,https://fr.wikipedia.org/wiki/Nadsat,Article avec source \u00e0 lier
Diane Martel,https://fr.wikipedia.org/?curid=6150732,https://fr.wikipedia.org/wiki/Diane Martel,Page utilisant P27
Manuela Di Centa,https://fr.wikipedia.org/?curid=618315,https://fr.wikipedia.org/wiki/Manuela Di Centa,Page utilisant P569
Marjo,https://fr.wikipedia.org/?curid=618348,https://fr.wikipedia.org/wiki/Marjo,Wikip\u00e9dia:\u00e9bauche compositeur qu\u00e9b\u00e9cois
Tr\u01b0\u01a1ng Thanh H\u1eb1ng,https://fr.wikipedia.org/?curid=6187450,https://fr.wikipedia.org/wiki/Tr\u01b0\u01a1ng Thanh H\u1eb1ng,Wikip\u00e9dia:\u00e9bauche athl\u00e8te
Karin Burneleit,https://fr.wikipedia.org/?curid=6191435,https://fr.wikipedia.org/wiki/Karin Burneleit,Wikip\u00e9dia:\u00e9bauche athl\u00e8te allemand
Automne Pavia,https://fr.wikipedia.org/?curid=6191688,https://fr.wikipedia.org/wiki/Automne Pavia,Article utilisant une Infobox
Juliann Faucette,https://fr.wikipedia.org/?curid=6172273,https://fr.wikipedia.org/wiki/Juliann Faucette,Wikip\u00e9dia:\u00e9bauche joueuse am\u00e9ricaine de volley-ball
Meredith Rainey-Valmon,https://fr.wikipedia.org/?curid=6177614,https://fr.wikipedia.org/wiki/Meredith Rainey-Valmon,Wikip\u00e9dia:\u00e9bauche athl\u00e8te am\u00e9ricain
Heidi Rovanper\u00e4,https://fr.wikipedia.org/?curid=6178322,https://fr.wikipedia.org/wiki/Heidi Rovanper\u00e4,Article \u00e0 illustrer Joueur de volley-ball
Mar\u00eda Nomiko\u00fa,https://fr.wikipedia.org/?curid=6174671,https://fr.wikipedia.org/wiki/Mar\u00eda Nomiko\u00fa,Article utilisant une Infobox
Anita Neil,https://fr.wikipedia.org/?curid=6211364,https://fr.wikipedia.org/wiki/Anita Neil,Wikip\u00e9dia:\u00e9bauche athl\u00e8te britannique
Sofia Devetag,https://fr.wikipedia.org/?curid=6168096,https://fr.wikipedia.org/wiki/Sofia Devetag,Wikip\u00e9dia:\u00e9bauche joueuse italienne de volley-ball
Carli Lloyd (volley-ball),https://fr.wikipedia.org/?curid=6168169,https://fr.wikipedia.org/wiki/Carli Lloyd (volley-ball),Wikip\u00e9dia:\u00e9bauche joueuse am\u00e9ricaine de volley-ball
Angela Tooby,https://fr.wikipedia.org/?curid=6168255,https://fr.wikipedia.org/wiki/Angela Tooby,Article \u00e0 illustrer Athl\u00e8te
Janice Josephs,https://fr.wikipedia.org/?curid=6165080,https://fr.wikipedia.org/wiki/Janice Josephs,Wikip\u00e9dia:\u00e9bauche athl\u00e8te sud-africain
Assassin's Creed III,https://fr.wikipedia.org/?curid=6118353,https://fr.wikipedia.org/wiki/Assassin's Creed III,Page utilisant P58
Harmonie (personnage),https://fr.wikipedia.org/?curid=2470437,https://fr.wikipedia.org/wiki/Harmonie (personnage),Article utilisant une Infobox
Tina Arena,https://fr.wikipedia.org/?curid=241801,https://fr.wikipedia.org/wiki/Tina Arena,Article utilisant une Infobox
Jennifer Capriati,https://fr.wikipedia.org/?curid=241828,https://fr.wikipedia.org/wiki/Jennifer Capriati,Article utilisant une Infobox
Margaret Hoelzer,https://fr.wikipedia.org/?curid=2458330,https://fr.wikipedia.org/wiki/Margaret Hoelzer,Article \u00e0 illustrer Nageur
Vivi Bak,https://fr.wikipedia.org/?curid=2462758,https://fr.wikipedia.org/wiki/Vivi Bak,Wikip\u00e9dia:\u00e9bauche chanteur danois
Natasha St-Pier,https://fr.wikipedia.org/?curid=243656,https://fr.wikipedia.org/wiki/Natasha St-Pier,Page utilisant P569
Liste des comtes et ducs de Chartres,https://fr.wikipedia.org/?curid=210841,https://fr.wikipedia.org/wiki/Liste des comtes et ducs de Chartres,Article \u00e0 r\u00e9f\u00e9rence insuffisante
Erri De Luca,https://fr.wikipedia.org/?curid=299589,https://fr.wikipedia.org/wiki/Erri De Luca,Article utilisant une Infobox
Princesse Peach,https://fr.wikipedia.org/?curid=301889,https://fr.wikipedia.org/wiki/Princesse Peach,Article manquant de r\u00e9f\u00e9rences depuis mars 2019
Roger Vadim,https://fr.wikipedia.org/?curid=30192,https://fr.wikipedia.org/wiki/Roger Vadim,Article \u00e0 r\u00e9f\u00e9rence n\u00e9cessaire
Santigold,https://fr.wikipedia.org/?curid=3017799,https://fr.wikipedia.org/wiki/Santigold,Article utilisant une Infobox
Sally Fitzgibbons,https://fr.wikipedia.org/?curid=3092773,https://fr.wikipedia.org/wiki/Sally Fitzgibbons,Wikip\u00e9dia:\u00e9bauche surfeur australien
7 Things,https://fr.wikipedia.org/?curid=3093350,https://fr.wikipedia.org/wiki/7 Things,Wikip\u00e9dia:\u00e9bauche single
Betty Cuthbert,https://fr.wikipedia.org/?curid=307326,https://fr.wikipedia.org/wiki/Betty Cuthbert,Article utilisant une Infobox
Saori Kimura,https://fr.wikipedia.org/?curid=3075542,https://fr.wikipedia.org/wiki/Saori Kimura,Article utilisant une Infobox
Ginette Reno,https://fr.wikipedia.org/?curid=304309,https://fr.wikipedia.org/wiki/Ginette Reno,Wikip\u00e9dia:\u00e9bauche acteur qu\u00e9b\u00e9cois
Felicia Day,https://fr.wikipedia.org/?curid=3061639,https://fr.wikipedia.org/wiki/Felicia Day,Article utilisant une Infobox
Manami Yoshii,https://fr.wikipedia.org/?curid=3059581,https://fr.wikipedia.org/wiki/Manami Yoshii,Article utilisant une Infobox
Lilly-Fleur Pointeaux,https://fr.wikipedia.org/?curid=3101392,https://fr.wikipedia.org/wiki/Lilly-Fleur Pointeaux,Article \u00e0 illustrer Personnalit\u00e9 du cin\u00e9ma
J.Lo (album),https://fr.wikipedia.org/?curid=3103494,https://fr.wikipedia.org/wiki/J.Lo (album),Article contenant un lien mort
Macarena (chanson de Los del R\u00edo),https://fr.wikipedia.org/?curid=3109866,https://fr.wikipedia.org/wiki/Macarena (chanson de Los del R\u00edo),Article \u00e0 d\u00e9lister
Sabrina Bryan,https://fr.wikipedia.org/?curid=3110131,https://fr.wikipedia.org/wiki/Sabrina Bryan,Article utilisant une Infobox
Jazz (catch),https://fr.wikipedia.org/?curid=3111605,https://fr.wikipedia.org/wiki/Jazz (catch),Page utilisant P27
Leni Riefenstahl,https://fr.wikipedia.org/?curid=31109,https://fr.wikipedia.org/wiki/Leni Riefenstahl,Article utilisant une Infobox
Kirsten Wild,https://fr.wikipedia.org/?curid=3284876,https://fr.wikipedia.org/wiki/Kirsten Wild,Page utilisant P569
Dana Winner,https://fr.wikipedia.org/?curid=3281896,https://fr.wikipedia.org/wiki/Dana Winner,Article utilisant une Infobox
Paula Pareto,https://fr.wikipedia.org/?curid=3233583,https://fr.wikipedia.org/wiki/Paula Pareto,Article utilisant une Infobox
La Meilleure Fa\u00e7on de marcher,https://fr.wikipedia.org/?curid=322409,https://fr.wikipedia.org/wiki/La Meilleure Fa\u00e7on de marcher,Article utilisant une Infobox
Paula Pequeno,https://fr.wikipedia.org/?curid=3224101,https://fr.wikipedia.org/wiki/Paula Pequeno,Article utilisant une Infobox
Get Right,https://fr.wikipedia.org/?curid=3270579,https://fr.wikipedia.org/wiki/Get Right,Wikip\u00e9dia:\u00e9bauche chanson
K\u00edlian Jornet,https://fr.wikipedia.org/?curid=3238969,https://fr.wikipedia.org/wiki/K\u00edlian Jornet,Article \u00e0 r\u00e9f\u00e9rence insuffisante
Champions olympiques italiens,https://fr.wikipedia.org/?curid=3261687,https://fr.wikipedia.org/wiki/Champions olympiques italiens,Portail:Sport/Articles li\u00e9s
Anna Rybaczewski,https://fr.wikipedia.org/?curid=3261884,https://fr.wikipedia.org/wiki/Anna Rybaczewski,Article utilisant une Infobox
Miyuki Takahashi,https://fr.wikipedia.org/?curid=3257823,https://fr.wikipedia.org/wiki/Miyuki Takahashi,Article utilisant une Infobox
Simona Krupeckait\u0117,https://fr.wikipedia.org/?curid=3288587,https://fr.wikipedia.org/wiki/Simona Krupeckait\u0117,Page utilisant P1813
Miss Slov\u00e9nie,https://fr.wikipedia.org/?curid=3278671,https://fr.wikipedia.org/wiki/Miss Slov\u00e9nie,Portail:Slov\u00e9nie/Articles li\u00e9s
Tom Clancy's Splinter Cell: Chaos Theory,https://fr.wikipedia.org/?curid=327745,https://fr.wikipedia.org/wiki/Tom Clancy's Splinter Cell: Chaos Theory,Page utilisant P856
Robin S.,https://fr.wikipedia.org/?curid=3275126,https://fr.wikipedia.org/wiki/Robin S.,Article utilisant une Infobox
Malia Metella,https://fr.wikipedia.org/?curid=324855,https://fr.wikipedia.org/wiki/Malia Metella,Wikip\u00e9dia:\u00e9bauche natation
Jurassic Park,https://fr.wikipedia.org/?curid=324664,https://fr.wikipedia.org/wiki/Jurassic Park,Article contenant un lien mort
Reservoir Dogs,https://fr.wikipedia.org/?curid=32640,https://fr.wikipedia.org/wiki/Reservoir Dogs,Article utilisant une Infobox
Liste des championnes de tennis vainqueurs en Grand Chelem en simple,https://fr.wikipedia.org/?curid=3265886,https://fr.wikipedia.org/wiki/Liste des championnes de tennis vainqueurs en Grand Chelem en simple,Portail:Tennis/Articles li\u00e9s
Ina-Yoko Teutenberg,https://fr.wikipedia.org/?curid=3227985,https://fr.wikipedia.org/wiki/Ina-Yoko Teutenberg,Page utilisant P1477
Hellbilly Deluxe,https://fr.wikipedia.org/?curid=3228195,https://fr.wikipedia.org/wiki/Hellbilly Deluxe,Article utilisant une Infobox
Educated Horses,https://fr.wikipedia.org/?curid=3228296,https://fr.wikipedia.org/wiki/Educated Horses,Article manquant de r\u00e9f\u00e9rences depuis octobre 2022
Nancy Langat,https://fr.wikipedia.org/?curid=3232193,https://fr.wikipedia.org/wiki/Nancy Langat,Article utilisant une Infobox
Liste des m\u00e9daill\u00e9s aux Jeux olympiques de 1896,https://fr.wikipedia.org/?curid=3232246,https://fr.wikipedia.org/wiki/Liste des m\u00e9daill\u00e9s aux Jeux olympiques de 1896,Portail:Jeux olympiques/Articles li\u00e9s
Erika Araki,https://fr.wikipedia.org/?curid=3232348,https://fr.wikipedia.org/wiki/Erika Araki,Article utilisant une Infobox
Kanako Omura,https://fr.wikipedia.org/?curid=3232410,https://fr.wikipedia.org/wiki/Kanako Omura,Wikip\u00e9dia:\u00e9bauche joueuse de volley-ball
Liste des m\u00e9daill\u00e9s olympiques en escrime,https://fr.wikipedia.org/?curid=3232450,https://fr.wikipedia.org/wiki/Liste des m\u00e9daill\u00e9s olympiques en escrime,Portail:Escrime/Articles li\u00e9s
Kim Kardashian,https://fr.wikipedia.org/?curid=2971722,https://fr.wikipedia.org/wiki/Kim Kardashian,Page dont la protection est \u00e0 v\u00e9rifier
"Astro Boy (film, 2009)",https://fr.wikipedia.org/?curid=2975456,"https://fr.wikipedia.org/wiki/Astro Boy (film, 2009)",Article utilisant une Infobox
Andrea Blackett,https://fr.wikipedia.org/?curid=2879004,https://fr.wikipedia.org/wiki/Andrea Blackett,Article utilisant une Infobox
Layla El,https://fr.wikipedia.org/?curid=2894906,https://fr.wikipedia.org/wiki/Layla El,Article contenant un lien mort
Sa\u00efda Menebhi,https://fr.wikipedia.org/?curid=2972134,https://fr.wikipedia.org/wiki/Sa\u00efda Menebhi,Page utilisant P569
Tim Burton,https://fr.wikipedia.org/?curid=2974,https://fr.wikipedia.org/wiki/Tim Burton,Article utilisant une Infobox
Jean-Eudes Demaret,https://fr.wikipedia.org/?curid=2914675,https://fr.wikipedia.org/wiki/Jean-Eudes Demaret,Page utilisant P569
Twisted Metal: Head-On,https://fr.wikipedia.org/?curid=2883372,https://fr.wikipedia.org/wiki/Twisted Metal: Head-On,Page utilisant P86
Yua Aida,https://fr.wikipedia.org/?curid=2883432,https://fr.wikipedia.org/wiki/Yua Aida,Article contenant un lien mort
Shareefa,https://fr.wikipedia.org/?curid=2918629,https://fr.wikipedia.org/wiki/Shareefa,Article utilisant une Infobox
L'Aura,https://fr.wikipedia.org/?curid=2918914,https://fr.wikipedia.org/wiki/L'Aura,Wikip\u00e9dia:\u00e9bauche chanteur italien
M\u00f3nica Naranjo,https://fr.wikipedia.org/?curid=2988673,https://fr.wikipedia.org/wiki/M\u00f3nica Naranjo,Article utilisant une Infobox
Oleta Adams,https://fr.wikipedia.org/?curid=2982947,https://fr.wikipedia.org/wiki/Oleta Adams,Article utilisant une Infobox
Anastasia Baranova,https://fr.wikipedia.org/?curid=2984129,https://fr.wikipedia.org/wiki/Anastasia Baranova,Wikip\u00e9dia:\u00e9bauche acteur russe
Pamela Bellwood,https://fr.wikipedia.org/?curid=2967197,https://fr.wikipedia.org/wiki/Pamela Bellwood,Wikip\u00e9dia:\u00e9bauche acteur am\u00e9ricain
MakSim,https://fr.wikipedia.org/?curid=3145314,https://fr.wikipedia.org/wiki/MakSim,Article utilisant une Infobox
Alicia Fox,https://fr.wikipedia.org/?curid=3145385,https://fr.wikipedia.org/wiki/Alicia Fox,Article \u00e0 recycler/Liste compl\u00e8te
Prince des Asturies,https://fr.wikipedia.org/?curid=314598,https://fr.wikipedia.org/wiki/Prince des Asturies,Page utilisant P856
Champions olympiques tch\u00e8ques,https://fr.wikipedia.org/?curid=3184496,https://fr.wikipedia.org/wiki/Champions olympiques tch\u00e8ques,Portail:Sport/Articles li\u00e9s
Noemi Cantele,https://fr.wikipedia.org/?curid=3185752,https://fr.wikipedia.org/wiki/Noemi Cantele,Wikip\u00e9dia:\u00e9bauche coureur cycliste italien
Chantal Beltman,https://fr.wikipedia.org/?curid=3185776,https://fr.wikipedia.org/wiki/Chantal Beltman,Page utilisant P569
Emma Johansson,https://fr.wikipedia.org/?curid=3185812,https://fr.wikipedia.org/wiki/Emma Johansson,Page utilisant P569
Leire Mart\u00ednez,https://fr.wikipedia.org/?curid=3185837,https://fr.wikipedia.org/wiki/Leire Mart\u00ednez,Wikip\u00e9dia:\u00e9bauche chanteur espagnol
Tatiana Guderzo,https://fr.wikipedia.org/?curid=3185877,https://fr.wikipedia.org/wiki/Tatiana Guderzo,Page utilisant P569
Amber Neben,https://fr.wikipedia.org/?curid=3186920,https://fr.wikipedia.org/wiki/Amber Neben,Page utilisant P569
Psychose (film),https://fr.wikipedia.org/?curid=3163654,https://fr.wikipedia.org/wiki/Psychose (film),Article contenant un lien mort
David-Patrick Feughouo,https://fr.wikipedia.org/?curid=3173718,https://fr.wikipedia.org/wiki/David-Patrick Feughouo,Wikip\u00e9dia:\u00e9bauche joueur de volley-ball
Fatou Bintou Fall,https://fr.wikipedia.org/?curid=3177951,https://fr.wikipedia.org/wiki/Fatou Bintou Fall,Wikip\u00e9dia:\u00e9bauche athl\u00e8te s\u00e9n\u00e9galais
Nicole Br\u00e4ndli,https://fr.wikipedia.org/?curid=3177689,https://fr.wikipedia.org/wiki/Nicole Br\u00e4ndli,Wikip\u00e9dia:\u00e9bauche coureur cycliste suisse
Champions olympiques croates,https://fr.wikipedia.org/?curid=3178589,https://fr.wikipedia.org/wiki/Champions olympiques croates,Wikip\u00e9dia:\u00e9bauche Jeux olympiques
Marian Burnett,https://fr.wikipedia.org/?curid=3179930,https://fr.wikipedia.org/wiki/Marian Burnett,Wikip\u00e9dia:\u00e9bauche athl\u00e8te
Arantxa Rus,https://fr.wikipedia.org/?curid=3164803,https://fr.wikipedia.org/wiki/Arantxa Rus,Article utilisant une Infobox
Irina Sloutska\u00efa,https://fr.wikipedia.org/?curid=316271,https://fr.wikipedia.org/wiki/Irina Sloutska\u00efa,Wikip\u00e9dia:\u00e9bauche patinage artistique
Sophie Villeneuve,https://fr.wikipedia.org/?curid=3161676,https://fr.wikipedia.org/wiki/Sophie Villeneuve,Article \u00e0 illustrer Sportif
Patsy Gallant,https://fr.wikipedia.org/?curid=3172763,https://fr.wikipedia.org/wiki/Patsy Gallant,Article contenant un lien mort
Yvonne Jung,https://fr.wikipedia.org/?curid=3150906,https://fr.wikipedia.org/wiki/Yvonne Jung,Wikip\u00e9dia:\u00e9bauche acteur am\u00e9ricain
Anita Ward,https://fr.wikipedia.org/?curid=3151010,https://fr.wikipedia.org/wiki/Anita Ward,Article utilisant une Infobox
Taismary Ag\u00fcero,https://fr.wikipedia.org/?curid=3151781,https://fr.wikipedia.org/wiki/Taismary Ag\u00fcero,Article utilisant une Infobox
Ana Beatriz,https://fr.wikipedia.org/?curid=3128059,https://fr.wikipedia.org/wiki/Ana Beatriz,Page utilisant P569
Katrina Kaif,https://fr.wikipedia.org/?curid=3122394,https://fr.wikipedia.org/wiki/Katrina Kaif,Page utilisant P551
Janet Young,https://fr.wikipedia.org/?curid=3135774,https://fr.wikipedia.org/wiki/Janet Young,Article \u00e0 illustrer Joueur de tennis
Janet Newberry,https://fr.wikipedia.org/?curid=3135778,https://fr.wikipedia.org/wiki/Janet Newberry,Article \u00e0 illustrer Joueur de tennis
Hitomi Kobayashi,https://fr.wikipedia.org/?curid=3136223,https://fr.wikipedia.org/wiki/Hitomi Kobayashi,Article contenant un lien mort
Elena Pampoulova,https://fr.wikipedia.org/?curid=3138763,https://fr.wikipedia.org/wiki/Elena Pampoulova,Article utilisant une Infobox
Elizabeth Sayers,https://fr.wikipedia.org/?curid=3138770,https://fr.wikipedia.org/wiki/Elizabeth Sayers,Article \u00e0 illustrer Joueur de tennis
Elsie Goldsack,https://fr.wikipedia.org/?curid=3138779,https://fr.wikipedia.org/wiki/Elsie Goldsack,Article utilisant une Infobox
Ethel Thomson Larcombe,https://fr.wikipedia.org/?curid=3138805,https://fr.wikipedia.org/wiki/Ethel Thomson Larcombe,Article utilisant une Infobox
Fay Toyne,https://fr.wikipedia.org/?curid=3138816,https://fr.wikipedia.org/wiki/Fay Toyne,Article \u00e0 illustrer Joueur de tennis
Gussie Moran,https://fr.wikipedia.org/?curid=3138829,https://fr.wikipedia.org/wiki/Gussie Moran,Article utilisant une Infobox
Ginger Helgeson,https://fr.wikipedia.org/?curid=3138834,https://fr.wikipedia.org/wiki/Ginger Helgeson,Article \u00e0 illustrer Joueur de tennis
Helen Gourlay,https://fr.wikipedia.org/?curid=3138853,https://fr.wikipedia.org/wiki/Helen Gourlay,Article \u00e0 illustrer Joueur de tennis
Helen Jacobs,https://fr.wikipedia.org/?curid=3138860,https://fr.wikipedia.org/wiki/Helen Jacobs,Article utilisant une Infobox
Helga Schultze,https://fr.wikipedia.org/?curid=3138871,https://fr.wikipedia.org/wiki/Helga Schultze,Article \u00e0 illustrer Joueur de tennis
Lindsay Lohan,https://fr.wikipedia.org/?curid=3140333,https://fr.wikipedia.org/wiki/Lindsay Lohan,Article contenant un lien mort
R\u00e9gine Cavagnoud,https://fr.wikipedia.org/?curid=314144,https://fr.wikipedia.org/wiki/R\u00e9gine Cavagnoud,Article \u00e0 illustrer Sportif
Ellen van Dijk,https://fr.wikipedia.org/?curid=3149324,https://fr.wikipedia.org/wiki/Ellen van Dijk,Page utilisant P1477
Keke Wyatt,https://fr.wikipedia.org/?curid=3129858,https://fr.wikipedia.org/wiki/Keke Wyatt,Wikip\u00e9dia:\u00e9bauche chanteur am\u00e9ricain
Katarzyna Skowro\u0144ska,https://fr.wikipedia.org/?curid=3119056,https://fr.wikipedia.org/wiki/Katarzyna Skowro\u0144ska,Article utilisant une Infobox
Julia Sampson,https://fr.wikipedia.org/?curid=3125099,https://fr.wikipedia.org/wiki/Julia Sampson,Article \u00e0 illustrer Joueur de tennis
Lynnsha,https://fr.wikipedia.org/?curid=3116756,https://fr.wikipedia.org/wiki/Lynnsha,Article utilisant une Infobox
Inbee Park,https://fr.wikipedia.org/?curid=3123309,https://fr.wikipedia.org/wiki/Inbee Park,Article utilisant une Infobox
Virginie Cueff,https://fr.wikipedia.org/?curid=3119945,https://fr.wikipedia.org/wiki/Virginie Cueff,Wikip\u00e9dia:\u00e9bauche coureur cycliste fran\u00e7ais
Sabrina Filzmoser,https://fr.wikipedia.org/?curid=2911084,https://fr.wikipedia.org/wiki/Sabrina Filzmoser,Wikip\u00e9dia:\u00e9bauche judo
Hamch\u00e9tou Ma\u00efga-Ba,https://fr.wikipedia.org/?curid=2908865,https://fr.wikipedia.org/wiki/Hamch\u00e9tou Ma\u00efga-Ba,Article \u00e0 illustrer Joueur de basket-ball
Anne Baxter,https://fr.wikipedia.org/?curid=290901,https://fr.wikipedia.org/wiki/Anne Baxter,Article utilisant une Infobox
Madoka Ozawa,https://fr.wikipedia.org/?curid=2936324,https://fr.wikipedia.org/wiki/Madoka Ozawa,Article utilisant une Infobox
Nancy Lopez,https://fr.wikipedia.org/?curid=2939577,https://fr.wikipedia.org/wiki/Nancy Lopez,Article utilisant une Infobox
The Legend of Zelda: The Minish Cap,https://fr.wikipedia.org/?curid=289077,https://fr.wikipedia.org/wiki/The Legend of Zelda: The Minish Cap,Article \u00e0 illustrer
Le Roi Carotte,https://fr.wikipedia.org/?curid=2904873,https://fr.wikipedia.org/wiki/Le Roi Carotte,Article utilisant une Infobox
Miss Su\u00e8de,https://fr.wikipedia.org/?curid=2906092,https://fr.wikipedia.org/wiki/Miss Su\u00e8de,Portail:Su\u00e8de/Articles li\u00e9s
Cindy Sander,https://fr.wikipedia.org/?curid=2940923,https://fr.wikipedia.org/wiki/Cindy Sander,Article utilisant une Infobox
Anna Ohura,https://fr.wikipedia.org/?curid=2943784,https://fr.wikipedia.org/wiki/Anna Ohura,Article utilisant une Infobox
Rachelle Ferrell,https://fr.wikipedia.org/?curid=2943850,https://fr.wikipedia.org/wiki/Rachelle Ferrell,Wikip\u00e9dia:\u00e9bauche jazz
Natalie Choquette,https://fr.wikipedia.org/?curid=2944097,https://fr.wikipedia.org/wiki/Natalie Choquette,Wikip\u00e9dia:\u00e9bauche op\u00e9ra
Ami Ayukawa,https://fr.wikipedia.org/?curid=2940143,https://fr.wikipedia.org/wiki/Ami Ayukawa,Article utilisant une Infobox
Tony Hillerman,https://fr.wikipedia.org/?curid=289930,https://fr.wikipedia.org/wiki/Tony Hillerman,Article utilisant une Infobox
Moyasimon,https://fr.wikipedia.org/?curid=2901374,https://fr.wikipedia.org/wiki/Moyasimon,Article utilisant une Infobox
Bunko Kanazawa,https://fr.wikipedia.org/?curid=2929572,https://fr.wikipedia.org/wiki/Bunko Kanazawa,Article utilisant une Infobox
Jean Galfione,https://fr.wikipedia.org/?curid=288007,https://fr.wikipedia.org/wiki/Jean Galfione,Article utilisant une Infobox
Marianne et l'Europe,https://fr.wikipedia.org/?curid=3013442,https://fr.wikipedia.org/wiki/Marianne et l'Europe,Portail:Philat\u00e9lie/Articles li\u00e9s
Cs\u00e9zy,https://fr.wikipedia.org/?curid=3006569,https://fr.wikipedia.org/wiki/Cs\u00e9zy,Wikip\u00e9dia:\u00e9bauche chanteur hongrois
Marie Mich\u00e8le Desrosiers,https://fr.wikipedia.org/?curid=3028626,https://fr.wikipedia.org/wiki/Marie Mich\u00e8le Desrosiers,Article manquant de r\u00e9f\u00e9rences depuis juillet 2018
Pamela Jelimo,https://fr.wikipedia.org/?curid=3023507,https://fr.wikipedia.org/wiki/Pamela Jelimo,Article utilisant une Infobox
Tamara Bykova,https://fr.wikipedia.org/?curid=302753,https://fr.wikipedia.org/wiki/Tamara Bykova,Wikip\u00e9dia:\u00e9bauche athl\u00e8te sovi\u00e9tique
Magdalena Forsberg,https://fr.wikipedia.org/?curid=302758,https://fr.wikipedia.org/wiki/Magdalena Forsberg,Article utilisant une Infobox
Susanne Ljungskog,https://fr.wikipedia.org/?curid=3002936,https://fr.wikipedia.org/wiki/Susanne Ljungskog,Wikip\u00e9dia:\u00e9bauche coureur cycliste su\u00e9dois
Ievguenia Kana\u00efeva,https://fr.wikipedia.org/?curid=3003030,https://fr.wikipedia.org/wiki/Ievguenia Kana\u00efeva,Article manquant de r\u00e9f\u00e9rences depuis ao\u00fbt 2012
Regina Belle,https://fr.wikipedia.org/?curid=2953623,https://fr.wikipedia.org/wiki/Regina Belle,Article manquant de r\u00e9f\u00e9rences depuis juillet 2022
Marlies G\u00f6hr,https://fr.wikipedia.org/?curid=296180,https://fr.wikipedia.org/wiki/Marlies G\u00f6hr,Article utilisant une Infobox
Evelyn Ashford,https://fr.wikipedia.org/?curid=296185,https://fr.wikipedia.org/wiki/Evelyn Ashford,Article utilisant une Infobox
Ren\u00e9e Martel,https://fr.wikipedia.org/?curid=2966927,https://fr.wikipedia.org/wiki/Ren\u00e9e Martel,Article au ton publicitaire/Liste compl\u00e8te
Teddy Sinclair,https://fr.wikipedia.org/?curid=3011561,https://fr.wikipedia.org/wiki/Teddy Sinclair,Article utilisant une Infobox
Gilberte Thirion,https://fr.wikipedia.org/?curid=3010534,https://fr.wikipedia.org/wiki/Gilberte Thirion,Page utilisant P569
Jarmila Kratochv\u00edlov\u00e1,https://fr.wikipedia.org/?curid=307296,https://fr.wikipedia.org/wiki/Jarmila Kratochv\u00edlov\u00e1,Article utilisant une Infobox
Hestrie Els,https://fr.wikipedia.org/?curid=307322,https://fr.wikipedia.org/wiki/Hestrie Els,Article \u00e0 illustrer Athl\u00e8te
Nao Oikawa,https://fr.wikipedia.org/?curid=3048025,https://fr.wikipedia.org/wiki/Nao Oikawa,Article contenant un lien mort
Katarina Waters,https://fr.wikipedia.org/?curid=3053403,https://fr.wikipedia.org/wiki/Katarina Waters,Article \u00e0 recycler/Liste compl\u00e8te
Esra G\u00fcm\u00fc\u015f,https://fr.wikipedia.org/?curid=3052160,https://fr.wikipedia.org/wiki/Esra G\u00fcm\u00fc\u015f,Article utilisant une Infobox
Liste des conjoints des souverains de Su\u00e8de,https://fr.wikipedia.org/?curid=3036056,https://fr.wikipedia.org/wiki/Liste des conjoints des souverains de Su\u00e8de,Portail:Histoire/Articles li\u00e9s
Arthur et les Minimoys (franchise),https://fr.wikipedia.org/?curid=305843,https://fr.wikipedia.org/wiki/Arthur et les Minimoys (franchise),Article avec une section vide ou incompl\u00e8te
Irina Privalova,https://fr.wikipedia.org/?curid=305626,https://fr.wikipedia.org/wiki/Irina Privalova,Article utilisant une Infobox
Gail Devers,https://fr.wikipedia.org/?curid=305029,https://fr.wikipedia.org/wiki/Gail Devers,Article utilisant une Infobox
Bahar Mert,https://fr.wikipedia.org/?curid=3050513,https://fr.wikipedia.org/wiki/Bahar Mert,Article \u00e0 illustrer Joueur de volley-ball
Kokoro Amano,https://fr.wikipedia.org/?curid=3048419,https://fr.wikipedia.org/wiki/Kokoro Amano,Article utilisant une Infobox
Yani Tseng,https://fr.wikipedia.org/?curid=3048453,https://fr.wikipedia.org/wiki/Yani Tseng,Article utilisant une Infobox
Amandine Bourgeois,https://fr.wikipedia.org/?curid=3048458,https://fr.wikipedia.org/wiki/Amandine Bourgeois,Article contenant un lien mort
Diana \u017dili\u016bt\u0117,https://fr.wikipedia.org/?curid=3048881,https://fr.wikipedia.org/wiki/Diana \u017dili\u016bt\u0117,Wikip\u00e9dia:\u00e9bauche coureur cycliste lituanien
Natalya (catch),https://fr.wikipedia.org/?curid=3047140,https://fr.wikipedia.org/wiki/Natalya (catch),Article \u00e0 recycler/Liste compl\u00e8te
10 000 m\u00e8tres aux Jeux olympiques,https://fr.wikipedia.org/?curid=3613572,https://fr.wikipedia.org/wiki/10 000 m\u00e8tres aux Jeux olympiques,Article utilisant une Infobox
Triple saut aux Jeux olympiques,https://fr.wikipedia.org/?curid=3613613,https://fr.wikipedia.org/wiki/Triple saut aux Jeux olympiques,Article utilisant une Infobox
Sabine Lisicki,https://fr.wikipedia.org/?curid=2790578,https://fr.wikipedia.org/wiki/Sabine Lisicki,Article utilisant une Infobox
A\u00e9roclub f\u00e9minin la Stella,https://fr.wikipedia.org/?curid=3347046,https://fr.wikipedia.org/wiki/A\u00e9roclub f\u00e9minin la Stella,Page utilisant P571
Armelle Faesch,https://fr.wikipedia.org/?curid=3346757,https://fr.wikipedia.org/wiki/Armelle Faesch,Article utilisant une Infobox
S\u00e9verine Li\u00e9nard,https://fr.wikipedia.org/?curid=3348366,https://fr.wikipedia.org/wiki/S\u00e9verine Li\u00e9nard,Article utilisant une Infobox
Elene Gokieli,https://fr.wikipedia.org/?curid=6186771,https://fr.wikipedia.org/wiki/Elene Gokieli,Wikip\u00e9dia:\u00e9bauche athl\u00e8te sovi\u00e9tique
Martine Le Moignan,https://fr.wikipedia.org/?curid=6192198,https://fr.wikipedia.org/wiki/Martine Le Moignan,Wikip\u00e9dia:\u00e9bauche squash
Mandisa,https://fr.wikipedia.org/?curid=6578571,https://fr.wikipedia.org/wiki/Mandisa,Article utilisant une Infobox
Paris Bennett,https://fr.wikipedia.org/?curid=6578605,https://fr.wikipedia.org/wiki/Paris Bennett,Article utilisant une Infobox
Ann-Elen Skjelbreid,https://fr.wikipedia.org/?curid=658697,https://fr.wikipedia.org/wiki/Ann-Elen Skjelbreid,Wikip\u00e9dia:\u00e9bauche biathlon
Marta Domachowska,https://fr.wikipedia.org/?curid=658644,https://fr.wikipedia.org/wiki/Marta Domachowska,Article utilisant une Infobox
Maja Burazer,https://fr.wikipedia.org/?curid=6586536,https://fr.wikipedia.org/wiki/Maja Burazer,Article utilisant une Infobox
Kimberley Locke,https://fr.wikipedia.org/?curid=6578707,https://fr.wikipedia.org/wiki/Kimberley Locke,Article utilisant une Infobox
Tamyra Gray,https://fr.wikipedia.org/?curid=6578727,https://fr.wikipedia.org/wiki/Tamyra Gray,Article utilisant une Infobox
Andrea Bienias,https://fr.wikipedia.org/?curid=6580698,https://fr.wikipedia.org/wiki/Andrea Bienias,Article utilisant une Infobox
Ashleigh Barty,https://fr.wikipedia.org/?curid=6877002,https://fr.wikipedia.org/wiki/Ashleigh Barty,Article utilisant une Infobox
Susan Williams,https://fr.wikipedia.org/?curid=6876490,https://fr.wikipedia.org/wiki/Susan Williams,Article \u00e0 illustrer Sportif
Julia M\u00e4chtig,https://fr.wikipedia.org/?curid=6876778,https://fr.wikipedia.org/wiki/Julia M\u00e4chtig,Wikip\u00e9dia:\u00e9bauche athl\u00e8te allemand
Saskia Radzuweit,https://fr.wikipedia.org/?curid=6874436,https://fr.wikipedia.org/wiki/Saskia Radzuweit,Article utilisant une Infobox
Seohyun,https://fr.wikipedia.org/?curid=6865049,https://fr.wikipedia.org/wiki/Seohyun,Article utilisant une Infobox
Andreas Raelert,https://fr.wikipedia.org/?curid=6866131,https://fr.wikipedia.org/wiki/Andreas Raelert,Article utilisant une Infobox
Anke Huber,https://fr.wikipedia.org/?curid=686614,https://fr.wikipedia.org/wiki/Anke Huber,Article utilisant une Infobox
Helen Kelesi,https://fr.wikipedia.org/?curid=686619,https://fr.wikipedia.org/wiki/Helen Kelesi,Article \u00e0 illustrer Joueur de tennis
Helena Sukov\u00e1,https://fr.wikipedia.org/?curid=686625,https://fr.wikipedia.org/wiki/Helena Sukov\u00e1,Article utilisant une Infobox
Chrissie Wellington,https://fr.wikipedia.org/?curid=6866285,https://fr.wikipedia.org/wiki/Chrissie Wellington,Article utilisant une Infobox
Geri Halliwell,https://fr.wikipedia.org/?curid=682260,https://fr.wikipedia.org/wiki/Geri Halliwell,Article utilisant une Infobox
Natalya Antyukh,https://fr.wikipedia.org/?curid=685275,https://fr.wikipedia.org/wiki/Natalya Antyukh,Article utilisant une Infobox
Luna (chanteuse sud-cor\u00e9enne),https://fr.wikipedia.org/?curid=6852869,https://fr.wikipedia.org/wiki/Luna (chanteuse sud-cor\u00e9enne),Article utilisant une Infobox
Annika Beck,https://fr.wikipedia.org/?curid=6853128,https://fr.wikipedia.org/wiki/Annika Beck,Article utilisant une Infobox
3-Way (The Golden Rule),https://fr.wikipedia.org/?curid=6869332,https://fr.wikipedia.org/wiki/3-Way (The Golden Rule),Article utilisant une Infobox
Carolina Dieckmann,https://fr.wikipedia.org/?curid=6861050,https://fr.wikipedia.org/wiki/Carolina Dieckmann,Wikip\u00e9dia:\u00e9bauche acteur br\u00e9silien
Jessica Simpson,https://fr.wikipedia.org/?curid=685671,https://fr.wikipedia.org/wiki/Jessica Simpson,Article contenant un lien mort
Jody Alderson,https://fr.wikipedia.org/?curid=6854823,https://fr.wikipedia.org/wiki/Jody Alderson,Wikip\u00e9dia:\u00e9bauche natation
Marilee Stepan,https://fr.wikipedia.org/?curid=6854909,https://fr.wikipedia.org/wiki/Marilee Stepan,Wikip\u00e9dia:\u00e9bauche natation
Ciara Mageean,https://fr.wikipedia.org/?curid=6850166,https://fr.wikipedia.org/wiki/Ciara Mageean,Wikip\u00e9dia:\u00e9bauche athl\u00e8te irlandais
Sina Fuchs,https://fr.wikipedia.org/?curid=6848642,https://fr.wikipedia.org/wiki/Sina Fuchs,Article utilisant une Infobox
Antonela Curatola,https://fr.wikipedia.org/?curid=6848662,https://fr.wikipedia.org/wiki/Antonela Curatola,Article \u00e0 illustrer Joueur de volley-ball
Liste des conjoints des souverains roumains,https://fr.wikipedia.org/?curid=6852361,https://fr.wikipedia.org/wiki/Liste des conjoints des souverains roumains,Page utilisant une frise chronologique
Polina Korobeynikova,https://fr.wikipedia.org/?curid=6363653,https://fr.wikipedia.org/wiki/Polina Korobeynikova,Article utilisant une Infobox
Sheila Taormina,https://fr.wikipedia.org/?curid=6363265,https://fr.wikipedia.org/wiki/Sheila Taormina,Wikip\u00e9dia:\u00e9bauche natation
Princesse Daisy,https://fr.wikipedia.org/?curid=636563,https://fr.wikipedia.org/wiki/Princesse Daisy,Article \u00e0 pr\u00e9cision n\u00e9cessaire
Vassilik\u00ed Vouyio\u00faka,https://fr.wikipedia.org/?curid=6365973,https://fr.wikipedia.org/wiki/Vassilik\u00ed Vouyio\u00faka,Wikip\u00e9dia:\u00e9bauche escrimeuse
Brad Kahlefeldt,https://fr.wikipedia.org/?curid=6360878,https://fr.wikipedia.org/wiki/Brad Kahlefeldt,Article utilisant une Infobox
Carole Delga,https://fr.wikipedia.org/?curid=6356493,https://fr.wikipedia.org/wiki/Carole Delga,Article utilisant une Infobox
Hamish Carter,https://fr.wikipedia.org/?curid=6362440,https://fr.wikipedia.org/wiki/Hamish Carter,Page utilisant P569
Ievguenia Choutko,https://fr.wikipedia.org/?curid=6360654,https://fr.wikipedia.org/wiki/Ievguenia Choutko,Article \u00e0 illustrer Joueur de volley-ball
Hyuna,https://fr.wikipedia.org/?curid=6359188,https://fr.wikipedia.org/wiki/Hyuna,Article contenant un lien mort
