Name,URL1,URL2,First Category
Theresa Gerber,https://fr.wikipedia.org/?curid=9323997,https://fr.wikipedia.org/wiki/Theresa Gerber,Page utilisant P569
Mina Popovi\u0107,https://fr.wikipedia.org/?curid=9445687,https://fr.wikipedia.org/wiki/Mina Popovi\u0107,Article utilisant une Infobox
Cindy Sember,https://fr.wikipedia.org/?curid=9395242,https://fr.wikipedia.org/wiki/Cindy Sember,Wikip\u00e9dia:\u00e9bauche athl\u00e8te britannique
Gilda de Abreu,https://fr.wikipedia.org/?curid=9397089,https://fr.wikipedia.org/wiki/Gilda de Abreu,Page utilisant P569
Julia Lier,https://fr.wikipedia.org/?curid=9398429,https://fr.wikipedia.org/wiki/Julia Lier,Wikip\u00e9dia:\u00e9bauche aviron
Sophie Mackenzie,https://fr.wikipedia.org/?curid=9398170,https://fr.wikipedia.org/wiki/Sophie Mackenzie,Wikip\u00e9dia:\u00e9bauche aviron
Anna Odine Str\u00f8m,https://fr.wikipedia.org/?curid=9398320,https://fr.wikipedia.org/wiki/Anna Odine Str\u00f8m,Article contenant un appel \u00e0 traduction en allemand
Oriana Oppice,https://fr.wikipedia.org/?curid=9399391,https://fr.wikipedia.org/wiki/Oriana Oppice,Wikip\u00e9dia:\u00e9bauche acteur am\u00e9ricain
Marie-Th\u00e9r\u00e8se Joniaux,https://fr.wikipedia.org/?curid=9396682,https://fr.wikipedia.org/wiki/Marie-Th\u00e9r\u00e8se Joniaux,Page utilisant P569
Liselotte Landbeck,https://fr.wikipedia.org/?curid=9340852,https://fr.wikipedia.org/wiki/Liselotte Landbeck,Article utilisant une Infobox
Jo Johansen,https://fr.wikipedia.org/?curid=9342880,https://fr.wikipedia.org/wiki/Jo Johansen,Page utilisant P569
Laura Golarsa,https://fr.wikipedia.org/?curid=934217,https://fr.wikipedia.org/wiki/Laura Golarsa,Article \u00e0 illustrer Joueur de tennis
Nina Herelov\u00e1,https://fr.wikipedia.org/?curid=9343678,https://fr.wikipedia.org/wiki/Nina Herelov\u00e1,Article \u00e0 illustrer Joueur de volley-ball
Anita Ortiz,https://fr.wikipedia.org/?curid=9357861,https://fr.wikipedia.org/wiki/Anita Ortiz,Page utilisant P569
Jennifer Holliday (chanteuse),https://fr.wikipedia.org/?curid=9355414,https://fr.wikipedia.org/wiki/Jennifer Holliday (chanteuse),Article manquant de r\u00e9f\u00e9rences depuis ao\u00fbt 2015
Barbara Szab\u00f3,https://fr.wikipedia.org/?curid=9355495,https://fr.wikipedia.org/wiki/Barbara Szab\u00f3,Wikip\u00e9dia:\u00e9bauche athl\u00e8te hongrois
Anthea Schmid,https://fr.wikipedia.org/?curid=9359121,https://fr.wikipedia.org/wiki/Anthea Schmid,Page utilisant P569
Mary Churchill (ultra-trail),https://fr.wikipedia.org/?curid=9359249,https://fr.wikipedia.org/wiki/Mary Churchill (ultra-trail),Page utilisant P569
Annie Bocl\u00e9,https://fr.wikipedia.org/?curid=9359874,https://fr.wikipedia.org/wiki/Annie Bocl\u00e9,Wikip\u00e9dia:\u00e9bauche athl\u00e8te fran\u00e7ais
Akane Yamaguchi,https://fr.wikipedia.org/?curid=9387654,https://fr.wikipedia.org/wiki/Akane Yamaguchi,Wikip\u00e9dia:\u00e9bauche badminton
Julie Ertz,https://fr.wikipedia.org/?curid=9320080,https://fr.wikipedia.org/wiki/Julie Ertz,Article contenant un lien mort
Denise Faye,https://fr.wikipedia.org/?curid=9344093,https://fr.wikipedia.org/wiki/Denise Faye,Wikip\u00e9dia:\u00e9bauche acteur am\u00e9ricain
Angela Paton,https://fr.wikipedia.org/?curid=9344096,https://fr.wikipedia.org/wiki/Angela Paton,Wikip\u00e9dia:\u00e9bauche acteur am\u00e9ricain
Jillian Bell,https://fr.wikipedia.org/?curid=9344281,https://fr.wikipedia.org/wiki/Jillian Bell,Wikip\u00e9dia:\u00e9bauche acteur am\u00e9ricain
Kaleena Mosqueda-Lewis,https://fr.wikipedia.org/?curid=9345440,https://fr.wikipedia.org/wiki/Kaleena Mosqueda-Lewis,Article utilisant une Infobox
Elizabeth Howard (ultra-trail),https://fr.wikipedia.org/?curid=9369482,https://fr.wikipedia.org/wiki/Elizabeth Howard (ultra-trail),Page utilisant P569
Irene Cheptai,https://fr.wikipedia.org/?curid=9367753,https://fr.wikipedia.org/wiki/Irene Cheptai,Wikip\u00e9dia:\u00e9bauche athl\u00e8te k\u00e9nyan
Jemima Sumgong,https://fr.wikipedia.org/?curid=9367789,https://fr.wikipedia.org/wiki/Jemima Sumgong,Wikip\u00e9dia:\u00e9bauche athl\u00e8te k\u00e9nyan
Asami Chiba,https://fr.wikipedia.org/?curid=9381257,https://fr.wikipedia.org/wiki/Asami Chiba,Wikip\u00e9dia:\u00e9bauche athl\u00e8te japonais
Brittany Borman,https://fr.wikipedia.org/?curid=9382468,https://fr.wikipedia.org/wiki/Brittany Borman,Wikip\u00e9dia:\u00e9bauche athl\u00e8te am\u00e9ricain
Mareike Adams,https://fr.wikipedia.org/?curid=9403282,https://fr.wikipedia.org/wiki/Mareike Adams,Wikip\u00e9dia:\u00e9bauche aviron
Ekater\u00edni Nikola\u00efdou,https://fr.wikipedia.org/?curid=9403309,https://fr.wikipedia.org/wiki/Ekater\u00edni Nikola\u00efdou,Wikip\u00e9dia:\u00e9bauche aviron
Marie-Anne Frenken,https://fr.wikipedia.org/?curid=9403324,https://fr.wikipedia.org/wiki/Marie-Anne Frenken,Wikip\u00e9dia:\u00e9bauche aviron
Ann Reinking,https://fr.wikipedia.org/?curid=9354685,https://fr.wikipedia.org/wiki/Ann Reinking,Article utilisant une Infobox
Mariya Konovalova,https://fr.wikipedia.org/?curid=9354734,https://fr.wikipedia.org/wiki/Mariya Konovalova,Wikip\u00e9dia:\u00e9bauche athl\u00e8te russe
Tim Twietmeyer,https://fr.wikipedia.org/?curid=9354856,https://fr.wikipedia.org/wiki/Tim Twietmeyer,Page utilisant P569
Daniela Nieves,https://fr.wikipedia.org/?curid=9350881,https://fr.wikipedia.org/wiki/Daniela Nieves,Wikip\u00e9dia:\u00e9bauche acteur am\u00e9ricain
Andrej Vistica,https://fr.wikipedia.org/?curid=9355088,https://fr.wikipedia.org/wiki/Andrej Vistica,Wikip\u00e9dia:\u00e9bauche triathl\u00e8te
Mike Catlin,https://fr.wikipedia.org/?curid=9355097,https://fr.wikipedia.org/wiki/Mike Catlin,Page utilisant P569
Pui-Yan Chow,https://fr.wikipedia.org/?curid=9352723,https://fr.wikipedia.org/wiki/Pui-Yan Chow,Page utilisant P569
Bridget Brunnick,https://fr.wikipedia.org/?curid=9353725,https://fr.wikipedia.org/wiki/Bridget Brunnick,Page utilisant P569
Ximena Duque,https://fr.wikipedia.org/?curid=9353017,https://fr.wikipedia.org/wiki/Ximena Duque,Article avec source \u00e0 lier
Corinne Raux,https://fr.wikipedia.org/?curid=9353109,https://fr.wikipedia.org/wiki/Corinne Raux,Article \u00e0 illustrer Sportif
Sally Edwards,https://fr.wikipedia.org/?curid=9324627,https://fr.wikipedia.org/wiki/Sally Edwards,Wikip\u00e9dia:\u00e9bauche athl\u00e8te am\u00e9ricain
Mira Todorova,https://fr.wikipedia.org/?curid=9337702,https://fr.wikipedia.org/wiki/Mira Todorova,Article utilisant une Infobox
Thomas Johnson (ultra-trail),https://fr.wikipedia.org/?curid=9334763,https://fr.wikipedia.org/wiki/Thomas Johnson (ultra-trail),Page utilisant P569
Ellie Greenwood,https://fr.wikipedia.org/?curid=9334814,https://fr.wikipedia.org/wiki/Ellie Greenwood,Page utilisant P569
Colette Borcard,https://fr.wikipedia.org/?curid=9334899,https://fr.wikipedia.org/wiki/Colette Borcard,Page utilisant P569
Barbora Purchartov\u00e1,https://fr.wikipedia.org/?curid=9322973,https://fr.wikipedia.org/wiki/Barbora Purchartov\u00e1,Article utilisant une Infobox
\u00c9meline Michel,https://fr.wikipedia.org/?curid=9332771,https://fr.wikipedia.org/wiki/\u00c9meline Michel,Wikip\u00e9dia:\u00e9bauche chanteur
Madison Wilson,https://fr.wikipedia.org/?curid=9334209,https://fr.wikipedia.org/wiki/Madison Wilson,Article utilisant une Infobox
Natalia Molchanova,https://fr.wikipedia.org/?curid=9331143,https://fr.wikipedia.org/wiki/Natalia Molchanova,Article utilisant une Infobox
Tara Geraghty-Moats,https://fr.wikipedia.org/?curid=9648004,https://fr.wikipedia.org/wiki/Tara Geraghty-Moats,Article utilisant une Infobox
Miss Namur,https://fr.wikipedia.org/?curid=9676227,https://fr.wikipedia.org/wiki/Miss Namur,Wikip\u00e9dia:\u00e9bauche concours de beaut\u00e9
Adriana Chechik,https://fr.wikipedia.org/?curid=9678240,https://fr.wikipedia.org/wiki/Adriana Chechik,Wikip\u00e9dia:\u00e9bauche actrice pornographique am\u00e9ricaine
Kari \u00d8yre Slind,https://fr.wikipedia.org/?curid=9661426,https://fr.wikipedia.org/wiki/Kari \u00d8yre Slind,Wikip\u00e9dia:\u00e9bauche ski de fond
Dawn Olivieri,https://fr.wikipedia.org/?curid=9668550,https://fr.wikipedia.org/wiki/Dawn Olivieri,Article utilisant une Infobox
Jennifer Piot,https://fr.wikipedia.org/?curid=9668830,https://fr.wikipedia.org/wiki/Jennifer Piot,Wikip\u00e9dia:\u00e9bauche ski alpin
Natalja Iljina,https://fr.wikipedia.org/?curid=9671561,https://fr.wikipedia.org/wiki/Natalja Iljina,Wikip\u00e9dia:\u00e9bauche ski de fond
Nathalie Schwarz,https://fr.wikipedia.org/?curid=9671766,https://fr.wikipedia.org/wiki/Nathalie Schwarz,Wikip\u00e9dia:\u00e9bauche ski de fond
Melinda Czink,https://fr.wikipedia.org/?curid=968794,https://fr.wikipedia.org/wiki/Melinda Czink,Article utilisant une Infobox
Halsey (chanteuse),https://fr.wikipedia.org/?curid=9654196,https://fr.wikipedia.org/wiki/Halsey (chanteuse),Page utilisant des arguments dupliqu\u00e9s dans les appels de mod\u00e8le
Les Glaneurs et la Glaneuse,https://fr.wikipedia.org/?curid=964853,https://fr.wikipedia.org/wiki/Les Glaneurs et la Glaneuse,Article utilisant une Infobox
Kanchi Wichmann,https://fr.wikipedia.org/?curid=9662821,https://fr.wikipedia.org/wiki/Kanchi Wichmann,Wikip\u00e9dia:\u00e9bauche r\u00e9alisateur am\u00e9ricain
Souad Malloussi,https://fr.wikipedia.org/?curid=9663138,https://fr.wikipedia.org/wiki/Souad Malloussi,Wikip\u00e9dia:\u00e9bauche athl\u00e8te marocain
Hayat El Ghazi,https://fr.wikipedia.org/?curid=9663257,https://fr.wikipedia.org/wiki/Hayat El Ghazi,Wikip\u00e9dia:\u00e9bauche athl\u00e8te marocain
Ch\u00e9rifa Meskaoui,https://fr.wikipedia.org/?curid=9663438,https://fr.wikipedia.org/wiki/Ch\u00e9rifa Meskaoui,Wikip\u00e9dia:\u00e9bauche athl\u00e8te marocain
Misha Cross,https://fr.wikipedia.org/?curid=9644855,https://fr.wikipedia.org/wiki/Misha Cross,Wikip\u00e9dia:\u00e9bauche actrice pornographique polonaise
Miss Canada 1987,https://fr.wikipedia.org/?curid=9650305,https://fr.wikipedia.org/wiki/Miss Canada 1987,Article manquant de r\u00e9f\u00e9rences depuis d\u00e9cembre 2015
Sammi Hanratty,https://fr.wikipedia.org/?curid=9650413,https://fr.wikipedia.org/wiki/Sammi Hanratty,Article utilisant une Infobox
Miss Luxembourg (Belgique),https://fr.wikipedia.org/?curid=9657468,https://fr.wikipedia.org/wiki/Miss Luxembourg (Belgique),Wikip\u00e9dia:\u00e9bauche concours de beaut\u00e9
Aleksandra Goriatchkina,https://fr.wikipedia.org/?curid=9659159,https://fr.wikipedia.org/wiki/Aleksandra Goriatchkina,Page utilisant P569
Claudie Titty Dimbeng,https://fr.wikipedia.org/?curid=9659176,https://fr.wikipedia.org/wiki/Claudie Titty Dimbeng,Article contenant un lien mort
Veronica Dunne,https://fr.wikipedia.org/?curid=9664949,https://fr.wikipedia.org/wiki/Veronica Dunne,Article \u00e0 illustrer Personnalit\u00e9 du cin\u00e9ma
Greta Laurent,https://fr.wikipedia.org/?curid=9666261,https://fr.wikipedia.org/wiki/Greta Laurent,Wikip\u00e9dia:\u00e9bauche ski de fond
Eliza McCartney,https://fr.wikipedia.org/?curid=9645053,https://fr.wikipedia.org/wiki/Eliza McCartney,Article utilisant une Infobox
Miss Li\u00e8ge,https://fr.wikipedia.org/?curid=9645230,https://fr.wikipedia.org/wiki/Miss Li\u00e8ge,Wikip\u00e9dia:\u00e9bauche concours de beaut\u00e9
Corinne Suter,https://fr.wikipedia.org/?curid=9653985,https://fr.wikipedia.org/wiki/Corinne Suter,Article utilisant une Infobox
Martina Ritter,https://fr.wikipedia.org/?curid=9642937,https://fr.wikipedia.org/wiki/Martina Ritter,Page utilisant P569
Anne Zohra Berrached,https://fr.wikipedia.org/?curid=9532727,https://fr.wikipedia.org/wiki/Anne Zohra Berrached,Wikip\u00e9dia:\u00e9bauche r\u00e9alisateur allemand
Fiona Dourif,https://fr.wikipedia.org/?curid=9628076,https://fr.wikipedia.org/wiki/Fiona Dourif,Wikip\u00e9dia:\u00e9bauche acteur am\u00e9ricain
Elena Eliseenko,https://fr.wikipedia.org/?curid=9629987,https://fr.wikipedia.org/wiki/Elena Eliseenko,Article \u00e0 illustrer Joueur de tennis
Daniela Krukower,https://fr.wikipedia.org/?curid=9630427,https://fr.wikipedia.org/wiki/Daniela Krukower,Wikip\u00e9dia:\u00e9bauche judo
Amy Acuff,https://fr.wikipedia.org/?curid=962774,https://fr.wikipedia.org/wiki/Amy Acuff,Wikip\u00e9dia:\u00e9bauche athl\u00e8te am\u00e9ricain
Ineta Rad\u0113vi\u010da,https://fr.wikipedia.org/?curid=962729,https://fr.wikipedia.org/wiki/Ineta Rad\u0113vi\u010da,Article contenant un lien mort
Laure Fournier,https://fr.wikipedia.org/?curid=9603819,https://fr.wikipedia.org/wiki/Laure Fournier,Article utilisant une Infobox
Kether Donohue,https://fr.wikipedia.org/?curid=9611924,https://fr.wikipedia.org/wiki/Kether Donohue,Article utilisant une Infobox
Linsey Godfrey,https://fr.wikipedia.org/?curid=9612092,https://fr.wikipedia.org/wiki/Linsey Godfrey,Page utilisant P569
Kate Avery,https://fr.wikipedia.org/?curid=9640555,https://fr.wikipedia.org/wiki/Kate Avery,Wikip\u00e9dia:\u00e9bauche athl\u00e8te britannique
Sara Wedlund,https://fr.wikipedia.org/?curid=9641575,https://fr.wikipedia.org/wiki/Sara Wedlund,Wikip\u00e9dia:\u00e9bauche athl\u00e8te su\u00e9dois
Ver\u00f3nica Cepede Royg,https://fr.wikipedia.org/?curid=9600413,https://fr.wikipedia.org/wiki/Ver\u00f3nica Cepede Royg,Article utilisant une Infobox
Allison Stokke,https://fr.wikipedia.org/?curid=9600578,https://fr.wikipedia.org/wiki/Allison Stokke,Article utilisant une Infobox
Eve Harlow,https://fr.wikipedia.org/?curid=9600854,https://fr.wikipedia.org/wiki/Eve Harlow,Wikip\u00e9dia:\u00e9bauche acteur canadien
Veronika Trnkov\u00e1,https://fr.wikipedia.org/?curid=9609340,https://fr.wikipedia.org/wiki/Veronika Trnkov\u00e1,Article \u00e0 illustrer Joueur de volley-ball
Colette Bothof,https://fr.wikipedia.org/?curid=9609374,https://fr.wikipedia.org/wiki/Colette Bothof,Wikip\u00e9dia:\u00e9bauche r\u00e9alisateur n\u00e9erlandais
Violetta Villas,https://fr.wikipedia.org/?curid=960896,https://fr.wikipedia.org/wiki/Violetta Villas,Article utilisant une Infobox
Kotomi Takahata,https://fr.wikipedia.org/?curid=9602402,https://fr.wikipedia.org/wiki/Kotomi Takahata,Article \u00e0 illustrer Joueur de tennis
Zhu Chen,https://fr.wikipedia.org/?curid=960166,https://fr.wikipedia.org/wiki/Zhu Chen,Wikip\u00e9dia:\u00e9bauche \u00e9checs
Nadine Kleinert,https://fr.wikipedia.org/?curid=962088,https://fr.wikipedia.org/wiki/Nadine Kleinert,Wikip\u00e9dia:\u00e9bauche athl\u00e8te allemand
Nicoleta Grasu,https://fr.wikipedia.org/?curid=962044,https://fr.wikipedia.org/wiki/Nicoleta Grasu,Wikip\u00e9dia:\u00e9bauche athl\u00e8te roumain
Akosua Serwah,https://fr.wikipedia.org/?curid=9590633,https://fr.wikipedia.org/wiki/Akosua Serwah,Article \u00e0 illustrer Athl\u00e8te
V\u00e9ronique Mang,https://fr.wikipedia.org/?curid=963653,https://fr.wikipedia.org/wiki/V\u00e9ronique Mang,Article utilisant une Infobox
Lee Meriwether,https://fr.wikipedia.org/?curid=963352,https://fr.wikipedia.org/wiki/Lee Meriwether,Wikip\u00e9dia:\u00e9bauche acteur am\u00e9ricain
Maren Hammerschmidt,https://fr.wikipedia.org/?curid=9632392,https://fr.wikipedia.org/wiki/Maren Hammerschmidt,Wikip\u00e9dia:\u00e9bauche biathlon
Sarah Jeffery,https://fr.wikipedia.org/?curid=9548367,https://fr.wikipedia.org/wiki/Sarah Jeffery,Article utilisant une Infobox
Miss Anvers,https://fr.wikipedia.org/?curid=9736520,https://fr.wikipedia.org/wiki/Miss Anvers,Wikip\u00e9dia:\u00e9bauche concours de beaut\u00e9
Tetyana Antypenko,https://fr.wikipedia.org/?curid=9736658,https://fr.wikipedia.org/wiki/Tetyana Antypenko,Wikip\u00e9dia:\u00e9bauche ski de fond
Sara Fletcher,https://fr.wikipedia.org/?curid=9739386,https://fr.wikipedia.org/wiki/Sara Fletcher,Article manquant de r\u00e9f\u00e9rences depuis mars 2019
Melissa Soligo,https://fr.wikipedia.org/?curid=9739504,https://fr.wikipedia.org/wiki/Melissa Soligo,Wikip\u00e9dia:\u00e9bauche curling
Marie-\u00c8ve Gahi\u00e9,https://fr.wikipedia.org/?curid=9803567,https://fr.wikipedia.org/wiki/Marie-\u00c8ve Gahi\u00e9,Article utilisant une Infobox
Mathilde-Amivi Petitjean,https://fr.wikipedia.org/?curid=9827612,https://fr.wikipedia.org/wiki/Mathilde-Amivi Petitjean,Article utilisant une Infobox
Lee Yeon-kyoung,https://fr.wikipedia.org/?curid=9829999,https://fr.wikipedia.org/wiki/Lee Yeon-kyoung,Wikip\u00e9dia:\u00e9bauche athl\u00e8te sud-cor\u00e9en
Jo Eun-ju,https://fr.wikipedia.org/?curid=9830089,https://fr.wikipedia.org/wiki/Jo Eun-ju,Wikip\u00e9dia:\u00e9bauche athl\u00e8te sud-cor\u00e9en
Yulia Stupak,https://fr.wikipedia.org/?curid=9829243,https://fr.wikipedia.org/wiki/Yulia Stupak,Article utilisant une Infobox
Dami Im,https://fr.wikipedia.org/?curid=9828880,https://fr.wikipedia.org/wiki/Dami Im,Article contenant un lien mort
Lisa Klein (cyclisme),https://fr.wikipedia.org/?curid=9794348,https://fr.wikipedia.org/wiki/Lisa Klein (cyclisme),Page utilisant P569
Marta Tagliaferro,https://fr.wikipedia.org/?curid=9794472,https://fr.wikipedia.org/wiki/Marta Tagliaferro,Page utilisant P569
V-Nasty,https://fr.wikipedia.org/?curid=9794506,https://fr.wikipedia.org/wiki/V-Nasty,Article utilisant une Infobox
Terry Bouhraoua,https://fr.wikipedia.org/?curid=980692,https://fr.wikipedia.org/wiki/Terry Bouhraoua,Article utilisant une Infobox
Jamie-Lee Kriewitz,https://fr.wikipedia.org/?curid=9810038,https://fr.wikipedia.org/wiki/Jamie-Lee Kriewitz,Article contenant un lien mort
Sara Mustonen (cyclisme),https://fr.wikipedia.org/?curid=9810043,https://fr.wikipedia.org/wiki/Sara Mustonen (cyclisme),Page utilisant P1477
Lilian Bryner,https://fr.wikipedia.org/?curid=9792158,https://fr.wikipedia.org/wiki/Lilian Bryner,Article utilisant une Infobox
Sarah Loko,https://fr.wikipedia.org/?curid=9801535,https://fr.wikipedia.org/wiki/Sarah Loko,Wikip\u00e9dia:\u00e9bauche art martial
Kathryn Gordon,https://fr.wikipedia.org/?curid=9800219,https://fr.wikipedia.org/wiki/Kathryn Gordon,Article utilisant une Infobox
Brittany Webster,https://fr.wikipedia.org/?curid=9803772,https://fr.wikipedia.org/wiki/Brittany Webster,Wikip\u00e9dia:\u00e9bauche sportif canadien
Karol\u00edna Grohov\u00e1,https://fr.wikipedia.org/?curid=9804228,https://fr.wikipedia.org/wiki/Karol\u00edna Grohov\u00e1,Wikip\u00e9dia:\u00e9bauche ski de fond
Emma Twigg,https://fr.wikipedia.org/?curid=9806347,https://fr.wikipedia.org/wiki/Emma Twigg,Wikip\u00e9dia:\u00e9bauche aviron
Angela Aki,https://fr.wikipedia.org/?curid=981544,https://fr.wikipedia.org/wiki/Angela Aki,Article utilisant une Infobox
Beatrice Bartelloni,https://fr.wikipedia.org/?curid=9800877,https://fr.wikipedia.org/wiki/Beatrice Bartelloni,Page utilisant P569
Athena (catch),https://fr.wikipedia.org/?curid=9818212,https://fr.wikipedia.org/wiki/Athena (catch),Article \u00e0 recycler/Liste compl\u00e8te
Frances Hyland,https://fr.wikipedia.org/?curid=9821126,https://fr.wikipedia.org/wiki/Frances Hyland,Article \u00e0 illustrer Personnalit\u00e9 du cin\u00e9ma
Apolla Echino,https://fr.wikipedia.org/?curid=9819728,https://fr.wikipedia.org/wiki/Apolla Echino,Wikip\u00e9dia:\u00e9bauche acteur am\u00e9ricain
Jerry Tuwai,https://fr.wikipedia.org/?curid=9821423,https://fr.wikipedia.org/wiki/Jerry Tuwai,Article utilisant une Infobox
Tang He Tian,https://fr.wikipedia.org/?curid=9818518,https://fr.wikipedia.org/wiki/Tang He Tian,Article \u00e0 illustrer Joueur de badminton
Andrea Ivan\u010devi\u0107,https://fr.wikipedia.org/?curid=9838794,https://fr.wikipedia.org/wiki/Andrea Ivan\u010devi\u0107,Wikip\u00e9dia:\u00e9bauche athl\u00e8te croate
Diana Riesler,https://fr.wikipedia.org/?curid=9795919,https://fr.wikipedia.org/wiki/Diana Riesler,Article utilisant une Infobox
Elisabeth Schicho,https://fr.wikipedia.org/?curid=9795437,https://fr.wikipedia.org/wiki/Elisabeth Schicho,Wikip\u00e9dia:\u00e9bauche sportif allemand
Paula Fudge,https://fr.wikipedia.org/?curid=9734842,https://fr.wikipedia.org/wiki/Paula Fudge,Article \u00e0 illustrer Athl\u00e8te
Anastassiya Slonova,https://fr.wikipedia.org/?curid=9735070,https://fr.wikipedia.org/wiki/Anastassiya Slonova,Wikip\u00e9dia:\u00e9bauche ski de fond
Maryna Antsybor,https://fr.wikipedia.org/?curid=9735714,https://fr.wikipedia.org/wiki/Maryna Antsybor,Wikip\u00e9dia:\u00e9bauche ski de fond
Li Hongxue,https://fr.wikipedia.org/?curid=9733759,https://fr.wikipedia.org/wiki/Li Hongxue,Wikip\u00e9dia:\u00e9bauche ski de fond
Soom T,https://fr.wikipedia.org/?curid=9733770,https://fr.wikipedia.org/wiki/Soom T,Article utilisant une Infobox
Africa Movie Academy Award de la meilleure actrice,https://fr.wikipedia.org/?curid=9729217,https://fr.wikipedia.org/wiki/Africa Movie Academy Award de la meilleure actrice,Article contenant un appel \u00e0 traduction en anglais
Ioulia Peressild,https://fr.wikipedia.org/?curid=9730307,https://fr.wikipedia.org/wiki/Ioulia Peressild,Wikip\u00e9dia:\u00e9bauche acteur russe
Chou Tzu-yu,https://fr.wikipedia.org/?curid=9720652,https://fr.wikipedia.org/wiki/Chou Tzu-yu,Article utilisant une Infobox
Elena Podkaminska\u00efa,https://fr.wikipedia.org/?curid=9724291,https://fr.wikipedia.org/wiki/Elena Podkaminska\u00efa,Article contenant un lien mort
Sylvia Syms (chanteuse),https://fr.wikipedia.org/?curid=9695192,https://fr.wikipedia.org/wiki/Sylvia Syms (chanteuse),Page utilisant P569
Myndy Crist,https://fr.wikipedia.org/?curid=9713349,https://fr.wikipedia.org/wiki/Myndy Crist,Page utilisant P569
Sabina Panzanini,https://fr.wikipedia.org/?curid=9713466,https://fr.wikipedia.org/wiki/Sabina Panzanini,Article \u00e0 illustrer Sportif
Lizzie Williams,https://fr.wikipedia.org/?curid=9712034,https://fr.wikipedia.org/wiki/Lizzie Williams,Page utilisant P569
Karolin Horchler,https://fr.wikipedia.org/?curid=9715355,https://fr.wikipedia.org/wiki/Karolin Horchler,Wikip\u00e9dia:\u00e9bauche biathlon
Miss Belgique 2010,https://fr.wikipedia.org/?curid=9707726,https://fr.wikipedia.org/wiki/Miss Belgique 2010,Article utilisant une Infobox
Lotte Kopecky,https://fr.wikipedia.org/?curid=9695836,https://fr.wikipedia.org/wiki/Lotte Kopecky,Page utilisant P569
Cross-country aux Jeux olympiques,https://fr.wikipedia.org/?curid=9696010,https://fr.wikipedia.org/wiki/Cross-country aux Jeux olympiques,Article utilisant une Infobox
Elise Mertens,https://fr.wikipedia.org/?curid=9691319,https://fr.wikipedia.org/wiki/Elise Mertens,Article utilisant une Infobox
Albert Glandaz,https://fr.wikipedia.org/?curid=9714014,https://fr.wikipedia.org/wiki/Albert Glandaz,Page utilisant P569
Robyn de Groot,https://fr.wikipedia.org/?curid=9717128,https://fr.wikipedia.org/wiki/Robyn de Groot,Page utilisant P569
Jenna Lamia,https://fr.wikipedia.org/?curid=9717981,https://fr.wikipedia.org/wiki/Jenna Lamia,Article \u00e0 illustrer Personnalit\u00e9 du cin\u00e9ma
Stephanie Brunner,https://fr.wikipedia.org/?curid=9715555,https://fr.wikipedia.org/wiki/Stephanie Brunner,Article utilisant une Infobox
Marina Lebedeva,https://fr.wikipedia.org/?curid=9715648,https://fr.wikipedia.org/wiki/Marina Lebedeva,Wikip\u00e9dia:\u00e9bauche sportif kazakh
Linda Bove,https://fr.wikipedia.org/?curid=9718124,https://fr.wikipedia.org/wiki/Linda Bove,Wikip\u00e9dia:\u00e9bauche culture sourde
Laura Tesoro,https://fr.wikipedia.org/?curid=9718537,https://fr.wikipedia.org/wiki/Laura Tesoro,Article utilisant une Infobox
M\u00e9lanie Burke,https://fr.wikipedia.org/?curid=9742724,https://fr.wikipedia.org/wiki/M\u00e9lanie Burke,Article \u00e0 illustrer Sportif
Iana Bondar,https://fr.wikipedia.org/?curid=9743763,https://fr.wikipedia.org/wiki/Iana Bondar,Wikip\u00e9dia:\u00e9bauche biathlon
Vera Lapko,https://fr.wikipedia.org/?curid=9745050,https://fr.wikipedia.org/wiki/Vera Lapko,Article utilisant une Infobox
Juliane D\u00f6ll,https://fr.wikipedia.org/?curid=9742040,https://fr.wikipedia.org/wiki/Juliane D\u00f6ll,Article \u00e0 illustrer Sportif
Paulina Bobak,https://fr.wikipedia.org/?curid=9742133,https://fr.wikipedia.org/wiki/Paulina Bobak,Wikip\u00e9dia:\u00e9bauche biathlon
Inna Suprun,https://fr.wikipedia.org/?curid=9742168,https://fr.wikipedia.org/wiki/Inna Suprun,Wikip\u00e9dia:\u00e9bauche biathlon
Mar\u00eda Bel\u00e9n Simari Birkner,https://fr.wikipedia.org/?curid=9741010,https://fr.wikipedia.org/wiki/Mar\u00eda Bel\u00e9n Simari Birkner,Wikip\u00e9dia:\u00e9bauche ski alpin
Christina Ager,https://fr.wikipedia.org/?curid=9741164,https://fr.wikipedia.org/wiki/Christina Ager,Page utilisant P569
Charlotte Chable,https://fr.wikipedia.org/?curid=9701133,https://fr.wikipedia.org/wiki/Charlotte Chable,Article \u00e0 illustrer Sportif
Magdalena Schnurr,https://fr.wikipedia.org/?curid=9698075,https://fr.wikipedia.org/wiki/Magdalena Schnurr,Wikip\u00e9dia:\u00e9bauche sportif allemand
Zhang Yan (biathlon),https://fr.wikipedia.org/?curid=9694438,https://fr.wikipedia.org/wiki/Zhang Yan (biathlon),Wikip\u00e9dia:\u00e9bauche biathlon
Kathryn Bernardo,https://fr.wikipedia.org/?curid=9516843,https://fr.wikipedia.org/wiki/Kathryn Bernardo,Article utilisant une Infobox
Kamila Rajdlov\u00e1,https://fr.wikipedia.org/?curid=9554412,https://fr.wikipedia.org/wiki/Kamila Rajdlov\u00e1,Wikip\u00e9dia:\u00e9bauche ski de fond
Joanna Vanderham,https://fr.wikipedia.org/?curid=9579489,https://fr.wikipedia.org/wiki/Joanna Vanderham,Article utilisant une Infobox
Ana Diaz,https://fr.wikipedia.org/?curid=9581864,https://fr.wikipedia.org/wiki/Ana Diaz,Article utilisant une Infobox
Dana Plotogea-Cojocea,https://fr.wikipedia.org/?curid=9557388,https://fr.wikipedia.org/wiki/Dana Plotogea-Cojocea,Wikip\u00e9dia:\u00e9bauche biathlon
Nina Klenovska,https://fr.wikipedia.org/?curid=9557631,https://fr.wikipedia.org/wiki/Nina Klenovska,Wikip\u00e9dia:\u00e9bauche biathlon
Deux Hommes dans la ville,https://fr.wikipedia.org/?curid=95685,https://fr.wikipedia.org/wiki/Deux Hommes dans la ville,Article utilisant une Infobox
Magdelin Martinez,https://fr.wikipedia.org/?curid=956855,https://fr.wikipedia.org/wiki/Magdelin Martinez,Wikip\u00e9dia:\u00e9bauche athl\u00e8te italien
Naomi Osaka,https://fr.wikipedia.org/?curid=9571199,https://fr.wikipedia.org/wiki/Naomi Osaka,Article contenant un appel \u00e0 traduction en anglais
Teal Redmann,https://fr.wikipedia.org/?curid=9555836,https://fr.wikipedia.org/wiki/Teal Redmann,Page utilisant P569
Mamitu Daska,https://fr.wikipedia.org/?curid=9578962,https://fr.wikipedia.org/wiki/Mamitu Daska,Wikip\u00e9dia:\u00e9bauche athl\u00e8te \u00e9thiopien
Joy (chanteuse),https://fr.wikipedia.org/?curid=9578159,https://fr.wikipedia.org/wiki/Joy (chanteuse),Article utilisant une Infobox
Robin Vada,https://fr.wikipedia.org/?curid=9579167,https://fr.wikipedia.org/wiki/Robin Vada,Wikip\u00e9dia:\u00e9bauche acteur am\u00e9ricain
Suzanne Guacci,https://fr.wikipedia.org/?curid=9579186,https://fr.wikipedia.org/wiki/Suzanne Guacci,Wikip\u00e9dia:\u00e9bauche acteur am\u00e9ricain
Kenny Souza,https://fr.wikipedia.org/?curid=9559315,https://fr.wikipedia.org/wiki/Kenny Souza,Article \u00e0 illustrer Sportif
Nana Neul,https://fr.wikipedia.org/?curid=9550294,https://fr.wikipedia.org/wiki/Nana Neul,Wikip\u00e9dia:\u00e9bauche r\u00e9alisateur allemand
Danielle Earle,https://fr.wikipedia.org/?curid=9552181,https://fr.wikipedia.org/wiki/Danielle Earle,Wikip\u00e9dia:\u00e9bauche r\u00e9alisateur am\u00e9ricain
Charlotta S\u00e4fvenberg,https://fr.wikipedia.org/?curid=9552345,https://fr.wikipedia.org/wiki/Charlotta S\u00e4fvenberg,Wikip\u00e9dia:\u00e9bauche personnalit\u00e9 su\u00e9doise
Mia Yim,https://fr.wikipedia.org/?curid=9557109,https://fr.wikipedia.org/wiki/Mia Yim,Article \u00e0 recycler/Liste compl\u00e8te
Sonia Sebasti\u00e1n,https://fr.wikipedia.org/?curid=9566065,https://fr.wikipedia.org/wiki/Sonia Sebasti\u00e1n,Wikip\u00e9dia:\u00e9bauche acteur espagnol
Fleur East,https://fr.wikipedia.org/?curid=9562070,https://fr.wikipedia.org/wiki/Fleur East,Article utilisant une Infobox
Oph\u00e9lie David,https://fr.wikipedia.org/?curid=955999,https://fr.wikipedia.org/wiki/Oph\u00e9lie David,Article utilisant une Infobox
Petra Clever,https://fr.wikipedia.org/?curid=9574070,https://fr.wikipedia.org/wiki/Petra Clever,Wikip\u00e9dia:\u00e9bauche r\u00e9alisateur allemand
Jessica Ennis-Hill,https://fr.wikipedia.org/?curid=953777,https://fr.wikipedia.org/wiki/Jessica Ennis-Hill,Article utilisant une Infobox
Oxana Yatskaya,https://fr.wikipedia.org/?curid=9546321,https://fr.wikipedia.org/wiki/Oxana Yatskaya,Wikip\u00e9dia:\u00e9bauche ski de fond
Gabriela Tagliavini,https://fr.wikipedia.org/?curid=9545745,https://fr.wikipedia.org/wiki/Gabriela Tagliavini,Wikip\u00e9dia:\u00e9bauche r\u00e9alisateur argentin
Janet Flanner,https://fr.wikipedia.org/?curid=9538311,https://fr.wikipedia.org/wiki/Janet Flanner,Article contenant un appel \u00e0 traduction en anglais
Natalia Leite,https://fr.wikipedia.org/?curid=9533816,https://fr.wikipedia.org/wiki/Natalia Leite,Wikip\u00e9dia:\u00e9bauche r\u00e9alisateur am\u00e9ricain
Dirk Bockel,https://fr.wikipedia.org/?curid=9539155,https://fr.wikipedia.org/wiki/Dirk Bockel,Article utilisant une Infobox
Kwak Ji-min,https://fr.wikipedia.org/?curid=9539414,https://fr.wikipedia.org/wiki/Kwak Ji-min,Article \u00e0 illustrer Personnalit\u00e9 du cin\u00e9ma
Rolla Selbak,https://fr.wikipedia.org/?curid=9539532,https://fr.wikipedia.org/wiki/Rolla Selbak,Wikip\u00e9dia:\u00e9bauche r\u00e9alisateur am\u00e9ricain
Desiree Akhavan,https://fr.wikipedia.org/?curid=9542563,https://fr.wikipedia.org/wiki/Desiree Akhavan,Wikip\u00e9dia:\u00e9bauche acteur am\u00e9ricain
Kate Johnston,https://fr.wikipedia.org/?curid=9542592,https://fr.wikipedia.org/wiki/Kate Johnston,Wikip\u00e9dia:\u00e9bauche r\u00e9alisateur canadien
Sunmi,https://fr.wikipedia.org/?curid=9542609,https://fr.wikipedia.org/wiki/Sunmi,Article contenant un lien mort
Emilia Jones,https://fr.wikipedia.org/?curid=9542934,https://fr.wikipedia.org/wiki/Emilia Jones,Wikip\u00e9dia:\u00e9bauche acteur britannique
Sabrina Mockenhaupt,https://fr.wikipedia.org/?curid=954164,https://fr.wikipedia.org/wiki/Sabrina Mockenhaupt,Wikip\u00e9dia:\u00e9bauche athl\u00e8te allemand
Chen Shu (actrice),https://fr.wikipedia.org/?curid=9543239,https://fr.wikipedia.org/wiki/Chen Shu (actrice),Page utilisant P569
Miss Br\u00e9sil 1955,https://fr.wikipedia.org/?curid=9756118,https://fr.wikipedia.org/wiki/Miss Br\u00e9sil 1955,Article \u00e0 illustrer Miss
Emeraude Toubia,https://fr.wikipedia.org/?curid=9756121,https://fr.wikipedia.org/wiki/Emeraude Toubia,Article contenant un appel \u00e0 traduction en anglais
Anamarija Lampi\u010d,https://fr.wikipedia.org/?curid=9756424,https://fr.wikipedia.org/wiki/Anamarija Lampi\u010d,Article utilisant une Infobox
Ardie Savea,https://fr.wikipedia.org/?curid=9787768,https://fr.wikipedia.org/wiki/Ardie Savea,Article utilisant une Infobox
Rachita Mistry,https://fr.wikipedia.org/?curid=9789283,https://fr.wikipedia.org/wiki/Rachita Mistry,Wikip\u00e9dia:\u00e9bauche athl\u00e8te indien
Pavel Andre\u00efev,https://fr.wikipedia.org/?curid=9786980,https://fr.wikipedia.org/wiki/Pavel Andre\u00efev,Wikip\u00e9dia:\u00e9bauche triathl\u00e8te
Kateryna Grygorenko,https://fr.wikipedia.org/?curid=9791082,https://fr.wikipedia.org/wiki/Kateryna Grygorenko,Wikip\u00e9dia:\u00e9bauche sportif ukrainien
Gerda Kr\u016bmi\u0146a,https://fr.wikipedia.org/?curid=9791147,https://fr.wikipedia.org/wiki/Gerda Kr\u016bmi\u0146a,Wikip\u00e9dia:\u00e9bauche biathlon
Alexandra Stoian,https://fr.wikipedia.org/?curid=9790804,https://fr.wikipedia.org/wiki/Alexandra Stoian,Wikip\u00e9dia:\u00e9bauche biathlon
Victoria Sinitsina,https://fr.wikipedia.org/?curid=9748358,https://fr.wikipedia.org/wiki/Victoria Sinitsina,Wikip\u00e9dia:\u00e9bauche personnalit\u00e9 russe
Veronika Bauer,https://fr.wikipedia.org/?curid=9748463,https://fr.wikipedia.org/wiki/Veronika Bauer,Article utilisant une Infobox
Rich\u00e8l Hogenkamp,https://fr.wikipedia.org/?curid=9762269,https://fr.wikipedia.org/wiki/Rich\u00e8l Hogenkamp,Article utilisant une Infobox
Krystyna Kacperczyk,https://fr.wikipedia.org/?curid=9763872,https://fr.wikipedia.org/wiki/Krystyna Kacperczyk,Wikip\u00e9dia:\u00e9bauche athl\u00e8te polonais
Demi Payne,https://fr.wikipedia.org/?curid=9766454,https://fr.wikipedia.org/wiki/Demi Payne,Wikip\u00e9dia:\u00e9bauche athl\u00e8te am\u00e9ricain
Anna Larsson,https://fr.wikipedia.org/?curid=9764136,https://fr.wikipedia.org/wiki/Anna Larsson,Wikip\u00e9dia:\u00e9bauche athl\u00e8te su\u00e9dois
Agnieszka Szyma\u0144czak,https://fr.wikipedia.org/?curid=9783323,https://fr.wikipedia.org/wiki/Agnieszka Szyma\u0144czak,Wikip\u00e9dia:\u00e9bauche ski de fond
Desislava Stoyanova,https://fr.wikipedia.org/?curid=9783425,https://fr.wikipedia.org/wiki/Desislava Stoyanova,Article utilisant une Infobox
Maryse Joissains-Masini,https://fr.wikipedia.org/?curid=9786,https://fr.wikipedia.org/wiki/Maryse Joissains-Masini,Article utilisant une Infobox
Mona Brorsson,https://fr.wikipedia.org/?curid=9783189,https://fr.wikipedia.org/wiki/Mona Brorsson,Wikip\u00e9dia:\u00e9bauche biathlon
Ouliana Denissova,https://fr.wikipedia.org/?curid=9785474,https://fr.wikipedia.org/wiki/Ouliana Denissova,Article \u00e0 illustrer Sportif
Mihaela Purdea,https://fr.wikipedia.org/?curid=9785591,https://fr.wikipedia.org/wiki/Mihaela Purdea,Wikip\u00e9dia:\u00e9bauche biathlon
Elena Ustiugova,https://fr.wikipedia.org/?curid=9782520,https://fr.wikipedia.org/wiki/Elena Ustiugova,Article utilisant une Infobox
Y\u016bka Set\u014d,https://fr.wikipedia.org/?curid=9750441,https://fr.wikipedia.org/wiki/Y\u016bka Set\u014d,Wikip\u00e9dia:\u00e9bauche saut \u00e0 ski
Miss Br\u00e9sil 1957,https://fr.wikipedia.org/?curid=9774690,https://fr.wikipedia.org/wiki/Miss Br\u00e9sil 1957,Article \u00e0 illustrer Miss
Yulia Putintseva,https://fr.wikipedia.org/?curid=9772947,https://fr.wikipedia.org/wiki/Yulia Putintseva,Article utilisant une Infobox
Henrieta Nagyov\u00e1,https://fr.wikipedia.org/?curid=977218,https://fr.wikipedia.org/wiki/Henrieta Nagyov\u00e1,Article \u00e0 illustrer Joueur de tennis
Triin Ojaste,https://fr.wikipedia.org/?curid=9772393,https://fr.wikipedia.org/wiki/Triin Ojaste,Wikip\u00e9dia:\u00e9bauche ski de fond
Miss Br\u00e9sil 1958,https://fr.wikipedia.org/?curid=9775280,https://fr.wikipedia.org/wiki/Miss Br\u00e9sil 1958,Article \u00e0 illustrer Miss
Kaia W\u00f8ien Nicolaisen,https://fr.wikipedia.org/?curid=9769952,https://fr.wikipedia.org/wiki/Kaia W\u00f8ien Nicolaisen,Article utilisant une Infobox
Daiva Tu\u0161lait\u0117,https://fr.wikipedia.org/?curid=9745795,https://fr.wikipedia.org/wiki/Daiva Tu\u0161lait\u0117,Page utilisant P1813
Line R\u00f8ddik Hansen,https://fr.wikipedia.org/?curid=9745976,https://fr.wikipedia.org/wiki/Line R\u00f8ddik Hansen,Article utilisant une Infobox
Natalia Prikostshikova,https://fr.wikipedia.org/?curid=9760907,https://fr.wikipedia.org/wiki/Natalia Prikostshikova,Wikip\u00e9dia:\u00e9bauche biathlon
Miss Br\u00e9sil 1956,https://fr.wikipedia.org/?curid=9758113,https://fr.wikipedia.org/wiki/Miss Br\u00e9sil 1956,Article \u00e0 illustrer Miss
Caroline Zhang,https://fr.wikipedia.org/?curid=9760645,https://fr.wikipedia.org/wiki/Caroline Zhang,Wikip\u00e9dia:\u00e9bauche personnalit\u00e9 am\u00e9ricaine
Karen Persyn,https://fr.wikipedia.org/?curid=9760828,https://fr.wikipedia.org/wiki/Karen Persyn,Wikip\u00e9dia:\u00e9bauche ski acrobatique
Mariri Sugimoto,https://fr.wikipedia.org/?curid=9759914,https://fr.wikipedia.org/wiki/Mariri Sugimoto,Article utilisant une Infobox
Agnieszka G\u0105sienica-Daniel,https://fr.wikipedia.org/?curid=9758906,https://fr.wikipedia.org/wiki/Agnieszka G\u0105sienica-Daniel,Wikip\u00e9dia:\u00e9bauche sportif polonais
Jelena Lolovi\u0107,https://fr.wikipedia.org/?curid=9758991,https://fr.wikipedia.org/wiki/Jelena Lolovi\u0107,Wikip\u00e9dia:\u00e9bauche sportif serbe
Isona Passola,https://fr.wikipedia.org/?curid=9749158,https://fr.wikipedia.org/wiki/Isona Passola,Page utilisant P569
Romy Kasper,https://fr.wikipedia.org/?curid=9778533,https://fr.wikipedia.org/wiki/Romy Kasper,Page utilisant P569
Anne Smith (athl\u00e9tisme),https://fr.wikipedia.org/?curid=9749037,https://fr.wikipedia.org/wiki/Anne Smith (athl\u00e9tisme),Wikip\u00e9dia:\u00e9bauche athl\u00e8te britannique
Saskia Santer,https://fr.wikipedia.org/?curid=9753782,https://fr.wikipedia.org/wiki/Saskia Santer,Article \u00e0 illustrer Sportif
Radka Popova,https://fr.wikipedia.org/?curid=9753850,https://fr.wikipedia.org/wiki/Radka Popova,Wikip\u00e9dia:\u00e9bauche biathlon
Astrid \u00d8yre Slind,https://fr.wikipedia.org/?curid=9751247,https://fr.wikipedia.org/wiki/Astrid \u00d8yre Slind,Page utilisant P569
Arlenis Sierra,https://fr.wikipedia.org/?curid=9751272,https://fr.wikipedia.org/wiki/Arlenis Sierra,Wikip\u00e9dia:\u00e9bauche coureur cycliste cubain
Zhang Yu (athl\u00e9tisme),https://fr.wikipedia.org/?curid=9753208,https://fr.wikipedia.org/wiki/Zhang Yu (athl\u00e9tisme),Wikip\u00e9dia:\u00e9bauche athl\u00e8te chinois
Ruth Waithera,https://fr.wikipedia.org/?curid=9755685,https://fr.wikipedia.org/wiki/Ruth Waithera,Wikip\u00e9dia:\u00e9bauche athl\u00e8te k\u00e9nyan
Olga Birioukova,https://fr.wikipedia.org/?curid=9326960,https://fr.wikipedia.org/wiki/Olga Birioukova,Article utilisant une Infobox
Laurence \u00c9p\u00e9e,https://fr.wikipedia.org/?curid=9327396,https://fr.wikipedia.org/wiki/Laurence \u00c9p\u00e9e,Article utilisant une Infobox
Yuka Sato (patinage artistique),https://fr.wikipedia.org/?curid=9325462,https://fr.wikipedia.org/wiki/Yuka Sato (patinage artistique),Wikip\u00e9dia:\u00e9bauche patinage artistique
Chaima Trabelsi,https://fr.wikipedia.org/?curid=9421968,https://fr.wikipedia.org/wiki/Chaima Trabelsi,Wikip\u00e9dia:\u00e9bauche athl\u00e8te tunisien
Dora Mahfoudhi,https://fr.wikipedia.org/?curid=9421982,https://fr.wikipedia.org/wiki/Dora Mahfoudhi,Wikip\u00e9dia:\u00e9bauche athl\u00e8te tunisien
Margaret Chelimo Kipkemboi,https://fr.wikipedia.org/?curid=9420859,https://fr.wikipedia.org/wiki/Margaret Chelimo Kipkemboi,Wikip\u00e9dia:\u00e9bauche athl\u00e8te k\u00e9nyan
Julia Glushko,https://fr.wikipedia.org/?curid=9411268,https://fr.wikipedia.org/wiki/Julia Glushko,Article utilisant une Infobox
Simone Mortier,https://fr.wikipedia.org/?curid=9411326,https://fr.wikipedia.org/wiki/Simone Mortier,Article \u00e0 illustrer Sportif
Zhang Kai-Lin,https://fr.wikipedia.org/?curid=9411437,https://fr.wikipedia.org/wiki/Zhang Kai-Lin,Article utilisant une Infobox
Tintin : Objectif Aventure,https://fr.wikipedia.org/?curid=941167,https://fr.wikipedia.org/wiki/Tintin : Objectif Aventure,Article \u00e0 illustrer
Sabrilla Brunet,https://fr.wikipedia.org/?curid=9419884,https://fr.wikipedia.org/wiki/Sabrilla Brunet,Article utilisant une Infobox
Violeta G. Ivanova,https://fr.wikipedia.org/?curid=9422965,https://fr.wikipedia.org/wiki/Violeta G. Ivanova,Wikip\u00e9dia:\u00e9bauche astronome
Kimberly Ryder,https://fr.wikipedia.org/?curid=9367136,https://fr.wikipedia.org/wiki/Kimberly Ryder,Article \u00e0 illustrer Personnalit\u00e9 du cin\u00e9ma
Sonja Milanovi\u0107,https://fr.wikipedia.org/?curid=9370924,https://fr.wikipedia.org/wiki/Sonja Milanovi\u0107,Article \u00e0 illustrer Joueur de volley-ball
Simona K\u00f3\u0161ov\u00e1,https://fr.wikipedia.org/?curid=9368718,https://fr.wikipedia.org/wiki/Simona K\u00f3\u0161ov\u00e1,Article \u00e0 illustrer Joueur de volley-ball
Besu Sado,https://fr.wikipedia.org/?curid=9368850,https://fr.wikipedia.org/wiki/Besu Sado,Wikip\u00e9dia:\u00e9bauche athl\u00e8te \u00e9thiopien
Nancy Chepkwemoi,https://fr.wikipedia.org/?curid=9368857,https://fr.wikipedia.org/wiki/Nancy Chepkwemoi,Wikip\u00e9dia:\u00e9bauche athl\u00e8te k\u00e9nyan
Molly Beckwith-Ludlow,https://fr.wikipedia.org/?curid=9367714,https://fr.wikipedia.org/wiki/Molly Beckwith-Ludlow,Wikip\u00e9dia:\u00e9bauche athl\u00e8te am\u00e9ricain
Salima El Ouali Alami,https://fr.wikipedia.org/?curid=9367738,https://fr.wikipedia.org/wiki/Salima El Ouali Alami,Wikip\u00e9dia:\u00e9bauche athl\u00e8te marocain
Carina Horn,https://fr.wikipedia.org/?curid=9370071,https://fr.wikipedia.org/wiki/Carina Horn,Wikip\u00e9dia:\u00e9bauche athl\u00e8te sud-africain
Michaela Meijer,https://fr.wikipedia.org/?curid=9370311,https://fr.wikipedia.org/wiki/Michaela Meijer,Wikip\u00e9dia:\u00e9bauche athl\u00e8te su\u00e9dois
Wang Shixian,https://fr.wikipedia.org/?curid=9370399,https://fr.wikipedia.org/wiki/Wang Shixian,Wikip\u00e9dia:\u00e9bauche badminton
Fran\u00e7oise Leroux,https://fr.wikipedia.org/?curid=9458493,https://fr.wikipedia.org/wiki/Fran\u00e7oise Leroux,Wikip\u00e9dia:\u00e9bauche athl\u00e8te fran\u00e7ais
Camilla Lindholm,https://fr.wikipedia.org/?curid=9454142,https://fr.wikipedia.org/wiki/Camilla Lindholm,Wikip\u00e9dia:\u00e9bauche triathlon
Jain (chanteuse),https://fr.wikipedia.org/?curid=9457118,https://fr.wikipedia.org/wiki/Jain (chanteuse),Article utilisant une Infobox
Pauline Bremer,https://fr.wikipedia.org/?curid=9457261,https://fr.wikipedia.org/wiki/Pauline Bremer,Article utilisant une Infobox
Chrisann Gordon,https://fr.wikipedia.org/?curid=9383845,https://fr.wikipedia.org/wiki/Chrisann Gordon,Wikip\u00e9dia:\u00e9bauche athl\u00e8te jama\u00efcain
Monica Seles,https://fr.wikipedia.org/?curid=93840,https://fr.wikipedia.org/wiki/Monica Seles,Article utilisant une Infobox
Wang Feifei,https://fr.wikipedia.org/?curid=9384214,https://fr.wikipedia.org/wiki/Wang Feifei,Article utilisant une Infobox
Astrid Ovalles,https://fr.wikipedia.org/?curid=9528150,https://fr.wikipedia.org/wiki/Astrid Ovalles,Wikip\u00e9dia:\u00e9bauche acteur am\u00e9ricain
Fabiana Udenio,https://fr.wikipedia.org/?curid=952908,https://fr.wikipedia.org/wiki/Fabiana Udenio,Article utilisant une Infobox
Alex Jones (animatrice),https://fr.wikipedia.org/?curid=9526843,https://fr.wikipedia.org/wiki/Alex Jones (animatrice),Wikip\u00e9dia:\u00e9bauche t\u00e9l\u00e9vision au Royaume-Uni
Louise Slaughter,https://fr.wikipedia.org/?curid=9516627,https://fr.wikipedia.org/wiki/Louise Slaughter,Wikip\u00e9dia:\u00e9bauche \u00c9tats-Unis
Mel B,https://fr.wikipedia.org/?curid=951617,https://fr.wikipedia.org/wiki/Mel B,Article utilisant une Infobox
Abby Ringquist,https://fr.wikipedia.org/?curid=9516427,https://fr.wikipedia.org/wiki/Abby Ringquist,Article utilisant une Infobox
Mickie James,https://fr.wikipedia.org/?curid=951410,https://fr.wikipedia.org/wiki/Mickie James,Article contenant un lien mort
V\u00e9ronique Chastel,https://fr.wikipedia.org/?curid=9514803,https://fr.wikipedia.org/wiki/V\u00e9ronique Chastel,Article \u00e0 illustrer Sportif
Ramona Straub,https://fr.wikipedia.org/?curid=9513106,https://fr.wikipedia.org/wiki/Ramona Straub,Wikip\u00e9dia:\u00e9bauche saut \u00e0 ski
Wendy Vuik,https://fr.wikipedia.org/?curid=9515615,https://fr.wikipedia.org/wiki/Wendy Vuik,Wikip\u00e9dia:\u00e9bauche saut \u00e0 ski
Svenja W\u00fcrth,https://fr.wikipedia.org/?curid=9525089,https://fr.wikipedia.org/wiki/Svenja W\u00fcrth,Wikip\u00e9dia:\u00e9bauche saut \u00e0 ski
Estelle Leroi,https://fr.wikipedia.org/?curid=9512037,https://fr.wikipedia.org/wiki/Estelle Leroi,Article \u00e0 illustrer Sportif
\u00c9ric Plantin,https://fr.wikipedia.org/?curid=9522265,https://fr.wikipedia.org/wiki/\u00c9ric Plantin,Article \u00e0 illustrer Sportif
\u00c9lisabeth Poncelet,https://fr.wikipedia.org/?curid=9522675,https://fr.wikipedia.org/wiki/\u00c9lisabeth Poncelet,Article \u00e0 illustrer Sportif
Rebecca Sugar,https://fr.wikipedia.org/?curid=9522707,https://fr.wikipedia.org/wiki/Rebecca Sugar,Page utilisant P569
Meredith Kessler,https://fr.wikipedia.org/?curid=9834252,https://fr.wikipedia.org/wiki/Meredith Kessler,Article utilisant une Infobox
Georgette Gagneux,https://fr.wikipedia.org/?curid=9832627,https://fr.wikipedia.org/wiki/Georgette Gagneux,Article utilisant une Infobox
Melissa Tang,https://fr.wikipedia.org/?curid=9851671,https://fr.wikipedia.org/wiki/Melissa Tang,Wikip\u00e9dia:\u00e9bauche acteur am\u00e9ricain
Lucy Gossage,https://fr.wikipedia.org/?curid=9851793,https://fr.wikipedia.org/wiki/Lucy Gossage,Article \u00e0 illustrer Sportif
Katja Schumacher,https://fr.wikipedia.org/?curid=9842526,https://fr.wikipedia.org/wiki/Katja Schumacher,Article utilisant une Infobox
Anik\u00f3 Kapros,https://fr.wikipedia.org/?curid=984307,https://fr.wikipedia.org/wiki/Anik\u00f3 Kapros,Wikip\u00e9dia:\u00e9bauche tennis
Lucy Rose,https://fr.wikipedia.org/?curid=9846721,https://fr.wikipedia.org/wiki/Lucy Rose,Page utilisant P569
Jennifer Hopkins,https://fr.wikipedia.org/?curid=984331,https://fr.wikipedia.org/wiki/Jennifer Hopkins,Article \u00e0 illustrer Joueur de tennis
Mary Carlisle,https://fr.wikipedia.org/?curid=9849206,https://fr.wikipedia.org/wiki/Mary Carlisle,Article contenant un lien mort
Kelly Catlin,https://fr.wikipedia.org/?curid=9854533,https://fr.wikipedia.org/wiki/Kelly Catlin,Page utilisant P569
Kate\u0159ina Paul\u00e1thov\u00e1,https://fr.wikipedia.org/?curid=9889854,https://fr.wikipedia.org/wiki/Kate\u0159ina Paul\u00e1thov\u00e1,Article \u00e0 illustrer Sportif
Ingela Andersson,https://fr.wikipedia.org/?curid=9857961,https://fr.wikipedia.org/wiki/Ingela Andersson,Wikip\u00e9dia:\u00e9bauche biathlon
Tatyana Sevryukova,https://fr.wikipedia.org/?curid=9896146,https://fr.wikipedia.org/wiki/Tatyana Sevryukova,Article \u00e0 illustrer Athl\u00e8te
Irina Romanova (patinage artistique),https://fr.wikipedia.org/?curid=9899427,https://fr.wikipedia.org/wiki/Irina Romanova (patinage artistique),Wikip\u00e9dia:\u00e9bauche patinage artistique
Peres Jepchirchir,https://fr.wikipedia.org/?curid=9899569,https://fr.wikipedia.org/wiki/Peres Jepchirchir,Wikip\u00e9dia:\u00e9bauche athl\u00e8te k\u00e9nyan
Cho Yoon-jeong,https://fr.wikipedia.org/?curid=986198,https://fr.wikipedia.org/wiki/Cho Yoon-jeong,Article \u00e0 illustrer Joueur de tennis
Simone Br\u00e4ndli,https://fr.wikipedia.org/?curid=9861264,https://fr.wikipedia.org/wiki/Simone Br\u00e4ndli,Article utilisant une Infobox
Michela Azzola,https://fr.wikipedia.org/?curid=9859839,https://fr.wikipedia.org/wiki/Michela Azzola,Wikip\u00e9dia:\u00e9bauche ski alpin
Ksenia Alopina,https://fr.wikipedia.org/?curid=9859942,https://fr.wikipedia.org/wiki/Ksenia Alopina,Wikip\u00e9dia:\u00e9bauche ski alpin
Nicole Melichar,https://fr.wikipedia.org/?curid=9894349,https://fr.wikipedia.org/wiki/Nicole Melichar,Article utilisant une Infobox
Eve MacFarlane,https://fr.wikipedia.org/?curid=9893284,https://fr.wikipedia.org/wiki/Eve MacFarlane,Wikip\u00e9dia:\u00e9bauche aviron
Luke Bell,https://fr.wikipedia.org/?curid=9893291,https://fr.wikipedia.org/wiki/Luke Bell,Wikip\u00e9dia:\u00e9bauche triathl\u00e8te
Oh Hayoung,https://fr.wikipedia.org/?curid=9892693,https://fr.wikipedia.org/wiki/Oh Hayoung,Article non v\u00e9rifiable des mois pr\u00e9c\u00e9dents
Henri Schoeman,https://fr.wikipedia.org/?curid=9894016,https://fr.wikipedia.org/wiki/Henri Schoeman,Article \u00e0 illustrer Sportif
Macey Stewart,https://fr.wikipedia.org/?curid=9930687,https://fr.wikipedia.org/wiki/Macey Stewart,Page utilisant P569
Zubaida Tharwat,https://fr.wikipedia.org/?curid=9929475,https://fr.wikipedia.org/wiki/Zubaida Tharwat,Page utilisant P569
Cecil Smith,https://fr.wikipedia.org/?curid=992990,https://fr.wikipedia.org/wiki/Cecil Smith,Article utilisant une Infobox
Kellita Smith,https://fr.wikipedia.org/?curid=9930955,https://fr.wikipedia.org/wiki/Kellita Smith,Article \u00e0 illustrer Personnalit\u00e9 du cin\u00e9ma
Magali Tisseyre,https://fr.wikipedia.org/?curid=9931528,https://fr.wikipedia.org/wiki/Magali Tisseyre,Page utilisant P569
Miss USA 2015,https://fr.wikipedia.org/?curid=9926919,https://fr.wikipedia.org/wiki/Miss USA 2015,Article manquant de r\u00e9f\u00e9rences depuis novembre 2021
Ashleigh Gentle,https://fr.wikipedia.org/?curid=9915169,https://fr.wikipedia.org/wiki/Ashleigh Gentle,Article utilisant une Infobox
Lionel Sanders,https://fr.wikipedia.org/?curid=9916101,https://fr.wikipedia.org/wiki/Lionel Sanders,Article utilisant une Infobox
Kris Gemmell,https://fr.wikipedia.org/?curid=9904249,https://fr.wikipedia.org/wiki/Kris Gemmell,Article utilisant une Infobox
Savenaca Rawaca,https://fr.wikipedia.org/?curid=9938730,https://fr.wikipedia.org/wiki/Savenaca Rawaca,Article utilisant une Infobox
Courtney Atkinson,https://fr.wikipedia.org/?curid=9913696,https://fr.wikipedia.org/wiki/Courtney Atkinson,Article utilisant une Infobox
Miss Suisse 2010,https://fr.wikipedia.org/?curid=9913751,https://fr.wikipedia.org/wiki/Miss Suisse 2010,Article \u00e0 wikifier depuis f\u00e9vrier 2022
Aleksandra Soldatova,https://fr.wikipedia.org/?curid=9917083,https://fr.wikipedia.org/wiki/Aleksandra Soldatova,Wikip\u00e9dia:\u00e9bauche gymnastique
Wrenn Schmidt,https://fr.wikipedia.org/?curid=9848586,https://fr.wikipedia.org/wiki/Wrenn Schmidt,Wikip\u00e9dia:\u00e9bauche acteur am\u00e9ricain
Grete Heublein,https://fr.wikipedia.org/?curid=9845718,https://fr.wikipedia.org/wiki/Grete Heublein,Wikip\u00e9dia:\u00e9bauche athl\u00e8te allemand
Nichole M. Danzl,https://fr.wikipedia.org/?curid=9847518,https://fr.wikipedia.org/wiki/Nichole M. Danzl,Page utilisant P27
Annie Foreman-Mackey,https://fr.wikipedia.org/?curid=9849726,https://fr.wikipedia.org/wiki/Annie Foreman-Mackey,Wikip\u00e9dia:\u00e9bauche coureur cycliste canadien
Brooke Buschkuehl,https://fr.wikipedia.org/?curid=9849848,https://fr.wikipedia.org/wiki/Brooke Buschkuehl,Wikip\u00e9dia:\u00e9bauche athl\u00e8te australien
Martina Dogana,https://fr.wikipedia.org/?curid=9877246,https://fr.wikipedia.org/wiki/Martina Dogana,Wikip\u00e9dia:\u00e9bauche triathl\u00e8te
Stefan Riesen,https://fr.wikipedia.org/?curid=9876714,https://fr.wikipedia.org/wiki/Stefan Riesen,Wikip\u00e9dia:\u00e9bauche triathlon
Daria Popova,https://fr.wikipedia.org/?curid=9873969,https://fr.wikipedia.org/wiki/Daria Popova,Wikip\u00e9dia:\u00e9bauche patinage artistique
Heather Wurtele,https://fr.wikipedia.org/?curid=9870718,https://fr.wikipedia.org/wiki/Heather Wurtele,Article utilisant une Infobox
Anja Beranek,https://fr.wikipedia.org/?curid=9932425,https://fr.wikipedia.org/wiki/Anja Beranek,Wikip\u00e9dia:\u00e9bauche triathl\u00e8te
Liadagmis Povea,https://fr.wikipedia.org/?curid=9934364,https://fr.wikipedia.org/wiki/Liadagmis Povea,Wikip\u00e9dia:\u00e9bauche athl\u00e8te cubain
Tina Liebig,https://fr.wikipedia.org/?curid=9931646,https://fr.wikipedia.org/wiki/Tina Liebig,Page utilisant P569
Michael G\u00f6hner,https://fr.wikipedia.org/?curid=9867892,https://fr.wikipedia.org/wiki/Michael G\u00f6hner,Article utilisant une Infobox
St\u00e9phanie Cohen-Aloro,https://fr.wikipedia.org/?curid=986264,https://fr.wikipedia.org/wiki/St\u00e9phanie Cohen-Aloro,Article utilisant une Infobox
Tessa Blanchard,https://fr.wikipedia.org/?curid=9944170,https://fr.wikipedia.org/wiki/Tessa Blanchard,Page utilisant des arguments dupliqu\u00e9s dans les appels de mod\u00e8le
Dolores Fonzi,https://fr.wikipedia.org/?curid=9944180,https://fr.wikipedia.org/wiki/Dolores Fonzi,Article utilisant une Infobox
Liste des femmes pilotes aux 24 Heures du Mans,https://fr.wikipedia.org/?curid=9970440,https://fr.wikipedia.org/wiki/Liste des femmes pilotes aux 24 Heures du Mans,Article contenant un appel \u00e0 traduction en anglais
Birgit Skarstein,https://fr.wikipedia.org/?curid=9970853,https://fr.wikipedia.org/wiki/Birgit Skarstein,Wikip\u00e9dia:\u00e9bauche aviron
Felicity Abram,https://fr.wikipedia.org/?curid=9976595,https://fr.wikipedia.org/wiki/Felicity Abram,Wikip\u00e9dia:\u00e9bauche triathl\u00e8te
Radka Kahlefeldt,https://fr.wikipedia.org/?curid=9976816,https://fr.wikipedia.org/wiki/Radka Kahlefeldt,Article utilisant une Infobox
Radka Kova\u0159\u00edkov\u00e1,https://fr.wikipedia.org/?curid=9977003,https://fr.wikipedia.org/wiki/Radka Kova\u0159\u00edkov\u00e1,Wikip\u00e9dia:\u00e9bauche patinage artistique
Spice (chanteuse),https://fr.wikipedia.org/?curid=9975107,https://fr.wikipedia.org/wiki/Spice (chanteuse),Article contenant un lien mort
Xenia Knoll,https://fr.wikipedia.org/?curid=9973792,https://fr.wikipedia.org/wiki/Xenia Knoll,Article utilisant une Infobox
Chirine Njeim,https://fr.wikipedia.org/?curid=997404,https://fr.wikipedia.org/wiki/Chirine Njeim,Article \u00e0 illustrer Sportif
Sass Jordan,https://fr.wikipedia.org/?curid=9962937,https://fr.wikipedia.org/wiki/Sass Jordan,Page utilisant P569
Soheila Jolodarzadeh,https://fr.wikipedia.org/?curid=9962546,https://fr.wikipedia.org/wiki/Soheila Jolodarzadeh,Recension temporaire pour le mod\u00e8le Article
Anna Zatonskih,https://fr.wikipedia.org/?curid=9962736,https://fr.wikipedia.org/wiki/Anna Zatonskih,Page utilisant P569
Natalia Sedykh,https://fr.wikipedia.org/?curid=9947689,https://fr.wikipedia.org/wiki/Natalia Sedykh,Wikip\u00e9dia:\u00e9bauche ultra-trail
"Ministre des Femmes, de l'\u00c9galit\u00e9 des genres et de la Jeunesse",https://fr.wikipedia.org/?curid=9951640,"https://fr.wikipedia.org/wiki/Ministre des Femmes, de l'\u00c9galit\u00e9 des genres et de la Jeunesse",Article \u00e0 illustrer Poste politique
Lauren Goss,https://fr.wikipedia.org/?curid=9951904,https://fr.wikipedia.org/wiki/Lauren Goss,Article utilisant une Infobox
Barbara Ann Scott,https://fr.wikipedia.org/?curid=995212,https://fr.wikipedia.org/wiki/Barbara Ann Scott,Article utilisant une Infobox
Becky Lavelle,https://fr.wikipedia.org/?curid=9951103,https://fr.wikipedia.org/wiki/Becky Lavelle,Article \u00e0 illustrer Sportif
Lisa H\u00fctthaler,https://fr.wikipedia.org/?curid=9946998,https://fr.wikipedia.org/wiki/Lisa H\u00fctthaler,Article \u00e0 illustrer Sportif
Yumi Matsuzawa,https://fr.wikipedia.org/?curid=9947104,https://fr.wikipedia.org/wiki/Yumi Matsuzawa,Article utilisant une Infobox
Chelsea Ricketts,https://fr.wikipedia.org/?curid=9966933,https://fr.wikipedia.org/wiki/Chelsea Ricketts,Page utilisant P569
Adelina Zagidullina,https://fr.wikipedia.org/?curid=9968431,https://fr.wikipedia.org/wiki/Adelina Zagidullina,Article utilisant une Infobox
Pamela Relph,https://fr.wikipedia.org/?curid=9965783,https://fr.wikipedia.org/wiki/Pamela Relph,Wikip\u00e9dia:\u00e9bauche aviron
Perle Morroni,https://fr.wikipedia.org/?curid=9959748,https://fr.wikipedia.org/wiki/Perle Morroni,Article utilisant une Infobox
Miyu Kato,https://fr.wikipedia.org/?curid=9960079,https://fr.wikipedia.org/wiki/Miyu Kato,Article utilisant une Infobox
Carol Rodr\u00edguez,https://fr.wikipedia.org/?curid=9985139,https://fr.wikipedia.org/wiki/Carol Rodr\u00edguez,Article utilisant une Infobox
Miss Belgique 2007,https://fr.wikipedia.org/?curid=9985177,https://fr.wikipedia.org/wiki/Miss Belgique 2007,Article \u00e0 illustrer Miss
Vicky Ford,https://fr.wikipedia.org/?curid=9986845,https://fr.wikipedia.org/wiki/Vicky Ford,Article utilisant une Infobox
Beverly Ramos,https://fr.wikipedia.org/?curid=9987139,https://fr.wikipedia.org/wiki/Beverly Ramos,Wikip\u00e9dia:\u00e9bauche athl\u00e8te portoricain
Zoe Stevenson,https://fr.wikipedia.org/?curid=9899715,https://fr.wikipedia.org/wiki/Zoe Stevenson,Wikip\u00e9dia:\u00e9bauche aviron
Nadine F\u00e4hndrich,https://fr.wikipedia.org/?curid=9900753,https://fr.wikipedia.org/wiki/Nadine F\u00e4hndrich,Article utilisant une Infobox
Marianne Vlasveld,https://fr.wikipedia.org/?curid=9903438,https://fr.wikipedia.org/wiki/Marianne Vlasveld,Wikip\u00e9dia:\u00e9bauche triathl\u00e8te
Bradley King,https://fr.wikipedia.org/?curid=9906365,https://fr.wikipedia.org/wiki/Bradley King,Page utilisant P569
Lady Ponce,https://fr.wikipedia.org/?curid=9910138,https://fr.wikipedia.org/wiki/Lady Ponce,Article utilisant une Infobox
Irina Falconi,https://fr.wikipedia.org/?curid=9945678,https://fr.wikipedia.org/wiki/Irina Falconi,Article utilisant une Infobox
Saskia Loretta van Erven Garc\u00eda,https://fr.wikipedia.org/?curid=9945955,https://fr.wikipedia.org/wiki/Saskia Loretta van Erven Garc\u00eda,Article utilisant une Infobox
Anne Smith,https://fr.wikipedia.org/?curid=997851,https://fr.wikipedia.org/wiki/Anne Smith,Article utilisant une Infobox
Lela Javakhichvili,https://fr.wikipedia.org/?curid=9953854,https://fr.wikipedia.org/wiki/Lela Javakhichvili,Page utilisant P569
Desiree Ficker,https://fr.wikipedia.org/?curid=9954114,https://fr.wikipedia.org/wiki/Desiree Ficker,Article utilisant une Infobox
Kaisa Sali,https://fr.wikipedia.org/?curid=9949723,https://fr.wikipedia.org/wiki/Kaisa Sali,Article \u00e0 illustrer Sportif
Kl\u00e1ra Koukalov\u00e1,https://fr.wikipedia.org/?curid=994889,https://fr.wikipedia.org/wiki/Kl\u00e1ra Koukalov\u00e1,Article utilisant une Infobox
Axel Zeebroek,https://fr.wikipedia.org/?curid=9952765,https://fr.wikipedia.org/wiki/Axel Zeebroek,Article utilisant une Infobox
Sandra S\u00e1nchez,https://fr.wikipedia.org/?curid=9992551,https://fr.wikipedia.org/wiki/Sandra S\u00e1nchez,Page utilisant P569
Chemmy Alcott,https://fr.wikipedia.org/?curid=999181,https://fr.wikipedia.org/wiki/Chemmy Alcott,Article utilisant une Infobox
Brianna Walle,https://fr.wikipedia.org/?curid=9990575,https://fr.wikipedia.org/wiki/Brianna Walle,Page utilisant P569
Pamela M. Kilmartin,https://fr.wikipedia.org/?curid=998882,https://fr.wikipedia.org/wiki/Pamela M. Kilmartin,Wikip\u00e9dia:\u00e9bauche astronome
Elena Yakovishina,https://fr.wikipedia.org/?curid=9997935,https://fr.wikipedia.org/wiki/Elena Yakovishina,Wikip\u00e9dia:\u00e9bauche ski alpin
Julie Marie Berman,https://fr.wikipedia.org/?curid=9997980,https://fr.wikipedia.org/wiki/Julie Marie Berman,Wikip\u00e9dia:\u00e9bauche acteur am\u00e9ricain
Habitam Alemu,https://fr.wikipedia.org/?curid=9993621,https://fr.wikipedia.org/wiki/Habitam Alemu,Wikip\u00e9dia:\u00e9bauche athl\u00e8te \u00e9thiopien
Meghan Beesley,https://fr.wikipedia.org/?curid=9993692,https://fr.wikipedia.org/wiki/Meghan Beesley,Wikip\u00e9dia:\u00e9bauche athl\u00e8te britannique
Fiona Bourke,https://fr.wikipedia.org/?curid=9994862,https://fr.wikipedia.org/wiki/Fiona Bourke,Wikip\u00e9dia:\u00e9bauche aviron
Numidia Lezoul,https://fr.wikipedia.org/?curid=14306474,https://fr.wikipedia.org/wiki/Numidia Lezoul,Article \u00e0 wikifier depuis septembre 2021
Liste d'acteurs ayant incarn\u00e9 un roi ou une reine \u00e0 l'\u00e9cran,https://fr.wikipedia.org/?curid=1891419,https://fr.wikipedia.org/wiki/Liste d'acteurs ayant incarn\u00e9 un roi ou une reine \u00e0 l'\u00e9cran,Article contenant un appel \u00e0 traduction en anglais
Julianne Trevisol,https://fr.wikipedia.org/?curid=15350684,https://fr.wikipedia.org/wiki/Julianne Trevisol,Wikip\u00e9dia:\u00e9bauche t\u00e9l\u00e9vision
Mia Rose,https://fr.wikipedia.org/?curid=4039522,https://fr.wikipedia.org/wiki/Mia Rose,Article manquant de r\u00e9f\u00e9rences depuis juillet 2019
Pr\u00e9sentateurs et pr\u00e9sentatrices sur TF1,https://fr.wikipedia.org/?curid=5665354,https://fr.wikipedia.org/wiki/Pr\u00e9sentateurs et pr\u00e9sentatrices sur TF1,Article manquant de r\u00e9f\u00e9rences depuis janvier 2012
