Name,URL1,URL2,First Category
Anice Das,https://fr.wikipedia.org/?curid=11501556,https://fr.wikipedia.org/wiki/Anice Das,Wikip\u00e9dia:\u00e9bauche patinage de vitesse
Natalya Voronina,https://fr.wikipedia.org/?curid=11497861,https://fr.wikipedia.org/wiki/Natalya Voronina,Wikip\u00e9dia:\u00e9bauche patinage de vitesse
Marjolein Decroix,https://fr.wikipedia.org/?curid=11498365,https://fr.wikipedia.org/wiki/Marjolein Decroix,Wikip\u00e9dia:\u00e9bauche personnalit\u00e9 belge
Champions olympiques mexicains,https://fr.wikipedia.org/?curid=11509643,https://fr.wikipedia.org/wiki/Champions olympiques mexicains,Portail:Jeux olympiques/Articles li\u00e9s
Han Hye-rin,https://fr.wikipedia.org/?curid=11509909,https://fr.wikipedia.org/wiki/Han Hye-rin,Wikip\u00e9dia:\u00e9bauche acteur sud-cor\u00e9en
Marie Le Net,https://fr.wikipedia.org/?curid=11507783,https://fr.wikipedia.org/wiki/Marie Le Net,Page utilisant P569
Min Yu-ra,https://fr.wikipedia.org/?curid=11505238,https://fr.wikipedia.org/wiki/Min Yu-ra,Wikip\u00e9dia:\u00e9bauche sportif sud-cor\u00e9en
Mark\u00e9ta Davidov\u00e1,https://fr.wikipedia.org/?curid=11505458,https://fr.wikipedia.org/wiki/Mark\u00e9ta Davidov\u00e1,Article utilisant une Infobox
Ouliana Nigmatoullina,https://fr.wikipedia.org/?curid=11505508,https://fr.wikipedia.org/wiki/Ouliana Nigmatoullina,Wikip\u00e9dia:\u00e9bauche sportif russe
Katia Piccolini,https://fr.wikipedia.org/?curid=1150604,https://fr.wikipedia.org/wiki/Katia Piccolini,Article \u00e0 illustrer Joueur de tennis
Carlijn Achtereekte,https://fr.wikipedia.org/?curid=11484439,https://fr.wikipedia.org/wiki/Carlijn Achtereekte,Wikip\u00e9dia:\u00e9bauche patinage de vitesse
Yvonne Daldossi,https://fr.wikipedia.org/?curid=11492566,https://fr.wikipedia.org/wiki/Yvonne Daldossi,Wikip\u00e9dia:\u00e9bauche patinage de vitesse
Gabriele Hirschbichler,https://fr.wikipedia.org/?curid=11492569,https://fr.wikipedia.org/wiki/Gabriele Hirschbichler,Wikip\u00e9dia:\u00e9bauche patinage de vitesse
Kajsa Vickhoff Lie,https://fr.wikipedia.org/?curid=11491192,https://fr.wikipedia.org/wiki/Kajsa Vickhoff Lie,Article utilisant une Infobox
Julia Scheib,https://fr.wikipedia.org/?curid=11491248,https://fr.wikipedia.org/wiki/Julia Scheib,Article utilisant une Infobox
Liang Xiaojing,https://fr.wikipedia.org/?curid=11467069,https://fr.wikipedia.org/wiki/Liang Xiaojing,Wikip\u00e9dia:\u00e9bauche athl\u00e8te chinois
Tiril Udnes Weng,https://fr.wikipedia.org/?curid=11471397,https://fr.wikipedia.org/wiki/Tiril Udnes Weng,Wikip\u00e9dia:\u00e9bauche ski de fond
Thekla Brun-Lie,https://fr.wikipedia.org/?curid=11474997,https://fr.wikipedia.org/wiki/Thekla Brun-Lie,Article utilisant une Infobox
Bernadette Sz\u0151cs,https://fr.wikipedia.org/?curid=11474619,https://fr.wikipedia.org/wiki/Bernadette Sz\u0151cs,Article utilisant une Infobox
Alice Canepa,https://fr.wikipedia.org/?curid=1151553,https://fr.wikipedia.org/wiki/Alice Canepa,Article \u00e0 illustrer Joueur de tennis
Ramona Theresia Hofmeister,https://fr.wikipedia.org/?curid=11515754,https://fr.wikipedia.org/wiki/Ramona Theresia Hofmeister,Wikip\u00e9dia:\u00e9bauche sportif allemand
Irene Schouten,https://fr.wikipedia.org/?curid=11515809,https://fr.wikipedia.org/wiki/Irene Schouten,Page utilisant P569
Dzinara Alimbekava,https://fr.wikipedia.org/?curid=11511264,https://fr.wikipedia.org/wiki/Dzinara Alimbekava,Wikip\u00e9dia:\u00e9bauche biathlon
Erica Bougard,https://fr.wikipedia.org/?curid=11511778,https://fr.wikipedia.org/wiki/Erica Bougard,Wikip\u00e9dia:\u00e9bauche athl\u00e8te am\u00e9ricain
Lecabela Quaresma,https://fr.wikipedia.org/?curid=11511784,https://fr.wikipedia.org/wiki/Lecabela Quaresma,Page utilisant P569
Ayano Sato,https://fr.wikipedia.org/?curid=11512584,https://fr.wikipedia.org/wiki/Ayano Sato,Wikip\u00e9dia:\u00e9bauche patinage de vitesse
Nicole Raji\u010dov\u00e1,https://fr.wikipedia.org/?curid=11512612,https://fr.wikipedia.org/wiki/Nicole Raji\u010dov\u00e1,Wikip\u00e9dia:\u00e9bauche sportif slovaque
Mia Manganello,https://fr.wikipedia.org/?curid=11512630,https://fr.wikipedia.org/wiki/Mia Manganello,Wikip\u00e9dia:\u00e9bauche patinage de vitesse
Carlijn Schoutens,https://fr.wikipedia.org/?curid=11512635,https://fr.wikipedia.org/wiki/Carlijn Schoutens,Wikip\u00e9dia:\u00e9bauche patinage de vitesse
Karolina Sztokfisz,https://fr.wikipedia.org/?curid=11512149,https://fr.wikipedia.org/wiki/Karolina Sztokfisz,Wikip\u00e9dia:\u00e9bauche personnalit\u00e9 polonaise
Zoi Sadowski-Synnott,https://fr.wikipedia.org/?curid=11487691,https://fr.wikipedia.org/wiki/Zoi Sadowski-Synnott,Wikip\u00e9dia:\u00e9bauche snowboard
Sena Tomita,https://fr.wikipedia.org/?curid=11489167,https://fr.wikipedia.org/wiki/Sena Tomita,Wikip\u00e9dia:\u00e9bauche snowboard
Bradie Tennell,https://fr.wikipedia.org/?curid=11488606,https://fr.wikipedia.org/wiki/Bradie Tennell,Article utilisant une Infobox
Polina Chouvalova,https://fr.wikipedia.org/?curid=11485385,https://fr.wikipedia.org/wiki/Polina Chouvalova,Page utilisant P569
Angelique Seriese,https://fr.wikipedia.org/?curid=11486370,https://fr.wikipedia.org/wiki/Angelique Seriese,Wikip\u00e9dia:\u00e9bauche judo
Amandine Hesse,https://fr.wikipedia.org/?curid=11486913,https://fr.wikipedia.org/wiki/Amandine Hesse,Article utilisant une Infobox
Chang Xinyue,https://fr.wikipedia.org/?curid=11466434,https://fr.wikipedia.org/wiki/Chang Xinyue,Wikip\u00e9dia:\u00e9bauche saut \u00e0 ski
Man Dandan,https://fr.wikipedia.org/?curid=11466501,https://fr.wikipedia.org/wiki/Man Dandan,Wikip\u00e9dia:\u00e9bauche ski de fond
Champions olympiques norv\u00e9giens,https://fr.wikipedia.org/?curid=11380464,https://fr.wikipedia.org/wiki/Champions olympiques norv\u00e9giens,Portail:Jeux olympiques/Articles li\u00e9s
Natalia Choubenkova,https://fr.wikipedia.org/?curid=11376000,https://fr.wikipedia.org/wiki/Natalia Choubenkova,Article utilisant une Infobox
Yuka Sato (triathlon),https://fr.wikipedia.org/?curid=11366576,https://fr.wikipedia.org/wiki/Yuka Sato (triathlon),Wikip\u00e9dia:\u00e9bauche triathl\u00e8te
Miho Takagi,https://fr.wikipedia.org/?curid=11366683,https://fr.wikipedia.org/wiki/Miho Takagi,Wikip\u00e9dia:\u00e9bauche patinage de vitesse
Nana Takagi,https://fr.wikipedia.org/?curid=11366691,https://fr.wikipedia.org/wiki/Nana Takagi,Wikip\u00e9dia:\u00e9bauche patinage de vitesse
Ellie Salthouse,https://fr.wikipedia.org/?curid=11366773,https://fr.wikipedia.org/wiki/Ellie Salthouse,Wikip\u00e9dia:\u00e9bauche triathl\u00e8te
Kristin Lysdahl,https://fr.wikipedia.org/?curid=11366803,https://fr.wikipedia.org/wiki/Kristin Lysdahl,Article \u00e0 illustrer Sportif
Denise Biellmann,https://fr.wikipedia.org/?curid=114056,https://fr.wikipedia.org/wiki/Denise Biellmann,Wikip\u00e9dia:\u00e9bauche personnalit\u00e9 suisse
Katharina Liensberger,https://fr.wikipedia.org/?curid=11402914,https://fr.wikipedia.org/wiki/Katharina Liensberger,Article utilisant une Infobox
Tash Sultana,https://fr.wikipedia.org/?curid=11381930,https://fr.wikipedia.org/wiki/Tash Sultana,Article contenant un lien mort
Liste des m\u00e9daill\u00e9s aux Jeux olympiques d'hiver de 2018,https://fr.wikipedia.org/?curid=11350033,https://fr.wikipedia.org/wiki/Liste des m\u00e9daill\u00e9s aux Jeux olympiques d'hiver de 2018,Portail:Jeux olympiques/Articles li\u00e9s
Marianne de Muller,https://fr.wikipedia.org/?curid=113974,https://fr.wikipedia.org/wiki/Marianne de Muller,Wikip\u00e9dia:\u00e9bauche philat\u00e9lie
Pam Teeguarden,https://fr.wikipedia.org/?curid=1139356,https://fr.wikipedia.org/wiki/Pam Teeguarden,Article utilisant une Infobox
Amy Klobuchar,https://fr.wikipedia.org/?curid=1139337,https://fr.wikipedia.org/wiki/Amy Klobuchar,Article utilisant une Infobox
Marta S\u00e1nchez (chanteuse),https://fr.wikipedia.org/?curid=1139564,https://fr.wikipedia.org/wiki/Marta S\u00e1nchez (chanteuse),Page utilisant P2031
Yeri,https://fr.wikipedia.org/?curid=11372778,https://fr.wikipedia.org/wiki/Yeri,Article utilisant une Infobox
Bettina Fulco,https://fr.wikipedia.org/?curid=1138691,https://fr.wikipedia.org/wiki/Bettina Fulco,Article \u00e0 illustrer Joueur de tennis
Kathy Cook,https://fr.wikipedia.org/?curid=1132671,https://fr.wikipedia.org/wiki/Kathy Cook,Article \u00e0 illustrer Athl\u00e8te
Jasmine Flury,https://fr.wikipedia.org/?curid=11331019,https://fr.wikipedia.org/wiki/Jasmine Flury,Wikip\u00e9dia:\u00e9bauche ski alpin
Jun Ji-hyun,https://fr.wikipedia.org/?curid=1132723,https://fr.wikipedia.org/wiki/Jun Ji-hyun,Article utilisant une Infobox
Grace VanderWaal,https://fr.wikipedia.org/?curid=11356467,https://fr.wikipedia.org/wiki/Grace VanderWaal,Page utilisant P569
Lara Malsiner,https://fr.wikipedia.org/?curid=11359490,https://fr.wikipedia.org/wiki/Lara Malsiner,Article utilisant une Infobox
Sadek Deghmache,https://fr.wikipedia.org/?curid=11302520,https://fr.wikipedia.org/wiki/Sadek Deghmache,Article utilisant une Infobox
Susan Partridge,https://fr.wikipedia.org/?curid=11708499,https://fr.wikipedia.org/wiki/Susan Partridge,Article utilisant une Infobox
Akiko Kijimuta,https://fr.wikipedia.org/?curid=1173095,https://fr.wikipedia.org/wiki/Akiko Kijimuta,Article \u00e0 illustrer Joueur de tennis
Lauren Weedman,https://fr.wikipedia.org/?curid=11725890,https://fr.wikipedia.org/wiki/Lauren Weedman,Page utilisant P569
Tori Franklin,https://fr.wikipedia.org/?curid=11746684,https://fr.wikipedia.org/wiki/Tori Franklin,Article utilisant une Infobox
Sorel Cohen,https://fr.wikipedia.org/?curid=11716525,https://fr.wikipedia.org/wiki/Sorel Cohen,Page utilisant P27
Omara Durand,https://fr.wikipedia.org/?curid=11715672,https://fr.wikipedia.org/wiki/Omara Durand,Article utilisant une Infobox
Rebecca Ryan,https://fr.wikipedia.org/?curid=11715715,https://fr.wikipedia.org/wiki/Rebecca Ryan,Page utilisant le mod\u00e8le Autorit\u00e9 inactif
Huub Maas,https://fr.wikipedia.org/?curid=11735012,https://fr.wikipedia.org/wiki/Huub Maas,Wikip\u00e9dia:\u00e9bauche triathl\u00e8te
Romane Dieu,https://fr.wikipedia.org/?curid=11735272,https://fr.wikipedia.org/wiki/Romane Dieu,Wikip\u00e9dia:\u00e9bauche sportif fran\u00e7ais
Julie Heldman,https://fr.wikipedia.org/?curid=1173445,https://fr.wikipedia.org/wiki/Julie Heldman,Article utilisant une Infobox
Andrea Hol\u00edkov\u00e1,https://fr.wikipedia.org/?curid=1173373,https://fr.wikipedia.org/wiki/Andrea Hol\u00edkov\u00e1,Article \u00e0 illustrer Joueur de tennis
Beth Norton,https://fr.wikipedia.org/?curid=1173386,https://fr.wikipedia.org/wiki/Beth Norton,Article \u00e0 illustrer Joueur de tennis
Kate\u0159ina Skronsk\u00e1,https://fr.wikipedia.org/?curid=1173401,https://fr.wikipedia.org/wiki/Kate\u0159ina Skronsk\u00e1,Article \u00e0 illustrer Joueur de tennis
Yuval Dayan,https://fr.wikipedia.org/?curid=11719457,https://fr.wikipedia.org/wiki/Yuval Dayan,Article utilisant une Infobox
Janet Amponsah,https://fr.wikipedia.org/?curid=11720383,https://fr.wikipedia.org/wiki/Janet Amponsah,Wikip\u00e9dia:\u00e9bauche athl\u00e9tisme
Marie de Bavi\u00e8re (1872-1954),https://fr.wikipedia.org/?curid=11723125,https://fr.wikipedia.org/wiki/Marie de Bavi\u00e8re (1872-1954),Page utilisant P569
Rosie Malek-Yonan,https://fr.wikipedia.org/?curid=11749354,https://fr.wikipedia.org/wiki/Rosie Malek-Yonan,Traduction incompl\u00e8te
Augustine Gottis,https://fr.wikipedia.org/?curid=11748173,https://fr.wikipedia.org/wiki/Augustine Gottis,Page utilisant P569
Troupe de la Com\u00e9die-Fran\u00e7aise en 1790,https://fr.wikipedia.org/?curid=1175149,https://fr.wikipedia.org/wiki/Troupe de la Com\u00e9die-Fran\u00e7aise en 1790,Portail:Th\u00e9\u00e2tre/Articles li\u00e9s
Manon Gen\u00eat,https://fr.wikipedia.org/?curid=11700293,https://fr.wikipedia.org/wiki/Manon Gen\u00eat,Article utilisant une Infobox
Kylie Copeland,https://fr.wikipedia.org/?curid=1175306,https://fr.wikipedia.org/wiki/Kylie Copeland,Article \u00e0 illustrer Joueur de tennis
Patti Hogan,https://fr.wikipedia.org/?curid=1175349,https://fr.wikipedia.org/wiki/Patti Hogan,Article \u00e0 illustrer Joueur de tennis
Kim Jones (tennis),https://fr.wikipedia.org/?curid=1175365,https://fr.wikipedia.org/wiki/Kim Jones (tennis),Article \u00e0 illustrer Joueur de tennis
L\u00e9onie P\u00e9riault,https://fr.wikipedia.org/?curid=11758774,https://fr.wikipedia.org/wiki/L\u00e9onie P\u00e9riault,Article utilisant une Infobox
Kerry Harris,https://fr.wikipedia.org/?curid=1175563,https://fr.wikipedia.org/wiki/Kerry Harris,Article utilisant une Infobox
Nicole Jagerman,https://fr.wikipedia.org/?curid=1175446,https://fr.wikipedia.org/wiki/Nicole Jagerman,Article \u00e0 illustrer Joueur de tennis
Pam Whytcross,https://fr.wikipedia.org/?curid=1175450,https://fr.wikipedia.org/wiki/Pam Whytcross,Article \u00e0 illustrer Joueur de tennis
Leanne Harrison,https://fr.wikipedia.org/?curid=1175466,https://fr.wikipedia.org/wiki/Leanne Harrison,Article \u00e0 illustrer Joueur de tennis
Alice Kunek,https://fr.wikipedia.org/?curid=11722556,https://fr.wikipedia.org/wiki/Alice Kunek,Article utilisant une Infobox
Elizabeth Vlotman,https://fr.wikipedia.org/?curid=1173869,https://fr.wikipedia.org/wiki/Elizabeth Vlotman,Article \u00e0 illustrer Joueur de tennis
Renee Schuurman,https://fr.wikipedia.org/?curid=1173884,https://fr.wikipedia.org/wiki/Renee Schuurman,Article \u00e0 illustrer Joueur de tennis
Esther Cond\u00e9-Turpin,https://fr.wikipedia.org/?curid=11741788,https://fr.wikipedia.org/wiki/Esther Cond\u00e9-Turpin,Article utilisant une Infobox
Aasiya Kazi,https://fr.wikipedia.org/?curid=11710652,https://fr.wikipedia.org/wiki/Aasiya Kazi,Wikip\u00e9dia:\u00e9bauche acteur indien
Bodak Yellow,https://fr.wikipedia.org/?curid=11640920,https://fr.wikipedia.org/wiki/Bodak Yellow,Article utilisant une Infobox
Valerie Young,https://fr.wikipedia.org/?curid=11641866,https://fr.wikipedia.org/wiki/Valerie Young,Wikip\u00e9dia:\u00e9bauche athl\u00e8te n\u00e9o-z\u00e9landais
Jane Haist,https://fr.wikipedia.org/?curid=11641916,https://fr.wikipedia.org/wiki/Jane Haist,Wikip\u00e9dia:\u00e9bauche athl\u00e8te canadien
Irene Jerotich,https://fr.wikipedia.org/?curid=11652103,https://fr.wikipedia.org/wiki/Irene Jerotich,Wikip\u00e9dia:\u00e9bauche athl\u00e9tisme
Kerryn McCann,https://fr.wikipedia.org/?curid=11652151,https://fr.wikipedia.org/wiki/Kerryn McCann,Wikip\u00e9dia:\u00e9bauche athl\u00e9tisme
Marie-Louise d'Espagne (1745-1792),https://fr.wikipedia.org/?curid=1152066,https://fr.wikipedia.org/wiki/Marie-Louise d'Espagne (1745-1792),Article manquant de r\u00e9f\u00e9rences depuis avril 2023
Pam Casale,https://fr.wikipedia.org/?curid=1154998,https://fr.wikipedia.org/wiki/Pam Casale,Article \u00e0 illustrer Joueur de tennis
Brenna Huckaby,https://fr.wikipedia.org/?curid=11555469,https://fr.wikipedia.org/wiki/Brenna Huckaby,Wikip\u00e9dia:\u00e9bauche snowboard
Ilma Kazazi\u0107,https://fr.wikipedia.org/?curid=11550468,https://fr.wikipedia.org/wiki/Ilma Kazazi\u0107,Wikip\u00e9dia:\u00e9bauche ski alpin
Kendall Gretsch,https://fr.wikipedia.org/?curid=11550709,https://fr.wikipedia.org/wiki/Kendall Gretsch,Wikip\u00e9dia:\u00e9bauche biathlon
Mikhalina Lyssova,https://fr.wikipedia.org/?curid=11551673,https://fr.wikipedia.org/wiki/Mikhalina Lyssova,Wikip\u00e9dia:\u00e9bauche sportif russe
Iekaterina Roumiantseva,https://fr.wikipedia.org/?curid=11553374,https://fr.wikipedia.org/wiki/Iekaterina Roumiantseva,Page utilisant P569
Felicia Fox,https://fr.wikipedia.org/?curid=11552989,https://fr.wikipedia.org/wiki/Felicia Fox,Wikip\u00e9dia:\u00e9bauche actrice pornographique am\u00e9ricaine
Sonya Jeyaseelan,https://fr.wikipedia.org/?curid=1151617,https://fr.wikipedia.org/wiki/Sonya Jeyaseelan,Article \u00e0 illustrer Joueur de tennis
Claudia L\u00f6sch,https://fr.wikipedia.org/?curid=11545493,https://fr.wikipedia.org/wiki/Claudia L\u00f6sch,Wikip\u00e9dia:\u00e9bauche ski alpin
Liste des m\u00e9daill\u00e9s aux Jeux paralympiques d'hiver de 2018,https://fr.wikipedia.org/?curid=11548958,https://fr.wikipedia.org/wiki/Liste des m\u00e9daill\u00e9s aux Jeux paralympiques d'hiver de 2018,Portail:Handisport/Articles li\u00e9s
El\u00e9onor Sana,https://fr.wikipedia.org/?curid=11549141,https://fr.wikipedia.org/wiki/El\u00e9onor Sana,Wikip\u00e9dia:\u00e9bauche ski alpin
Andrea Rothfuss,https://fr.wikipedia.org/?curid=11549194,https://fr.wikipedia.org/wiki/Andrea Rothfuss,Wikip\u00e9dia:\u00e9bauche ski alpin
Laurie Stephens,https://fr.wikipedia.org/?curid=11549206,https://fr.wikipedia.org/wiki/Laurie Stephens,Wikip\u00e9dia:\u00e9bauche ski alpin
Danelle Umstead,https://fr.wikipedia.org/?curid=11548345,https://fr.wikipedia.org/wiki/Danelle Umstead,Wikip\u00e9dia:\u00e9bauche ski alpin
Veronika Stallmaier,https://fr.wikipedia.org/?curid=1154877,https://fr.wikipedia.org/wiki/Veronika Stallmaier,Article \u00e0 illustrer Sportif
Greer Stevens,https://fr.wikipedia.org/?curid=1154587,https://fr.wikipedia.org/wiki/Greer Stevens,Article \u00e0 illustrer Joueur de tennis
Alana Ramsay,https://fr.wikipedia.org/?curid=11546042,https://fr.wikipedia.org/wiki/Alana Ramsay,Wikip\u00e9dia:\u00e9bauche ski alpin
Tara Snyder,https://fr.wikipedia.org/?curid=1154483,https://fr.wikipedia.org/wiki/Tara Snyder,Article \u00e0 illustrer Joueur de tennis
Katie Schlukebir,https://fr.wikipedia.org/?curid=1154508,https://fr.wikipedia.org/wiki/Katie Schlukebir,Article \u00e0 illustrer Joueur de tennis
Valentina Fedyushina,https://fr.wikipedia.org/?curid=11568520,https://fr.wikipedia.org/wiki/Valentina Fedyushina,Wikip\u00e9dia:\u00e9bauche athl\u00e9tisme
Maria Manolova,https://fr.wikipedia.org/?curid=11568601,https://fr.wikipedia.org/wiki/Maria Manolova,Wikip\u00e9dia:\u00e9bauche biathlon
Stephen R. Donaldson,https://fr.wikipedia.org/?curid=1157329,https://fr.wikipedia.org/wiki/Stephen R. Donaldson,Article utilisant une Infobox
Netta Barzilai,https://fr.wikipedia.org/?curid=11571384,https://fr.wikipedia.org/wiki/Netta Barzilai,Article contenant un lien mort
Champions paralympiques fran\u00e7ais,https://fr.wikipedia.org/?curid=11570580,https://fr.wikipedia.org/wiki/Champions paralympiques fran\u00e7ais,Wikip\u00e9dia:\u00e9bauche France
Delphine Claudel,https://fr.wikipedia.org/?curid=11521237,https://fr.wikipedia.org/wiki/Delphine Claudel,Article utilisant une Infobox
Maria Strandlund,https://fr.wikipedia.org/?curid=1154441,https://fr.wikipedia.org/wiki/Maria Strandlund,Article utilisant une Infobox
H\u00e9l\u00e8ne Pelletier,https://fr.wikipedia.org/?curid=1154217,https://fr.wikipedia.org/wiki/H\u00e9l\u00e8ne Pelletier,Article \u00e0 illustrer Joueur de tennis
Petra Smar\u017eov\u00e1,https://fr.wikipedia.org/?curid=11540503,https://fr.wikipedia.org/wiki/Petra Smar\u017eov\u00e1,Wikip\u00e9dia:\u00e9bauche ski alpin
Veronika Martinek,https://fr.wikipedia.org/?curid=1158282,https://fr.wikipedia.org/wiki/Veronika Martinek,Article \u00e0 illustrer Joueur de tennis
Park Sung-hee,https://fr.wikipedia.org/?curid=1158325,https://fr.wikipedia.org/wiki/Park Sung-hee,Article \u00e0 illustrer Joueur de tennis
Naoko Sato,https://fr.wikipedia.org/?curid=1158381,https://fr.wikipedia.org/wiki/Naoko Sato,Article \u00e0 illustrer Joueur de tennis
Cindy Silvestre,https://fr.wikipedia.org/?curid=11583847,https://fr.wikipedia.org/wiki/Cindy Silvestre,Wikip\u00e9dia:\u00e9bauche sportif fran\u00e7ais
Yuka Yoshida,https://fr.wikipedia.org/?curid=1158392,https://fr.wikipedia.org/wiki/Yuka Yoshida,Article utilisant une Infobox
Laura Glitz,https://fr.wikipedia.org/?curid=1158229,https://fr.wikipedia.org/wiki/Laura Glitz,Article \u00e0 illustrer Joueur de tennis
Caroline Stoll,https://fr.wikipedia.org/?curid=1158251,https://fr.wikipedia.org/wiki/Caroline Stoll,Article \u00e0 illustrer Joueur de tennis
Sophie Amiach,https://fr.wikipedia.org/?curid=1158148,https://fr.wikipedia.org/wiki/Sophie Amiach,Article \u00e0 illustrer Joueur de tennis
Lila Latrous,https://fr.wikipedia.org/?curid=11585490,https://fr.wikipedia.org/wiki/Lila Latrous,Wikip\u00e9dia:\u00e9bauche judo
Nicole Della Monica,https://fr.wikipedia.org/?curid=11585585,https://fr.wikipedia.org/wiki/Nicole Della Monica,Wikip\u00e9dia:\u00e9bauche sportif italien
Lilian Drescher,https://fr.wikipedia.org/?curid=1158463,https://fr.wikipedia.org/wiki/Lilian Drescher,Article \u00e0 illustrer Joueur de tennis
Marie Neumanova,https://fr.wikipedia.org/?curid=1158481,https://fr.wikipedia.org/wiki/Marie Neumanova,Article \u00e0 illustrer Joueur de tennis
Mary Carillo,https://fr.wikipedia.org/?curid=1158068,https://fr.wikipedia.org/wiki/Mary Carillo,Article \u00e0 illustrer Joueur de tennis
Marta Za\u00efnoullina,https://fr.wikipedia.org/?curid=11567612,https://fr.wikipedia.org/wiki/Marta Za\u00efnoullina,Wikip\u00e9dia:\u00e9bauche sportif russe
Brittany Hudak,https://fr.wikipedia.org/?curid=11567093,https://fr.wikipedia.org/wiki/Brittany Hudak,Wikip\u00e9dia:\u00e9bauche ski alpin
Anna Milenina,https://fr.wikipedia.org/?curid=11564577,https://fr.wikipedia.org/wiki/Anna Milenina,Wikip\u00e9dia:\u00e9bauche sportif russe
Fanny Blankers-Koen,https://fr.wikipedia.org/?curid=115648,https://fr.wikipedia.org/wiki/Fanny Blankers-Koen,Article utilisant une Infobox
Ros\u00e9 (chanteuse),https://fr.wikipedia.org/?curid=11563203,https://fr.wikipedia.org/wiki/Ros\u00e9 (chanteuse),Page utilisant P569
Margret G\u00f6bl,https://fr.wikipedia.org/?curid=11566279,https://fr.wikipedia.org/wiki/Margret G\u00f6bl,Wikip\u00e9dia:\u00e9bauche patinage artistique
Carina Edlinger,https://fr.wikipedia.org/?curid=11565649,https://fr.wikipedia.org/wiki/Carina Edlinger,Wikip\u00e9dia:\u00e9bauche ski de fond
Menna Fitzpatrick,https://fr.wikipedia.org/?curid=11551363,https://fr.wikipedia.org/wiki/Menna Fitzpatrick,Wikip\u00e9dia:\u00e9bauche ski alpin
Oksana Shyshkova,https://fr.wikipedia.org/?curid=11559130,https://fr.wikipedia.org/wiki/Oksana Shyshkova,Wikip\u00e9dia:\u00e9bauche ski de fond
Linda van Impelen,https://fr.wikipedia.org/?curid=11559480,https://fr.wikipedia.org/wiki/Linda van Impelen,Wikip\u00e9dia:\u00e9bauche ski alpin
Susie Corrock,https://fr.wikipedia.org/?curid=1155831,https://fr.wikipedia.org/wiki/Susie Corrock,Page utilisant P569
Jacqueline Toboni,https://fr.wikipedia.org/?curid=11523497,https://fr.wikipedia.org/wiki/Jacqueline Toboni,Article utilisant une Infobox
Claire Wineland,https://fr.wikipedia.org/?curid=11529171,https://fr.wikipedia.org/wiki/Claire Wineland,Article manquant de r\u00e9f\u00e9rences depuis mars 2018
Jung So-min,https://fr.wikipedia.org/?curid=11518736,https://fr.wikipedia.org/wiki/Jung So-min,Article utilisant une Infobox
Chiara Consonni,https://fr.wikipedia.org/?curid=11518868,https://fr.wikipedia.org/wiki/Chiara Consonni,Page utilisant P569
Camille Cabrol,https://fr.wikipedia.org/?curid=11518876,https://fr.wikipedia.org/wiki/Camille Cabrol,Wikip\u00e9dia:\u00e9bauche ski
\u00c1gnes Sz\u00e1vay,https://fr.wikipedia.org/?curid=1151747,https://fr.wikipedia.org/wiki/\u00c1gnes Sz\u00e1vay,Article utilisant une Infobox
Alice in Wonderland (op\u00e9ra),https://fr.wikipedia.org/?curid=11533878,https://fr.wikipedia.org/wiki/Alice in Wonderland (op\u00e9ra),Article utilisant une Infobox
Jamierra Faulkner,https://fr.wikipedia.org/?curid=11536497,https://fr.wikipedia.org/wiki/Jamierra Faulkner,Article utilisant une Infobox
Sabine Bae\u00df,https://fr.wikipedia.org/?curid=11434750,https://fr.wikipedia.org/wiki/Sabine Bae\u00df,Wikip\u00e9dia:\u00e9bauche patinage artistique
Irina Uslugina,https://fr.wikipedia.org/?curid=11435025,https://fr.wikipedia.org/wiki/Irina Uslugina,Wikip\u00e9dia:\u00e9bauche sportif russe
Liste des conjointes des souverains d'Im\u00e9r\u00e9thie,https://fr.wikipedia.org/?curid=11436676,https://fr.wikipedia.org/wiki/Liste des conjointes des souverains d'Im\u00e9r\u00e9thie,Article utilisant une Infobox
Amber Beattie,https://fr.wikipedia.org/?curid=11440283,https://fr.wikipedia.org/wiki/Amber Beattie,Article manquant de r\u00e9f\u00e9rences depuis janvier 2018
Shayna Baszler,https://fr.wikipedia.org/?curid=11406848,https://fr.wikipedia.org/wiki/Shayna Baszler,Article \u00e0 recycler/Liste compl\u00e8te
Ricarda Lobe,https://fr.wikipedia.org/?curid=11444085,https://fr.wikipedia.org/wiki/Ricarda Lobe,Wikip\u00e9dia:\u00e9bauche athl\u00e8te allemand
Kristin Pudenz,https://fr.wikipedia.org/?curid=11441848,https://fr.wikipedia.org/wiki/Kristin Pudenz,Wikip\u00e9dia:\u00e9bauche athl\u00e9tisme
Silje Opseth,https://fr.wikipedia.org/?curid=11456754,https://fr.wikipedia.org/wiki/Silje Opseth,Article utilisant une Infobox
Renata Kokowska,https://fr.wikipedia.org/?curid=11456874,https://fr.wikipedia.org/wiki/Renata Kokowska,Wikip\u00e9dia:\u00e9bauche athl\u00e8te polonais
Chroniques de la Lune noire (jeu vid\u00e9o),https://fr.wikipedia.org/?curid=11458375,https://fr.wikipedia.org/wiki/Chroniques de la Lune noire (jeu vid\u00e9o),Page utilisant P407
Alina Zagitova,https://fr.wikipedia.org/?curid=11432329,https://fr.wikipedia.org/wiki/Alina Zagitova,Article utilisant une Infobox
Miriam Nakamoto,https://fr.wikipedia.org/?curid=11432601,https://fr.wikipedia.org/wiki/Miriam Nakamoto,Wikip\u00e9dia:\u00e9bauche boxeur am\u00e9ricain
Katinka Heyns,https://fr.wikipedia.org/?curid=11432652,https://fr.wikipedia.org/wiki/Katinka Heyns,Page utilisant P569
Marie Zielcke,https://fr.wikipedia.org/?curid=11430308,https://fr.wikipedia.org/wiki/Marie Zielcke,Page utilisant P569
Victoria Slivko,https://fr.wikipedia.org/?curid=11451248,https://fr.wikipedia.org/wiki/Victoria Slivko,Wikip\u00e9dia:\u00e9bauche biathlon
Kaori Sakamoto,https://fr.wikipedia.org/?curid=11451283,https://fr.wikipedia.org/wiki/Kaori Sakamoto,Wikip\u00e9dia:\u00e9bauche patinage artistique
Camille Little,https://fr.wikipedia.org/?curid=11454126,https://fr.wikipedia.org/wiki/Camille Little,Article utilisant une Infobox
Joanne (chanson),https://fr.wikipedia.org/?curid=11452455,https://fr.wikipedia.org/wiki/Joanne (chanson),Article contenant un lien mort
Jil Teichmann,https://fr.wikipedia.org/?curid=11452517,https://fr.wikipedia.org/wiki/Jil Teichmann,Article utilisant une Infobox
Jane Mander,https://fr.wikipedia.org/?curid=11412288,https://fr.wikipedia.org/wiki/Jane Mander,Article contenant un appel \u00e0 traduction en anglais
Jessica Jislov\u00e1,https://fr.wikipedia.org/?curid=11411846,https://fr.wikipedia.org/wiki/Jessica Jislov\u00e1,Wikip\u00e9dia:\u00e9bauche sportif tch\u00e8que
Yuliya Zhuravok,https://fr.wikipedia.org/?curid=11419188,https://fr.wikipedia.org/wiki/Yuliya Zhuravok,Wikip\u00e9dia:\u00e9bauche biathlon
Elena Turysheva,https://fr.wikipedia.org/?curid=11428064,https://fr.wikipedia.org/wiki/Elena Turysheva,Page utilisant P569
Mun Ji-hee,https://fr.wikipedia.org/?curid=11425993,https://fr.wikipedia.org/wiki/Mun Ji-hee,Wikip\u00e9dia:\u00e9bauche biathlon
Ana Jelu\u0161i\u0107,https://fr.wikipedia.org/?curid=1145060,https://fr.wikipedia.org/wiki/Ana Jelu\u0161i\u0107,Article utilisant une Infobox
Shari Belafonte,https://fr.wikipedia.org/?curid=11415723,https://fr.wikipedia.org/wiki/Shari Belafonte,Page utilisant P569
Aleksandra Kustova,https://fr.wikipedia.org/?curid=11407465,https://fr.wikipedia.org/wiki/Aleksandra Kustova,Wikip\u00e9dia:\u00e9bauche sportif russe
Myrtille Georges,https://fr.wikipedia.org/?curid=11178309,https://fr.wikipedia.org/wiki/Myrtille Georges,Article utilisant une Infobox
Karen Kondazian,https://fr.wikipedia.org/?curid=11171840,https://fr.wikipedia.org/wiki/Karen Kondazian,Page utilisant P27
Mona Bollerud,https://fr.wikipedia.org/?curid=11174619,https://fr.wikipedia.org/wiki/Mona Bollerud,Wikip\u00e9dia:\u00e9bauche biathlon
Carina Karlsson,https://fr.wikipedia.org/?curid=1113113,https://fr.wikipedia.org/wiki/Carina Karlsson,Article \u00e0 illustrer Joueur de tennis
Svetlana Cherneva,https://fr.wikipedia.org/?curid=1113146,https://fr.wikipedia.org/wiki/Svetlana Cherneva,Article \u00e0 illustrer Joueur de tennis
Clara Copponi,https://fr.wikipedia.org/?curid=11124872,https://fr.wikipedia.org/wiki/Clara Copponi,Page utilisant P569
Regina Shotaro,https://fr.wikipedia.org/?curid=11151695,https://fr.wikipedia.org/wiki/Regina Shotaro,Article manquant de r\u00e9f\u00e9rences depuis f\u00e9vrier 2021
Ayanta Barilli,https://fr.wikipedia.org/?curid=11147830,https://fr.wikipedia.org/wiki/Ayanta Barilli,Page utilisant P569
Sla\u0111ana Mirkovi\u0107,https://fr.wikipedia.org/?curid=11152959,https://fr.wikipedia.org/wiki/Sla\u0111ana Mirkovi\u0107,Article utilisant une Infobox
Olena Starikova,https://fr.wikipedia.org/?curid=11196530,https://fr.wikipedia.org/wiki/Olena Starikova,Page utilisant P1559
Rimma Uliskina,https://fr.wikipedia.org/?curid=11198944,https://fr.wikipedia.org/wiki/Rimma Uliskina,Wikip\u00e9dia:\u00e9bauche athl\u00e9tisme
Lyubov Nikitenko,https://fr.wikipedia.org/?curid=11196138,https://fr.wikipedia.org/wiki/Lyubov Nikitenko,Wikip\u00e9dia:\u00e9bauche athl\u00e9tisme
Jelica Pavli\u010di\u0107,https://fr.wikipedia.org/?curid=11196195,https://fr.wikipedia.org/wiki/Jelica Pavli\u010di\u0107,Wikip\u00e9dia:\u00e9bauche athl\u00e9tisme
Marjorie Rice,https://fr.wikipedia.org/?curid=11143772,https://fr.wikipedia.org/wiki/Marjorie Rice,Wikip\u00e9dia:\u00e9bauche math\u00e9maticien
Cardi B,https://fr.wikipedia.org/?curid=11162856,https://fr.wikipedia.org/wiki/Cardi B,Page utilisant P569
Monja Art,https://fr.wikipedia.org/?curid=11118690,https://fr.wikipedia.org/wiki/Monja Art,Wikip\u00e9dia:\u00e9bauche r\u00e9alisateur autrichien
Breanna Yde,https://fr.wikipedia.org/?curid=11120884,https://fr.wikipedia.org/wiki/Breanna Yde,Article contenant un lien mort
Tsend-Ayuushiin Naranjargal,https://fr.wikipedia.org/?curid=11121526,https://fr.wikipedia.org/wiki/Tsend-Ayuushiin Naranjargal,Wikip\u00e9dia:\u00e9bauche sportif
Mar\u00eda Bernab\u00e9u,https://fr.wikipedia.org/?curid=11127195,https://fr.wikipedia.org/wiki/Mar\u00eda Bernab\u00e9u,Wikip\u00e9dia:\u00e9bauche personnalit\u00e9 espagnole
Maria Curatolo,https://fr.wikipedia.org/?curid=11193940,https://fr.wikipedia.org/wiki/Maria Curatolo,Wikip\u00e9dia:\u00e9bauche athl\u00e9tisme
Irina Selyutina,https://fr.wikipedia.org/?curid=1119408,https://fr.wikipedia.org/wiki/Irina Selyutina,Article \u00e0 illustrer Joueur de tennis
Dorothea Douglass Chambers,https://fr.wikipedia.org/?curid=1112638,https://fr.wikipedia.org/wiki/Dorothea Douglass Chambers,Article utilisant une Infobox
Nekoda Smythe-Davis,https://fr.wikipedia.org/?curid=11140719,https://fr.wikipedia.org/wiki/Nekoda Smythe-Davis,Wikip\u00e9dia:\u00e9bauche personnalit\u00e9 britannique
Sandra Wasserman,https://fr.wikipedia.org/?curid=1114105,https://fr.wikipedia.org/wiki/Sandra Wasserman,Article \u00e0 illustrer Joueur de tennis
Dinky Van Rensburg,https://fr.wikipedia.org/?curid=1114122,https://fr.wikipedia.org/wiki/Dinky Van Rensburg,Article \u00e0 illustrer Joueur de tennis
Kim Min-jeong (judo),https://fr.wikipedia.org/?curid=11141419,https://fr.wikipedia.org/wiki/Kim Min-jeong (judo),Wikip\u00e9dia:\u00e9bauche judo
Eva Pavlovi\u0107,https://fr.wikipedia.org/?curid=11137740,https://fr.wikipedia.org/wiki/Eva Pavlovi\u0107,Article utilisant une Infobox
Lesley Kerkhove,https://fr.wikipedia.org/?curid=11188444,https://fr.wikipedia.org/wiki/Lesley Kerkhove,Article utilisant une Infobox
D. C. Fontana,https://fr.wikipedia.org/?curid=11168552,https://fr.wikipedia.org/wiki/D. C. Fontana,Article contenant un lien mort
Marina Kielmann,https://fr.wikipedia.org/?curid=11172784,https://fr.wikipedia.org/wiki/Marina Kielmann,Wikip\u00e9dia:\u00e9bauche patinage artistique
Soraya Hamiti,https://fr.wikipedia.org/?curid=11183724,https://fr.wikipedia.org/wiki/Soraya Hamiti,Wikip\u00e9dia:\u00e9bauche handballeuse fran\u00e7aise
Eleanor Dickinson,https://fr.wikipedia.org/?curid=11125130,https://fr.wikipedia.org/wiki/Eleanor Dickinson,Page utilisant P569
Elisabeth Moore,https://fr.wikipedia.org/?curid=1112389,https://fr.wikipedia.org/wiki/Elisabeth Moore,Article utilisant une Infobox
Thea LaFond,https://fr.wikipedia.org/?curid=11626953,https://fr.wikipedia.org/wiki/Thea LaFond,Wikip\u00e9dia:\u00e9bauche athl\u00e9tisme
Alexandra Hulley,https://fr.wikipedia.org/?curid=11627014,https://fr.wikipedia.org/wiki/Alexandra Hulley,Wikip\u00e9dia:\u00e9bauche athl\u00e8te australien
Ic\u00edar Bolla\u00edn,https://fr.wikipedia.org/?curid=1162751,https://fr.wikipedia.org/wiki/Ic\u00edar Bolla\u00edn,Article utilisant une Infobox
Anja Schneiderheinze,https://fr.wikipedia.org/?curid=1162483,https://fr.wikipedia.org/wiki/Anja Schneiderheinze,Wikip\u00e9dia:\u00e9bauche bobsleigh
Valerie Fleming,https://fr.wikipedia.org/?curid=1162494,https://fr.wikipedia.org/wiki/Valerie Fleming,Wikip\u00e9dia:\u00e9bauche bobsleigh
Your Song (chanson d'Elton John),https://fr.wikipedia.org/?curid=11622426,https://fr.wikipedia.org/wiki/Your Song (chanson d'Elton John),Article utilisant une Infobox
Stella Chesang,https://fr.wikipedia.org/?curid=11622551,https://fr.wikipedia.org/wiki/Stella Chesang,Wikip\u00e9dia:\u00e9bauche athl\u00e8te ougandais
Tami Whitlinger,https://fr.wikipedia.org/?curid=1159800,https://fr.wikipedia.org/wiki/Tami Whitlinger,Article \u00e0 illustrer Joueur de tennis
Ray Boyd,https://fr.wikipedia.org/?curid=11630355,https://fr.wikipedia.org/wiki/Ray Boyd,Wikip\u00e9dia:\u00e9bauche athl\u00e8te australien
Yanique Thompson,https://fr.wikipedia.org/?curid=11632021,https://fr.wikipedia.org/wiki/Yanique Thompson,Wikip\u00e9dia:\u00e9bauche athl\u00e8te jama\u00efcain
Navjeet Dhillon,https://fr.wikipedia.org/?curid=11632044,https://fr.wikipedia.org/wiki/Navjeet Dhillon,Wikip\u00e9dia:\u00e9bauche athl\u00e8te indien
Faf\u00e1 de Bel\u00e9m,https://fr.wikipedia.org/?curid=11628590,https://fr.wikipedia.org/wiki/Faf\u00e1 de Bel\u00e9m,Wikip\u00e9dia:\u00e9bauche musicien br\u00e9silien
Kirsty Wade,https://fr.wikipedia.org/?curid=11637295,https://fr.wikipedia.org/wiki/Kirsty Wade,Wikip\u00e9dia:\u00e9bauche athl\u00e8te britannique
Wolves (chanson de Selena Gomez et Marshmello),https://fr.wikipedia.org/?curid=11638575,https://fr.wikipedia.org/wiki/Wolves (chanson de Selena Gomez et Marshmello),Article contenant un appel \u00e0 traduction en anglais
Lisa Weightman,https://fr.wikipedia.org/?curid=11636040,https://fr.wikipedia.org/wiki/Lisa Weightman,Wikip\u00e9dia:\u00e9bauche athl\u00e8te australien
Yinka Ajayi,https://fr.wikipedia.org/?curid=11636058,https://fr.wikipedia.org/wiki/Yinka Ajayi,Wikip\u00e9dia:\u00e9bauche athl\u00e8te nig\u00e9rian
Alana Barber,https://fr.wikipedia.org/?curid=11636104,https://fr.wikipedia.org/wiki/Alana Barber,Article \u00e0 illustrer Athl\u00e8te
Brenda Schultz,https://fr.wikipedia.org/?curid=1160338,https://fr.wikipedia.org/wiki/Brenda Schultz,Article utilisant une Infobox
Christelle Nana Tchoudjang,https://fr.wikipedia.org/?curid=11608974,https://fr.wikipedia.org/wiki/Christelle Nana Tchoudjang,Wikip\u00e9dia:\u00e9bauche joueuse de volley-ball
Mariana P\u00e9rez Rold\u00e1n,https://fr.wikipedia.org/?curid=1159943,https://fr.wikipedia.org/wiki/Mariana P\u00e9rez Rold\u00e1n,Article utilisant une Infobox
Betty-Ann Grubb,https://fr.wikipedia.org/?curid=1159894,https://fr.wikipedia.org/wiki/Betty-Ann Grubb,Article \u00e0 illustrer Joueur de tennis
Sakina Boutamine,https://fr.wikipedia.org/?curid=11598986,https://fr.wikipedia.org/wiki/Sakina Boutamine,Wikip\u00e9dia:\u00e9bauche athl\u00e9tisme
Dounia Kara,https://fr.wikipedia.org/?curid=11599155,https://fr.wikipedia.org/wiki/Dounia Kara,Wikip\u00e9dia:\u00e9bauche athl\u00e9tisme
Collat\u00e9ral (film),https://fr.wikipedia.org/?curid=115962,https://fr.wikipedia.org/wiki/Collat\u00e9ral (film),Article utilisant une Infobox
Maureen Drake,https://fr.wikipedia.org/?curid=1159660,https://fr.wikipedia.org/wiki/Maureen Drake,Article utilisant une Infobox
Zita de Bourbon-Parme,https://fr.wikipedia.org/?curid=116078,https://fr.wikipedia.org/wiki/Zita de Bourbon-Parme,Article utilisant une Infobox
Sara Sorribes Tormo,https://fr.wikipedia.org/?curid=11621551,https://fr.wikipedia.org/wiki/Sara Sorribes Tormo,Article utilisant une Infobox
Yolande Amana Guigolo,https://fr.wikipedia.org/?curid=11616492,https://fr.wikipedia.org/wiki/Yolande Amana Guigolo,Article \u00e0 illustrer Joueur de volley-ball
Hayley Law,https://fr.wikipedia.org/?curid=11592261,https://fr.wikipedia.org/wiki/Hayley Law,Article manquant de r\u00e9f\u00e9rences depuis mars 2018
Monique Richard (alpiniste),https://fr.wikipedia.org/?curid=12392644,https://fr.wikipedia.org/wiki/Monique Richard (alpiniste),Article utilisant une Infobox
Gyda Westvold Hansen,https://fr.wikipedia.org/?curid=12363579,https://fr.wikipedia.org/wiki/Gyda Westvold Hansen,Wikip\u00e9dia:\u00e9bauche combin\u00e9 nordique
Oriane Bertone,https://fr.wikipedia.org/?curid=12358721,https://fr.wikipedia.org/wiki/Oriane Bertone,Article utilisant une Infobox
Jeong Su-yeong,https://fr.wikipedia.org/?curid=12359194,https://fr.wikipedia.org/wiki/Jeong Su-yeong,Wikip\u00e9dia:\u00e9bauche acteur sud-cor\u00e9en
Keala Settle,https://fr.wikipedia.org/?curid=12369736,https://fr.wikipedia.org/wiki/Keala Settle,Article utilisant une Infobox
Ayane Miyazaki,https://fr.wikipedia.org/?curid=12369821,https://fr.wikipedia.org/wiki/Ayane Miyazaki,Page utilisant P569
Tanja Mayer,https://fr.wikipedia.org/?curid=12370211,https://fr.wikipedia.org/wiki/Tanja Mayer,Wikip\u00e9dia:\u00e9bauche bobsleigh
Annegret Dietrich,https://fr.wikipedia.org/?curid=12370224,https://fr.wikipedia.org/wiki/Annegret Dietrich,Wikip\u00e9dia:\u00e9bauche bobsleigh
Emily Baadsvik,https://fr.wikipedia.org/?curid=12370257,https://fr.wikipedia.org/wiki/Emily Baadsvik,Wikip\u00e9dia:\u00e9bauche bobsleigh
Stephanie Shiao,https://fr.wikipedia.org/?curid=12384205,https://fr.wikipedia.org/wiki/Stephanie Shiao,Page utilisant P27
Kamila \u017buk,https://fr.wikipedia.org/?curid=12388686,https://fr.wikipedia.org/wiki/Kamila \u017buk,Article utilisant une Infobox
Viveca Lindfors (patinage artistique),https://fr.wikipedia.org/?curid=12341240,https://fr.wikipedia.org/wiki/Viveca Lindfors (patinage artistique),Wikip\u00e9dia:\u00e9bauche patinage artistique
Solo (chanson de Clean Bandit),https://fr.wikipedia.org/?curid=12345647,https://fr.wikipedia.org/wiki/Solo (chanson de Clean Bandit),Article utilisant une Infobox
Shin Se-kyung,https://fr.wikipedia.org/?curid=12414122,https://fr.wikipedia.org/wiki/Shin Se-kyung,Wikip\u00e9dia:\u00e9bauche personnalit\u00e9 sud-cor\u00e9enne
Kim Yoo-jung,https://fr.wikipedia.org/?curid=12414208,https://fr.wikipedia.org/wiki/Kim Yoo-jung,Wikip\u00e9dia:\u00e9bauche personnalit\u00e9 sud-cor\u00e9enne
Jocelyn McCauley,https://fr.wikipedia.org/?curid=12416777,https://fr.wikipedia.org/wiki/Jocelyn McCauley,Wikip\u00e9dia:\u00e9bauche triathlon
Migl\u0117 Lendel,https://fr.wikipedia.org/?curid=12414041,https://fr.wikipedia.org/wiki/Migl\u0117 Lendel,Page utilisant P569
Marie Batomene,https://fr.wikipedia.org/?curid=12370846,https://fr.wikipedia.org/wiki/Marie Batomene,Article \u00e0 illustrer Joueur de badminton
Marie Lamure,https://fr.wikipedia.org/?curid=12410779,https://fr.wikipedia.org/wiki/Marie Lamure,Article \u00e0 illustrer Sportif
Adriana Alves,https://fr.wikipedia.org/?curid=12408176,https://fr.wikipedia.org/wiki/Adriana Alves,Wikip\u00e9dia:\u00e9bauche athl\u00e8te
Anne-Sophie Deval,https://fr.wikipedia.org/?curid=1240952,https://fr.wikipedia.org/wiki/Anne-Sophie Deval,Wikip\u00e9dia:\u00e9bauche acteur fran\u00e7ais
Clara Tauson,https://fr.wikipedia.org/?curid=12337566,https://fr.wikipedia.org/wiki/Clara Tauson,Article utilisant une Infobox
Sofia Samodourova,https://fr.wikipedia.org/?curid=12336791,https://fr.wikipedia.org/wiki/Sofia Samodourova,Article utilisant une Infobox
Jeon So-yeon,https://fr.wikipedia.org/?curid=12358172,https://fr.wikipedia.org/wiki/Jeon So-yeon,Article utilisant une Infobox
Julie Mayer,https://fr.wikipedia.org/?curid=1235452,https://fr.wikipedia.org/wiki/Julie Mayer,Article utilisant une Infobox
Michaela Wenig,https://fr.wikipedia.org/?curid=12364879,https://fr.wikipedia.org/wiki/Michaela Wenig,Page utilisant P569
Michelle Visage,https://fr.wikipedia.org/?curid=12365246,https://fr.wikipedia.org/wiki/Michelle Visage,Article contenant un lien mort
Jenny Nowak (ski),https://fr.wikipedia.org/?curid=12369292,https://fr.wikipedia.org/wiki/Jenny Nowak (ski),Page utilisant P569
Ladina Jenny,https://fr.wikipedia.org/?curid=12369415,https://fr.wikipedia.org/wiki/Ladina Jenny,Wikip\u00e9dia:\u00e9bauche personnalit\u00e9 suisse
Lisa H\u00f6rnblad,https://fr.wikipedia.org/?curid=12369085,https://fr.wikipedia.org/wiki/Lisa H\u00f6rnblad,Page utilisant P569
Samuel Johnson,https://fr.wikipedia.org/?curid=125598,https://fr.wikipedia.org/wiki/Samuel Johnson,Article contenant un appel \u00e0 traduction en anglais
Julia Sakara,https://fr.wikipedia.org/?curid=12556262,https://fr.wikipedia.org/wiki/Julia Sakara,Wikip\u00e9dia:\u00e9bauche athl\u00e9tisme
Chloe Arthur,https://fr.wikipedia.org/?curid=12559025,https://fr.wikipedia.org/wiki/Chloe Arthur,Wikip\u00e9dia:\u00e9bauche footballeuse
Kim Ah-joong,https://fr.wikipedia.org/?curid=12549930,https://fr.wikipedia.org/wiki/Kim Ah-joong,Page utilisant P569
Julia Gr\u00fcnwald,https://fr.wikipedia.org/?curid=12549978,https://fr.wikipedia.org/wiki/Julia Gr\u00fcnwald,Wikip\u00e9dia:\u00e9bauche ski alpin
Cynthia Leduc,https://fr.wikipedia.org/?curid=12550274,https://fr.wikipedia.org/wiki/Cynthia Leduc,Wikip\u00e9dia:\u00e9bauche athl\u00e8te fran\u00e7ais
Abigail Kubeka,https://fr.wikipedia.org/?curid=12554612,https://fr.wikipedia.org/wiki/Abigail Kubeka,Page utilisant P27
\u00cdsis Valverde,https://fr.wikipedia.org/?curid=12546689,https://fr.wikipedia.org/wiki/\u00cdsis Valverde,Wikip\u00e9dia:\u00e9bauche acteur br\u00e9silien
Kendra Ch\u00e9ry,https://fr.wikipedia.org/?curid=12545487,https://fr.wikipedia.org/wiki/Kendra Ch\u00e9ry,Article \u00e0 illustrer Joueur de basket-ball
Vid\u00e9ographie de Nicki Minaj,https://fr.wikipedia.org/?curid=12433221,https://fr.wikipedia.org/wiki/Vid\u00e9ographie de Nicki Minaj,Portail:Hip-hop/Articles li\u00e9s
Marion Haerty,https://fr.wikipedia.org/?curid=12472148,https://fr.wikipedia.org/wiki/Marion Haerty,R\u00e9daction \u00e0 am\u00e9liorer
Qi Hui,https://fr.wikipedia.org/?curid=1247112,https://fr.wikipedia.org/wiki/Qi Hui,Wikip\u00e9dia:\u00e9bauche natation
Mikaela Tommy,https://fr.wikipedia.org/?curid=12518071,https://fr.wikipedia.org/wiki/Mikaela Tommy,Page utilisant P569
Karol\u00edna Muchov\u00e1,https://fr.wikipedia.org/?curid=12529411,https://fr.wikipedia.org/wiki/Karol\u00edna Muchov\u00e1,Article utilisant une Infobox
Victoria Mon\u00e9t,https://fr.wikipedia.org/?curid=12563790,https://fr.wikipedia.org/wiki/Victoria Mon\u00e9t,Page utilisant P569
Elena Rukhliada,https://fr.wikipedia.org/?curid=12563960,https://fr.wikipedia.org/wiki/Elena Rukhliada,Page utilisant P569
Liste de pastels de Rosalba Carriera,https://fr.wikipedia.org/?curid=12563416,https://fr.wikipedia.org/wiki/Liste de pastels de Rosalba Carriera,Page utilisant le mod\u00e8le Autorit\u00e9 inactif
Herma Szab\u00f3,https://fr.wikipedia.org/?curid=1256182,https://fr.wikipedia.org/wiki/Herma Szab\u00f3,Article utilisant une Infobox
Victoria Kreuzer,https://fr.wikipedia.org/?curid=12562160,https://fr.wikipedia.org/wiki/Victoria Kreuzer,Article utilisant une Infobox
Charlotte Arter,https://fr.wikipedia.org/?curid=12561683,https://fr.wikipedia.org/wiki/Charlotte Arter,Wikip\u00e9dia:\u00e9bauche athl\u00e9tisme
Rachel Corsie,https://fr.wikipedia.org/?curid=12557391,https://fr.wikipedia.org/wiki/Rachel Corsie,Wikip\u00e9dia:\u00e9bauche footballeuse
Cyrielle Duhamel,https://fr.wikipedia.org/?curid=12520058,https://fr.wikipedia.org/wiki/Cyrielle Duhamel,Article \u00e0 illustrer Nageur
Camille Rast,https://fr.wikipedia.org/?curid=12536447,https://fr.wikipedia.org/wiki/Camille Rast,Article utilisant une Infobox
Maryline Gygax G\u00e9n\u00e9ro,https://fr.wikipedia.org/?curid=12538150,https://fr.wikipedia.org/wiki/Maryline Gygax G\u00e9n\u00e9ro,Page utilisant P569
Woman Like Me,https://fr.wikipedia.org/?curid=12538222,https://fr.wikipedia.org/wiki/Woman Like Me,Article contenant un lien mort
Dhurata Dora,https://fr.wikipedia.org/?curid=12535827,https://fr.wikipedia.org/wiki/Dhurata Dora,Page utilisant P569
Hades (jeu vid\u00e9o),https://fr.wikipedia.org/?curid=12431152,https://fr.wikipedia.org/wiki/Hades (jeu vid\u00e9o),Page utilisant P154
Zhou Xia,https://fr.wikipedia.org/?curid=12431267,https://fr.wikipedia.org/wiki/Zhou Xia,Wikip\u00e9dia:\u00e9bauche athl\u00e8te chinois
Amber Barrett,https://fr.wikipedia.org/?curid=12440276,https://fr.wikipedia.org/wiki/Amber Barrett,Wikip\u00e9dia:\u00e9bauche footballeuse irlandaise
Choi Soo-yeon,https://fr.wikipedia.org/?curid=12440341,https://fr.wikipedia.org/wiki/Choi Soo-yeon,Article utilisant une Infobox
Faten Hammami,https://fr.wikipedia.org/?curid=12439573,https://fr.wikipedia.org/wiki/Faten Hammami,Wikip\u00e9dia:\u00e9bauche sportif tunisien
Lucy Wambui Murigi,https://fr.wikipedia.org/?curid=12534191,https://fr.wikipedia.org/wiki/Lucy Wambui Murigi,Article utilisant une Infobox
Julia Schwaiger,https://fr.wikipedia.org/?curid=12542401,https://fr.wikipedia.org/wiki/Julia Schwaiger,Wikip\u00e9dia:\u00e9bauche biathlon
Gloriana Pellissier,https://fr.wikipedia.org/?curid=12542448,https://fr.wikipedia.org/wiki/Gloriana Pellissier,Page utilisant P569
Evaristo Carriego,https://fr.wikipedia.org/?curid=12523965,https://fr.wikipedia.org/wiki/Evaristo Carriego,Article utilisant une Infobox
Nadia Dajani,https://fr.wikipedia.org/?curid=12519012,https://fr.wikipedia.org/wiki/Nadia Dajani,Page utilisant P569
Chika Anadu,https://fr.wikipedia.org/?curid=12524561,https://fr.wikipedia.org/wiki/Chika Anadu,Page utilisant P569
Nana Kagga,https://fr.wikipedia.org/?curid=12526434,https://fr.wikipedia.org/wiki/Nana Kagga,Page utilisant P569
Thelma Coyne Long,https://fr.wikipedia.org/?curid=1178154,https://fr.wikipedia.org/wiki/Thelma Coyne Long,Article utilisant une Infobox
Tamara Zidan\u0161ek,https://fr.wikipedia.org/?curid=11771281,https://fr.wikipedia.org/wiki/Tamara Zidan\u0161ek,Article utilisant une Infobox
Natalia Matveeva,https://fr.wikipedia.org/?curid=1177963,https://fr.wikipedia.org/wiki/Natalia Matveeva,Wikip\u00e9dia:\u00e9bauche ski de fond
Vibeke Skofterud,https://fr.wikipedia.org/?curid=1177981,https://fr.wikipedia.org/wiki/Vibeke Skofterud,Wikip\u00e9dia:\u00e9bauche ski de fond
Nelly Korda,https://fr.wikipedia.org/?curid=11792784,https://fr.wikipedia.org/wiki/Nelly Korda,Wikip\u00e9dia:\u00e9bauche golf
Michaela Breeze,https://fr.wikipedia.org/?curid=11790193,https://fr.wikipedia.org/wiki/Michaela Breeze,Article contenant un lien mort
Lesley Sharp,https://fr.wikipedia.org/?curid=11790413,https://fr.wikipedia.org/wiki/Lesley Sharp,Article contenant un lien mort
Therese Borss\u00e9n,https://fr.wikipedia.org/?curid=1179050,https://fr.wikipedia.org/wiki/Therese Borss\u00e9n,Article utilisant une Infobox
Komaki Kikuchi,https://fr.wikipedia.org/?curid=11791191,https://fr.wikipedia.org/wiki/Komaki Kikuchi,Wikip\u00e9dia:\u00e9bauche escrimeuse
Discographie de Diam's,https://fr.wikipedia.org/?curid=11791311,https://fr.wikipedia.org/wiki/Discographie de Diam's,Article utilisant une Infobox
Chester A. Arthur,https://fr.wikipedia.org/?curid=120842,https://fr.wikipedia.org/wiki/Chester A. Arthur,Article contenant un appel \u00e0 traduction en anglais
Christine Labrie,https://fr.wikipedia.org/?curid=12061679,https://fr.wikipedia.org/wiki/Christine Labrie,Article utilisant une Infobox
Dong Xue,https://fr.wikipedia.org/?curid=1207130,https://fr.wikipedia.org/wiki/Dong Xue,Wikip\u00e9dia:\u00e9bauche biathlon
Iyo Sky,https://fr.wikipedia.org/?curid=12071488,https://fr.wikipedia.org/wiki/Iyo Sky,Article manquant de r\u00e9f\u00e9rences depuis d\u00e9cembre 2021
Sarah Steele,https://fr.wikipedia.org/?curid=12073412,https://fr.wikipedia.org/wiki/Sarah Steele,Article manquant de r\u00e9f\u00e9rences depuis octobre 2018
Megan Wright,https://fr.wikipedia.org/?curid=12070719,https://fr.wikipedia.org/wiki/Megan Wright,Wikip\u00e9dia:\u00e9bauche sportif canadien
Cristina Iglesias,https://fr.wikipedia.org/?curid=12070918,https://fr.wikipedia.org/wiki/Cristina Iglesias,Page utilisant P569
Mary-Louise Parker,https://fr.wikipedia.org/?curid=1208905,https://fr.wikipedia.org/wiki/Mary-Louise Parker,Article utilisant une Infobox
Khadija Ouardi,https://fr.wikipedia.org/?curid=12100119,https://fr.wikipedia.org/wiki/Khadija Ouardi,Wikip\u00e9dia:\u00e9bauche athl\u00e8te marocain
Brol,https://fr.wikipedia.org/?curid=12091465,https://fr.wikipedia.org/wiki/Brol,Article utilisant une Infobox
Ichiyo Shimizu,https://fr.wikipedia.org/?curid=12091981,https://fr.wikipedia.org/wiki/Ichiyo Shimizu,Page utilisant des arguments dupliqu\u00e9s dans les appels de mod\u00e8le
Imane Taleb,https://fr.wikipedia.org/?curid=12060227,https://fr.wikipedia.org/wiki/Imane Taleb,Wikip\u00e9dia:\u00e9bauche karat\u00e9
Gerina Piller,https://fr.wikipedia.org/?curid=12070125,https://fr.wikipedia.org/wiki/Gerina Piller,Article utilisant une Infobox
Renee Ridgeley,https://fr.wikipedia.org/?curid=12077985,https://fr.wikipedia.org/wiki/Renee Ridgeley,Wikip\u00e9dia:\u00e9bauche acteur am\u00e9ricain
Wendy Hoyte,https://fr.wikipedia.org/?curid=12080418,https://fr.wikipedia.org/wiki/Wendy Hoyte,Wikip\u00e9dia:\u00e9bauche athl\u00e9tisme
Nurgyul Salimova,https://fr.wikipedia.org/?curid=12076647,https://fr.wikipedia.org/wiki/Nurgyul Salimova,Page utilisant P569
Michelle Tyler,https://fr.wikipedia.org/?curid=1203290,https://fr.wikipedia.org/wiki/Michelle Tyler,Article \u00e0 illustrer Joueur de tennis
Aleksandra Babintseva,https://fr.wikipedia.org/?curid=12056975,https://fr.wikipedia.org/wiki/Aleksandra Babintseva,Wikip\u00e9dia:\u00e9bauche sportif russe
Akira Sone,https://fr.wikipedia.org/?curid=12057021,https://fr.wikipedia.org/wiki/Akira Sone,Wikip\u00e9dia:\u00e9bauche sportif japonais
Miku Tashiro,https://fr.wikipedia.org/?curid=12041522,https://fr.wikipedia.org/wiki/Miku Tashiro,Wikip\u00e9dia:\u00e9bauche sportif japonais
Elena Nurgalieva,https://fr.wikipedia.org/?curid=12041622,https://fr.wikipedia.org/wiki/Elena Nurgalieva,Wikip\u00e9dia:\u00e9bauche athl\u00e8te russe
Christa Deguchi,https://fr.wikipedia.org/?curid=12039194,https://fr.wikipedia.org/wiki/Christa Deguchi,Article utilisant une Infobox
Amy Okuda,https://fr.wikipedia.org/?curid=12036532,https://fr.wikipedia.org/wiki/Amy Okuda,Wikip\u00e9dia:\u00e9bauche acteur am\u00e9ricain
Melissa Moon,https://fr.wikipedia.org/?curid=12619495,https://fr.wikipedia.org/wiki/Melissa Moon,Article utilisant une Infobox
Liste des m\u00e9daill\u00e9s aux Jeux olympiques d'\u00e9t\u00e9 de 1936,https://fr.wikipedia.org/?curid=12639115,https://fr.wikipedia.org/wiki/Liste des m\u00e9daill\u00e9s aux Jeux olympiques d'\u00e9t\u00e9 de 1936,Page utilisant une pr\u00e9sentation en colonnes avec un nombre fixe de colonnes
Jasmin Nunige,https://fr.wikipedia.org/?curid=12647408,https://fr.wikipedia.org/wiki/Jasmin Nunige,Article utilisant une Infobox
Aminatou Seyni,https://fr.wikipedia.org/?curid=12646224,https://fr.wikipedia.org/wiki/Aminatou Seyni,Article utilisant une Infobox
Santa Claus Lane,https://fr.wikipedia.org/?curid=12649314,https://fr.wikipedia.org/wiki/Santa Claus Lane,Article utilisant une Infobox
Emma Nilsson,https://fr.wikipedia.org/?curid=12649852,https://fr.wikipedia.org/wiki/Emma Nilsson,Wikip\u00e9dia:\u00e9bauche biathlon
Daisurami Bonne,https://fr.wikipedia.org/?curid=12737778,https://fr.wikipedia.org/wiki/Daisurami Bonne,Wikip\u00e9dia:\u00e9bauche athl\u00e9tisme
Rachida Dati,https://fr.wikipedia.org/?curid=1273789,https://fr.wikipedia.org/wiki/Rachida Dati,Article utilisant une Infobox
Loriana Kuka,https://fr.wikipedia.org/?curid=12737961,https://fr.wikipedia.org/wiki/Loriana Kuka,Wikip\u00e9dia:\u00e9bauche sportif kosovar
Frederick Forsyth,https://fr.wikipedia.org/?curid=127551,https://fr.wikipedia.org/wiki/Frederick Forsyth,Article utilisant une Infobox
Maria Portela,https://fr.wikipedia.org/?curid=12751636,https://fr.wikipedia.org/wiki/Maria Portela,Wikip\u00e9dia:\u00e9bauche personnalit\u00e9 br\u00e9silienne
Simge Ak\u00f6z,https://fr.wikipedia.org/?curid=12751763,https://fr.wikipedia.org/wiki/Simge Ak\u00f6z,Article utilisant une Infobox
Jalousie (chanson d'Ang\u00e8le),https://fr.wikipedia.org/?curid=12751852,https://fr.wikipedia.org/wiki/Jalousie (chanson d'Ang\u00e8le),Article utilisant une Infobox
Kristie Ahn,https://fr.wikipedia.org/?curid=12739546,https://fr.wikipedia.org/wiki/Kristie Ahn,Article utilisant une Infobox
Nada Chroudi,https://fr.wikipedia.org/?curid=12739903,https://fr.wikipedia.org/wiki/Nada Chroudi,Wikip\u00e9dia:\u00e9bauche athl\u00e8te tunisien
