Name,URL1,URL2,First Category
Jennyfer Limage,https://fr.wikipedia.org/?curid=15700915,https://fr.wikipedia.org/wiki/Jennyfer Limage,Article \u00e0 illustrer Footballeur
Vera Hoffmann,https://fr.wikipedia.org/?curid=15749689,https://fr.wikipedia.org/wiki/Vera Hoffmann,Article \u00e0 illustrer Athl\u00e8te
Uta Schmuck,https://fr.wikipedia.org/?curid=15749248,https://fr.wikipedia.org/wiki/Uta Schmuck,Article utilisant une Infobox
Sarah Lavin,https://fr.wikipedia.org/?curid=15747656,https://fr.wikipedia.org/wiki/Sarah Lavin,Wikip\u00e9dia:\u00e9bauche athl\u00e8te irlandais
Chaeyeon (chanteuse),https://fr.wikipedia.org/?curid=15730341,https://fr.wikipedia.org/wiki/Chaeyeon (chanteuse),Wikip\u00e9dia:\u00e9bauche chanteur sud-cor\u00e9en
Marina Satti,https://fr.wikipedia.org/?curid=15735811,https://fr.wikipedia.org/wiki/Marina Satti,Article \u00e0 wikifier depuis juillet 2023
Claire O'Riordan,https://fr.wikipedia.org/?curid=15716244,https://fr.wikipedia.org/wiki/Claire O'Riordan,Article \u00e0 illustrer Footballeur
Kenza Chapelle,https://fr.wikipedia.org/?curid=15724730,https://fr.wikipedia.org/wiki/Kenza Chapelle,Article \u00e0 illustrer Footballeur
Laura Hottenrott,https://fr.wikipedia.org/?curid=15726281,https://fr.wikipedia.org/wiki/Laura Hottenrott,Article utilisant une Infobox
Zaynab Dayibekova,https://fr.wikipedia.org/?curid=15710363,https://fr.wikipedia.org/wiki/Zaynab Dayibekova,Article utilisant une Infobox
Lily Agg,https://fr.wikipedia.org/?curid=15719683,https://fr.wikipedia.org/wiki/Lily Agg,Article utilisant une Infobox
Shea Diamond,https://fr.wikipedia.org/?curid=15719737,https://fr.wikipedia.org/wiki/Shea Diamond,Page utilisant P569
Sarah Kassi,https://fr.wikipedia.org/?curid=15722658,https://fr.wikipedia.org/wiki/Sarah Kassi,Article \u00e0 illustrer Footballeur
N'Ketia Seedo,https://fr.wikipedia.org/?curid=15719220,https://fr.wikipedia.org/wiki/N'Ketia Seedo,Wikip\u00e9dia:\u00e9bauche athl\u00e8te n\u00e9erlandais
Kyra Carusa,https://fr.wikipedia.org/?curid=15741801,https://fr.wikipedia.org/wiki/Kyra Carusa,Article utilisant une Infobox
Viivi Lehikoinen,https://fr.wikipedia.org/?curid=15740184,https://fr.wikipedia.org/wiki/Viivi Lehikoinen,Article utilisant une Infobox
Jade Boho,https://fr.wikipedia.org/?curid=15454478,https://fr.wikipedia.org/wiki/Jade Boho,Page utilisant P27
Farida Feza,https://fr.wikipedia.org/?curid=15632443,https://fr.wikipedia.org/wiki/Farida Feza,Admissibilit\u00e9 \u00e0 v\u00e9rifier depuis ao\u00fbt 2023
Loanne Duvoisin,https://fr.wikipedia.org/?curid=15628179,https://fr.wikipedia.org/wiki/Loanne Duvoisin,Wikip\u00e9dia:\u00e9bauche triathl\u00e8te
Brenda Chebet,https://fr.wikipedia.org/?curid=15628262,https://fr.wikipedia.org/wiki/Brenda Chebet,Wikip\u00e9dia:\u00e9bauche athl\u00e8te k\u00e9nyan
Marwa Abidi,https://fr.wikipedia.org/?curid=15629148,https://fr.wikipedia.org/wiki/Marwa Abidi,Wikip\u00e9dia:\u00e9bauche footballeuse
Eleonora Peroncini,https://fr.wikipedia.org/?curid=15629903,https://fr.wikipedia.org/wiki/Eleonora Peroncini,Wikip\u00e9dia:\u00e9bauche triathl\u00e8te
Marjolaine Pierr\u00e9,https://fr.wikipedia.org/?curid=15631723,https://fr.wikipedia.org/wiki/Marjolaine Pierr\u00e9,Page utilisant P569
Esther Carena,https://fr.wikipedia.org/?curid=15606595,https://fr.wikipedia.org/wiki/Esther Carena,Page utilisant P569
Jelena Lozancic,https://fr.wikipedia.org/?curid=1560047,https://fr.wikipedia.org/wiki/Jelena Lozancic,Article utilisant une Infobox
Sandy Lenz,https://fr.wikipedia.org/?curid=15596300,https://fr.wikipedia.org/wiki/Sandy Lenz,Page utilisant P569
Cha Joo-young,https://fr.wikipedia.org/?curid=15611988,https://fr.wikipedia.org/wiki/Cha Joo-young,Article sans source depuis mai 2023
Naomi Schiff,https://fr.wikipedia.org/?curid=15612020,https://fr.wikipedia.org/wiki/Naomi Schiff,Article contenant un lien mort
Miss Rwanda 2018,https://fr.wikipedia.org/?curid=15611672,https://fr.wikipedia.org/wiki/Miss Rwanda 2018,Portail:Mannequinat/Articles li\u00e9s
Margaret Satupai,https://fr.wikipedia.org/?curid=15580107,https://fr.wikipedia.org/wiki/Margaret Satupai,Article utilisant une Infobox
Catalina Soto,https://fr.wikipedia.org/?curid=15602747,https://fr.wikipedia.org/wiki/Catalina Soto,Wikip\u00e9dia:\u00e9bauche coureur cycliste chilien
Bleu Brigitte,https://fr.wikipedia.org/?curid=15619938,https://fr.wikipedia.org/wiki/Bleu Brigitte,Page utilisant P106
Hanna Kebinger,https://fr.wikipedia.org/?curid=15618927,https://fr.wikipedia.org/wiki/Hanna Kebinger,Article utilisant une Infobox
Juju Noda,https://fr.wikipedia.org/?curid=15584703,https://fr.wikipedia.org/wiki/Juju Noda,Article utilisant une Infobox
Crusader Kings,https://fr.wikipedia.org/?curid=1559084,https://fr.wikipedia.org/wiki/Crusader Kings,Wikip\u00e9dia:\u00e9bauche jeu vid\u00e9o
Simone Boye S\u00f8rensen,https://fr.wikipedia.org/?curid=15452622,https://fr.wikipedia.org/wiki/Simone Boye S\u00f8rensen,Page utilisant P413
Heidi Sevdal,https://fr.wikipedia.org/?curid=15455646,https://fr.wikipedia.org/wiki/Heidi Sevdal,Page utilisant P413
Cat Burns,https://fr.wikipedia.org/?curid=15455904,https://fr.wikipedia.org/wiki/Cat Burns,Article utilisant une Infobox
Gella Vandecaveye,https://fr.wikipedia.org/?curid=1545743,https://fr.wikipedia.org/wiki/Gella Vandecaveye,Article utilisant une Infobox
Lia Thomas,https://fr.wikipedia.org/?curid=15548199,https://fr.wikipedia.org/wiki/Lia Thomas,Page dont la protection est \u00e0 v\u00e9rifier
Virgil Hodge,https://fr.wikipedia.org/?curid=15510659,https://fr.wikipedia.org/wiki/Virgil Hodge,Article utilisant une Infobox
Carla Campra,https://fr.wikipedia.org/?curid=15510740,https://fr.wikipedia.org/wiki/Carla Campra,Wikip\u00e9dia:\u00e9bauche acteur espagnol
Pascale Kovelmann,https://fr.wikipedia.org/?curid=15506776,https://fr.wikipedia.org/wiki/Pascale Kovelmann,Article \u00e0 illustrer Patineur artistique
Florence Cahn,https://fr.wikipedia.org/?curid=15506824,https://fr.wikipedia.org/wiki/Florence Cahn,Page utilisant P569
Eleonora Mendon\u00e7a,https://fr.wikipedia.org/?curid=15508525,https://fr.wikipedia.org/wiki/Eleonora Mendon\u00e7a,Article contenant un appel \u00e0 traduction en anglais
Ella Church Strobell,https://fr.wikipedia.org/?curid=15507561,https://fr.wikipedia.org/wiki/Ella Church Strobell,Page utilisant P569
\u00c9meraude Mawanda,https://fr.wikipedia.org/?curid=15507630,https://fr.wikipedia.org/wiki/\u00c9meraude Mawanda,Wikip\u00e9dia:\u00e9bauche footballeuse
Emily Harrop,https://fr.wikipedia.org/?curid=15507251,https://fr.wikipedia.org/wiki/Emily Harrop,Wikip\u00e9dia:\u00e9bauche ski
Karina Carsolio,https://fr.wikipedia.org/?curid=15569181,https://fr.wikipedia.org/wiki/Karina Carsolio,Article \u00e0 illustrer Athl\u00e8te
Miss America,https://fr.wikipedia.org/?curid=1557164,https://fr.wikipedia.org/wiki/Miss America,Cat\u00e9gorie Commons avec lien local diff\u00e9rent sur Wikidata
Margaret Curtis,https://fr.wikipedia.org/?curid=1556808,https://fr.wikipedia.org/wiki/Margaret Curtis,Article utilisant une Infobox
Eleanor Goss,https://fr.wikipedia.org/?curid=1557031,https://fr.wikipedia.org/wiki/Eleanor Goss,Article utilisant une Infobox
M\u00e9lody Julien,https://fr.wikipedia.org/?curid=15573267,https://fr.wikipedia.org/wiki/M\u00e9lody Julien,Page utilisant P569
Tereapii Tapoki,https://fr.wikipedia.org/?curid=15578416,https://fr.wikipedia.org/wiki/Tereapii Tapoki,Article \u00e0 illustrer Athl\u00e8te
Troupe de la Com\u00e9die-Fran\u00e7aise en 1718,https://fr.wikipedia.org/?curid=15491432,https://fr.wikipedia.org/wiki/Troupe de la Com\u00e9die-Fran\u00e7aise en 1718,Portail:Th\u00e9\u00e2tre/Articles li\u00e9s
Sherry Acker,https://fr.wikipedia.org/?curid=1550662,https://fr.wikipedia.org/wiki/Sherry Acker,Article \u00e0 illustrer Joueur de tennis
Masumi Aoki,https://fr.wikipedia.org/?curid=15504675,https://fr.wikipedia.org/wiki/Masumi Aoki,Article \u00e0 illustrer Athl\u00e8te
Aur\u00e9lien Lescure,https://fr.wikipedia.org/?curid=15550811,https://fr.wikipedia.org/wiki/Aur\u00e9lien Lescure,Article utilisant une Infobox
Nouhaila Benzina,https://fr.wikipedia.org/?curid=15527530,https://fr.wikipedia.org/wiki/Nouhaila Benzina,Article \u00e0 illustrer Footballeur
Darja Varfolomeev,https://fr.wikipedia.org/?curid=15529385,https://fr.wikipedia.org/wiki/Darja Varfolomeev,Page utilisant P641
Floriane Hot,https://fr.wikipedia.org/?curid=15560974,https://fr.wikipedia.org/wiki/Floriane Hot,Article \u00e0 illustrer Athl\u00e8te
Gr\u00e9ta Arn,https://fr.wikipedia.org/?curid=1556254,https://fr.wikipedia.org/wiki/Gr\u00e9ta Arn,Article utilisant une Infobox
Masali Baduza,https://fr.wikipedia.org/?curid=15415510,https://fr.wikipedia.org/wiki/Masali Baduza,Wikip\u00e9dia:\u00e9bauche acteur sud-africain
Sheila Atim,https://fr.wikipedia.org/?curid=15415650,https://fr.wikipedia.org/wiki/Sheila Atim,Page utilisant P569
Park So-yi,https://fr.wikipedia.org/?curid=15387103,https://fr.wikipedia.org/wiki/Park So-yi,Page utilisant P569
Norodom Jenna,https://fr.wikipedia.org/?curid=15387130,https://fr.wikipedia.org/wiki/Norodom Jenna,Article orphelin depuis janvier 2023
Ok Ye-rin,https://fr.wikipedia.org/?curid=15387171,https://fr.wikipedia.org/wiki/Ok Ye-rin,Page utilisant P569
Minji,https://fr.wikipedia.org/?curid=15400523,https://fr.wikipedia.org/wiki/Minji,Article \u00e0 wikifier depuis mars 2023
Brenda Fruhvirtov\u00e1,https://fr.wikipedia.org/?curid=15397717,https://fr.wikipedia.org/wiki/Brenda Fruhvirtov\u00e1,Article utilisant une Infobox
Aliz\u00e9e Pati\u00e8s,https://fr.wikipedia.org/?curid=15453627,https://fr.wikipedia.org/wiki/Aliz\u00e9e Pati\u00e8s,Article \u00e0 illustrer Sportif
Maja Kildemoes,https://fr.wikipedia.org/?curid=15450210,https://fr.wikipedia.org/wiki/Maja Kildemoes,Page utilisant P27
Line Jensen,https://fr.wikipedia.org/?curid=15450244,https://fr.wikipedia.org/wiki/Line Jensen,Page utilisant P27
Ivana Rudeli\u0107,https://fr.wikipedia.org/?curid=15448469,https://fr.wikipedia.org/wiki/Ivana Rudeli\u0107,Article utilisant une Infobox
Charlotte Wells,https://fr.wikipedia.org/?curid=15440172,https://fr.wikipedia.org/wiki/Charlotte Wells,Page utilisant P569
Kira Lipperheide,https://fr.wikipedia.org/?curid=15445855,https://fr.wikipedia.org/wiki/Kira Lipperheide,Wikip\u00e9dia:\u00e9bauche bobsleigh
Kehri Jones,https://fr.wikipedia.org/?curid=15445880,https://fr.wikipedia.org/wiki/Kehri Jones,Wikip\u00e9dia:\u00e9bauche bobsleigh
Amanda Du-Pont,https://fr.wikipedia.org/?curid=15454102,https://fr.wikipedia.org/wiki/Amanda Du-Pont,Page utilisant P569
Mira (chanteuse),https://fr.wikipedia.org/?curid=15450918,https://fr.wikipedia.org/wiki/Mira (chanteuse),Article utilisant une Infobox
Sigrid Fick,https://fr.wikipedia.org/?curid=1545109,https://fr.wikipedia.org/wiki/Sigrid Fick,Article utilisant une Infobox
Lorine Schild,https://fr.wikipedia.org/?curid=15354338,https://fr.wikipedia.org/wiki/Lorine Schild,Page utilisant P569
Chirine Zarrati,https://fr.wikipedia.org/?curid=15325816,https://fr.wikipedia.org/wiki/Chirine Zarrati,Wikip\u00e9dia:\u00e9bauche sportif tunisien
Jean Racine-Prahm,https://fr.wikipedia.org/?curid=15384671,https://fr.wikipedia.org/wiki/Jean Racine-Prahm,Wikip\u00e9dia:\u00e9bauche personnalit\u00e9 am\u00e9ricaine
'Ata Maama Tu'utafaiva,https://fr.wikipedia.org/?curid=15381700,https://fr.wikipedia.org/wiki/'Ata Maama Tu'utafaiva,Article \u00e0 illustrer Athl\u00e8te
Nathalie Makoma,https://fr.wikipedia.org/?curid=1537859,https://fr.wikipedia.org/wiki/Nathalie Makoma,Article contenant un lien mort
Tao Tsuchiya,https://fr.wikipedia.org/?curid=15390240,https://fr.wikipedia.org/wiki/Tao Tsuchiya,Page utilisant P569
Ver\u00f3nica Falc\u00f3n,https://fr.wikipedia.org/?curid=15390424,https://fr.wikipedia.org/wiki/Ver\u00f3nica Falc\u00f3n,Article utilisant une Infobox
Jasmine Abrams,https://fr.wikipedia.org/?curid=15382491,https://fr.wikipedia.org/wiki/Jasmine Abrams,Article \u00e0 illustrer Athl\u00e8te
Miss Belgique 2023,https://fr.wikipedia.org/?curid=15455175,https://fr.wikipedia.org/wiki/Miss Belgique 2023,Article \u00e0 illustrer Miss
Miss Belgique 2022,https://fr.wikipedia.org/?curid=15455217,https://fr.wikipedia.org/wiki/Miss Belgique 2022,Article \u00e0 illustrer Miss
Nicoline S\u00f8rensen,https://fr.wikipedia.org/?curid=15455485,https://fr.wikipedia.org/wiki/Nicoline S\u00f8rensen,Page utilisant P413
Zhang Kexin (ski freestyle),https://fr.wikipedia.org/?curid=15441119,https://fr.wikipedia.org/wiki/Zhang Kexin (ski freestyle),Wikip\u00e9dia:\u00e9bauche ski acrobatique
Saga Vanninen,https://fr.wikipedia.org/?curid=15461642,https://fr.wikipedia.org/wiki/Saga Vanninen,Wikip\u00e9dia:\u00e9bauche athl\u00e9tisme
Amaia Aberasturi,https://fr.wikipedia.org/?curid=15399706,https://fr.wikipedia.org/wiki/Amaia Aberasturi,Page utilisant P569
Oh Ah-rin,https://fr.wikipedia.org/?curid=15389230,https://fr.wikipedia.org/wiki/Oh Ah-rin,Page utilisant P569
Luna Fulgencio,https://fr.wikipedia.org/?curid=15389251,https://fr.wikipedia.org/wiki/Luna Fulgencio,Page utilisant P569
Farzaneh Fasihi,https://fr.wikipedia.org/?curid=15389306,https://fr.wikipedia.org/wiki/Farzaneh Fasihi,Article utilisant une Infobox
Carla Camacho,https://fr.wikipedia.org/?curid=15391297,https://fr.wikipedia.org/wiki/Carla Camacho,Article \u00e0 illustrer Footballeur
Ivanna Sakhno,https://fr.wikipedia.org/?curid=15394481,https://fr.wikipedia.org/wiki/Ivanna Sakhno,Wikip\u00e9dia:\u00e9bauche acteur ukrainien
Marilyn Hassett,https://fr.wikipedia.org/?curid=15465979,https://fr.wikipedia.org/wiki/Marilyn Hassett,Article manquant de r\u00e9f\u00e9rences depuis mars 2023
Gazon maudit,https://fr.wikipedia.org/?curid=159329,https://fr.wikipedia.org/wiki/Gazon maudit,Article utilisant une Infobox
Hana Moll,https://fr.wikipedia.org/?curid=15833470,https://fr.wikipedia.org/wiki/Hana Moll,Wikip\u00e9dia:\u00e9bauche athl\u00e8te am\u00e9ricain
Natalia Linares,https://fr.wikipedia.org/?curid=15821042,https://fr.wikipedia.org/wiki/Natalia Linares,Wikip\u00e9dia:\u00e9bauche athl\u00e8te colombien
Chantal D\u00e4llenbach,https://fr.wikipedia.org/?curid=1584305,https://fr.wikipedia.org/wiki/Chantal D\u00e4llenbach,Wikip\u00e9dia:\u00e9bauche athl\u00e8te fran\u00e7ais
Emily (mannequin),https://fr.wikipedia.org/?curid=15840531,https://fr.wikipedia.org/wiki/Emily (mannequin),Article \u00e0 wikifier depuis ao\u00fbt 2023
Zerfe Wondemagegn,https://fr.wikipedia.org/?curid=15840641,https://fr.wikipedia.org/wiki/Zerfe Wondemagegn,Wikip\u00e9dia:\u00e9bauche athl\u00e8te \u00e9thiopien
Faith Cherotich,https://fr.wikipedia.org/?curid=15840648,https://fr.wikipedia.org/wiki/Faith Cherotich,Wikip\u00e9dia:\u00e9bauche athl\u00e8te k\u00e9nyan
Amane Beriso,https://fr.wikipedia.org/?curid=15839308,https://fr.wikipedia.org/wiki/Amane Beriso,Article utilisant une Infobox
Fatima Ezzahra Gardadi,https://fr.wikipedia.org/?curid=15839322,https://fr.wikipedia.org/wiki/Fatima Ezzahra Gardadi,Article utilisant une Infobox
Colette Rosambert,https://fr.wikipedia.org/?curid=1595277,https://fr.wikipedia.org/wiki/Colette Rosambert,Article \u00e0 illustrer Joueur de tennis
Ruta Gerulaitis,https://fr.wikipedia.org/?curid=1595328,https://fr.wikipedia.org/wiki/Ruta Gerulaitis,Article \u00e0 illustrer Joueur de tennis
StarCraft 2: Wings of Liberty,https://fr.wikipedia.org/?curid=1595096,https://fr.wikipedia.org/wiki/StarCraft 2: Wings of Liberty,Page utilisant P856
Catharina van Hemessen,https://fr.wikipedia.org/?curid=1596264,https://fr.wikipedia.org/wiki/Catharina van Hemessen,Page utilisant P569
Michelle McCool,https://fr.wikipedia.org/?curid=1599561,https://fr.wikipedia.org/wiki/Michelle McCool,Article contenant un lien mort
Ashi Singh,https://fr.wikipedia.org/?curid=15886951,https://fr.wikipedia.org/wiki/Ashi Singh,Article \u00e0 wikifier depuis septembre 2023
Mary Luz And\u00eda,https://fr.wikipedia.org/?curid=15873845,https://fr.wikipedia.org/wiki/Mary Luz And\u00eda,Wikip\u00e9dia:\u00e9bauche athl\u00e9tisme
Eileen Gleeson,https://fr.wikipedia.org/?curid=15876150,https://fr.wikipedia.org/wiki/Eileen Gleeson,Article \u00e0 illustrer Footballeur
Rodrigo Isgr\u00f3,https://fr.wikipedia.org/?curid=15805098,https://fr.wikipedia.org/wiki/Rodrigo Isgr\u00f3,Article utilisant une Infobox
Tamari Davis,https://fr.wikipedia.org/?curid=15799754,https://fr.wikipedia.org/wiki/Tamari Davis,Wikip\u00e9dia:\u00e9bauche athl\u00e8te am\u00e9ricain
Ja\u00ebl Bestu\u00e9,https://fr.wikipedia.org/?curid=15798246,https://fr.wikipedia.org/wiki/Ja\u00ebl Bestu\u00e9,Wikip\u00e9dia:\u00e9bauche athl\u00e8te espagnol
Shawnti Jackson,https://fr.wikipedia.org/?curid=15795876,https://fr.wikipedia.org/wiki/Shawnti Jackson,Article \u00e0 illustrer Athl\u00e8te
Siham Tadlaoui,https://fr.wikipedia.org/?curid=15759198,https://fr.wikipedia.org/wiki/Siham Tadlaoui,Page utilisant des arguments dupliqu\u00e9s dans les appels de mod\u00e8le
Christel Steffin,https://fr.wikipedia.org/?curid=15755101,https://fr.wikipedia.org/wiki/Christel Steffin,Article \u00e0 illustrer Nageur
Gisela Weiss,https://fr.wikipedia.org/?curid=15755152,https://fr.wikipedia.org/wiki/Gisela Weiss,Article utilisant une Infobox
Jutta Weber,https://fr.wikipedia.org/?curid=15755213,https://fr.wikipedia.org/wiki/Jutta Weber,Article utilisant une Infobox
Agneta Eriksson,https://fr.wikipedia.org/?curid=15755775,https://fr.wikipedia.org/wiki/Agneta Eriksson,Article \u00e0 illustrer Nageur
Yemi Mary John,https://fr.wikipedia.org/?curid=15756089,https://fr.wikipedia.org/wiki/Yemi Mary John,Wikip\u00e9dia:\u00e9bauche athl\u00e8te britannique
Janet Steinbeck,https://fr.wikipedia.org/?curid=15782521,https://fr.wikipedia.org/wiki/Janet Steinbeck,Article \u00e0 illustrer Nageur
Claire Bannwarth,https://fr.wikipedia.org/?curid=15782617,https://fr.wikipedia.org/wiki/Claire Bannwarth,Article utilisant une Infobox
Gurutze Frades,https://fr.wikipedia.org/?curid=15783063,https://fr.wikipedia.org/wiki/Gurutze Frades,Wikip\u00e9dia:\u00e9bauche triathl\u00e8te
Alexandra Kremer,https://fr.wikipedia.org/?curid=15784093,https://fr.wikipedia.org/wiki/Alexandra Kremer,Wikip\u00e9dia:\u00e9bauche triathl\u00e8te
Tabita Joseph,https://fr.wikipedia.org/?curid=15784108,https://fr.wikipedia.org/wiki/Tabita Joseph,Article \u00e0 illustrer Footballeur
Nikki Hiltz,https://fr.wikipedia.org/?curid=15784217,https://fr.wikipedia.org/wiki/Nikki Hiltz,Wikip\u00e9dia:\u00e9bauche athl\u00e8te am\u00e9ricain
Lauren Cox,https://fr.wikipedia.org/?curid=15783603,https://fr.wikipedia.org/wiki/Lauren Cox,Article \u00e0 illustrer Nageur
Heike Hustede-Nagel,https://fr.wikipedia.org/?curid=15783703,https://fr.wikipedia.org/wiki/Heike Hustede-Nagel,Article utilisant une Infobox
Uta Frommater,https://fr.wikipedia.org/?curid=15783744,https://fr.wikipedia.org/wiki/Uta Frommater,Article \u00e0 illustrer Nageur
Melissa Satta,https://fr.wikipedia.org/?curid=15751852,https://fr.wikipedia.org/wiki/Melissa Satta,Page utilisant P569
Liz Huett,https://fr.wikipedia.org/?curid=15761445,https://fr.wikipedia.org/wiki/Liz Huett,Page du mod\u00e8le Article comportant une erreur
Megan Carter Davies,https://fr.wikipedia.org/?curid=15757368,https://fr.wikipedia.org/wiki/Megan Carter Davies,Article utilisant une Infobox
Chao Na,https://fr.wikipedia.org/?curid=15757435,https://fr.wikipedia.org/wiki/Chao Na,Article \u00e0 illustrer Nageur
Ellora Torchia,https://fr.wikipedia.org/?curid=15764985,https://fr.wikipedia.org/wiki/Ellora Torchia,Wikip\u00e9dia:\u00e9bauche acteur britannique
Subha Venkatesan,https://fr.wikipedia.org/?curid=15766508,https://fr.wikipedia.org/wiki/Subha Venkatesan,Wikip\u00e9dia:\u00e9bauche athl\u00e8te indien
Naiara Irigoyen,https://fr.wikipedia.org/?curid=15763962,https://fr.wikipedia.org/wiki/Naiara Irigoyen,Article \u00e0 illustrer Athl\u00e8te
Shana Battouri,https://fr.wikipedia.org/?curid=15764094,https://fr.wikipedia.org/wiki/Shana Battouri,Article \u00e0 illustrer Footballeur
Jyothi Yarraji,https://fr.wikipedia.org/?curid=15765477,https://fr.wikipedia.org/wiki/Jyothi Yarraji,Wikip\u00e9dia:\u00e9bauche athl\u00e8te indien
Parul Chaudhary,https://fr.wikipedia.org/?curid=15765487,https://fr.wikipedia.org/wiki/Parul Chaudhary,Wikip\u00e9dia:\u00e9bauche athl\u00e8te indien
Ursula K\u00fcper,https://fr.wikipedia.org/?curid=15779792,https://fr.wikipedia.org/wiki/Ursula K\u00fcper,Article utilisant une Infobox
Telma Encarna\u00e7\u00e3o,https://fr.wikipedia.org/?curid=15786043,https://fr.wikipedia.org/wiki/Telma Encarna\u00e7\u00e3o,Wikip\u00e9dia:\u00e9bauche footballeuse
Bethina Petit-Fr\u00e8re,https://fr.wikipedia.org/?curid=15786075,https://fr.wikipedia.org/wiki/Bethina Petit-Fr\u00e8re,Article \u00e0 illustrer Footballeur
Thal\u00eda Valdivia,https://fr.wikipedia.org/?curid=15786192,https://fr.wikipedia.org/wiki/Thal\u00eda Valdivia,Article \u00e0 illustrer Athl\u00e8te
Ann Osgerby,https://fr.wikipedia.org/?curid=15785483,https://fr.wikipedia.org/wiki/Ann Osgerby,Article \u00e0 illustrer Nageur
Jana D\u00f6rries,https://fr.wikipedia.org/?curid=15786881,https://fr.wikipedia.org/wiki/Jana D\u00f6rries,Article \u00e0 illustrer Nageur
Olga Kiritchenko,https://fr.wikipedia.org/?curid=15786994,https://fr.wikipedia.org/wiki/Olga Kiritchenko,Article \u00e0 illustrer Nageur
Mizuki Tsujimura,https://fr.wikipedia.org/?curid=15771985,https://fr.wikipedia.org/wiki/Mizuki Tsujimura,Article \u00e0 wikifier depuis ao\u00fbt 2023
An Se-young,https://fr.wikipedia.org/?curid=15772078,https://fr.wikipedia.org/wiki/An Se-young,Article utilisant une Infobox
Nuria Herrero,https://fr.wikipedia.org/?curid=15763146,https://fr.wikipedia.org/wiki/Nuria Herrero,Article \u00e0 illustrer Personnalit\u00e9 du cin\u00e9ma
Shanti Pereira,https://fr.wikipedia.org/?curid=15759273,https://fr.wikipedia.org/wiki/Shanti Pereira,Article utilisant une Infobox
Heidemarie Reineck,https://fr.wikipedia.org/?curid=15753373,https://fr.wikipedia.org/wiki/Heidemarie Reineck,Article utilisant une Infobox
Nadeesha Ramanayaka,https://fr.wikipedia.org/?curid=15761126,https://fr.wikipedia.org/wiki/Nadeesha Ramanayaka,Article \u00e0 illustrer Athl\u00e8te
Emma Johnson (natation),https://fr.wikipedia.org/?curid=15763264,https://fr.wikipedia.org/wiki/Emma Johnson (natation),Article \u00e0 illustrer Nageur
Kirsten Thomson,https://fr.wikipedia.org/?curid=15763707,https://fr.wikipedia.org/wiki/Kirsten Thomson,Article \u00e0 illustrer Nageur
Henriette J\u00e6ger,https://fr.wikipedia.org/?curid=15757191,https://fr.wikipedia.org/wiki/Henriette J\u00e6ger,Article utilisant une Infobox
Nian Yun,https://fr.wikipedia.org/?curid=15757858,https://fr.wikipedia.org/wiki/Nian Yun,Article \u00e0 illustrer Nageur
Kay Thomson,https://fr.wikipedia.org/?curid=15805965,https://fr.wikipedia.org/wiki/Kay Thomson,Page utilisant P569
Simrat Kaour,https://fr.wikipedia.org/?curid=15817966,https://fr.wikipedia.org/wiki/Simrat Kaour,Article avec des erreurs de r\u00e9f\u00e9rence
Katie Snowden,https://fr.wikipedia.org/?curid=15831696,https://fr.wikipedia.org/wiki/Katie Snowden,Wikip\u00e9dia:\u00e9bauche athl\u00e8te britannique
Sara Svensk,https://fr.wikipedia.org/?curid=15840469,https://fr.wikipedia.org/wiki/Sara Svensk,Wikip\u00e9dia:\u00e9bauche triathl\u00e8te
Liste des Premi\u00e8res dames de Colombie,https://fr.wikipedia.org/?curid=15850480,https://fr.wikipedia.org/wiki/Liste des Premi\u00e8res dames de Colombie,Article contenant un appel \u00e0 traduction en espagnol
Molly Caudery,https://fr.wikipedia.org/?curid=15848095,https://fr.wikipedia.org/wiki/Molly Caudery,Wikip\u00e9dia:\u00e9bauche athl\u00e9tisme
Araceli Navarro,https://fr.wikipedia.org/?curid=15849247,https://fr.wikipedia.org/wiki/Araceli Navarro,Article contenant un appel \u00e0 traduction en anglais
Andrenette Knight,https://fr.wikipedia.org/?curid=15824499,https://fr.wikipedia.org/wiki/Andrenette Knight,Wikip\u00e9dia:\u00e9bauche athl\u00e8te jama\u00efcain
Arthur Horseau,https://fr.wikipedia.org/?curid=15819830,https://fr.wikipedia.org/wiki/Arthur Horseau,Wikip\u00e9dia:\u00e9bauche triathl\u00e8te
Rosey Effiong,https://fr.wikipedia.org/?curid=15827893,https://fr.wikipedia.org/wiki/Rosey Effiong,Article \u00e0 illustrer Athl\u00e8te
Alexis Holmes,https://fr.wikipedia.org/?curid=15827911,https://fr.wikipedia.org/wiki/Alexis Holmes,Article utilisant une Infobox
Tereza Petr\u017eilkov\u00e1,https://fr.wikipedia.org/?curid=15827938,https://fr.wikipedia.org/wiki/Tereza Petr\u017eilkov\u00e1,Article utilisant une Infobox
Shiann Salmon,https://fr.wikipedia.org/?curid=15846032,https://fr.wikipedia.org/wiki/Shiann Salmon,Wikip\u00e9dia:\u00e9bauche athl\u00e9tisme
Celine Song,https://fr.wikipedia.org/?curid=15844560,https://fr.wikipedia.org/wiki/Celine Song,Page utilisant P569
Kelli O'Hara,https://fr.wikipedia.org/?curid=15847394,https://fr.wikipedia.org/wiki/Kelli O'Hara,Page utilisant P569
Victoria Clark,https://fr.wikipedia.org/?curid=15847429,https://fr.wikipedia.org/wiki/Victoria Clark,Page utilisant P569
Adelle Tracey,https://fr.wikipedia.org/?curid=15839718,https://fr.wikipedia.org/wiki/Adelle Tracey,Wikip\u00e9dia:\u00e9bauche athl\u00e8te
Liste des dames de Montpellier,https://fr.wikipedia.org/?curid=15812646,https://fr.wikipedia.org/wiki/Liste des dames de Montpellier,Portail:Montpellier/Articles li\u00e9s
Naima Fadel,https://fr.wikipedia.org/?curid=15812214,https://fr.wikipedia.org/wiki/Naima Fadel,P413 absent de Wikidata
Andrea Hlav\u00e1\u010dkov\u00e1,https://fr.wikipedia.org/?curid=1581005,https://fr.wikipedia.org/wiki/Andrea Hlav\u00e1\u010dkov\u00e1,Article utilisant une Infobox
Tracey Wainman,https://fr.wikipedia.org/?curid=15809770,https://fr.wikipedia.org/wiki/Tracey Wainman,Page utilisant P569
Petra Cetkovsk\u00e1,https://fr.wikipedia.org/?curid=1580984,https://fr.wikipedia.org/wiki/Petra Cetkovsk\u00e1,Article utilisant une Infobox
Svenja Thoes,https://fr.wikipedia.org/?curid=15836521,https://fr.wikipedia.org/wiki/Svenja Thoes,Wikip\u00e9dia:\u00e9bauche triathl\u00e8te
Lada Vondrov\u00e1,https://fr.wikipedia.org/?curid=15837930,https://fr.wikipedia.org/wiki/Lada Vondrov\u00e1,Article utilisant une Infobox
Vikt\u00f3ria Forster,https://fr.wikipedia.org/?curid=15811821,https://fr.wikipedia.org/wiki/Vikt\u00f3ria Forster,Article \u00e0 illustrer Athl\u00e8te
Vasco Vila\u00e7a,https://fr.wikipedia.org/?curid=15814378,https://fr.wikipedia.org/wiki/Vasco Vila\u00e7a,Article \u00e0 illustrer Sportif
Agate Caune,https://fr.wikipedia.org/?curid=15810504,https://fr.wikipedia.org/wiki/Agate Caune,Wikip\u00e9dia:\u00e9bauche athl\u00e8te letton
Audrey Werro,https://fr.wikipedia.org/?curid=15810530,https://fr.wikipedia.org/wiki/Audrey Werro,Wikip\u00e9dia:\u00e9bauche athl\u00e8te suisse
Sun Shengnan,https://fr.wikipedia.org/?curid=1581089,https://fr.wikipedia.org/wiki/Sun Shengnan,Article \u00e0 illustrer Joueur de tennis
Sabine Sch\u00f6ffmann,https://fr.wikipedia.org/?curid=15474296,https://fr.wikipedia.org/wiki/Sabine Sch\u00f6ffmann,Wikip\u00e9dia:\u00e9bauche personnalit\u00e9 autrichienne
Josie Baff,https://fr.wikipedia.org/?curid=15491716,https://fr.wikipedia.org/wiki/Josie Baff,Wikip\u00e9dia:\u00e9bauche snowboard
Troupe de la Com\u00e9die-Fran\u00e7aise en 1739,https://fr.wikipedia.org/?curid=15491885,https://fr.wikipedia.org/wiki/Troupe de la Com\u00e9die-Fran\u00e7aise en 1739,Portail:Th\u00e9\u00e2tre/Articles li\u00e9s
Isabelle Boffey,https://fr.wikipedia.org/?curid=15494162,https://fr.wikipedia.org/wiki/Isabelle Boffey,Wikip\u00e9dia:\u00e9bauche athl\u00e8te britannique
Riley Tanner,https://fr.wikipedia.org/?curid=15525757,https://fr.wikipedia.org/wiki/Riley Tanner,Article \u00e0 illustrer Footballeur
Hajar Jbilou,https://fr.wikipedia.org/?curid=15526326,https://fr.wikipedia.org/wiki/Hajar Jbilou,Article \u00e0 illustrer Footballeur
Khadija Ben Haddou,https://fr.wikipedia.org/?curid=15522632,https://fr.wikipedia.org/wiki/Khadija Ben Haddou,Article \u00e0 illustrer Footballeur
Cherrelle Garrett,https://fr.wikipedia.org/?curid=15446880,https://fr.wikipedia.org/wiki/Cherrelle Garrett,Wikip\u00e9dia:\u00e9bauche bobsleigh
Lamia Boumehdi,https://fr.wikipedia.org/?curid=15478144,https://fr.wikipedia.org/wiki/Lamia Boumehdi,Article \u00e0 illustrer Footballeur
Emma Patry,https://fr.wikipedia.org/?curid=15475457,https://fr.wikipedia.org/wiki/Emma Patry,Article utilisant une Infobox
Samyuktha Menon,https://fr.wikipedia.org/?curid=15482338,https://fr.wikipedia.org/wiki/Samyuktha Menon,Article \u00e0 wikifier depuis f\u00e9vrier 2023
Annalena Slamik,https://fr.wikipedia.org/?curid=15483539,https://fr.wikipedia.org/wiki/Annalena Slamik,Wikip\u00e9dia:\u00e9bauche combin\u00e9 nordique
Sindy Auvity,https://fr.wikipedia.org/?curid=15483991,https://fr.wikipedia.org/wiki/Sindy Auvity,Page utilisant P569
Sabine Fuchs,https://fr.wikipedia.org/?curid=15500194,https://fr.wikipedia.org/wiki/Sabine Fuchs,Article \u00e0 illustrer Patineur artistique
Cathelijn Peeters,https://fr.wikipedia.org/?curid=15502427,https://fr.wikipedia.org/wiki/Cathelijn Peeters,Article utilisant une Infobox
Alice Mangione,https://fr.wikipedia.org/?curid=15502521,https://fr.wikipedia.org/wiki/Alice Mangione,Article utilisant une Infobox
Sophia Schneider,https://fr.wikipedia.org/?curid=15470709,https://fr.wikipedia.org/wiki/Sophia Schneider,Article utilisant une Infobox
Beatrice Sola,https://fr.wikipedia.org/?curid=15470714,https://fr.wikipedia.org/wiki/Beatrice Sola,Wikip\u00e9dia:\u00e9bauche sportif italien
Sylvaine Duban,https://fr.wikipedia.org/?curid=15469414,https://fr.wikipedia.org/wiki/Sylvaine Duban,Page utilisant P569
Denise Neanne,https://fr.wikipedia.org/?curid=15469436,https://fr.wikipedia.org/wiki/Denise Neanne,Article \u00e0 illustrer Patineur artistique
Martina Hingis,https://fr.wikipedia.org/?curid=154700,https://fr.wikipedia.org/wiki/Martina Hingis,Article utilisant une Infobox
Fanny Cagnard,https://fr.wikipedia.org/?curid=15468951,https://fr.wikipedia.org/wiki/Fanny Cagnard,Page utilisant P569
St\u00e9phanie Ferrer,https://fr.wikipedia.org/?curid=15469008,https://fr.wikipedia.org/wiki/St\u00e9phanie Ferrer,Article \u00e0 illustrer Patineur artistique
Tsubaki Miki,https://fr.wikipedia.org/?curid=15469022,https://fr.wikipedia.org/wiki/Tsubaki Miki,Wikip\u00e9dia:\u00e9bauche personnalit\u00e9 japonaise
Milica Garda\u0161evi\u0107,https://fr.wikipedia.org/?curid=15469125,https://fr.wikipedia.org/wiki/Milica Garda\u0161evi\u0107,Wikip\u00e9dia:\u00e9bauche athl\u00e9tisme
Tu\u011fba Dan\u0131\u015fmaz,https://fr.wikipedia.org/?curid=15469170,https://fr.wikipedia.org/wiki/Tu\u011fba Dan\u0131\u015fmaz,Wikip\u00e9dia:\u00e9bauche athl\u00e9tisme
B\u00e9atrice Farinacci,https://fr.wikipedia.org/?curid=15469277,https://fr.wikipedia.org/wiki/B\u00e9atrice Farinacci,Page utilisant P569
Genevi\u00e8ve Burdel,https://fr.wikipedia.org/?curid=15469895,https://fr.wikipedia.org/wiki/Genevi\u00e8ve Burdel,Page utilisant P569
Tomoka Nishiyama,https://fr.wikipedia.org/?curid=15486380,https://fr.wikipedia.org/wiki/Tomoka Nishiyama,Page utilisant P569
Micha Powell,https://fr.wikipedia.org/?curid=15512245,https://fr.wikipedia.org/wiki/Micha Powell,Wikip\u00e9dia:\u00e9bauche athl\u00e8te canadien
Selina Grotian,https://fr.wikipedia.org/?curid=15514237,https://fr.wikipedia.org/wiki/Selina Grotian,Article utilisant une Infobox
Marion Chevrier,https://fr.wikipedia.org/?curid=15481767,https://fr.wikipedia.org/wiki/Marion Chevrier,Article utilisant une Infobox
Julia M\u00fchlbacher,https://fr.wikipedia.org/?curid=15481780,https://fr.wikipedia.org/wiki/Julia M\u00fchlbacher,Article utilisant une Infobox
Anna Gandler,https://fr.wikipedia.org/?curid=15497006,https://fr.wikipedia.org/wiki/Anna Gandler,Wikip\u00e9dia:\u00e9bauche sportif autrichien
Hanna Faulhaber,https://fr.wikipedia.org/?curid=15497241,https://fr.wikipedia.org/wiki/Hanna Faulhaber,Wikip\u00e9dia:\u00e9bauche sportif am\u00e9ricain
Armelle Flichy,https://fr.wikipedia.org/?curid=15497765,https://fr.wikipedia.org/wiki/Armelle Flichy,Article \u00e0 illustrer Patineur artistique
Georgette Galtier,https://fr.wikipedia.org/?curid=15474788,https://fr.wikipedia.org/wiki/Georgette Galtier,Article utilisant une Infobox
Anastasiya Novosad,https://fr.wikipedia.org/?curid=15475278,https://fr.wikipedia.org/wiki/Anastasiya Novosad,Wikip\u00e9dia:\u00e9bauche personnalit\u00e9 ukrainienne
Marguerite Leduc,https://fr.wikipedia.org/?curid=15472765,https://fr.wikipedia.org/wiki/Marguerite Leduc,Article \u00e0 illustrer Sportif
Janine Monterrain,https://fr.wikipedia.org/?curid=15472801,https://fr.wikipedia.org/wiki/Janine Monterrain,Wikip\u00e9dia:\u00e9bauche ski alpin
Nelly Adamson,https://fr.wikipedia.org/?curid=1308463,https://fr.wikipedia.org/wiki/Nelly Adamson,Article \u00e0 illustrer Joueur de tennis
Dominique Aury,https://fr.wikipedia.org/?curid=130848,https://fr.wikipedia.org/wiki/Dominique Aury,Article contenant un appel \u00e0 traduction en anglais
Miss Belgique 2020,https://fr.wikipedia.org/?curid=13052719,https://fr.wikipedia.org/wiki/Miss Belgique 2020,Article \u00e0 illustrer Miss
Chelsea Marie,https://fr.wikipedia.org/?curid=13075478,https://fr.wikipedia.org/wiki/Chelsea Marie,Wikip\u00e9dia:\u00e9bauche actrice pornographique am\u00e9ricaine
Liste des m\u00e9daill\u00e9s aux Jeux olympiques d'\u00e9t\u00e9 de 1992,https://fr.wikipedia.org/?curid=13083098,https://fr.wikipedia.org/wiki/Liste des m\u00e9daill\u00e9s aux Jeux olympiques d'\u00e9t\u00e9 de 1992,Page utilisant une pr\u00e9sentation en colonnes avec un nombre fixe de colonnes
Suzane,https://fr.wikipedia.org/?curid=13083217,https://fr.wikipedia.org/wiki/Suzane,Article utilisant une Infobox
Hanna Orthmann,https://fr.wikipedia.org/?curid=13083532,https://fr.wikipedia.org/wiki/Hanna Orthmann,Article utilisant une Infobox
Liza Wang,https://fr.wikipedia.org/?curid=13142995,https://fr.wikipedia.org/wiki/Liza Wang,Article utilisant une Infobox
Lorraine Coghlan,https://fr.wikipedia.org/?curid=1314237,https://fr.wikipedia.org/wiki/Lorraine Coghlan,Article \u00e0 illustrer Joueur de tennis
Phoebe Holcroft,https://fr.wikipedia.org/?curid=1314034,https://fr.wikipedia.org/wiki/Phoebe Holcroft,Article utilisant une Infobox
Annabel Croft,https://fr.wikipedia.org/?curid=1314333,https://fr.wikipedia.org/wiki/Annabel Croft,Article utilisant une Infobox
Roxen (chanteuse),https://fr.wikipedia.org/?curid=13130090,https://fr.wikipedia.org/wiki/Roxen (chanteuse),Page utilisant P569
Taky Marie-Divine Kouam\u00e9,https://fr.wikipedia.org/?curid=13132129,https://fr.wikipedia.org/wiki/Taky Marie-Divine Kouam\u00e9,Page utilisant P569
Cl\u00e9o Hamon,https://fr.wikipedia.org/?curid=13053757,https://fr.wikipedia.org/wiki/Cl\u00e9o Hamon,Wikip\u00e9dia:\u00e9bauche patinage artistique
Patricia Canning Todd,https://fr.wikipedia.org/?curid=1308082,https://fr.wikipedia.org/wiki/Patricia Canning Todd,Article utilisant une Infobox
Wilma van Hofwegen,https://fr.wikipedia.org/?curid=13080319,https://fr.wikipedia.org/wiki/Wilma van Hofwegen,Article \u00e0 illustrer Nageur
Sandra Silva,https://fr.wikipedia.org/?curid=13075140,https://fr.wikipedia.org/wiki/Sandra Silva,Wikip\u00e9dia:\u00e9bauche footballeuse
Caitlin McFarlane,https://fr.wikipedia.org/?curid=13054607,https://fr.wikipedia.org/wiki/Caitlin McFarlane,Article utilisant une Infobox
Elisa M\u00f6rzinger,https://fr.wikipedia.org/?curid=13072311,https://fr.wikipedia.org/wiki/Elisa M\u00f6rzinger,Article contenant un appel \u00e0 traduction en allemand
Maria Grazia Roberti,https://fr.wikipedia.org/?curid=13117646,https://fr.wikipedia.org/wiki/Maria Grazia Roberti,Article \u00e0 illustrer Athl\u00e8te
Victoria Georgieva,https://fr.wikipedia.org/?curid=13119261,https://fr.wikipedia.org/wiki/Victoria Georgieva,Article \u00e0 wikifier depuis juin 2021
Yasmine Mouloud,https://fr.wikipedia.org/?curid=13123889,https://fr.wikipedia.org/wiki/Yasmine Mouloud,Wikip\u00e9dia:\u00e9bauche karat\u00e9ka
Carla Salom\u00e9 Rocha,https://fr.wikipedia.org/?curid=13127861,https://fr.wikipedia.org/wiki/Carla Salom\u00e9 Rocha,Wikip\u00e9dia:\u00e9bauche athl\u00e8te portugais
Kati Kov\u00e1cs (chanteuse),https://fr.wikipedia.org/?curid=13127242,https://fr.wikipedia.org/wiki/Kati Kov\u00e1cs (chanteuse),Article contenant un lien mort
Nice to Meet Ya (chanson de Meghan Trainor),https://fr.wikipedia.org/?curid=13127260,https://fr.wikipedia.org/wiki/Nice to Meet Ya (chanson de Meghan Trainor),Article utilisant une Infobox
Dyhia Chikhi,https://fr.wikipedia.org/?curid=13126373,https://fr.wikipedia.org/wiki/Dyhia Chikhi,Page utilisant P569
Vittoria Salvini,https://fr.wikipedia.org/?curid=13126596,https://fr.wikipedia.org/wiki/Vittoria Salvini,Wikip\u00e9dia:\u00e9bauche athl\u00e8te italien
Selma Bedja,https://fr.wikipedia.org/?curid=13123805,https://fr.wikipedia.org/wiki/Selma Bedja,Page utilisant P569
Pierangela Baronchelli,https://fr.wikipedia.org/?curid=13124485,https://fr.wikipedia.org/wiki/Pierangela Baronchelli,Wikip\u00e9dia:\u00e9bauche athl\u00e8te italien
Crystal R. Fox,https://fr.wikipedia.org/?curid=13124629,https://fr.wikipedia.org/wiki/Crystal R. Fox,Article manquant de r\u00e9f\u00e9rences depuis f\u00e9vrier 2020
Shirley Bloomer,https://fr.wikipedia.org/?curid=1309975,https://fr.wikipedia.org/wiki/Shirley Bloomer,Article \u00e0 illustrer Joueur de tennis
Michelle Phillips,https://fr.wikipedia.org/?curid=1304108,https://fr.wikipedia.org/wiki/Michelle Phillips,Article manquant de r\u00e9f\u00e9rences depuis juin 2017
Bernarda Pera,https://fr.wikipedia.org/?curid=13010278,https://fr.wikipedia.org/wiki/Bernarda Pera,Article utilisant une Infobox
Kelly Klein,https://fr.wikipedia.org/?curid=13029752,https://fr.wikipedia.org/wiki/Kelly Klein,Page utilisant P27
Doja Cat,https://fr.wikipedia.org/?curid=13013247,https://fr.wikipedia.org/wiki/Doja Cat,Article contenant un appel \u00e0 traduction en anglais
Lidiia Iakovleva,https://fr.wikipedia.org/?curid=13011158,https://fr.wikipedia.org/wiki/Lidiia Iakovleva,Wikip\u00e9dia:\u00e9bauche saut \u00e0 ski
Jos\u00e9phine Pagnier,https://fr.wikipedia.org/?curid=13011441,https://fr.wikipedia.org/wiki/Jos\u00e9phine Pagnier,Article utilisant une Infobox
Teresa Mo,https://fr.wikipedia.org/?curid=13017831,https://fr.wikipedia.org/wiki/Teresa Mo,Article utilisant une Infobox
Lisa-Maria Zeller,https://fr.wikipedia.org/?curid=13017186,https://fr.wikipedia.org/wiki/Lisa-Maria Zeller,Page utilisant P569
Patr\u00edcia Morais,https://fr.wikipedia.org/?curid=13014499,https://fr.wikipedia.org/wiki/Patr\u00edcia Morais,Article \u00e0 illustrer Footballeur
Kasie Enman,https://fr.wikipedia.org/?curid=13016223,https://fr.wikipedia.org/wiki/Kasie Enman,Article utilisant une Infobox
Karoline Knotten,https://fr.wikipedia.org/?curid=12995895,https://fr.wikipedia.org/wiki/Karoline Knotten,Wikip\u00e9dia:\u00e9bauche sportif norv\u00e9gien
Laura Haefeli,https://fr.wikipedia.org/?curid=13026204,https://fr.wikipedia.org/wiki/Laura Haefeli,Wikip\u00e9dia:\u00e9bauche athl\u00e9tisme
Amber van der Hulst,https://fr.wikipedia.org/?curid=13008500,https://fr.wikipedia.org/wiki/Amber van der Hulst,Page utilisant P569
Linn Svahn,https://fr.wikipedia.org/?curid=12999714,https://fr.wikipedia.org/wiki/Linn Svahn,Article \u00e0 illustrer Sportif
Marianna Salchinger,https://fr.wikipedia.org/?curid=13000484,https://fr.wikipedia.org/wiki/Marianna Salchinger,Article \u00e0 illustrer Sportif
Arisa Matsubara,https://fr.wikipedia.org/?curid=13003243,https://fr.wikipedia.org/wiki/Arisa Matsubara,Wikip\u00e9dia:\u00e9bauche footballeuse
Risako Oga,https://fr.wikipedia.org/?curid=13003251,https://fr.wikipedia.org/wiki/Risako Oga,Wikip\u00e9dia:\u00e9bauche footballeuse
Kiko Seike,https://fr.wikipedia.org/?curid=13003288,https://fr.wikipedia.org/wiki/Kiko Seike,Wikip\u00e9dia:\u00e9bauche footballeuse
Honoka Hayashi,https://fr.wikipedia.org/?curid=13003302,https://fr.wikipedia.org/wiki/Honoka Hayashi,Wikip\u00e9dia:\u00e9bauche footballeuse
Nikki Butterfield,https://fr.wikipedia.org/?curid=12996567,https://fr.wikipedia.org/wiki/Nikki Butterfield,Article utilisant une Infobox
Joana March\u00e3o,https://fr.wikipedia.org/?curid=12996737,https://fr.wikipedia.org/wiki/Joana March\u00e3o,Article \u00e0 illustrer Footballeur
Michele Boyd,https://fr.wikipedia.org/?curid=13002064,https://fr.wikipedia.org/wiki/Michele Boyd,Page utilisant P569
Alfredina Silva,https://fr.wikipedia.org/?curid=13046512,https://fr.wikipedia.org/wiki/Alfredina Silva,Article \u00e0 illustrer Footballeur
C\u00e9cilia Mobuchon,https://fr.wikipedia.org/?curid=12768757,https://fr.wikipedia.org/wiki/C\u00e9cilia Mobuchon,Wikip\u00e9dia:\u00e9bauche athl\u00e8te fran\u00e7ais
Simone Roussel (patinage artistique),https://fr.wikipedia.org/?curid=13204877,https://fr.wikipedia.org/wiki/Simone Roussel (patinage artistique),Article \u00e0 illustrer Patineur artistique
Britt Janyk,https://fr.wikipedia.org/?curid=1320255,https://fr.wikipedia.org/wiki/Britt Janyk,Wikip\u00e9dia:\u00e9bauche ski alpin
Liste des m\u00e9daill\u00e9s aux Jeux olympiques d'\u00e9t\u00e9 de 1960,https://fr.wikipedia.org/?curid=13185401,https://fr.wikipedia.org/wiki/Liste des m\u00e9daill\u00e9s aux Jeux olympiques d'\u00e9t\u00e9 de 1960,Page utilisant une pr\u00e9sentation en colonnes avec un nombre fixe de colonnes
Tell Me You Love Me (album),https://fr.wikipedia.org/?curid=13189037,https://fr.wikipedia.org/wiki/Tell Me You Love Me (album),Wikip\u00e9dia:\u00e9bauche album
Gabriella Varga,https://fr.wikipedia.org/?curid=13193505,https://fr.wikipedia.org/wiki/Gabriella Varga,Article utilisant une Infobox
Confident (chanson de Demi Lovato),https://fr.wikipedia.org/?curid=13191133,https://fr.wikipedia.org/wiki/Confident (chanson de Demi Lovato),Wikip\u00e9dia:\u00e9bauche chanson
Vanesa Gimbert,https://fr.wikipedia.org/?curid=13206732,https://fr.wikipedia.org/wiki/Vanesa Gimbert,Wikip\u00e9dia:\u00e9bauche footballeuse espagnole
Christine Errath,https://fr.wikipedia.org/?curid=1314996,https://fr.wikipedia.org/wiki/Christine Errath,Wikip\u00e9dia:\u00e9bauche patinage artistique
M\u00e9ryll Boulangeat,https://fr.wikipedia.org/?curid=1316745,https://fr.wikipedia.org/wiki/M\u00e9ryll Boulangeat,Article \u00e0 illustrer Sportif
Mathias Colombet,https://fr.wikipedia.org/?curid=13167452,https://fr.wikipedia.org/wiki/Mathias Colombet,Article utilisant une Infobox
St\u00e9lla Christodo\u00falou,https://fr.wikipedia.org/?curid=13195577,https://fr.wikipedia.org/wiki/St\u00e9lla Christodo\u00falou,Article \u00e0 illustrer Joueur de volley-ball
R\u00f3is\u00edn Murphy,https://fr.wikipedia.org/?curid=1319412,https://fr.wikipedia.org/wiki/R\u00f3is\u00edn Murphy,Article utilisant une Infobox
Monika Sozanska,https://fr.wikipedia.org/?curid=13195942,https://fr.wikipedia.org/wiki/Monika Sozanska,Article utilisant une Infobox
Maud Barger Wallach,https://fr.wikipedia.org/?curid=1310694,https://fr.wikipedia.org/wiki/Maud Barger Wallach,Article utilisant une Infobox
Carolin Babcock,https://fr.wikipedia.org/?curid=1310396,https://fr.wikipedia.org/wiki/Carolin Babcock,Article utilisant une Infobox
Siw Inger,https://fr.wikipedia.org/?curid=10894998,https://fr.wikipedia.org/wiki/Siw Inger,Article utilisant une Infobox
Pavlina Nola,https://fr.wikipedia.org/?curid=1089616,https://fr.wikipedia.org/wiki/Pavlina Nola,Article utilisant une Infobox
Heather de Michele,https://fr.wikipedia.org/?curid=10896592,https://fr.wikipedia.org/wiki/Heather de Michele,Wikip\u00e9dia:\u00e9bauche r\u00e9alisateur am\u00e9ricain
Giada Colagrande,https://fr.wikipedia.org/?curid=10896630,https://fr.wikipedia.org/wiki/Giada Colagrande,Wikip\u00e9dia:\u00e9bauche r\u00e9alisateur italien
Starley,https://fr.wikipedia.org/?curid=10896673,https://fr.wikipedia.org/wiki/Starley,Utilisation de Cite certification avec des param\u00e8tres manquants
Shaun Stafford,https://fr.wikipedia.org/?curid=1089304,https://fr.wikipedia.org/wiki/Shaun Stafford,Article \u00e0 illustrer Joueur de tennis
Zeinabu irene Davis,https://fr.wikipedia.org/?curid=12966575,https://fr.wikipedia.org/wiki/Zeinabu irene Davis,Page utilisant P569
Jamila Marreiros,https://fr.wikipedia.org/?curid=12982973,https://fr.wikipedia.org/wiki/Jamila Marreiros,Article utilisant une Infobox
Yoshika Arai,https://fr.wikipedia.org/?curid=12952921,https://fr.wikipedia.org/wiki/Yoshika Arai,Article \u00e0 illustrer Athl\u00e8te
Liste des comtesses et duchesses d'Alen\u00e7on,https://fr.wikipedia.org/?curid=12983356,https://fr.wikipedia.org/wiki/Liste des comtesses et duchesses d'Alen\u00e7on,Article utilisant une Infobox
Miss USA 2009,https://fr.wikipedia.org/?curid=12987842,https://fr.wikipedia.org/wiki/Miss USA 2009,Article utilisant une Infobox
Jia Chaofeng,https://fr.wikipedia.org/?curid=12916869,https://fr.wikipedia.org/wiki/Jia Chaofeng,Article \u00e0 illustrer Athl\u00e8te
Stephanie Sloan,https://fr.wikipedia.org/?curid=13246219,https://fr.wikipedia.org/wiki/Stephanie Sloan,Article \u00e0 illustrer Sportif
Ryujin (rappeuse),https://fr.wikipedia.org/?curid=13243875,https://fr.wikipedia.org/wiki/Ryujin (rappeuse),Article utilisant une Infobox
"Liste des dames, comtesses et duchesses de Montpensier",https://fr.wikipedia.org/?curid=13242486,"https://fr.wikipedia.org/wiki/Liste des dames, comtesses et duchesses de Montpensier",Portail:Auvergne/Articles li\u00e9s
Wu Xuan Yi,https://fr.wikipedia.org/?curid=13242146,https://fr.wikipedia.org/wiki/Wu Xuan Yi,Article utilisant une Infobox
Amy Morton,https://fr.wikipedia.org/?curid=13226091,https://fr.wikipedia.org/wiki/Amy Morton,Wikip\u00e9dia:\u00e9bauche acteur am\u00e9ricain
Girls (chanson de Rita Ora),https://fr.wikipedia.org/?curid=13234825,https://fr.wikipedia.org/wiki/Girls (chanson de Rita Ora),Article contenant un appel \u00e0 traduction en anglais
Esra Bilgi\u00e7,https://fr.wikipedia.org/?curid=13233072,https://fr.wikipedia.org/wiki/Esra Bilgi\u00e7,Article manquant de r\u00e9f\u00e9rences depuis juillet 2022
Shira Haas,https://fr.wikipedia.org/?curid=13233178,https://fr.wikipedia.org/wiki/Shira Haas,Article utilisant une Infobox
NIKI (chanteuse),https://fr.wikipedia.org/?curid=13227531,https://fr.wikipedia.org/wiki/NIKI (chanteuse),Article utilisant une Infobox
Liste des comtesses de Dreux,https://fr.wikipedia.org/?curid=13221329,https://fr.wikipedia.org/wiki/Liste des comtesses de Dreux,Portail:Royaume de France/Articles li\u00e9s
Gerda Steyn,https://fr.wikipedia.org/?curid=13238458,https://fr.wikipedia.org/wiki/Gerda Steyn,Wikip\u00e9dia:\u00e9bauche personnalit\u00e9 sud-africaine
Nam Da-won,https://fr.wikipedia.org/?curid=13251623,https://fr.wikipedia.org/wiki/Nam Da-won,Article utilisant une Infobox
Marijke Jansen,https://fr.wikipedia.org/?curid=1328542,https://fr.wikipedia.org/wiki/Marijke Jansen,Article utilisant une Infobox
Leigh-Anne Thompson,https://fr.wikipedia.org/?curid=1328573,https://fr.wikipedia.org/wiki/Leigh-Anne Thompson,Article \u00e0 illustrer Joueur de tennis
Kristin Godridge,https://fr.wikipedia.org/?curid=1328750,https://fr.wikipedia.org/wiki/Kristin Godridge,Article \u00e0 illustrer Joueur de tennis
Premios TVyNovelas de la Meilleure actrice,https://fr.wikipedia.org/?curid=13284514,https://fr.wikipedia.org/wiki/Premios TVyNovelas de la Meilleure actrice,Article \u00e0 illustrer R\u00e9compense
Miryam Trist\u00e1n,https://fr.wikipedia.org/?curid=13284714,https://fr.wikipedia.org/wiki/Miryam Trist\u00e1n,Wikip\u00e9dia:\u00e9bauche footballeuse
Jori M\u00f8rkve,https://fr.wikipedia.org/?curid=1328487,https://fr.wikipedia.org/wiki/Jori M\u00f8rkve,Wikip\u00e9dia:\u00e9bauche biathlon
Manu Gavassi,https://fr.wikipedia.org/?curid=13287343,https://fr.wikipedia.org/wiki/Manu Gavassi,Page utilisant P569
Birgit Lennartz,https://fr.wikipedia.org/?curid=13290582,https://fr.wikipedia.org/wiki/Birgit Lennartz,Article utilisant une Infobox
Miss Afrique du Sud 2015,https://fr.wikipedia.org/?curid=13279818,https://fr.wikipedia.org/wiki/Miss Afrique du Sud 2015,Article \u00e0 illustrer Miss
Han Ye-ri,https://fr.wikipedia.org/?curid=13254438,https://fr.wikipedia.org/wiki/Han Ye-ri,Page utilisant P569
Linda Mottram,https://fr.wikipedia.org/?curid=1328269,https://fr.wikipedia.org/wiki/Linda Mottram,Article \u00e0 illustrer Joueur de tennis
Sara Larra\u00edn,https://fr.wikipedia.org/?curid=13282758,https://fr.wikipedia.org/wiki/Sara Larra\u00edn,Page utilisant P569
Elizabeth Minter,https://fr.wikipedia.org/?curid=1328284,https://fr.wikipedia.org/wiki/Elizabeth Minter,Article \u00e0 illustrer Joueur de tennis
Miss Afrique du Sud 2016,https://fr.wikipedia.org/?curid=13280895,https://fr.wikipedia.org/wiki/Miss Afrique du Sud 2016,Article \u00e0 illustrer Miss
Elizabeth Ekblom,https://fr.wikipedia.org/?curid=1328372,https://fr.wikipedia.org/wiki/Elizabeth Ekblom,Article \u00e0 illustrer Joueur de tennis
Maryam Henein,https://fr.wikipedia.org/?curid=13281561,https://fr.wikipedia.org/wiki/Maryam Henein,Page utilisant P19
Lena Sandin,https://fr.wikipedia.org/?curid=1328379,https://fr.wikipedia.org/wiki/Lena Sandin,Article \u00e0 illustrer Joueur de tennis
Shuri (comics),https://fr.wikipedia.org/?curid=13265934,https://fr.wikipedia.org/wiki/Shuri (comics),Article utilisant une Infobox
Liste des conjoints des rois du Wessex,https://fr.wikipedia.org/?curid=13272716,https://fr.wikipedia.org/wiki/Liste des conjoints des rois du Wessex,Portail:Anglo-Saxons/Articles li\u00e9s
Neha Uberoi,https://fr.wikipedia.org/?curid=1327163,https://fr.wikipedia.org/wiki/Neha Uberoi,Article \u00e0 illustrer Joueur de tennis
Eunseo,https://fr.wikipedia.org/?curid=13253808,https://fr.wikipedia.org/wiki/Eunseo,Article utilisant une Infobox
Michelle Maier,https://fr.wikipedia.org/?curid=13267245,https://fr.wikipedia.org/wiki/Michelle Maier,Article utilisant une Infobox
Sabrina Ionescu,https://fr.wikipedia.org/?curid=13266871,https://fr.wikipedia.org/wiki/Sabrina Ionescu,Article utilisant une Infobox
Birgit Sonntag,https://fr.wikipedia.org/?curid=13269849,https://fr.wikipedia.org/wiki/Birgit Sonntag,Article \u00e0 illustrer Athl\u00e8te
Yeonjung,https://fr.wikipedia.org/?curid=13269150,https://fr.wikipedia.org/wiki/Yeonjung,Article utilisant une Infobox
Liste des comtesses d'\u00c9vreux,https://fr.wikipedia.org/?curid=13261202,https://fr.wikipedia.org/wiki/Liste des comtesses d'\u00c9vreux,Portail:Histoire/Articles li\u00e9s
Liste des duchesses de Normandie,https://fr.wikipedia.org/?curid=13262091,https://fr.wikipedia.org/wiki/Liste des duchesses de Normandie,Portail:Normandie/Articles li\u00e9s
Johanna Baumgartner,https://fr.wikipedia.org/?curid=13277248,https://fr.wikipedia.org/wiki/Johanna Baumgartner,Wikip\u00e9dia:\u00e9bauche athl\u00e8te allemand
Blair St. Clair,https://fr.wikipedia.org/?curid=13278431,https://fr.wikipedia.org/wiki/Blair St. Clair,Page utilisant P742
Jia Lissa,https://fr.wikipedia.org/?curid=13278757,https://fr.wikipedia.org/wiki/Jia Lissa,Page utilisant P569
Charmaine Sheh,https://fr.wikipedia.org/?curid=13300849,https://fr.wikipedia.org/wiki/Charmaine Sheh,Article utilisant une Infobox
Peaches Bartkowicz,https://fr.wikipedia.org/?curid=1335532,https://fr.wikipedia.org/wiki/Peaches Bartkowicz,Article \u00e0 illustrer Joueur de tennis
Carly Gullickson,https://fr.wikipedia.org/?curid=1336149,https://fr.wikipedia.org/wiki/Carly Gullickson,Article utilisant une Infobox
Hikaru Shida,https://fr.wikipedia.org/?curid=13364395,https://fr.wikipedia.org/wiki/Hikaru Shida,Article \u00e0 recycler/Liste compl\u00e8te
Jacqueline Otchere,https://fr.wikipedia.org/?curid=13365000,https://fr.wikipedia.org/wiki/Jacqueline Otchere,Page utilisant P569
\u00c9lisabeth d'Autriche (1922-1993),https://fr.wikipedia.org/?curid=13344093,https://fr.wikipedia.org/wiki/\u00c9lisabeth d'Autriche (1922-1993),Page utilisant P569
Batcheba Louis,https://fr.wikipedia.org/?curid=13382681,https://fr.wikipedia.org/wiki/Batcheba Louis,Article \u00e0 illustrer Footballeur
Ashete Bekere,https://fr.wikipedia.org/?curid=13382755,https://fr.wikipedia.org/wiki/Ashete Bekere,Wikip\u00e9dia:\u00e9bauche athl\u00e8te \u00e9thiopien
Beverly Baker,https://fr.wikipedia.org/?curid=1333731,https://fr.wikipedia.org/wiki/Beverly Baker,Article \u00e0 illustrer Joueur de tennis
Betty Rosenquest,https://fr.wikipedia.org/?curid=1333666,https://fr.wikipedia.org/wiki/Betty Rosenquest,Article \u00e0 illustrer Joueur de tennis
