Name,URL1,URL2,First Category
Faye Dunaway,https://fr.wikipedia.org/?curid=186136,https://fr.wikipedia.org/wiki/Faye Dunaway,Article utilisant une Infobox
Indiana Jones et le Myst\u00e8re de l'Atlantide,https://fr.wikipedia.org/?curid=186435,https://fr.wikipedia.org/wiki/Indiana Jones et le Myst\u00e8re de l'Atlantide,Page utilisant des donn\u00e9es de Wikidata \u00e0 traduire de l'anglais
Kenia Sinclair,https://fr.wikipedia.org/?curid=1868194,https://fr.wikipedia.org/wiki/Kenia Sinclair,Wikip\u00e9dia:\u00e9bauche athl\u00e8te jama\u00efcain
Ana Johnsson,https://fr.wikipedia.org/?curid=1869757,https://fr.wikipedia.org/wiki/Ana Johnsson,Article utilisant une Infobox
Andreja Mali,https://fr.wikipedia.org/?curid=1869880,https://fr.wikipedia.org/wiki/Andreja Mali,Wikip\u00e9dia:\u00e9bauche biathlon
Teja Gregorin,https://fr.wikipedia.org/?curid=1869881,https://fr.wikipedia.org/wiki/Teja Gregorin,Article utilisant une Infobox
Sara Battaglia,https://fr.wikipedia.org/?curid=1879831,https://fr.wikipedia.org/wiki/Sara Battaglia,Article contenant un lien mort
Hind Dehiba,https://fr.wikipedia.org/?curid=1865199,https://fr.wikipedia.org/wiki/Hind Dehiba,Article utilisant une Infobox
Zhao Xue,https://fr.wikipedia.org/?curid=1736040,https://fr.wikipedia.org/wiki/Zhao Xue,Page utilisant P1559
Ur\u0161ka \u017dolnir,https://fr.wikipedia.org/?curid=1756210,https://fr.wikipedia.org/wiki/Ur\u0161ka \u017dolnir,Article utilisant une Infobox
Lorena Ochoa,https://fr.wikipedia.org/?curid=1760560,https://fr.wikipedia.org/wiki/Lorena Ochoa,Article utilisant une Infobox
Marianne (magazine),https://fr.wikipedia.org/?curid=175883,https://fr.wikipedia.org/wiki/Marianne (magazine),Article utilisant une Infobox
Marianne (timbre-poste),https://fr.wikipedia.org/?curid=175947,https://fr.wikipedia.org/wiki/Marianne (timbre-poste),Portail:Philat\u00e9lie/Articles li\u00e9s
Jodie Sweetin,https://fr.wikipedia.org/?curid=1759894,https://fr.wikipedia.org/wiki/Jodie Sweetin,Wikip\u00e9dia:\u00e9bauche acteur am\u00e9ricain
Stanislas-Andr\u00e9 Steeman,https://fr.wikipedia.org/?curid=177044,https://fr.wikipedia.org/wiki/Stanislas-Andr\u00e9 Steeman,Article utilisant une Infobox
Day of the Tentacle,https://fr.wikipedia.org/?curid=177059,https://fr.wikipedia.org/wiki/Day of the Tentacle,Page utilisant P407
Lucia Morico,https://fr.wikipedia.org/?curid=1701595,https://fr.wikipedia.org/wiki/Lucia Morico,Wikip\u00e9dia:\u00e9bauche judo
Sushmita Sen,https://fr.wikipedia.org/?curid=1711957,https://fr.wikipedia.org/wiki/Sushmita Sen,Page utilisant P1559
Emanuela Pierantozzi,https://fr.wikipedia.org/?curid=1711008,https://fr.wikipedia.org/wiki/Emanuela Pierantozzi,Wikip\u00e9dia:\u00e9bauche judo
Hayley Westenra,https://fr.wikipedia.org/?curid=1786617,https://fr.wikipedia.org/wiki/Hayley Westenra,R\u00e9daction \u00e0 am\u00e9liorer
Jacques Audiard,https://fr.wikipedia.org/?curid=173409,https://fr.wikipedia.org/wiki/Jacques Audiard,Page utilisant P569
Cristie Kerr,https://fr.wikipedia.org/?curid=1722544,https://fr.wikipedia.org/wiki/Cristie Kerr,Wikip\u00e9dia:\u00e9bauche golf
Michelle Akers,https://fr.wikipedia.org/?curid=1723336,https://fr.wikipedia.org/wiki/Michelle Akers,Article \u00e0 illustrer Footballeur
Grace Roosevelt,https://fr.wikipedia.org/?curid=1723396,https://fr.wikipedia.org/wiki/Grace Roosevelt,Article \u00e0 illustrer Joueur de tennis
Christine Amertil,https://fr.wikipedia.org/?curid=1702336,https://fr.wikipedia.org/wiki/Christine Amertil,Wikip\u00e9dia:\u00e9bauche athl\u00e8te baham\u00e9en
Fernande Arendt,https://fr.wikipedia.org/?curid=1714842,https://fr.wikipedia.org/wiki/Fernande Arendt,Page utilisant P569
Eugenia Birioukova,https://fr.wikipedia.org/?curid=1714850,https://fr.wikipedia.org/wiki/Eugenia Birioukova,Article \u00e0 illustrer Joueur de tennis
Edith Sigourney,https://fr.wikipedia.org/?curid=1714852,https://fr.wikipedia.org/wiki/Edith Sigourney,Article utilisant une Infobox
Elizabeth Rastall,https://fr.wikipedia.org/?curid=1714853,https://fr.wikipedia.org/wiki/Elizabeth Rastall,Article \u00e0 illustrer Joueur de tennis
Marjorie Blackwood,https://fr.wikipedia.org/?curid=1675536,https://fr.wikipedia.org/wiki/Marjorie Blackwood,Article \u00e0 illustrer Joueur de tennis
Belva Plain,https://fr.wikipedia.org/?curid=1670291,https://fr.wikipedia.org/wiki/Belva Plain,Article utilisant une Infobox
Tatjana Maria,https://fr.wikipedia.org/?curid=1684518,https://fr.wikipedia.org/wiki/Tatjana Maria,Article utilisant une Infobox
Alberta Brianti,https://fr.wikipedia.org/?curid=1684548,https://fr.wikipedia.org/wiki/Alberta Brianti,Article utilisant une Infobox
Tzipora Obziler,https://fr.wikipedia.org/?curid=1684595,https://fr.wikipedia.org/wiki/Tzipora Obziler,Article utilisant une Infobox
Ilse Heylen,https://fr.wikipedia.org/?curid=1684677,https://fr.wikipedia.org/wiki/Ilse Heylen,Article utilisant une Infobox
Kate Howey,https://fr.wikipedia.org/?curid=1684856,https://fr.wikipedia.org/wiki/Kate Howey,Page utilisant P569
Tori Amos,https://fr.wikipedia.org/?curid=161177,https://fr.wikipedia.org/wiki/Tori Amos,Article utilisant une Infobox
Big Fish (film),https://fr.wikipedia.org/?curid=165589,https://fr.wikipedia.org/wiki/Big Fish (film),Article utilisant une Infobox
Pierre Aidenbaum,https://fr.wikipedia.org/?curid=1657783,https://fr.wikipedia.org/wiki/Pierre Aidenbaum,Article utilisant une Infobox
YUI,https://fr.wikipedia.org/?curid=1676011,https://fr.wikipedia.org/wiki/YUI,Page au nom prot\u00e9g\u00e9
Fr\u00e9d\u00e9ric Belaubre,https://fr.wikipedia.org/?curid=1616915,https://fr.wikipedia.org/wiki/Fr\u00e9d\u00e9ric Belaubre,Article utilisant une Infobox
Marie-Am\u00e9lie Seigner,https://fr.wikipedia.org/?curid=1617735,https://fr.wikipedia.org/wiki/Marie-Am\u00e9lie Seigner,Article manquant de r\u00e9f\u00e9rences depuis d\u00e9cembre 2017
Juhi Chawla,https://fr.wikipedia.org/?curid=1617082,https://fr.wikipedia.org/wiki/Juhi Chawla,Article manquant de r\u00e9f\u00e9rences depuis novembre 2009
Shilpa Shetty,https://fr.wikipedia.org/?curid=1617170,https://fr.wikipedia.org/wiki/Shilpa Shetty,Page utilisant P106
Liste des m\u00e9daill\u00e9s olympiques masculins en judo,https://fr.wikipedia.org/?curid=1609198,https://fr.wikipedia.org/wiki/Liste des m\u00e9daill\u00e9s olympiques masculins en judo,Portail:Jeux olympiques/Articles li\u00e9s
Jenny Staley,https://fr.wikipedia.org/?curid=1675775,https://fr.wikipedia.org/wiki/Jenny Staley,Article utilisant une Infobox
Suzann Pettersen,https://fr.wikipedia.org/?curid=1674350,https://fr.wikipedia.org/wiki/Suzann Pettersen,Article utilisant une Infobox
Anne Keothavong,https://fr.wikipedia.org/?curid=1686113,https://fr.wikipedia.org/wiki/Anne Keothavong,Article utilisant une Infobox
Kim Campbell,https://fr.wikipedia.org/?curid=168810,https://fr.wikipedia.org/wiki/Kim Campbell,Page utilisant des arguments dupliqu\u00e9s dans les appels de mod\u00e8le
Alisa Kleybanova,https://fr.wikipedia.org/?curid=1686713,https://fr.wikipedia.org/wiki/Alisa Kleybanova,Article contenant un lien mort
Isabelle Guion de M\u00e9ritens,https://fr.wikipedia.org/?curid=1680903,https://fr.wikipedia.org/wiki/Isabelle Guion de M\u00e9ritens,Article utilisant une Infobox
Mikele Barber,https://fr.wikipedia.org/?curid=1927740,https://fr.wikipedia.org/wiki/Mikele Barber,Wikip\u00e9dia:\u00e9bauche athl\u00e8te am\u00e9ricain
Nicola Sanders,https://fr.wikipedia.org/?curid=1925449,https://fr.wikipedia.org/wiki/Nicola Sanders,Article utilisant une Infobox
Chrysopiy\u00ed Devetz\u00ed,https://fr.wikipedia.org/?curid=1925849,https://fr.wikipedia.org/wiki/Chrysopiy\u00ed Devetz\u00ed,Article utilisant une Infobox
Austra Skujyt\u0117,https://fr.wikipedia.org/?curid=1926409,https://fr.wikipedia.org/wiki/Austra Skujyt\u0117,Article utilisant une Infobox
Steffi Nerius,https://fr.wikipedia.org/?curid=1926986,https://fr.wikipedia.org/wiki/Steffi Nerius,Article utilisant une Infobox
Barbora \u0160pot\u00e1kov\u00e1,https://fr.wikipedia.org/?curid=1927013,https://fr.wikipedia.org/wiki/Barbora \u0160pot\u00e1kov\u00e1,Article utilisant une Infobox
Alessandra Caribe Moura,https://fr.wikipedia.org/?curid=1927168,https://fr.wikipedia.org/wiki/Alessandra Caribe Moura,Page utilisant P106
Nika Fleiss,https://fr.wikipedia.org/?curid=1927253,https://fr.wikipedia.org/wiki/Nika Fleiss,Article utilisant une Infobox
Xi Shi,https://fr.wikipedia.org/?curid=1927618,https://fr.wikipedia.org/wiki/Xi Shi,Article contenant un lien mort
Lyudmila Kolchanova,https://fr.wikipedia.org/?curid=1922434,https://fr.wikipedia.org/wiki/Lyudmila Kolchanova,Wikip\u00e9dia:\u00e9bauche athl\u00e8te russe
Versions Jane,https://fr.wikipedia.org/?curid=1913220,https://fr.wikipedia.org/wiki/Versions Jane,Wikip\u00e9dia:\u00e9bauche album
Tea Dongouzachvili,https://fr.wikipedia.org/?curid=1924020,https://fr.wikipedia.org/wiki/Tea Dongouzachvili,Wikip\u00e9dia:\u00e9bauche judo
Christina Obergf\u00f6ll,https://fr.wikipedia.org/?curid=1925985,https://fr.wikipedia.org/wiki/Christina Obergf\u00f6ll,Article utilisant une Infobox
Nataliya Dobrynska,https://fr.wikipedia.org/?curid=1897972,https://fr.wikipedia.org/wiki/Nataliya Dobrynska,Article utilisant une Infobox
Oludamola Osayomi,https://fr.wikipedia.org/?curid=1912219,https://fr.wikipedia.org/wiki/Oludamola Osayomi,Wikip\u00e9dia:\u00e9bauche athl\u00e8te nig\u00e9rian
Vasantha Marial Anthony,https://fr.wikipedia.org/?curid=1897149,https://fr.wikipedia.org/wiki/Vasantha Marial Anthony,Page utilisant P569
Jennifer Oeser,https://fr.wikipedia.org/?curid=1897879,https://fr.wikipedia.org/wiki/Jennifer Oeser,Article utilisant une Infobox
Nguyet Anh Vu Thi,https://fr.wikipedia.org/?curid=1897277,https://fr.wikipedia.org/wiki/Nguyet Anh Vu Thi,Wikip\u00e9dia:\u00e9bauche karat\u00e9ka
In\u00eas Henriques,https://fr.wikipedia.org/?curid=1928798,https://fr.wikipedia.org/wiki/In\u00eas Henriques,Article utilisant une Infobox
Ewelina Klocek,https://fr.wikipedia.org/?curid=1928821,https://fr.wikipedia.org/wiki/Ewelina Klocek,Wikip\u00e9dia:\u00e9bauche athl\u00e8te polonais
Huang Xiaoxiao,https://fr.wikipedia.org/?curid=1928830,https://fr.wikipedia.org/wiki/Huang Xiaoxiao,Wikip\u00e9dia:\u00e9bauche athl\u00e8te chinois
St\u00e9phanie Falzon,https://fr.wikipedia.org/?curid=1941329,https://fr.wikipedia.org/wiki/St\u00e9phanie Falzon,Wikip\u00e9dia:\u00e9bauche athl\u00e8te fran\u00e7ais
M\u00e9lina Robert-Michon,https://fr.wikipedia.org/?curid=1941347,https://fr.wikipedia.org/wiki/M\u00e9lina Robert-Michon,Article utilisant une Infobox
Myriam Soumar\u00e9,https://fr.wikipedia.org/?curid=1941382,https://fr.wikipedia.org/wiki/Myriam Soumar\u00e9,Article contenant un lien mort
Trish Johnson,https://fr.wikipedia.org/?curid=1941477,https://fr.wikipedia.org/wiki/Trish Johnson,Wikip\u00e9dia:\u00e9bauche golf
Zsuzsanna Klima,https://fr.wikipedia.org/?curid=1940886,https://fr.wikipedia.org/wiki/Zsuzsanna Klima,Page utilisant P27
Premila Supramaniam,https://fr.wikipedia.org/?curid=1942343,https://fr.wikipedia.org/wiki/Premila Supramaniam,Page utilisant P106
Alexandra Witteborn,https://fr.wikipedia.org/?curid=1942371,https://fr.wikipedia.org/wiki/Alexandra Witteborn,Wikip\u00e9dia:\u00e9bauche karat\u00e9ka allemand
Sarah MacKenzie (personnage),https://fr.wikipedia.org/?curid=1939064,https://fr.wikipedia.org/wiki/Sarah MacKenzie (personnage),Article utilisant une Infobox
Ginnie Crawford,https://fr.wikipedia.org/?curid=1917939,https://fr.wikipedia.org/wiki/Ginnie Crawford,Wikip\u00e9dia:\u00e9bauche athl\u00e8te am\u00e9ricain
Janeth Jepkosgei,https://fr.wikipedia.org/?curid=1918787,https://fr.wikipedia.org/wiki/Janeth Jepkosgei,Article utilisant une Infobox
El\u017cbieta Krzesi\u0144ska,https://fr.wikipedia.org/?curid=1919511,https://fr.wikipedia.org/wiki/El\u017cbieta Krzesi\u0144ska,Article utilisant une Infobox
Naide Gomes,https://fr.wikipedia.org/?curid=1930314,https://fr.wikipedia.org/wiki/Naide Gomes,Article utilisant une Infobox
Nickiesha Wilson,https://fr.wikipedia.org/?curid=1929831,https://fr.wikipedia.org/wiki/Nickiesha Wilson,Wikip\u00e9dia:\u00e9bauche athl\u00e8te jama\u00efcain
Davita Prendergast,https://fr.wikipedia.org/?curid=1929891,https://fr.wikipedia.org/wiki/Davita Prendergast,Wikip\u00e9dia:\u00e9bauche athl\u00e8te jama\u00efcain
Marina Aitova,https://fr.wikipedia.org/?curid=1929359,https://fr.wikipedia.org/wiki/Marina Aitova,Article utilisant une Infobox
Yekaterina Savtchenko,https://fr.wikipedia.org/?curid=1929529,https://fr.wikipedia.org/wiki/Yekaterina Savtchenko,Wikip\u00e9dia:\u00e9bauche athl\u00e8te russe
Vita Palamar,https://fr.wikipedia.org/?curid=1929601,https://fr.wikipedia.org/wiki/Vita Palamar,Wikip\u00e9dia:\u00e9bauche athl\u00e8te ukrainien
Chiara Rosa,https://fr.wikipedia.org/?curid=1921897,https://fr.wikipedia.org/wiki/Chiara Rosa,Article utilisant une Infobox
Britta Johansson Norgren,https://fr.wikipedia.org/?curid=1938758,https://fr.wikipedia.org/wiki/Britta Johansson Norgren,Article utilisant une Infobox
Divine (Glenn Milstead),https://fr.wikipedia.org/?curid=193881,https://fr.wikipedia.org/wiki/Divine (Glenn Milstead),Article contenant un appel \u00e0 traduction en anglais
Louise Ritter,https://fr.wikipedia.org/?curid=1932450,https://fr.wikipedia.org/wiki/Louise Ritter,Wikip\u00e9dia:\u00e9bauche athl\u00e8te am\u00e9ricain
Maria Hjorth,https://fr.wikipedia.org/?curid=1937457,https://fr.wikipedia.org/wiki/Maria Hjorth,Article utilisant une Infobox
Shereefa Lloyd,https://fr.wikipedia.org/?curid=1932346,https://fr.wikipedia.org/wiki/Shereefa Lloyd,Wikip\u00e9dia:\u00e9bauche athl\u00e8te jama\u00efcain
Nad\u00e8ge Bobillier-Chaumont,https://fr.wikipedia.org/?curid=1665774,https://fr.wikipedia.org/wiki/Nad\u00e8ge Bobillier-Chaumont,Article \u00e0 illustrer Patineur artistique
Marisol Nichols,https://fr.wikipedia.org/?curid=1666557,https://fr.wikipedia.org/wiki/Marisol Nichols,Wikip\u00e9dia:\u00e9bauche acteur am\u00e9ricain
Nusch \u00c9luard,https://fr.wikipedia.org/?curid=1602018,https://fr.wikipedia.org/wiki/Nusch \u00c9luard,Article contenant un appel \u00e0 traduction en anglais
Nathalie Cardone,https://fr.wikipedia.org/?curid=162670,https://fr.wikipedia.org/wiki/Nathalie Cardone,Page utilisant P569
Marie Wimer,https://fr.wikipedia.org/?curid=1638788,https://fr.wikipedia.org/wiki/Marie Wimer,Article \u00e0 illustrer Joueur de tennis
Un th\u00e9 au Sahara (film),https://fr.wikipedia.org/?curid=1642405,https://fr.wikipedia.org/wiki/Un th\u00e9 au Sahara (film),Identifiant Bifi titre identique sur Wikidata
Lani O'Grady,https://fr.wikipedia.org/?curid=1648137,https://fr.wikipedia.org/wiki/Lani O'Grady,Article \u00e0 illustrer Personnalit\u00e9 du cin\u00e9ma
Ishtar (chanteuse),https://fr.wikipedia.org/?curid=1600367,https://fr.wikipedia.org/wiki/Ishtar (chanteuse),Article contenant un lien mort
Aleksandra Wozniak,https://fr.wikipedia.org/?curid=1600726,https://fr.wikipedia.org/wiki/Aleksandra Wozniak,Article utilisant une Infobox
Dinara Safina,https://fr.wikipedia.org/?curid=197370,https://fr.wikipedia.org/wiki/Dinara Safina,Article utilisant une Infobox
Chim\u00e8ne Badi,https://fr.wikipedia.org/?curid=197175,https://fr.wikipedia.org/wiki/Chim\u00e8ne Badi,Article contenant un lien mort
Chiara Stella Bux,https://fr.wikipedia.org/?curid=1974895,https://fr.wikipedia.org/wiki/Chiara Stella Bux,Wikip\u00e9dia:\u00e9bauche karat\u00e9ka italien
Amel Bent,https://fr.wikipedia.org/?curid=195468,https://fr.wikipedia.org/wiki/Amel Bent,Article contenant un lien mort
Martin Scorsese,https://fr.wikipedia.org/?curid=1964,https://fr.wikipedia.org/wiki/Martin Scorsese,Article contenant un lien mort
Sarah Haskins,https://fr.wikipedia.org/?curid=1962981,https://fr.wikipedia.org/wiki/Sarah Haskins,Article utilisant une Infobox
Luc\u00e9lia Ribeiro,https://fr.wikipedia.org/?curid=1958301,https://fr.wikipedia.org/wiki/Luc\u00e9lia Ribeiro,Article contenant un lien mort
Ronda Rousey,https://fr.wikipedia.org/?curid=1959293,https://fr.wikipedia.org/wiki/Ronda Rousey,Article \u00e0 recycler/Liste compl\u00e8te
Tong Wen,https://fr.wikipedia.org/?curid=1959420,https://fr.wikipedia.org/wiki/Tong Wen,Wikip\u00e9dia:\u00e9bauche judo
Sofiya Kaspulatova,https://fr.wikipedia.org/?curid=1942905,https://fr.wikipedia.org/wiki/Sofiya Kaspulatova,Wikip\u00e9dia:\u00e9bauche karat\u00e9ka
Amandine Henry,https://fr.wikipedia.org/?curid=1944961,https://fr.wikipedia.org/wiki/Amandine Henry,Article utilisant une Infobox
Lita Ford,https://fr.wikipedia.org/?curid=1977144,https://fr.wikipedia.org/wiki/Lita Ford,Article manquant de r\u00e9f\u00e9rences depuis septembre 2014
Teresa Nzola Meso Ba,https://fr.wikipedia.org/?curid=1796615,https://fr.wikipedia.org/wiki/Teresa Nzola Meso Ba,Wikip\u00e9dia:\u00e9bauche athl\u00e8te fran\u00e7ais
Julia Matijass,https://fr.wikipedia.org/?curid=1811542,https://fr.wikipedia.org/wiki/Julia Matijass,Wikip\u00e9dia:\u00e9bauche judo
Annett B\u00f6hm,https://fr.wikipedia.org/?curid=1811658,https://fr.wikipedia.org/wiki/Annett B\u00f6hm,Wikip\u00e9dia:\u00e9bauche judo
Susanthika Jayasinghe,https://fr.wikipedia.org/?curid=1815397,https://fr.wikipedia.org/wiki/Susanthika Jayasinghe,Article utilisant une Infobox
Antonietta Di Martino,https://fr.wikipedia.org/?curid=1815431,https://fr.wikipedia.org/wiki/Antonietta Di Martino,Article utilisant une Infobox
Mariem Alaoui Selsouli,https://fr.wikipedia.org/?curid=1815522,https://fr.wikipedia.org/wiki/Mariem Alaoui Selsouli,Wikip\u00e9dia:\u00e9bauche athl\u00e8te marocain
Sabrina Washington,https://fr.wikipedia.org/?curid=1768045,https://fr.wikipedia.org/wiki/Sabrina Washington,Article utilisant une Infobox
Suzanne Deve,https://fr.wikipedia.org/?curid=1765295,https://fr.wikipedia.org/wiki/Suzanne Deve,Article utilisant une Infobox
Yvonne de Pfeffel,https://fr.wikipedia.org/?curid=1765305,https://fr.wikipedia.org/wiki/Yvonne de Pfeffel,Article \u00e0 illustrer Joueur de tennis
Yvonne Bourgeois,https://fr.wikipedia.org/?curid=1765308,https://fr.wikipedia.org/wiki/Yvonne Bourgeois,Article \u00e0 illustrer Joueur de tennis
Olga Govortsova,https://fr.wikipedia.org/?curid=1700833,https://fr.wikipedia.org/wiki/Olga Govortsova,Article utilisant une Infobox
Aliz\u00e9e,https://fr.wikipedia.org/?curid=170338,https://fr.wikipedia.org/wiki/Aliz\u00e9e,Article contenant un lien mort
Nancy Pelosi,https://fr.wikipedia.org/?curid=170376,https://fr.wikipedia.org/wiki/Nancy Pelosi,Article utilisant une Infobox
Beth Phoenix,https://fr.wikipedia.org/?curid=1812437,https://fr.wikipedia.org/wiki/Beth Phoenix,Page utilisant P27
Miss Italie,https://fr.wikipedia.org/?curid=1811193,https://fr.wikipedia.org/wiki/Miss Italie,Article utilisant une Infobox
Mary Onyali,https://fr.wikipedia.org/?curid=1696150,https://fr.wikipedia.org/wiki/Mary Onyali,Article utilisant une Infobox
Kristine Lilly,https://fr.wikipedia.org/?curid=1794371,https://fr.wikipedia.org/wiki/Kristine Lilly,Wikip\u00e9dia:\u00e9bauche joueuse am\u00e9ricaine de soccer
Bobbie Gentry,https://fr.wikipedia.org/?curid=1794583,https://fr.wikipedia.org/wiki/Bobbie Gentry,Page utilisant P569
Renate G\u00f6tschl,https://fr.wikipedia.org/?curid=199961,https://fr.wikipedia.org/wiki/Renate G\u00f6tschl,Article utilisant une Infobox
Marianne Vos,https://fr.wikipedia.org/?curid=2000161,https://fr.wikipedia.org/wiki/Marianne Vos,Page utilisant P569
Nicole Cooke,https://fr.wikipedia.org/?curid=2000201,https://fr.wikipedia.org/wiki/Nicole Cooke,Page utilisant P569
Sun Feifei,https://fr.wikipedia.org/?curid=1983709,https://fr.wikipedia.org/wiki/Sun Feifei,Wikip\u00e9dia:\u00e9bauche acteur chinois
Yury Rybak,https://fr.wikipedia.org/?curid=2004934,https://fr.wikipedia.org/wiki/Yury Rybak,Wikip\u00e9dia:\u00e9bauche judo
Stacie Orrico,https://fr.wikipedia.org/?curid=1978684,https://fr.wikipedia.org/wiki/Stacie Orrico,Article utilisant une Infobox
Heidy Rodr\u00edguez,https://fr.wikipedia.org/?curid=1975472,https://fr.wikipedia.org/wiki/Heidy Rodr\u00edguez,Page utilisant P569
Janica Kosteli\u0107,https://fr.wikipedia.org/?curid=199766,https://fr.wikipedia.org/wiki/Janica Kosteli\u0107,Article utilisant une Infobox
Anja P\u00e4rson,https://fr.wikipedia.org/?curid=199716,https://fr.wikipedia.org/wiki/Anja P\u00e4rson,Article utilisant une Infobox
Jocelyne Triadou,https://fr.wikipedia.org/?curid=1981675,https://fr.wikipedia.org/wiki/Jocelyne Triadou,Wikip\u00e9dia:\u00e9bauche judo
Abby Wambach,https://fr.wikipedia.org/?curid=2019073,https://fr.wikipedia.org/wiki/Abby Wambach,Article utilisant une Infobox
Karima Benameur Taieb,https://fr.wikipedia.org/?curid=2019104,https://fr.wikipedia.org/wiki/Karima Benameur Taieb,Wikip\u00e9dia:\u00e9bauche footballeuse fran\u00e7aise
Julia G\u00f6rges,https://fr.wikipedia.org/?curid=1904856,https://fr.wikipedia.org/wiki/Julia G\u00f6rges,Article utilisant une Infobox
Andrea Petkovic,https://fr.wikipedia.org/?curid=1905669,https://fr.wikipedia.org/wiki/Andrea Petkovic,Article utilisant une Infobox
Valerie Adams,https://fr.wikipedia.org/?curid=1898797,https://fr.wikipedia.org/wiki/Valerie Adams,Article utilisant une Infobox
Justine Henin,https://fr.wikipedia.org/?curid=18984,https://fr.wikipedia.org/wiki/Justine Henin,Article utilisant une Infobox
Kat DeLuna,https://fr.wikipedia.org/?curid=1864868,https://fr.wikipedia.org/wiki/Kat DeLuna,Article utilisant une Infobox
C\u00e9cile Duflot,https://fr.wikipedia.org/?curid=439220,https://fr.wikipedia.org/wiki/C\u00e9cile Duflot,Article contenant un lien mort
Champions olympiques autrichiens,https://fr.wikipedia.org/?curid=4380918,https://fr.wikipedia.org/wiki/Champions olympiques autrichiens,Article \u00e0 mettre \u00e0 jour
Vali Ionescu,https://fr.wikipedia.org/?curid=4395970,https://fr.wikipedia.org/wiki/Vali Ionescu,Article utilisant une Infobox
Michelle Roark,https://fr.wikipedia.org/?curid=4388531,https://fr.wikipedia.org/wiki/Michelle Roark,Wikip\u00e9dia:\u00e9bauche ski acrobatique
Jacques Demy,https://fr.wikipedia.org/?curid=43888,https://fr.wikipedia.org/wiki/Jacques Demy,Article contenant un lien mort
Godfrey Rampling,https://fr.wikipedia.org/?curid=4389044,https://fr.wikipedia.org/wiki/Godfrey Rampling,Article utilisant une Infobox
Iekaterina Ilioukhina,https://fr.wikipedia.org/?curid=4527450,https://fr.wikipedia.org/wiki/Iekaterina Ilioukhina,Wikip\u00e9dia:\u00e9bauche snowboard
Carolyn Darbyshire,https://fr.wikipedia.org/?curid=4527994,https://fr.wikipedia.org/wiki/Carolyn Darbyshire,Wikip\u00e9dia:\u00e9bauche curling
Liu Yin,https://fr.wikipedia.org/?curid=4528163,https://fr.wikipedia.org/wiki/Liu Yin,Wikip\u00e9dia:\u00e9bauche curling
Yue Qingshuang,https://fr.wikipedia.org/?curid=4528169,https://fr.wikipedia.org/wiki/Yue Qingshuang,Wikip\u00e9dia:\u00e9bauche curling
Zhou Yan (curling),https://fr.wikipedia.org/?curid=4528178,https://fr.wikipedia.org/wiki/Zhou Yan (curling),Wikip\u00e9dia:\u00e9bauche curling
Liu Jinli,https://fr.wikipedia.org/?curid=4528193,https://fr.wikipedia.org/wiki/Liu Jinli,Wikip\u00e9dia:\u00e9bauche curling
Polona Hercog,https://fr.wikipedia.org/?curid=4528519,https://fr.wikipedia.org/wiki/Polona Hercog,Article utilisant une Infobox
Nastasia Noens,https://fr.wikipedia.org/?curid=4525096,https://fr.wikipedia.org/wiki/Nastasia Noens,Article utilisant une Infobox
Tina Maze,https://fr.wikipedia.org/?curid=444331,https://fr.wikipedia.org/wiki/Tina Maze,Article utilisant une Infobox
Gabi Rockmeier,https://fr.wikipedia.org/?curid=4465280,https://fr.wikipedia.org/wiki/Gabi Rockmeier,Article \u00e0 illustrer Athl\u00e8te
Alexis Rhodes,https://fr.wikipedia.org/?curid=4467231,https://fr.wikipedia.org/wiki/Alexis Rhodes,Page utilisant P569
Maryvonne Dupureur,https://fr.wikipedia.org/?curid=451381,https://fr.wikipedia.org/wiki/Maryvonne Dupureur,Article utilisant une Infobox
Julie Baumann,https://fr.wikipedia.org/?curid=4514123,https://fr.wikipedia.org/wiki/Julie Baumann,Article \u00e0 illustrer Athl\u00e8te
Natasha Hastings,https://fr.wikipedia.org/?curid=4515211,https://fr.wikipedia.org/wiki/Natasha Hastings,Article utilisant une Infobox
Alice McKennis,https://fr.wikipedia.org/?curid=4489540,https://fr.wikipedia.org/wiki/Alice McKennis,Wikip\u00e9dia:\u00e9bauche ski alpin
The Fame Monster,https://fr.wikipedia.org/?curid=4493430,https://fr.wikipedia.org/wiki/The Fame Monster,Article utilisant une Infobox
Isabel Clark Ribeiro,https://fr.wikipedia.org/?curid=4492233,https://fr.wikipedia.org/wiki/Isabel Clark Ribeiro,Wikip\u00e9dia:\u00e9bauche snowboard
Darya Klishina,https://fr.wikipedia.org/?curid=4489170,https://fr.wikipedia.org/wiki/Darya Klishina,Article utilisant une Infobox
Tamsyn Lewis,https://fr.wikipedia.org/?curid=4519516,https://fr.wikipedia.org/wiki/Tamsyn Lewis,Article utilisant une Infobox
Yvette Lewis,https://fr.wikipedia.org/?curid=4515704,https://fr.wikipedia.org/wiki/Yvette Lewis,Wikip\u00e9dia:\u00e9bauche athl\u00e8te am\u00e9ricain
Elly van Hulst,https://fr.wikipedia.org/?curid=4517948,https://fr.wikipedia.org/wiki/Elly van Hulst,Article utilisant une Infobox
Lee Eun-byul,https://fr.wikipedia.org/?curid=4519529,https://fr.wikipedia.org/wiki/Lee Eun-byul,Wikip\u00e9dia:\u00e9bauche patinage de vitesse sur piste courte
Park Seung-hi,https://fr.wikipedia.org/?curid=4519538,https://fr.wikipedia.org/wiki/Park Seung-hi,Wikip\u00e9dia:\u00e9bauche patinage de vitesse sur piste courte
Gabrielle Scharnitzky,https://fr.wikipedia.org/?curid=4550392,https://fr.wikipedia.org/wiki/Gabrielle Scharnitzky,Page utilisant P569
Fab\u00e9 Dia,https://fr.wikipedia.org/?curid=4549687,https://fr.wikipedia.org/wiki/Fab\u00e9 Dia,Article \u00e0 illustrer Athl\u00e8te
Johanna Schnarf,https://fr.wikipedia.org/?curid=4545303,https://fr.wikipedia.org/wiki/Johanna Schnarf,Article utilisant une Infobox
Gin Wigmore,https://fr.wikipedia.org/?curid=4544473,https://fr.wikipedia.org/wiki/Gin Wigmore,Wikip\u00e9dia:\u00e9bauche chanteur
"True Grit (film, 2010)",https://fr.wikipedia.org/?curid=4519931,"https://fr.wikipedia.org/wiki/True Grit (film, 2010)",Article utilisant une Infobox
Anna Frolina,https://fr.wikipedia.org/?curid=4520016,https://fr.wikipedia.org/wiki/Anna Frolina,Wikip\u00e9dia:\u00e9bauche biathlon
Aurore Jean,https://fr.wikipedia.org/?curid=4524384,https://fr.wikipedia.org/wiki/Aurore Jean,Wikip\u00e9dia:\u00e9bauche ski de fond
Katherine Reutter,https://fr.wikipedia.org/?curid=4522187,https://fr.wikipedia.org/wiki/Katherine Reutter,Wikip\u00e9dia:\u00e9bauche patinage de vitesse sur piste courte
Claudia Zackiewicz,https://fr.wikipedia.org/?curid=4522195,https://fr.wikipedia.org/wiki/Claudia Zackiewicz,Wikip\u00e9dia:\u00e9bauche athl\u00e8te allemand
Alyson Dudek,https://fr.wikipedia.org/?curid=4522214,https://fr.wikipedia.org/wiki/Alyson Dudek,Wikip\u00e9dia:\u00e9bauche patinage de vitesse sur piste courte
Allison Baver,https://fr.wikipedia.org/?curid=4522242,https://fr.wikipedia.org/wiki/Allison Baver,Wikip\u00e9dia:\u00e9bauche patinage de vitesse sur piste courte
Orson Welles,https://fr.wikipedia.org/?curid=45923,https://fr.wikipedia.org/wiki/Orson Welles,Article utilisant une Infobox
Akiko Yano,https://fr.wikipedia.org/?curid=4590941,https://fr.wikipedia.org/wiki/Akiko Yano,Wikip\u00e9dia:\u00e9bauche musicien japonais
Ariana Grande,https://fr.wikipedia.org/?curid=4586910,https://fr.wikipedia.org/wiki/Ariana Grande,Article contenant un lien mort
Odile Lesage,https://fr.wikipedia.org/?curid=458694,https://fr.wikipedia.org/wiki/Odile Lesage,Wikip\u00e9dia:\u00e9bauche athl\u00e8te fran\u00e7ais
Irene Jelagat,https://fr.wikipedia.org/?curid=4585666,https://fr.wikipedia.org/wiki/Irene Jelagat,Wikip\u00e9dia:\u00e9bauche athl\u00e8te k\u00e9nyan
Pernilla Wiberg,https://fr.wikipedia.org/?curid=459042,https://fr.wikipedia.org/wiki/Pernilla Wiberg,Article utilisant une Infobox
Florence Kiplagat,https://fr.wikipedia.org/?curid=4590560,https://fr.wikipedia.org/wiki/Florence Kiplagat,Article utilisant une Infobox
Martine Aubry,https://fr.wikipedia.org/?curid=4562177,https://fr.wikipedia.org/wiki/Martine Aubry,Article contenant un lien mort
Elisapie Isaac,https://fr.wikipedia.org/?curid=4577209,https://fr.wikipedia.org/wiki/Elisapie Isaac,Article utilisant une Infobox
Ashlee Ankudinoff,https://fr.wikipedia.org/?curid=4602429,https://fr.wikipedia.org/wiki/Ashlee Ankudinoff,Wikip\u00e9dia:\u00e9bauche coureur cycliste australien
Monique Noirot,https://fr.wikipedia.org/?curid=4604043,https://fr.wikipedia.org/wiki/Monique Noirot,Article \u00e0 illustrer Athl\u00e8te
Bernard Farcy,https://fr.wikipedia.org/?curid=457097,https://fr.wikipedia.org/wiki/Bernard Farcy,Article utilisant une Infobox
Alysia Johnson-Monta\u00f1o,https://fr.wikipedia.org/?curid=4566689,https://fr.wikipedia.org/wiki/Alysia Johnson-Monta\u00f1o,Article utilisant une Infobox
Jasmine Villegas,https://fr.wikipedia.org/?curid=4565200,https://fr.wikipedia.org/wiki/Jasmine Villegas,Article utilisant une Infobox
Lucie \u0160krob\u00e1kov\u00e1,https://fr.wikipedia.org/?curid=4555203,https://fr.wikipedia.org/wiki/Lucie \u0160krob\u00e1kov\u00e1,Wikip\u00e9dia:\u00e9bauche athl\u00e8te tch\u00e8que
Kelly Kelly,https://fr.wikipedia.org/?curid=4487121,https://fr.wikipedia.org/wiki/Kelly Kelly,Page utilisant P27
Ielena Khroustaliova,https://fr.wikipedia.org/?curid=4491767,https://fr.wikipedia.org/wiki/Ielena Khroustaliova,Wikip\u00e9dia:\u00e9bauche biathlon
Ann Lee,https://fr.wikipedia.org/?curid=4553788,https://fr.wikipedia.org/wiki/Ann Lee,Article utilisant une Infobox
Shriya Saran,https://fr.wikipedia.org/?curid=4556210,https://fr.wikipedia.org/wiki/Shriya Saran,Article utilisant une Infobox
Sylvie Roy,https://fr.wikipedia.org/?curid=4654051,https://fr.wikipedia.org/wiki/Sylvie Roy,Article manquant de r\u00e9f\u00e9rences depuis ao\u00fbt 2015
Marie-Claude Bierre,https://fr.wikipedia.org/?curid=4685251,https://fr.wikipedia.org/wiki/Marie-Claude Bierre,Wikip\u00e9dia:\u00e9bauche patinage artistique
Anna-Lena Gr\u00f6nefeld,https://fr.wikipedia.org/?curid=464872,https://fr.wikipedia.org/wiki/Anna-Lena Gr\u00f6nefeld,Article utilisant une Infobox
Alicia Molik,https://fr.wikipedia.org/?curid=464895,https://fr.wikipedia.org/wiki/Alicia Molik,Article utilisant une Infobox
Mag\u00fci Serna,https://fr.wikipedia.org/?curid=464903,https://fr.wikipedia.org/wiki/Mag\u00fci Serna,Article \u00e0 illustrer Joueur de tennis
Nina Otkalenko,https://fr.wikipedia.org/?curid=4682444,https://fr.wikipedia.org/wiki/Nina Otkalenko,Wikip\u00e9dia:\u00e9bauche athl\u00e8te sovi\u00e9tique
Priyanka Chopra Jonas,https://fr.wikipedia.org/?curid=467143,https://fr.wikipedia.org/wiki/Priyanka Chopra Jonas,Page utilisant P551
Des hommes et des dieux,https://fr.wikipedia.org/?curid=4646606,https://fr.wikipedia.org/wiki/Des hommes et des dieux,Article contenant un lien mort
Kremena Kamenova,https://fr.wikipedia.org/?curid=7339945,https://fr.wikipedia.org/wiki/Kremena Kamenova,Article \u00e0 illustrer Joueur de volley-ball
Isabelle Delobel,https://fr.wikipedia.org/?curid=697284,https://fr.wikipedia.org/wiki/Isabelle Delobel,Article contenant un lien mort
Mari Horikawa,https://fr.wikipedia.org/?curid=6988912,https://fr.wikipedia.org/wiki/Mari Horikawa,Article \u00e0 illustrer Joueur de volley-ball
Su Zent,https://fr.wikipedia.org/?curid=6988940,https://fr.wikipedia.org/wiki/Su Zent,Article \u00e0 illustrer Joueur de volley-ball
Ecem \u00c7\u0131rpan,https://fr.wikipedia.org/?curid=6991130,https://fr.wikipedia.org/wiki/Ecem \u00c7\u0131rpan,Article \u00e0 illustrer Joueur de volley-ball
Francisca Imboden,https://fr.wikipedia.org/?curid=6989944,https://fr.wikipedia.org/wiki/Francisca Imboden,Wikip\u00e9dia:\u00e9bauche acteur chilien
Wei Yongli,https://fr.wikipedia.org/?curid=6988528,https://fr.wikipedia.org/wiki/Wei Yongli,Wikip\u00e9dia:\u00e9bauche athl\u00e8te chinois
Kimmie Meissner,https://fr.wikipedia.org/?curid=693304,https://fr.wikipedia.org/wiki/Kimmie Meissner,Wikip\u00e9dia:\u00e9bauche patinage artistique
Arianna Follis,https://fr.wikipedia.org/?curid=692951,https://fr.wikipedia.org/wiki/Arianna Follis,Wikip\u00e9dia:\u00e9bauche ski de fond
Antonella Confortola,https://fr.wikipedia.org/?curid=692953,https://fr.wikipedia.org/wiki/Antonella Confortola,Article utilisant une Infobox
Lucille Ricksen,https://fr.wikipedia.org/?curid=6941315,https://fr.wikipedia.org/wiki/Lucille Ricksen,Article utilisant une Infobox
Stacey Pensgen,https://fr.wikipedia.org/?curid=694254,https://fr.wikipedia.org/wiki/Stacey Pensgen,Wikip\u00e9dia:\u00e9bauche patinage artistique
Tenley Albright,https://fr.wikipedia.org/?curid=692696,https://fr.wikipedia.org/wiki/Tenley Albright,Wikip\u00e9dia:\u00e9bauche patinage artistique
Peggy Fleming,https://fr.wikipedia.org/?curid=694714,https://fr.wikipedia.org/wiki/Peggy Fleming,Wikip\u00e9dia:\u00e9bauche patinage artistique
Cristina Ouvi\u00f1a,https://fr.wikipedia.org/?curid=6947290,https://fr.wikipedia.org/wiki/Cristina Ouvi\u00f1a,Article utilisant une Infobox
Liste des imp\u00e9ratrices du Br\u00e9sil,https://fr.wikipedia.org/?curid=6945968,https://fr.wikipedia.org/wiki/Liste des imp\u00e9ratrices du Br\u00e9sil,Portail:Br\u00e9sil/Articles li\u00e9s
Tetyana Vodopyanova,https://fr.wikipedia.org/?curid=695063,https://fr.wikipedia.org/wiki/Tetyana Vodopyanova,Wikip\u00e9dia:\u00e9bauche biathlon
Emmanuelle Claret,https://fr.wikipedia.org/?curid=694934,https://fr.wikipedia.org/wiki/Emmanuelle Claret,Article \u00e0 illustrer Sportif
Rosita Blomenkamp,https://fr.wikipedia.org/?curid=6973926,https://fr.wikipedia.org/wiki/Rosita Blomenkamp,Article \u00e0 illustrer Joueur de volley-ball
Mariuxi Dom\u00ednguez,https://fr.wikipedia.org/?curid=6974780,https://fr.wikipedia.org/wiki/Mariuxi Dom\u00ednguez,Wikip\u00e9dia:\u00e9bauche journaliste
Carolina Fadic,https://fr.wikipedia.org/?curid=6974867,https://fr.wikipedia.org/wiki/Carolina Fadic,Wikip\u00e9dia:\u00e9bauche acteur chilien
Berta Lasala,https://fr.wikipedia.org/?curid=6974911,https://fr.wikipedia.org/wiki/Berta Lasala,Wikip\u00e9dia:\u00e9bauche acteur chilien
Elfi Eder,https://fr.wikipedia.org/?curid=697500,https://fr.wikipedia.org/wiki/Elfi Eder,Page utilisant P569
Ma\u0142gorzata Sikora,https://fr.wikipedia.org/?curid=6971828,https://fr.wikipedia.org/wiki/Ma\u0142gorzata Sikora,Article \u00e0 illustrer Joueur de volley-ball
Aleksandra Antonova,https://fr.wikipedia.org/?curid=6973683,https://fr.wikipedia.org/wiki/Aleksandra Antonova,Wikip\u00e9dia:\u00e9bauche athl\u00e8te russe
Mizuho Ishida,https://fr.wikipedia.org/?curid=6971757,https://fr.wikipedia.org/wiki/Mizuho Ishida,Article \u00e0 illustrer Joueur de volley-ball
Nikita Tracey,https://fr.wikipedia.org/?curid=6975245,https://fr.wikipedia.org/wiki/Nikita Tracey,Wikip\u00e9dia:\u00e9bauche athl\u00e8te jama\u00efcain
Izabela Piekarska,https://fr.wikipedia.org/?curid=6970122,https://fr.wikipedia.org/wiki/Izabela Piekarska,Article \u00e0 illustrer Joueur de basket-ball
Rida Erlalelitepe,https://fr.wikipedia.org/?curid=6976076,https://fr.wikipedia.org/wiki/Rida Erlalelitepe,Article \u00e0 illustrer Joueur de volley-ball
Holly Flanders,https://fr.wikipedia.org/?curid=697639,https://fr.wikipedia.org/wiki/Holly Flanders,Article \u00e0 illustrer Sportif
Fabienne Ficher,https://fr.wikipedia.org/?curid=6979391,https://fr.wikipedia.org/wiki/Fabienne Ficher,Wikip\u00e9dia:\u00e9bauche athl\u00e8te fran\u00e7ais
Kanari Hamaguchi,https://fr.wikipedia.org/?curid=6977978,https://fr.wikipedia.org/wiki/Kanari Hamaguchi,Article \u00e0 illustrer Joueur de volley-ball
Kitty Carruthers,https://fr.wikipedia.org/?curid=693232,https://fr.wikipedia.org/wiki/Kitty Carruthers,Wikip\u00e9dia:\u00e9bauche patinage artistique
Fanfan (roman),https://fr.wikipedia.org/?curid=6926695,https://fr.wikipedia.org/wiki/Fanfan (roman),Article manquant de r\u00e9f\u00e9rences depuis juin 2022
Daniela Castillo,https://fr.wikipedia.org/?curid=6926764,https://fr.wikipedia.org/wiki/Daniela Castillo,Article utilisant une Infobox
Marie-Anne Fragonard,https://fr.wikipedia.org/?curid=6931415,https://fr.wikipedia.org/wiki/Marie-Anne Fragonard,Wikip\u00e9dia:\u00e9bauche peintre fran\u00e7ais
Anca Safta,https://fr.wikipedia.org/?curid=6969560,https://fr.wikipedia.org/wiki/Anca Safta,Wikip\u00e9dia:\u00e9bauche athl\u00e8te roumain
Veronica Borsi,https://fr.wikipedia.org/?curid=6960110,https://fr.wikipedia.org/wiki/Veronica Borsi,Wikip\u00e9dia:\u00e9bauche athl\u00e8te italien
Olga Tovarnova,https://fr.wikipedia.org/?curid=6968437,https://fr.wikipedia.org/wiki/Olga Tovarnova,Wikip\u00e9dia:\u00e9bauche athl\u00e8te russe
Yuliia Dzhima,https://fr.wikipedia.org/?curid=6927351,https://fr.wikipedia.org/wiki/Yuliia Dzhima,Article utilisant une Infobox
Tai Reina Babilonia,https://fr.wikipedia.org/?curid=692765,https://fr.wikipedia.org/wiki/Tai Reina Babilonia,Wikip\u00e9dia:\u00e9bauche patinage artistique
Berta Castells,https://fr.wikipedia.org/?curid=6024857,https://fr.wikipedia.org/wiki/Berta Castells,Wikip\u00e9dia:\u00e9bauche athl\u00e8te espagnol
Margaret Thatcher,https://fr.wikipedia.org/?curid=60579,https://fr.wikipedia.org/wiki/Margaret Thatcher,Article contenant un appel \u00e0 traduction en anglais
Revolution (s\u00e9rie t\u00e9l\u00e9vis\u00e9e),https://fr.wikipedia.org/?curid=6297284,https://fr.wikipedia.org/wiki/Revolution (s\u00e9rie t\u00e9l\u00e9vis\u00e9e),Article utilisant une Infobox
Miss Chili,https://fr.wikipedia.org/?curid=6297293,https://fr.wikipedia.org/wiki/Miss Chili,Portail:R\u00e9compenses et distinctions/Articles li\u00e9s
Miss Gabon,https://fr.wikipedia.org/?curid=6297518,https://fr.wikipedia.org/wiki/Miss Gabon,Wikip\u00e9dia:\u00e9bauche concours de beaut\u00e9
Tigre et Dragon,https://fr.wikipedia.org/?curid=62816,https://fr.wikipedia.org/wiki/Tigre et Dragon,Article contenant un lien mort
Anastasia Savchenko,https://fr.wikipedia.org/?curid=6300871,https://fr.wikipedia.org/wiki/Anastasia Savchenko,Wikip\u00e9dia:\u00e9bauche athl\u00e8te russe
Tiki Gelana,https://fr.wikipedia.org/?curid=6301759,https://fr.wikipedia.org/wiki/Tiki Gelana,Wikip\u00e9dia:\u00e9bauche athl\u00e8te \u00e9thiopien
Daniela Ceccarelli,https://fr.wikipedia.org/?curid=628180,https://fr.wikipedia.org/wiki/Daniela Ceccarelli,Wikip\u00e9dia:\u00e9bauche ski alpin
Priscilla Gneto,https://fr.wikipedia.org/?curid=6298293,https://fr.wikipedia.org/wiki/Priscilla Gneto,Article utilisant une Infobox
Nathalie Tauziat,https://fr.wikipedia.org/?curid=627601,https://fr.wikipedia.org/wiki/Nathalie Tauziat,Article contenant un lien mort
Luciana Echeverr\u00eda,https://fr.wikipedia.org/?curid=6286357,https://fr.wikipedia.org/wiki/Luciana Echeverr\u00eda,Wikip\u00e9dia:\u00e9bauche acteur chilien
Esther Hullegie,https://fr.wikipedia.org/?curid=6308686,https://fr.wikipedia.org/wiki/Esther Hullegie,Article \u00e0 illustrer Joueur de volley-ball
Ivana Ceb\u00e1kov\u00e1,https://fr.wikipedia.org/?curid=6308718,https://fr.wikipedia.org/wiki/Ivana Ceb\u00e1kov\u00e1,Article \u00e0 illustrer Joueur de volley-ball
LaTavia Roberson,https://fr.wikipedia.org/?curid=630824,https://fr.wikipedia.org/wiki/LaTavia Roberson,Article utilisant une Infobox
Michelle Bult,https://fr.wikipedia.org/?curid=6310894,https://fr.wikipedia.org/wiki/Michelle Bult,Article \u00e0 illustrer Joueur de volley-ball
Phylicia George,https://fr.wikipedia.org/?curid=6292455,https://fr.wikipedia.org/wiki/Phylicia George,Wikip\u00e9dia:\u00e9bauche athl\u00e8te canadien
Lorene Prieto,https://fr.wikipedia.org/?curid=6273675,https://fr.wikipedia.org/wiki/Lorene Prieto,Wikip\u00e9dia:\u00e9bauche acteur n\u00e9o-z\u00e9landais
Thermae Romae,https://fr.wikipedia.org/?curid=6279270,https://fr.wikipedia.org/wiki/Thermae Romae,Article utilisant une Infobox
Beez in the Trap,https://fr.wikipedia.org/?curid=6277123,https://fr.wikipedia.org/wiki/Beez in the Trap,Article utilisant une Infobox
Kirsten Knip,https://fr.wikipedia.org/?curid=6304641,https://fr.wikipedia.org/wiki/Kirsten Knip,Article utilisant une Infobox
Meghan Ory,https://fr.wikipedia.org/?curid=6304764,https://fr.wikipedia.org/wiki/Meghan Ory,Article manquant de r\u00e9f\u00e9rences depuis ao\u00fbt 2019
Brigitte Merlano,https://fr.wikipedia.org/?curid=6304942,https://fr.wikipedia.org/wiki/Brigitte Merlano,Wikip\u00e9dia:\u00e9bauche athl\u00e8te colombien
Elena Lashmanova,https://fr.wikipedia.org/?curid=6305040,https://fr.wikipedia.org/wiki/Elena Lashmanova,Article utilisant une Infobox
Marion Mar\u00e9chal,https://fr.wikipedia.org/?curid=6287956,https://fr.wikipedia.org/wiki/Marion Mar\u00e9chal,Article utilisant une Infobox
Aleksandra Rynk,https://fr.wikipedia.org/?curid=6272674,https://fr.wikipedia.org/wiki/Aleksandra Rynk,Wikip\u00e9dia:\u00e9bauche joueuse italienne de volley-ball
Kristina \u010ce\u0161ljar,https://fr.wikipedia.org/?curid=6274553,https://fr.wikipedia.org/wiki/Kristina \u010ce\u0161ljar,Article \u00e0 illustrer Joueur de volley-ball
Virginia Alfieri,https://fr.wikipedia.org/?curid=6274571,https://fr.wikipedia.org/wiki/Virginia Alfieri,Wikip\u00e9dia:\u00e9bauche joueuse italienne de volley-ball
Beno\u00eet Nicolas,https://fr.wikipedia.org/?curid=6274717,https://fr.wikipedia.org/wiki/Beno\u00eet Nicolas,Article utilisant une Infobox
Liste des m\u00e9daill\u00e9s olympiques en \u00e9quitation,https://fr.wikipedia.org/?curid=6216491,https://fr.wikipedia.org/wiki/Liste des m\u00e9daill\u00e9s olympiques en \u00e9quitation,Portail:Monde \u00e9questre/Articles li\u00e9s
Yulia Ferulik,https://fr.wikipedia.org/?curid=6263872,https://fr.wikipedia.org/wiki/Yulia Ferulik,Article \u00e0 illustrer Joueur de volley-ball
Kiki Bertens,https://fr.wikipedia.org/?curid=6263924,https://fr.wikipedia.org/wiki/Kiki Bertens,Article utilisant une Infobox
Sonja Stani\u0107,https://fr.wikipedia.org/?curid=6265700,https://fr.wikipedia.org/wiki/Sonja Stani\u0107,Article \u00e0 illustrer Joueur de volley-ball
Stone (chanteuse),https://fr.wikipedia.org/?curid=6266963,https://fr.wikipedia.org/wiki/Stone (chanteuse),Page utilisant P569
Delphine Ledoux,https://fr.wikipedia.org/?curid=6244796,https://fr.wikipedia.org/wiki/Delphine Ledoux,Image locale correspondant \u00e0 celle de Wikidata
Maja Gu\u0161tin,https://fr.wikipedia.org/?curid=6243811,https://fr.wikipedia.org/wiki/Maja Gu\u0161tin,Article \u00e0 illustrer Joueur de volley-ball
Kristina Maria,https://fr.wikipedia.org/?curid=6224115,https://fr.wikipedia.org/wiki/Kristina Maria,Article utilisant une Infobox
Olivera Kosti\u0107,https://fr.wikipedia.org/?curid=6258176,https://fr.wikipedia.org/wiki/Olivera Kosti\u0107,Article \u00e0 illustrer Joueur de volley-ball
Friederike Thieme,https://fr.wikipedia.org/?curid=6258193,https://fr.wikipedia.org/wiki/Friederike Thieme,Article \u00e0 illustrer Joueur de volley-ball
Nikolina Tomi\u0107,https://fr.wikipedia.org/?curid=6256202,https://fr.wikipedia.org/wiki/Nikolina Tomi\u0107,Article utilisant une Infobox
Ioana Baciu,https://fr.wikipedia.org/?curid=6247977,https://fr.wikipedia.org/wiki/Ioana Baciu,Article \u00e0 illustrer Joueur de volley-ball
Tommy Robredo,https://fr.wikipedia.org/?curid=623100,https://fr.wikipedia.org/wiki/Tommy Robredo,Article utilisant une Infobox
Karin Palgutov\u00e1,https://fr.wikipedia.org/?curid=6229387,https://fr.wikipedia.org/wiki/Karin Palgutov\u00e1,Article utilisant une Infobox
Michaela Abrh\u00e1mov\u00e1,https://fr.wikipedia.org/?curid=6229357,https://fr.wikipedia.org/wiki/Michaela Abrh\u00e1mov\u00e1,Article utilisant une Infobox
Valeria Straneo,https://fr.wikipedia.org/?curid=6239085,https://fr.wikipedia.org/wiki/Valeria Straneo,Wikip\u00e9dia:\u00e9bauche athl\u00e8te italien
Katelyn Tarver,https://fr.wikipedia.org/?curid=6240846,https://fr.wikipedia.org/wiki/Katelyn Tarver,Article utilisant une Infobox
Nikolina Luki\u0107,https://fr.wikipedia.org/?curid=6253814,https://fr.wikipedia.org/wiki/Nikolina Luki\u0107,Article \u00e0 illustrer Joueur de volley-ball
Valentina Zago,https://fr.wikipedia.org/?curid=6261689,https://fr.wikipedia.org/wiki/Valentina Zago,Wikip\u00e9dia:\u00e9bauche joueuse italienne de volley-ball
Adela Heli\u0107,https://fr.wikipedia.org/?curid=6261703,https://fr.wikipedia.org/wiki/Adela Heli\u0107,Article utilisant une Infobox
Your Love (chanson),https://fr.wikipedia.org/?curid=6259647,https://fr.wikipedia.org/wiki/Your Love (chanson),Article contenant un lien mort
Mercedes Vigil,https://fr.wikipedia.org/?curid=6262465,https://fr.wikipedia.org/wiki/Mercedes Vigil,Wikip\u00e9dia:\u00e9bauche \u00e9crivain uruguayen
Alexandra Klineman,https://fr.wikipedia.org/?curid=6263344,https://fr.wikipedia.org/wiki/Alexandra Klineman,Wikip\u00e9dia:\u00e9bauche joueuse am\u00e9ricaine de volley-ball
Coki Ram\u00edrez,https://fr.wikipedia.org/?curid=6260926,https://fr.wikipedia.org/wiki/Coki Ram\u00edrez,Wikip\u00e9dia:\u00e9bauche acteur argentin
Carlene Carter,https://fr.wikipedia.org/?curid=6251454,https://fr.wikipedia.org/wiki/Carlene Carter,Page utilisant P569
Bojana Markovi\u0107,https://fr.wikipedia.org/?curid=6251398,https://fr.wikipedia.org/wiki/Bojana Markovi\u0107,Article \u00e0 illustrer Joueur de volley-ball
Maureen Connolly,https://fr.wikipedia.org/?curid=622260,https://fr.wikipedia.org/wiki/Maureen Connolly,Article manquant de r\u00e9f\u00e9rences depuis f\u00e9vrier 2021
Jaroslava Smatan\u00edkov\u00e1,https://fr.wikipedia.org/?curid=6221289,https://fr.wikipedia.org/wiki/Jaroslava Smatan\u00edkov\u00e1,Article \u00e0 illustrer Joueur de volley-ball
Ant\u00f3nia Golitkov\u00e1,https://fr.wikipedia.org/?curid=6225440,https://fr.wikipedia.org/wiki/Ant\u00f3nia Golitkov\u00e1,Article \u00e0 illustrer Joueur de volley-ball
Ter\u00e9zia Hinzellerov\u00e1,https://fr.wikipedia.org/?curid=6225450,https://fr.wikipedia.org/wiki/Ter\u00e9zia Hinzellerov\u00e1,Article \u00e0 illustrer Joueur de volley-ball
Antonella Micca,https://fr.wikipedia.org/?curid=6216717,https://fr.wikipedia.org/wiki/Antonella Micca,Wikip\u00e9dia:\u00e9bauche joueuse italienne de volley-ball
Giada Gorini,https://fr.wikipedia.org/?curid=6216738,https://fr.wikipedia.org/wiki/Giada Gorini,Wikip\u00e9dia:\u00e9bauche joueuse italienne de volley-ball
Sanja Trivunovi\u0107,https://fr.wikipedia.org/?curid=6260119,https://fr.wikipedia.org/wiki/Sanja Trivunovi\u0107,Article \u00e0 illustrer Joueur de volley-ball
Brankica Stevanovi\u0107,https://fr.wikipedia.org/?curid=6270509,https://fr.wikipedia.org/wiki/Brankica Stevanovi\u0107,Article \u00e0 illustrer Joueur de volley-ball
Kenza Dali,https://fr.wikipedia.org/?curid=6268832,https://fr.wikipedia.org/wiki/Kenza Dali,Article utilisant une Infobox
Delphine Batho,https://fr.wikipedia.org/?curid=626751,https://fr.wikipedia.org/wiki/Delphine Batho,Page utilisant des arguments dupliqu\u00e9s dans les appels de mod\u00e8le
Hilda Strike,https://fr.wikipedia.org/?curid=5927896,https://fr.wikipedia.org/wiki/Hilda Strike,Wikip\u00e9dia:\u00e9bauche athl\u00e8te canadien
Helena Ranaldi,https://fr.wikipedia.org/?curid=5946634,https://fr.wikipedia.org/wiki/Helena Ranaldi,Article utilisant une Infobox
Liste des femmes gouverneurs d'un \u00c9tat am\u00e9ricain,https://fr.wikipedia.org/?curid=5947925,https://fr.wikipedia.org/wiki/Liste des femmes gouverneurs d'un \u00c9tat am\u00e9ricain,Page utilisant une frise chronologique
Juliana Costa,https://fr.wikipedia.org/?curid=5948535,https://fr.wikipedia.org/wiki/Juliana Costa,Article \u00e0 illustrer Joueur de volley-ball
Melanie Faisst,https://fr.wikipedia.org/?curid=5949030,https://fr.wikipedia.org/wiki/Melanie Faisst,Article contenant un lien mort
Brit Marling,https://fr.wikipedia.org/?curid=6013088,https://fr.wikipedia.org/wiki/Brit Marling,Wikip\u00e9dia:\u00e9bauche acteur am\u00e9ricain
Kim So-eun,https://fr.wikipedia.org/?curid=6013184,https://fr.wikipedia.org/wiki/Kim So-eun,Article contenant un lien mort
Reine des abeilles,https://fr.wikipedia.org/?curid=6011615,https://fr.wikipedia.org/wiki/Reine des abeilles,Portail:Entomologie/Articles li\u00e9s
Miss Alaska USA,https://fr.wikipedia.org/?curid=6012287,https://fr.wikipedia.org/wiki/Miss Alaska USA,Article utilisant une Infobox
"Jewelpets, le royaume des bijoux",https://fr.wikipedia.org/?curid=5978043,"https://fr.wikipedia.org/wiki/Jewelpets, le royaume des bijoux",Article manquant de r\u00e9f\u00e9rences depuis janvier 2012
Margarita Mukasheva,https://fr.wikipedia.org/?curid=5966311,https://fr.wikipedia.org/wiki/Margarita Mukasheva,Wikip\u00e9dia:\u00e9bauche athl\u00e8te kazakh
Liu Haili,https://fr.wikipedia.org/?curid=5966507,https://fr.wikipedia.org/wiki/Liu Haili,Wikip\u00e9dia:\u00e9bauche athl\u00e8te chinois
Agn\u00e8s Buzyn,https://fr.wikipedia.org/?curid=5965545,https://fr.wikipedia.org/wiki/Agn\u00e8s Buzyn,Article utilisant une Infobox
Stefanie Karg,https://fr.wikipedia.org/?curid=6006627,https://fr.wikipedia.org/wiki/Stefanie Karg,Article utilisant une Infobox
Shanelle Porter,https://fr.wikipedia.org/?curid=6004419,https://fr.wikipedia.org/wiki/Shanelle Porter,Wikip\u00e9dia:\u00e9bauche athl\u00e8te am\u00e9ricain
Havana Brown (DJ),https://fr.wikipedia.org/?curid=6005277,https://fr.wikipedia.org/wiki/Havana Brown (DJ),Article contenant un lien mort
Ju Wenjun,https://fr.wikipedia.org/?curid=5995768,https://fr.wikipedia.org/wiki/Ju Wenjun,Page utilisant P569
Ema Klinec,https://fr.wikipedia.org/?curid=6008548,https://fr.wikipedia.org/wiki/Ema Klinec,Article utilisant une Infobox
Yaima Ort\u00edz,https://fr.wikipedia.org/?curid=6008881,https://fr.wikipedia.org/wiki/Yaima Ort\u00edz,Article \u00e0 illustrer Joueur de volley-ball
Erica Dasher,https://fr.wikipedia.org/?curid=6010145,https://fr.wikipedia.org/wiki/Erica Dasher,Article \u00e0 illustrer Personnalit\u00e9 du cin\u00e9ma
Marie-\u00c9laine Thibert,https://fr.wikipedia.org/?curid=601070,https://fr.wikipedia.org/wiki/Marie-\u00c9laine Thibert,Article utilisant une Infobox
Melanie Seeger,https://fr.wikipedia.org/?curid=6015996,https://fr.wikipedia.org/wiki/Melanie Seeger,Wikip\u00e9dia:\u00e9bauche athl\u00e8te allemand
Natalya Ivoninskaya,https://fr.wikipedia.org/?curid=6016442,https://fr.wikipedia.org/wiki/Natalya Ivoninskaya,Wikip\u00e9dia:\u00e9bauche athl\u00e8te kazakh
Crissy Rock,https://fr.wikipedia.org/?curid=6021459,https://fr.wikipedia.org/wiki/Crissy Rock,Page utilisant P569
Joetta Clark,https://fr.wikipedia.org/?curid=6021559,https://fr.wikipedia.org/wiki/Joetta Clark,Article \u00e0 illustrer Athl\u00e8te
Ilse DeLange,https://fr.wikipedia.org/?curid=6021650,https://fr.wikipedia.org/wiki/Ilse DeLange,Article utilisant une Infobox
Sonja Haraldsen,https://fr.wikipedia.org/?curid=602295,https://fr.wikipedia.org/wiki/Sonja Haraldsen,Wikip\u00e9dia:\u00e9bauche personnalit\u00e9 politique norv\u00e9gienne
Nikol\u00e9tta Koutoux\u00eddou,https://fr.wikipedia.org/?curid=6023094,https://fr.wikipedia.org/wiki/Nikol\u00e9tta Koutoux\u00eddou,Article \u00e0 illustrer Joueur de volley-ball
Marie Serneholt,https://fr.wikipedia.org/?curid=6005860,https://fr.wikipedia.org/wiki/Marie Serneholt,Article utilisant une Infobox
Va Va Voom,https://fr.wikipedia.org/?curid=6016644,https://fr.wikipedia.org/wiki/Va Va Voom,Article utilisant une Infobox
Sun Taifeng,https://fr.wikipedia.org/?curid=6017888,https://fr.wikipedia.org/wiki/Sun Taifeng,Wikip\u00e9dia:\u00e9bauche athl\u00e8te chinois
Daiana Mure\u0219an,https://fr.wikipedia.org/?curid=5999540,https://fr.wikipedia.org/wiki/Daiana Mure\u0219an,Article utilisant une Infobox
Johanna Manninen,https://fr.wikipedia.org/?curid=6001845,https://fr.wikipedia.org/wiki/Johanna Manninen,Wikip\u00e9dia:\u00e9bauche athl\u00e8te finlandais
Kristin Booth,https://fr.wikipedia.org/?curid=6158212,https://fr.wikipedia.org/wiki/Kristin Booth,Article utilisant une Infobox
Vernicha James,https://fr.wikipedia.org/?curid=6158273,https://fr.wikipedia.org/wiki/Vernicha James,Wikip\u00e9dia:\u00e9bauche athl\u00e8te britannique
Bobby Aloysius,https://fr.wikipedia.org/?curid=6156540,https://fr.wikipedia.org/wiki/Bobby Aloysius,Wikip\u00e9dia:\u00e9bauche athl\u00e8te indien
The Born This Way Ball,https://fr.wikipedia.org/?curid=6140935,https://fr.wikipedia.org/wiki/The Born This Way Ball,Article utilisant une Infobox
Sonja Teittinen,https://fr.wikipedia.org/?curid=6141299,https://fr.wikipedia.org/wiki/Sonja Teittinen,Article \u00e0 illustrer Joueur de volley-ball
Jakub Krzewina,https://fr.wikipedia.org/?curid=6115765,https://fr.wikipedia.org/wiki/Jakub Krzewina,Wikip\u00e9dia:\u00e9bauche athl\u00e8te polonais
Ekaterina Bolshova,https://fr.wikipedia.org/?curid=6115151,https://fr.wikipedia.org/wiki/Ekaterina Bolshova,Wikip\u00e9dia:\u00e9bauche athl\u00e8te russe
Elena D'Ambros,https://fr.wikipedia.org/?curid=6112428,https://fr.wikipedia.org/wiki/Elena D'Ambros,Wikip\u00e9dia:\u00e9bauche joueuse italienne de volley-ball
