Name,URL1,URL2,First Category
"Manhattan (film, 1979)",https://fr.wikipedia.org/?curid=570580,"https://fr.wikipedia.org/wiki/Manhattan (film, 1979)",Article utilisant une Infobox
Jung Ryeo-won,https://fr.wikipedia.org/?curid=5883680,https://fr.wikipedia.org/wiki/Jung Ryeo-won,Article utilisant une Infobox
Alesha Deesing,https://fr.wikipedia.org/?curid=5883045,https://fr.wikipedia.org/wiki/Alesha Deesing,Wikip\u00e9dia:\u00e9bauche joueuse am\u00e9ricaine de volley-ball
Celeste Poma,https://fr.wikipedia.org/?curid=5883080,https://fr.wikipedia.org/wiki/Celeste Poma,Wikip\u00e9dia:\u00e9bauche joueuse italienne de volley-ball
Erica Vietti,https://fr.wikipedia.org/?curid=5879449,https://fr.wikipedia.org/wiki/Erica Vietti,Wikip\u00e9dia:\u00e9bauche joueuse italienne de volley-ball
Tatyana Zelentsova,https://fr.wikipedia.org/?curid=5879829,https://fr.wikipedia.org/wiki/Tatyana Zelentsova,Wikip\u00e9dia:\u00e9bauche athl\u00e8te sovi\u00e9tique
Aleksandra Petrovi\u0107,https://fr.wikipedia.org/?curid=5881308,https://fr.wikipedia.org/wiki/Aleksandra Petrovi\u0107,Article utilisant une Infobox
Flavia Assirelli,https://fr.wikipedia.org/?curid=5862375,https://fr.wikipedia.org/wiki/Flavia Assirelli,Wikip\u00e9dia:\u00e9bauche joueuse italienne de volley-ball
Sabrina Harbec,https://fr.wikipedia.org/?curid=5886414,https://fr.wikipedia.org/wiki/Sabrina Harbec,Article contenant un lien mort
Giulia Gibertini,https://fr.wikipedia.org/?curid=5886769,https://fr.wikipedia.org/wiki/Giulia Gibertini,Wikip\u00e9dia:\u00e9bauche joueuse italienne de volley-ball
Lolita Ananasova,https://fr.wikipedia.org/?curid=5885408,https://fr.wikipedia.org/wiki/Lolita Ananasova,Article \u00e0 illustrer Sportif
Ursula Donath,https://fr.wikipedia.org/?curid=5872145,https://fr.wikipedia.org/wiki/Ursula Donath,Wikip\u00e9dia:\u00e9bauche athl\u00e8te allemand
Celina Jesionowska,https://fr.wikipedia.org/?curid=5872240,https://fr.wikipedia.org/wiki/Celina Jesionowska,Wikip\u00e9dia:\u00e9bauche athl\u00e8te polonais
Patricia Aranda,https://fr.wikipedia.org/?curid=5872594,https://fr.wikipedia.org/wiki/Patricia Aranda,Article utilisant une Infobox
Hwangbo,https://fr.wikipedia.org/?curid=5877059,https://fr.wikipedia.org/wiki/Hwangbo,Article contenant un lien mort
Floriana Bertone,https://fr.wikipedia.org/?curid=5877324,https://fr.wikipedia.org/wiki/Floriana Bertone,Wikip\u00e9dia:\u00e9bauche joueuse italienne de volley-ball
Femke Stoltenborg,https://fr.wikipedia.org/?curid=5877369,https://fr.wikipedia.org/wiki/Femke Stoltenborg,Article utilisant une Infobox
Dorothy Shirley,https://fr.wikipedia.org/?curid=5873483,https://fr.wikipedia.org/wiki/Dorothy Shirley,Wikip\u00e9dia:\u00e9bauche athl\u00e8te britannique
Jaros\u0142awa J\u00f3\u017awiakowska,https://fr.wikipedia.org/?curid=5876653,https://fr.wikipedia.org/wiki/Jaros\u0142awa J\u00f3\u017awiakowska,Wikip\u00e9dia:\u00e9bauche athl\u00e8te polonais
Anne Pashley,https://fr.wikipedia.org/?curid=5877872,https://fr.wikipedia.org/wiki/Anne Pashley,Wikip\u00e9dia:\u00e9bauche athl\u00e8te britannique
Yui Aragaki,https://fr.wikipedia.org/?curid=5863678,https://fr.wikipedia.org/wiki/Yui Aragaki,Article \u00e0 illustrer Personnalit\u00e9 du cin\u00e9ma
Loraine Henkel,https://fr.wikipedia.org/?curid=5865831,https://fr.wikipedia.org/wiki/Loraine Henkel,Article utilisant une Infobox
Margaryta Pesotska,https://fr.wikipedia.org/?curid=5865529,https://fr.wikipedia.org/wiki/Margaryta Pesotska,Article utilisant une Infobox
May'n,https://fr.wikipedia.org/?curid=5857723,https://fr.wikipedia.org/wiki/May'n,Article contenant un lien mort
Magdalena Banecka,https://fr.wikipedia.org/?curid=5853673,https://fr.wikipedia.org/wiki/Magdalena Banecka,Article utilisant une Infobox
Irina Koroliova,https://fr.wikipedia.org/?curid=5853723,https://fr.wikipedia.org/wiki/Irina Koroliova,Article utilisant une Infobox
Eliza Doolittle,https://fr.wikipedia.org/?curid=5856841,https://fr.wikipedia.org/wiki/Eliza Doolittle,Article utilisant une Infobox
Kimbra,https://fr.wikipedia.org/?curid=5868814,https://fr.wikipedia.org/wiki/Kimbra,Wikip\u00e9dia:\u00e9bauche chanteur
Katarzyna W\u0105sowska,https://fr.wikipedia.org/?curid=5869995,https://fr.wikipedia.org/wiki/Katarzyna W\u0105sowska,Article utilisant une Infobox
Caroline Delemer,https://fr.wikipedia.org/?curid=5871433,https://fr.wikipedia.org/wiki/Caroline Delemer,Wikip\u00e9dia:\u00e9bauche sportif fran\u00e7ais
Val\u00e9rie Jean-Charles,https://fr.wikipedia.org/?curid=5850458,https://fr.wikipedia.org/wiki/Val\u00e9rie Jean-Charles,Article \u00e0 illustrer Athl\u00e8te
Picabo Street,https://fr.wikipedia.org/?curid=584801,https://fr.wikipedia.org/wiki/Picabo Street,Article utilisant une Infobox
Ilona Gierak,https://fr.wikipedia.org/?curid=5849005,https://fr.wikipedia.org/wiki/Ilona Gierak,Article utilisant une Infobox
Dorothy Donegan,https://fr.wikipedia.org/?curid=5891092,https://fr.wikipedia.org/wiki/Dorothy Donegan,Article utilisant une Infobox
Michela Molinengo,https://fr.wikipedia.org/?curid=5915466,https://fr.wikipedia.org/wiki/Michela Molinengo,Wikip\u00e9dia:\u00e9bauche joueuse italienne de volley-ball
Nicoletta Luciani,https://fr.wikipedia.org/?curid=5917529,https://fr.wikipedia.org/wiki/Nicoletta Luciani,Wikip\u00e9dia:\u00e9bauche joueuse italienne de volley-ball
Ekaterina Gnidenko,https://fr.wikipedia.org/?curid=5918437,https://fr.wikipedia.org/wiki/Ekaterina Gnidenko,Page utilisant P1813
Birdy (chanteuse),https://fr.wikipedia.org/?curid=5917107,https://fr.wikipedia.org/wiki/Birdy (chanteuse),Article contenant un lien mort
Kaisa Parviainen,https://fr.wikipedia.org/?curid=5892724,https://fr.wikipedia.org/wiki/Kaisa Parviainen,Wikip\u00e9dia:\u00e9bauche athl\u00e8te finlandais
Petra Marti\u0107,https://fr.wikipedia.org/?curid=5896319,https://fr.wikipedia.org/wiki/Petra Marti\u0107,Article utilisant une Infobox
Sofie De Saedelaere,https://fr.wikipedia.org/?curid=5896522,https://fr.wikipedia.org/wiki/Sofie De Saedelaere,Article \u00e0 illustrer Sportif
Jennyfer Arcq,https://fr.wikipedia.org/?curid=5896557,https://fr.wikipedia.org/wiki/Jennyfer Arcq,Article \u00e0 illustrer Sportif
Julie Baeyens,https://fr.wikipedia.org/?curid=5896646,https://fr.wikipedia.org/wiki/Julie Baeyens,Page utilisant P569
Luciana Moura,https://fr.wikipedia.org/?curid=5900071,https://fr.wikipedia.org/wiki/Luciana Moura,Article \u00e0 illustrer Joueur de volley-ball
Laure Aerts,https://fr.wikipedia.org/?curid=5899406,https://fr.wikipedia.org/wiki/Laure Aerts,Page utilisant P569
Hanne Van Bossele,https://fr.wikipedia.org/?curid=5899472,https://fr.wikipedia.org/wiki/Hanne Van Bossele,Page utilisant P569
Eva Fjellerup,https://fr.wikipedia.org/?curid=5920637,https://fr.wikipedia.org/wiki/Eva Fjellerup,Wikip\u00e9dia:\u00e9bauche pentathlon moderne
Magdalena Tekiel,https://fr.wikipedia.org/?curid=5919551,https://fr.wikipedia.org/wiki/Magdalena Tekiel,Article utilisant une Infobox
Giorgia Tanturli,https://fr.wikipedia.org/?curid=5919572,https://fr.wikipedia.org/wiki/Giorgia Tanturli,Wikip\u00e9dia:\u00e9bauche joueuse italienne de volley-ball
Alice Coatti,https://fr.wikipedia.org/?curid=5919579,https://fr.wikipedia.org/wiki/Alice Coatti,Wikip\u00e9dia:\u00e9bauche joueuse italienne de volley-ball
Mildred Dolson,https://fr.wikipedia.org/?curid=5922060,https://fr.wikipedia.org/wiki/Mildred Dolson,Wikip\u00e9dia:\u00e9bauche athl\u00e8te canadien
Sasha DiGiulian,https://fr.wikipedia.org/?curid=5921195,https://fr.wikipedia.org/wiki/Sasha DiGiulian,Article utilisant une Infobox
Helena Hork\u00e1,https://fr.wikipedia.org/?curid=5894336,https://fr.wikipedia.org/wiki/Helena Hork\u00e1,Article utilisant une Infobox
Audrey Williamson,https://fr.wikipedia.org/?curid=5894556,https://fr.wikipedia.org/wiki/Audrey Williamson,Wikip\u00e9dia:\u00e9bauche athl\u00e8te britannique
Katrien Verheeke,https://fr.wikipedia.org/?curid=5901876,https://fr.wikipedia.org/wiki/Katrien Verheeke,Page utilisant P569
Marcia Barbosa (volley-ball),https://fr.wikipedia.org/?curid=5903736,https://fr.wikipedia.org/wiki/Marcia Barbosa (volley-ball),Article \u00e0 illustrer Joueur de volley-ball
Fernanda Kuchenbecker,https://fr.wikipedia.org/?curid=5905854,https://fr.wikipedia.org/wiki/Fernanda Kuchenbecker,Article \u00e0 illustrer Joueur de volley-ball
Ann Simons,https://fr.wikipedia.org/?curid=5902777,https://fr.wikipedia.org/wiki/Ann Simons,Page utilisant P569
Sarah Hendrickson,https://fr.wikipedia.org/?curid=5902887,https://fr.wikipedia.org/wiki/Sarah Hendrickson,Article contenant un lien mort
Audrey Patterson,https://fr.wikipedia.org/?curid=5900293,https://fr.wikipedia.org/wiki/Audrey Patterson,Wikip\u00e9dia:\u00e9bauche athl\u00e8te am\u00e9ricain
Tony Bombardieri,https://fr.wikipedia.org/?curid=5911918,https://fr.wikipedia.org/wiki/Tony Bombardieri,Article \u00e0 illustrer Patineur artistique
Luise Kr\u00fcger,https://fr.wikipedia.org/?curid=5913953,https://fr.wikipedia.org/wiki/Luise Kr\u00fcger,Wikip\u00e9dia:\u00e9bauche athl\u00e8te allemand
Elis\u00e2ngela Oliveira,https://fr.wikipedia.org/?curid=5909904,https://fr.wikipedia.org/wiki/Elis\u00e2ngela Oliveira,Article \u00e0 illustrer Joueur de volley-ball
Ana Paula Ferreira,https://fr.wikipedia.org/?curid=5909856,https://fr.wikipedia.org/wiki/Ana Paula Ferreira,Article \u00e0 illustrer Joueur de volley-ball
Rosane Maggioni,https://fr.wikipedia.org/?curid=5907878,https://fr.wikipedia.org/wiki/Rosane Maggioni,Article \u00e0 illustrer Joueur de volley-ball
Lily Carlstedt,https://fr.wikipedia.org/?curid=5890541,https://fr.wikipedia.org/wiki/Lily Carlstedt,Wikip\u00e9dia:\u00e9bauche athl\u00e8te danois
Sylvia Cheeseman,https://fr.wikipedia.org/?curid=5888950,https://fr.wikipedia.org/wiki/Sylvia Cheeseman,Wikip\u00e9dia:\u00e9bauche athl\u00e8te britannique
Don't Forget (chanson),https://fr.wikipedia.org/?curid=5889058,https://fr.wikipedia.org/wiki/Don't Forget (chanson),Article utilisant une Infobox
No\u00e9mie Marin,https://fr.wikipedia.org/?curid=5888645,https://fr.wikipedia.org/wiki/No\u00e9mie Marin,Article utilisant une Infobox
Maria Pisareva,https://fr.wikipedia.org/?curid=5888693,https://fr.wikipedia.org/wiki/Maria Pisareva,Wikip\u00e9dia:\u00e9bauche athl\u00e8te sovi\u00e9tique
Isabelle Daniels,https://fr.wikipedia.org/?curid=5888744,https://fr.wikipedia.org/wiki/Isabelle Daniels,Article contenant un lien mort
Margaret Matthews,https://fr.wikipedia.org/?curid=5888810,https://fr.wikipedia.org/wiki/Margaret Matthews,Wikip\u00e9dia:\u00e9bauche athl\u00e8te am\u00e9ricain
Mina Markovi\u010d,https://fr.wikipedia.org/?curid=5923491,https://fr.wikipedia.org/wiki/Mina Markovi\u010d,Article utilisant une Infobox
Elizabeth Taylor (athl\u00e9tisme),https://fr.wikipedia.org/?curid=5923586,https://fr.wikipedia.org/wiki/Elizabeth Taylor (athl\u00e9tisme),Wikip\u00e9dia:\u00e9bauche athl\u00e8te canadien
Rebecca Ferguson (chanteuse),https://fr.wikipedia.org/?curid=5923624,https://fr.wikipedia.org/wiki/Rebecca Ferguson (chanteuse),Article contenant un lien mort
Denean Howard-Hill,https://fr.wikipedia.org/?curid=5442098,https://fr.wikipedia.org/wiki/Denean Howard-Hill,Wikip\u00e9dia:\u00e9bauche athl\u00e8te am\u00e9ricain
Karine Hervieu,https://fr.wikipedia.org/?curid=5442170,https://fr.wikipedia.org/wiki/Karine Hervieu,Wikip\u00e9dia:\u00e9bauche athl\u00e8te fran\u00e7ais
Dorothy Hyman,https://fr.wikipedia.org/?curid=5440444,https://fr.wikipedia.org/wiki/Dorothy Hyman,Wikip\u00e9dia:\u00e9bauche athl\u00e8te britannique
Natalia Wa\u0142\u0119siak,https://fr.wikipedia.org/?curid=5443283,https://fr.wikipedia.org/wiki/Natalia Wa\u0142\u0119siak,Article \u00e0 illustrer Joueur de volley-ball
Natalia M\u0103r\u0103\u0219escu,https://fr.wikipedia.org/?curid=6612598,https://fr.wikipedia.org/wiki/Natalia M\u0103r\u0103\u0219escu,Wikip\u00e9dia:\u00e9bauche athl\u00e8te roumain
Dayenne Mesquita,https://fr.wikipedia.org/?curid=6646109,https://fr.wikipedia.org/wiki/Dayenne Mesquita,Wikip\u00e9dia:\u00e9bauche acteur br\u00e9silien
Jovana Rad,https://fr.wikipedia.org/?curid=6635767,https://fr.wikipedia.org/wiki/Jovana Rad,Article utilisant une Infobox
Kathrine Switzer,https://fr.wikipedia.org/?curid=6631164,https://fr.wikipedia.org/wiki/Kathrine Switzer,Page utilisant P569
Val\u00e9riane Vukosavljevi\u0107,https://fr.wikipedia.org/?curid=6632175,https://fr.wikipedia.org/wiki/Val\u00e9riane Vukosavljevi\u0107,Article utilisant une Infobox
Olivia \u00c9poupa,https://fr.wikipedia.org/?curid=6632190,https://fr.wikipedia.org/wiki/Olivia \u00c9poupa,Article utilisant une Infobox
Marina Sidorova,https://fr.wikipedia.org/?curid=6636045,https://fr.wikipedia.org/wiki/Marina Sidorova,Wikip\u00e9dia:\u00e9bauche athl\u00e8te sovi\u00e9tique
Zo\u00e9 Chalumeau,https://fr.wikipedia.org/?curid=6634797,https://fr.wikipedia.org/wiki/Zo\u00e9 Chalumeau,Wikip\u00e9dia:\u00e9bauche joueuse fran\u00e7aise de basket-ball
Patricia Chauvet,https://fr.wikipedia.org/?curid=662425,https://fr.wikipedia.org/wiki/Patricia Chauvet,Page utilisant P569
Kadidiatou Diani,https://fr.wikipedia.org/?curid=6621073,https://fr.wikipedia.org/wiki/Kadidiatou Diani,Article utilisant une Infobox
Taxi (franchise),https://fr.wikipedia.org/?curid=6612465,https://fr.wikipedia.org/wiki/Taxi (franchise),Article utilisant une Infobox
Anne-Lise Caudal,https://fr.wikipedia.org/?curid=6609761,https://fr.wikipedia.org/wiki/Anne-Lise Caudal,Wikip\u00e9dia:\u00e9bauche golf
Sania Mirza,https://fr.wikipedia.org/?curid=661086,https://fr.wikipedia.org/wiki/Sania Mirza,Article utilisant une Infobox
Vera Rudakova,https://fr.wikipedia.org/?curid=6605274,https://fr.wikipedia.org/wiki/Vera Rudakova,Wikip\u00e9dia:\u00e9bauche athl\u00e8te russe
Julia Stone,https://fr.wikipedia.org/?curid=6605707,https://fr.wikipedia.org/wiki/Julia Stone,Article contenant un lien mort
Nicolas Rossi,https://fr.wikipedia.org/?curid=6617432,https://fr.wikipedia.org/wiki/Nicolas Rossi,Article manquant de r\u00e9f\u00e9rences depuis octobre 2012
Jyothika,https://fr.wikipedia.org/?curid=6614751,https://fr.wikipedia.org/wiki/Jyothika,Page utilisant P569
Samanta Fabris,https://fr.wikipedia.org/?curid=6664379,https://fr.wikipedia.org/wiki/Samanta Fabris,Article utilisant une Infobox
Alina Elizarova,https://fr.wikipedia.org/?curid=6659182,https://fr.wikipedia.org/wiki/Alina Elizarova,Article \u00e0 illustrer Joueur de volley-ball
Julien Candelon,https://fr.wikipedia.org/?curid=665406,https://fr.wikipedia.org/wiki/Julien Candelon,Article utilisant une Infobox
Debbie Brill,https://fr.wikipedia.org/?curid=6661217,https://fr.wikipedia.org/wiki/Debbie Brill,Wikip\u00e9dia:\u00e9bauche athl\u00e8te canadien
Lianne La Havas,https://fr.wikipedia.org/?curid=6658139,https://fr.wikipedia.org/wiki/Lianne La Havas,Article utilisant une Infobox
Stacey Solomon,https://fr.wikipedia.org/?curid=6662348,https://fr.wikipedia.org/wiki/Stacey Solomon,Article utilisant une Infobox
Mary Byrne,https://fr.wikipedia.org/?curid=6662364,https://fr.wikipedia.org/wiki/Mary Byrne,Traduction incompl\u00e8te
Misha B,https://fr.wikipedia.org/?curid=6662502,https://fr.wikipedia.org/wiki/Misha B,Article utilisant une Infobox
Lucy Spraggan,https://fr.wikipedia.org/?curid=6662526,https://fr.wikipedia.org/wiki/Lucy Spraggan,Wikip\u00e9dia:\u00e9bauche chanteur britannique
Roberta Howett,https://fr.wikipedia.org/?curid=6661890,https://fr.wikipedia.org/wiki/Roberta Howett,Article utilisant une Infobox
Kerry McGregor,https://fr.wikipedia.org/?curid=6662012,https://fr.wikipedia.org/wiki/Kerry McGregor,Article utilisant une Infobox
Iggy Azalea,https://fr.wikipedia.org/?curid=6607648,https://fr.wikipedia.org/wiki/Iggy Azalea,Article contenant un lien mort
Mia Jerkov,https://fr.wikipedia.org/?curid=6599244,https://fr.wikipedia.org/wiki/Mia Jerkov,Article utilisant une Infobox
Nikolina Jeli\u0107,https://fr.wikipedia.org/?curid=6606845,https://fr.wikipedia.org/wiki/Nikolina Jeli\u0107,Article \u00e0 illustrer Joueur de volley-ball
Danuta Perka,https://fr.wikipedia.org/?curid=6636619,https://fr.wikipedia.org/wiki/Danuta Perka,Wikip\u00e9dia:\u00e9bauche athl\u00e8te polonais
Antonia Zegers,https://fr.wikipedia.org/?curid=6650250,https://fr.wikipedia.org/wiki/Antonia Zegers,Article utilisant une Infobox
Tanja Gro\u00dfer,https://fr.wikipedia.org/?curid=6652209,https://fr.wikipedia.org/wiki/Tanja Gro\u00dfer,Article utilisant une Infobox
Karin Enke,https://fr.wikipedia.org/?curid=6655604,https://fr.wikipedia.org/wiki/Karin Enke,Article utilisant une Infobox
Nicole Silva,https://fr.wikipedia.org/?curid=6440441,https://fr.wikipedia.org/wiki/Nicole Silva,Article \u00e0 illustrer Joueur de volley-ball
Val\u00e9rie T\u00e9treault,https://fr.wikipedia.org/?curid=6463018,https://fr.wikipedia.org/wiki/Val\u00e9rie T\u00e9treault,Wikip\u00e9dia:\u00e9bauche tennis
Christine Witty,https://fr.wikipedia.org/?curid=646364,https://fr.wikipedia.org/wiki/Christine Witty,Wikip\u00e9dia:\u00e9bauche patinage de vitesse
Patricia Grohmann,https://fr.wikipedia.org/?curid=6463667,https://fr.wikipedia.org/wiki/Patricia Grohmann,Article \u00e0 illustrer Joueur de volley-ball
Yoona,https://fr.wikipedia.org/?curid=6464064,https://fr.wikipedia.org/wiki/Yoona,Article utilisant une Infobox
Yuri (artiste cor\u00e9enne),https://fr.wikipedia.org/?curid=6464096,https://fr.wikipedia.org/wiki/Yuri (artiste cor\u00e9enne),Article contenant un lien mort
Charlotte Bonnet,https://fr.wikipedia.org/?curid=6464138,https://fr.wikipedia.org/wiki/Charlotte Bonnet,Article utilisant une Infobox
Diana Chelaru,https://fr.wikipedia.org/?curid=6462866,https://fr.wikipedia.org/wiki/Diana Chelaru,Wikip\u00e9dia:\u00e9bauche gymnastique
Lioudmila Smirnova,https://fr.wikipedia.org/?curid=659270,https://fr.wikipedia.org/wiki/Lioudmila Smirnova,Wikip\u00e9dia:\u00e9bauche patinage artistique
Kadiatou Camara,https://fr.wikipedia.org/?curid=659461,https://fr.wikipedia.org/wiki/Kadiatou Camara,Wikip\u00e9dia:\u00e9bauche athl\u00e8te
Sofia Arvidsson,https://fr.wikipedia.org/?curid=658616,https://fr.wikipedia.org/wiki/Sofia Arvidsson,Article utilisant une Infobox
Diana DeGarmo,https://fr.wikipedia.org/?curid=6576805,https://fr.wikipedia.org/wiki/Diana DeGarmo,Article utilisant une Infobox
Manon Mass\u00e9,https://fr.wikipedia.org/?curid=6448769,https://fr.wikipedia.org/wiki/Manon Mass\u00e9,Article utilisant une Infobox
Miss Porto Rico,https://fr.wikipedia.org/?curid=6448692,https://fr.wikipedia.org/wiki/Miss Porto Rico,Article contenant un appel \u00e0 traduction en anglais
Michelle Jenneke,https://fr.wikipedia.org/?curid=6443973,https://fr.wikipedia.org/wiki/Michelle Jenneke,Page du mod\u00e8le Article comportant une erreur
Nadia Ejjafini,https://fr.wikipedia.org/?curid=6450419,https://fr.wikipedia.org/wiki/Nadia Ejjafini,Page utilisant P569
Kheira Hamraoui,https://fr.wikipedia.org/?curid=6451974,https://fr.wikipedia.org/wiki/Kheira Hamraoui,Article utilisant une Infobox
Dayse Figueiredo,https://fr.wikipedia.org/?curid=6449708,https://fr.wikipedia.org/wiki/Dayse Figueiredo,Article \u00e0 illustrer Joueur de volley-ball
Nallely Vela,https://fr.wikipedia.org/?curid=6573939,https://fr.wikipedia.org/wiki/Nallely Vela,Article contenant un lien mort
Mich\u00e8le Beugnet,https://fr.wikipedia.org/?curid=6575051,https://fr.wikipedia.org/wiki/Mich\u00e8le Beugnet,Wikip\u00e9dia:\u00e9bauche athl\u00e8te fran\u00e7ais
Christiane Marlet,https://fr.wikipedia.org/?curid=6575062,https://fr.wikipedia.org/wiki/Christiane Marlet,Wikip\u00e9dia:\u00e9bauche athl\u00e8te fran\u00e7ais
Claudine Meire,https://fr.wikipedia.org/?curid=6575069,https://fr.wikipedia.org/wiki/Claudine Meire,Wikip\u00e9dia:\u00e9bauche athl\u00e8te fran\u00e7ais
Jennifer Ventimilia,https://fr.wikipedia.org/?curid=6568026,https://fr.wikipedia.org/wiki/Jennifer Ventimilia,Wikip\u00e9dia:\u00e9bauche sc\u00e9nariste
Jill Trenary,https://fr.wikipedia.org/?curid=656759,https://fr.wikipedia.org/wiki/Jill Trenary,Wikip\u00e9dia:\u00e9bauche patinage artistique
Genevi\u00e8ve Simard,https://fr.wikipedia.org/?curid=655983,https://fr.wikipedia.org/wiki/Genevi\u00e8ve Simard,Wikip\u00e9dia:\u00e9bauche ski alpin
Amy Pieters,https://fr.wikipedia.org/?curid=6563875,https://fr.wikipedia.org/wiki/Amy Pieters,Page utilisant P569
Aleksandra Cveti\u0107anin,https://fr.wikipedia.org/?curid=6562671,https://fr.wikipedia.org/wiki/Aleksandra Cveti\u0107anin,Article \u00e0 illustrer Joueur de volley-ball
Jennifer Crittenden,https://fr.wikipedia.org/?curid=6564689,https://fr.wikipedia.org/wiki/Jennifer Crittenden,Wikip\u00e9dia:\u00e9bauche sc\u00e9nariste
L\u00fc Huihui,https://fr.wikipedia.org/?curid=6473949,https://fr.wikipedia.org/wiki/L\u00fc Huihui,Article utilisant une Infobox
Wei Qiuyue,https://fr.wikipedia.org/?curid=6474283,https://fr.wikipedia.org/wiki/Wei Qiuyue,Article utilisant une Infobox
Liste des joueuses du Saint-Amand Hainaut Basket,https://fr.wikipedia.org/?curid=6481037,https://fr.wikipedia.org/wiki/Liste des joueuses du Saint-Amand Hainaut Basket,Article avec une section vide ou incompl\u00e8te
Liste des joueuses de Toulouse M\u00e9tropole Basket,https://fr.wikipedia.org/?curid=6481057,https://fr.wikipedia.org/wiki/Liste des joueuses de Toulouse M\u00e9tropole Basket,Portail:Basket-ball/Articles li\u00e9s
Schillonie Calvert,https://fr.wikipedia.org/?curid=6483045,https://fr.wikipedia.org/wiki/Schillonie Calvert,Wikip\u00e9dia:\u00e9bauche athl\u00e8te jama\u00efcain
Charline Servage,https://fr.wikipedia.org/?curid=6483176,https://fr.wikipedia.org/wiki/Charline Servage,Wikip\u00e9dia:\u00e9bauche basket-ball
Lorraine Lokoka,https://fr.wikipedia.org/?curid=6484509,https://fr.wikipedia.org/wiki/Lorraine Lokoka,Article utilisant une Infobox
Kaayla Chones,https://fr.wikipedia.org/?curid=6483745,https://fr.wikipedia.org/wiki/Kaayla Chones,Article \u00e0 illustrer Joueur de basket-ball
Valentina Shevchenko,https://fr.wikipedia.org/?curid=655228,https://fr.wikipedia.org/wiki/Valentina Shevchenko,Wikip\u00e9dia:\u00e9bauche ski de fond
Paula Kania,https://fr.wikipedia.org/?curid=6552448,https://fr.wikipedia.org/wiki/Paula Kania,Article utilisant une Infobox
Tarah Murrey,https://fr.wikipedia.org/?curid=6555826,https://fr.wikipedia.org/wiki/Tarah Murrey,Wikip\u00e9dia:\u00e9bauche joueuse am\u00e9ricaine de volley-ball
Albena Denkova,https://fr.wikipedia.org/?curid=647298,https://fr.wikipedia.org/wiki/Albena Denkova,Article utilisant une Infobox
Girls Fall Like Dominoes,https://fr.wikipedia.org/?curid=6474320,https://fr.wikipedia.org/wiki/Girls Fall Like Dominoes,Article contenant un lien mort
Lizanne Murphy,https://fr.wikipedia.org/?curid=6476958,https://fr.wikipedia.org/wiki/Lizanne Murphy,Article utilisant une Infobox
Julie Thacker,https://fr.wikipedia.org/?curid=6473499,https://fr.wikipedia.org/wiki/Julie Thacker,Article \u00e0 illustrer Personnalit\u00e9 du cin\u00e9ma
Lidija Tur\u010dinovi\u0107,https://fr.wikipedia.org/?curid=6474817,https://fr.wikipedia.org/wiki/Lidija Tur\u010dinovi\u0107,Article utilisant une Infobox
Sidarka N\u00fa\u00f1ez,https://fr.wikipedia.org/?curid=6451429,https://fr.wikipedia.org/wiki/Sidarka N\u00fa\u00f1ez,Wikip\u00e9dia:\u00e9bauche joueuse dominicaine de volley-ball
Julia Cohen,https://fr.wikipedia.org/?curid=6454892,https://fr.wikipedia.org/wiki/Julia Cohen,Article utilisant une Infobox
Ai Yamamoto,https://fr.wikipedia.org/?curid=6454923,https://fr.wikipedia.org/wiki/Ai Yamamoto,Article utilisant une Infobox
Nabiha Karaouli,https://fr.wikipedia.org/?curid=6475952,https://fr.wikipedia.org/wiki/Nabiha Karaouli,Article utilisant une Infobox
Susi Erdmann,https://fr.wikipedia.org/?curid=649220,https://fr.wikipedia.org/wiki/Susi Erdmann,Wikip\u00e9dia:\u00e9bauche bobsleigh
Helen Upperton,https://fr.wikipedia.org/?curid=649221,https://fr.wikipedia.org/wiki/Helen Upperton,Wikip\u00e9dia:\u00e9bauche bobsleigh
Elisa Muri,https://fr.wikipedia.org/?curid=6496879,https://fr.wikipedia.org/wiki/Elisa Muri,Wikip\u00e9dia:\u00e9bauche joueuse italienne de volley-ball
Inna Denina,https://fr.wikipedia.org/?curid=6496904,https://fr.wikipedia.org/wiki/Inna Denina,Article \u00e0 illustrer Joueur de volley-ball
Julie Wojta,https://fr.wikipedia.org/?curid=6496957,https://fr.wikipedia.org/wiki/Julie Wojta,Article utilisant une Infobox
Federica Faiella,https://fr.wikipedia.org/?curid=649100,https://fr.wikipedia.org/wiki/Federica Faiella,Wikip\u00e9dia:\u00e9bauche patinage artistique
Heather Moyse,https://fr.wikipedia.org/?curid=649291,https://fr.wikipedia.org/wiki/Heather Moyse,Article utilisant une Infobox
Vanessa Vidal,https://fr.wikipedia.org/?curid=650702,https://fr.wikipedia.org/wiki/Vanessa Vidal,Article \u00e0 illustrer Sportif
Marie Marchand-Arvier,https://fr.wikipedia.org/?curid=650713,https://fr.wikipedia.org/wiki/Marie Marchand-Arvier,Article utilisant une Infobox
Valentina Tikhomirova,https://fr.wikipedia.org/?curid=6508258,https://fr.wikipedia.org/wiki/Valentina Tikhomirova,Wikip\u00e9dia:\u00e9bauche athl\u00e8te sovi\u00e9tique
Danuta Bu\u0142kowska,https://fr.wikipedia.org/?curid=6508387,https://fr.wikipedia.org/wiki/Danuta Bu\u0142kowska,Wikip\u00e9dia:\u00e9bauche athl\u00e8te polonais
Fran\u00e7oise Macchi,https://fr.wikipedia.org/?curid=650797,https://fr.wikipedia.org/wiki/Fran\u00e7oise Macchi,Page utilisant P569
Anne-Sophie Barthet,https://fr.wikipedia.org/?curid=650193,https://fr.wikipedia.org/wiki/Anne-Sophie Barthet,Article utilisant une Infobox
Florine de Leymarie,https://fr.wikipedia.org/?curid=650199,https://fr.wikipedia.org/wiki/Florine de Leymarie,Article \u00e0 illustrer Sportif
Buze Diriba,https://fr.wikipedia.org/?curid=6505676,https://fr.wikipedia.org/wiki/Buze Diriba,Wikip\u00e9dia:\u00e9bauche athl\u00e8te \u00e9thiopien
Lizz Tayler,https://fr.wikipedia.org/?curid=6504036,https://fr.wikipedia.org/wiki/Lizz Tayler,Wikip\u00e9dia:\u00e9bauche actrice pornographique am\u00e9ricaine
Satomi Suzuki,https://fr.wikipedia.org/?curid=6461896,https://fr.wikipedia.org/wiki/Satomi Suzuki,Wikip\u00e9dia:\u00e9bauche natation
Hahm Eun-jung,https://fr.wikipedia.org/?curid=6462000,https://fr.wikipedia.org/wiki/Hahm Eun-jung,Wikip\u00e9dia:\u00e9bauche chanteur sud-cor\u00e9en
Hyomin,https://fr.wikipedia.org/?curid=6462078,https://fr.wikipedia.org/wiki/Hyomin,Article manquant de r\u00e9f\u00e9rences depuis janvier 2013
Qri,https://fr.wikipedia.org/?curid=6462096,https://fr.wikipedia.org/wiki/Qri,Wikip\u00e9dia:\u00e9bauche chanteur sud-cor\u00e9en
Elena Cecchini,https://fr.wikipedia.org/?curid=6460240,https://fr.wikipedia.org/wiki/Elena Cecchini,Page utilisant P569
Feta Ahamada,https://fr.wikipedia.org/?curid=6467424,https://fr.wikipedia.org/wiki/Feta Ahamada,Article utilisant une Infobox
Katie Ledecky,https://fr.wikipedia.org/?curid=6467783,https://fr.wikipedia.org/wiki/Katie Ledecky,Article utilisant une Infobox
Laura Bennett,https://fr.wikipedia.org/?curid=6468463,https://fr.wikipedia.org/wiki/Laura Bennett,Wikip\u00e9dia:\u00e9bauche triathl\u00e8te
Lisa Nord\u00e9n,https://fr.wikipedia.org/?curid=6468682,https://fr.wikipedia.org/wiki/Lisa Nord\u00e9n,Article utilisant une Infobox
Mara Santangelo,https://fr.wikipedia.org/?curid=646587,https://fr.wikipedia.org/wiki/Mara Santangelo,Article utilisant une Infobox
Jill Stein,https://fr.wikipedia.org/?curid=6465879,https://fr.wikipedia.org/wiki/Jill Stein,Article contenant un lien mort
Greg Bennett,https://fr.wikipedia.org/?curid=6469330,https://fr.wikipedia.org/wiki/Greg Bennett,Wikip\u00e9dia:\u00e9bauche triathl\u00e8te
Boram,https://fr.wikipedia.org/?curid=6462234,https://fr.wikipedia.org/wiki/Boram,Wikip\u00e9dia:\u00e9bauche chanteur sud-cor\u00e9en
Karine Philippot,https://fr.wikipedia.org/?curid=650857,https://fr.wikipedia.org/wiki/Karine Philippot,Article utilisant une Infobox
Sheryl Morgan,https://fr.wikipedia.org/?curid=6511451,https://fr.wikipedia.org/wiki/Sheryl Morgan,Wikip\u00e9dia:\u00e9bauche athl\u00e8te jama\u00efcain
Mina Tomi\u0107,https://fr.wikipedia.org/?curid=6511589,https://fr.wikipedia.org/wiki/Mina Tomi\u0107,Article \u00e0 illustrer Joueur de volley-ball
Svitlana Dorsman,https://fr.wikipedia.org/?curid=6511597,https://fr.wikipedia.org/wiki/Svitlana Dorsman,Article utilisant une Infobox
Nongnuch Sanrat,https://fr.wikipedia.org/?curid=6510888,https://fr.wikipedia.org/wiki/Nongnuch Sanrat,Wikip\u00e9dia:\u00e9bauche athl\u00e8te tha\u00eflandais
Liste des \u00e9pouses des rois et pr\u00e9tendants au tr\u00f4ne de Gr\u00e8ce,https://fr.wikipedia.org/?curid=648459,https://fr.wikipedia.org/wiki/Liste des \u00e9pouses des rois et pr\u00e9tendants au tr\u00f4ne de Gr\u00e8ce,Article utilisant une Infobox
Anouk Faivre-Picon,https://fr.wikipedia.org/?curid=6489673,https://fr.wikipedia.org/wiki/Anouk Faivre-Picon,Article utilisant une Infobox
Tetiana Litvinovska,https://fr.wikipedia.org/?curid=6487234,https://fr.wikipedia.org/wiki/Tetiana Litvinovska,Article \u00e0 illustrer Joueur de volley-ball
Zsuzsanna V\u00f6r\u00f6s,https://fr.wikipedia.org/?curid=6486933,https://fr.wikipedia.org/wiki/Zsuzsanna V\u00f6r\u00f6s,Wikip\u00e9dia:\u00e9bauche personnalit\u00e9 hongroise
Claudia Kristofics-Binder,https://fr.wikipedia.org/?curid=6487665,https://fr.wikipedia.org/wiki/Claudia Kristofics-Binder,Page utilisant P569
Prescilla Lecurieux,https://fr.wikipedia.org/?curid=6447467,https://fr.wikipedia.org/wiki/Prescilla Lecurieux,Wikip\u00e9dia:\u00e9bauche athl\u00e8te fran\u00e7ais
Let\u00edcia Raymundi,https://fr.wikipedia.org/?curid=6447755,https://fr.wikipedia.org/wiki/Let\u00edcia Raymundi,Article \u00e0 illustrer Joueur de volley-ball
Tatiana Totmianina,https://fr.wikipedia.org/?curid=644678,https://fr.wikipedia.org/wiki/Tatiana Totmianina,Wikip\u00e9dia:\u00e9bauche patinage artistique
Donna Veki\u0107,https://fr.wikipedia.org/?curid=6550838,https://fr.wikipedia.org/wiki/Donna Veki\u0107,Article utilisant une Infobox
Vanda Gomes,https://fr.wikipedia.org/?curid=6551093,https://fr.wikipedia.org/wiki/Vanda Gomes,Wikip\u00e9dia:\u00e9bauche athl\u00e8te br\u00e9silien
The Boys (chanson de Nicki Minaj),https://fr.wikipedia.org/?curid=6551260,https://fr.wikipedia.org/wiki/The Boys (chanson de Nicki Minaj),Article utilisant une Infobox
Alexandra Cadan\u021bu-Ignatik,https://fr.wikipedia.org/?curid=6551307,https://fr.wikipedia.org/wiki/Alexandra Cadan\u021bu-Ignatik,Article utilisant une Infobox
Guan Yingnan,https://fr.wikipedia.org/?curid=6546692,https://fr.wikipedia.org/wiki/Guan Yingnan,Wikip\u00e9dia:\u00e9bauche athl\u00e8te chinois
Liste des conjoints des souverains de Luxembourg,https://fr.wikipedia.org/?curid=6549577,https://fr.wikipedia.org/wiki/Liste des conjoints des souverains de Luxembourg,Wikip\u00e9dia:\u00e9bauche liste
Jana \u0160enkov\u00e1,https://fr.wikipedia.org/?curid=6536213,https://fr.wikipedia.org/wiki/Jana \u0160enkov\u00e1,Article utilisant une Infobox
Norma Gonz\u00e1lez,https://fr.wikipedia.org/?curid=6534127,https://fr.wikipedia.org/wiki/Norma Gonz\u00e1lez,Wikip\u00e9dia:\u00e9bauche athl\u00e8te colombien
Fritzi Burger,https://fr.wikipedia.org/?curid=6521251,https://fr.wikipedia.org/wiki/Fritzi Burger,Wikip\u00e9dia:\u00e9bauche patinage artistique
Anastassia Orlova,https://fr.wikipedia.org/?curid=6528350,https://fr.wikipedia.org/wiki/Anastassia Orlova,Article \u00e0 illustrer Joueur de volley-ball
Li Nina,https://fr.wikipedia.org/?curid=652678,https://fr.wikipedia.org/wiki/Li Nina,Article \u00e0 illustrer Sportif
Barbara Roles,https://fr.wikipedia.org/?curid=6521457,https://fr.wikipedia.org/wiki/Barbara Roles,Wikip\u00e9dia:\u00e9bauche patinage artistique
Nancy Ludington,https://fr.wikipedia.org/?curid=6521503,https://fr.wikipedia.org/wiki/Nancy Ludington,Wikip\u00e9dia:\u00e9bauche patinage artistique
Liste des \u00e9pouses des souverains de Bavi\u00e8re,https://fr.wikipedia.org/?curid=6540166,https://fr.wikipedia.org/wiki/Liste des \u00e9pouses des souverains de Bavi\u00e8re,Page utilisant une frise chronologique
Florence Steurer,https://fr.wikipedia.org/?curid=654245,https://fr.wikipedia.org/wiki/Florence Steurer,Page utilisant P569
ChaRonda Williams,https://fr.wikipedia.org/?curid=6540386,https://fr.wikipedia.org/wiki/ChaRonda Williams,Wikip\u00e9dia:\u00e9bauche athl\u00e8te am\u00e9ricain
Marie-Am\u00e9lie Le Fur,https://fr.wikipedia.org/?curid=6529753,https://fr.wikipedia.org/wiki/Marie-Am\u00e9lie Le Fur,Article utilisant une Infobox
Ioulia Podskalna\u00efa,https://fr.wikipedia.org/?curid=6530347,https://fr.wikipedia.org/wiki/Ioulia Podskalna\u00efa,Article utilisant une Infobox
Maki Hojo,https://fr.wikipedia.org/?curid=6540880,https://fr.wikipedia.org/wiki/Maki Hojo,Article utilisant une Infobox
Zakk Wylde,https://fr.wikipedia.org/?curid=654495,https://fr.wikipedia.org/wiki/Zakk Wylde,Article utilisant une Infobox
Laurie Berthon,https://fr.wikipedia.org/?curid=6543057,https://fr.wikipedia.org/wiki/Laurie Berthon,Page utilisant P569
Kimberly Williams (athl\u00e9tisme),https://fr.wikipedia.org/?curid=6543968,https://fr.wikipedia.org/wiki/Kimberly Williams (athl\u00e9tisme),Article utilisant une Infobox
Sophie Ellis-Bextor,https://fr.wikipedia.org/?curid=654333,https://fr.wikipedia.org/wiki/Sophie Ellis-Bextor,Article manquant de r\u00e9f\u00e9rences depuis mai 2015
Natalia Mishkutenok,https://fr.wikipedia.org/?curid=654381,https://fr.wikipedia.org/wiki/Natalia Mishkutenok,Wikip\u00e9dia:\u00e9bauche patinage artistique
Miki And\u014d,https://fr.wikipedia.org/?curid=654619,https://fr.wikipedia.org/wiki/Miki And\u014d,Article utilisant une Infobox
Maryna Degtiarova,https://fr.wikipedia.org/?curid=6517080,https://fr.wikipedia.org/wiki/Maryna Degtiarova,Article \u00e0 illustrer Joueur de volley-ball
Lily Carter,https://fr.wikipedia.org/?curid=6517931,https://fr.wikipedia.org/wiki/Lily Carter,Article utilisant une Infobox
Zhang Shuai,https://fr.wikipedia.org/?curid=6518117,https://fr.wikipedia.org/wiki/Zhang Shuai,Article utilisant une Infobox
Dimple Kapadia,https://fr.wikipedia.org/?curid=6522273,https://fr.wikipedia.org/wiki/Dimple Kapadia,Page utilisant P569
Ievhenia Nioukhalova,https://fr.wikipedia.org/?curid=6518921,https://fr.wikipedia.org/wiki/Ievhenia Nioukhalova,Article \u00e0 illustrer Joueur de volley-ball
Melissa Reid (golf),https://fr.wikipedia.org/?curid=6519168,https://fr.wikipedia.org/wiki/Melissa Reid (golf),Article utilisant une Infobox
Suzanne Birt,https://fr.wikipedia.org/?curid=6522548,https://fr.wikipedia.org/wiki/Suzanne Birt,Article \u00e0 illustrer Sportif
Choi In-jeong,https://fr.wikipedia.org/?curid=6514923,https://fr.wikipedia.org/wiki/Choi In-jeong,Wikip\u00e9dia:\u00e9bauche escrimeuse sud-cor\u00e9enne
Tameka Williams,https://fr.wikipedia.org/?curid=6520772,https://fr.wikipedia.org/wiki/Tameka Williams,Wikip\u00e9dia:\u00e9bauche athl\u00e8te christophien
Noemi Zb\u00e4ren,https://fr.wikipedia.org/?curid=6514717,https://fr.wikipedia.org/wiki/Noemi Zb\u00e4ren,Wikip\u00e9dia:\u00e9bauche athl\u00e8te suisse
Tichina Arnold,https://fr.wikipedia.org/?curid=6478292,https://fr.wikipedia.org/wiki/Tichina Arnold,Article utilisant une Infobox
Ma Yunwen,https://fr.wikipedia.org/?curid=6475865,https://fr.wikipedia.org/wiki/Ma Yunwen,Article utilisant une Infobox
Megan Hilty,https://fr.wikipedia.org/?curid=6480553,https://fr.wikipedia.org/wiki/Megan Hilty,Article utilisant une Infobox
Liste des joueuses de l'USO Mondeville,https://fr.wikipedia.org/?curid=6480999,https://fr.wikipedia.org/wiki/Liste des joueuses de l'USO Mondeville,Portail:Basket-ball/Articles li\u00e9s
Liste des joueuses de Basket Lattes Montpellier Agglom\u00e9ration,https://fr.wikipedia.org/?curid=6481012,https://fr.wikipedia.org/wiki/Liste des joueuses de Basket Lattes Montpellier Agglom\u00e9ration,Portail:Basket-ball/Articles li\u00e9s
Li Xuerui,https://fr.wikipedia.org/?curid=6482204,https://fr.wikipedia.org/wiki/Li Xuerui,Article utilisant une Infobox
Jessica Harrison,https://fr.wikipedia.org/?curid=6458690,https://fr.wikipedia.org/wiki/Jessica Harrison,Article utilisant une Infobox
R\u016bta Meilutyt\u0117,https://fr.wikipedia.org/?curid=6458701,https://fr.wikipedia.org/wiki/R\u016bta Meilutyt\u0117,Wikip\u00e9dia:\u00e9bauche natation
Jenny Mensing,https://fr.wikipedia.org/?curid=6457721,https://fr.wikipedia.org/wiki/Jenny Mensing,Wikip\u00e9dia:\u00e9bauche natation
Yanelis Santos,https://fr.wikipedia.org/?curid=6456434,https://fr.wikipedia.org/wiki/Yanelis Santos,Article \u00e0 illustrer Joueur de volley-ball
Marina Klimova,https://fr.wikipedia.org/?curid=645620,https://fr.wikipedia.org/wiki/Marina Klimova,Wikip\u00e9dia:\u00e9bauche patinage artistique
Rosibel Garc\u00eda,https://fr.wikipedia.org/?curid=6716097,https://fr.wikipedia.org/wiki/Rosibel Garc\u00eda,Wikip\u00e9dia:\u00e9bauche athl\u00e8te colombien
Trevaia Williams-Davis,https://fr.wikipedia.org/?curid=6714789,https://fr.wikipedia.org/wiki/Trevaia Williams-Davis,Wikip\u00e9dia:\u00e9bauche athl\u00e8te am\u00e9ricain
Zundra Feagin-Alexander,https://fr.wikipedia.org/?curid=6714832,https://fr.wikipedia.org/wiki/Zundra Feagin-Alexander,Wikip\u00e9dia:\u00e9bauche athl\u00e8te am\u00e9ricain
Anita Howard,https://fr.wikipedia.org/?curid=6714855,https://fr.wikipedia.org/wiki/Anita Howard,Wikip\u00e9dia:\u00e9bauche athl\u00e8te am\u00e9ricain
Brenda Taylor (athl\u00e9tisme),https://fr.wikipedia.org/?curid=6715082,https://fr.wikipedia.org/wiki/Brenda Taylor (athl\u00e9tisme),Wikip\u00e9dia:\u00e9bauche athl\u00e8te am\u00e9ricain
"Cyrano de Bergerac (film, 1990)",https://fr.wikipedia.org/?curid=67152,"https://fr.wikipedia.org/wiki/Cyrano de Bergerac (film, 1990)",Article utilisant une Infobox
Nicole Groult,https://fr.wikipedia.org/?curid=6717511,https://fr.wikipedia.org/wiki/Nicole Groult,Page utilisant P569
Felipa Palacios,https://fr.wikipedia.org/?curid=6717861,https://fr.wikipedia.org/wiki/Felipa Palacios,Article \u00e0 illustrer Athl\u00e8te
Gladys Wamuyu,https://fr.wikipedia.org/?curid=6670710,https://fr.wikipedia.org/wiki/Gladys Wamuyu,Wikip\u00e9dia:\u00e9bauche athl\u00e8te k\u00e9nyan
Nolwenn Leroy,https://fr.wikipedia.org/?curid=67027,https://fr.wikipedia.org/wiki/Nolwenn Leroy,Article utilisant une Infobox
Pauline Krawczyk,https://fr.wikipedia.org/?curid=670309,https://fr.wikipedia.org/wiki/Pauline Krawczyk,Article contenant un lien mort
Sjoukje Dijkstra,https://fr.wikipedia.org/?curid=670250,https://fr.wikipedia.org/wiki/Sjoukje Dijkstra,Article contenant un appel \u00e0 traduction en anglais
Laia Palau,https://fr.wikipedia.org/?curid=670255,https://fr.wikipedia.org/wiki/Laia Palau,Article utilisant une Infobox
C\u00e9line Dumerc,https://fr.wikipedia.org/?curid=670256,https://fr.wikipedia.org/wiki/C\u00e9line Dumerc,Article utilisant une Infobox
Brigitte Boisjoli,https://fr.wikipedia.org/?curid=6699942,https://fr.wikipedia.org/wiki/Brigitte Boisjoli,Article utilisant une Infobox
Patricia Maldonado,https://fr.wikipedia.org/?curid=6704115,https://fr.wikipedia.org/wiki/Patricia Maldonado,Article utilisant une Infobox
Elinor Barker,https://fr.wikipedia.org/?curid=6690108,https://fr.wikipedia.org/wiki/Elinor Barker,Page utilisant P569
Discographie de Nicki Minaj,https://fr.wikipedia.org/?curid=6711756,https://fr.wikipedia.org/wiki/Discographie de Nicki Minaj,Article utilisant une Infobox
Nelrae Pasha,https://fr.wikipedia.org/?curid=6714343,https://fr.wikipedia.org/wiki/Nelrae Pasha,Wikip\u00e9dia:\u00e9bauche athl\u00e8te am\u00e9ricain
Tanya Dooley,https://fr.wikipedia.org/?curid=6714359,https://fr.wikipedia.org/wiki/Tanya Dooley,Wikip\u00e9dia:\u00e9bauche athl\u00e8te am\u00e9ricain
Beverly Kinch,https://fr.wikipedia.org/?curid=6668579,https://fr.wikipedia.org/wiki/Beverly Kinch,Wikip\u00e9dia:\u00e9bauche athl\u00e8te britannique
Katsiaryna Stankevich,https://fr.wikipedia.org/?curid=6674287,https://fr.wikipedia.org/wiki/Katsiaryna Stankevich,Wikip\u00e9dia:\u00e9bauche athl\u00e8te bi\u00e9lorusse
Traudl Hecher,https://fr.wikipedia.org/?curid=667444,https://fr.wikipedia.org/wiki/Traudl Hecher,Page utilisant P569
No\u00eblle Ailloud,https://fr.wikipedia.org/?curid=6687818,https://fr.wikipedia.org/wiki/No\u00eblle Ailloud,Wikip\u00e9dia:\u00e9bauche badminton
Tatiana Vattier,https://fr.wikipedia.org/?curid=6688955,https://fr.wikipedia.org/wiki/Tatiana Vattier,Wikip\u00e9dia:\u00e9bauche badminton
Elena Iag\u0103r,https://fr.wikipedia.org/?curid=6672774,https://fr.wikipedia.org/wiki/Elena Iag\u0103r,Wikip\u00e9dia:\u00e9bauche athl\u00e8te roumain
Martina Stoessel,https://fr.wikipedia.org/?curid=6707412,https://fr.wikipedia.org/wiki/Martina Stoessel,Page au nom prot\u00e9g\u00e9
Evanna Lynch,https://fr.wikipedia.org/?curid=669426,https://fr.wikipedia.org/wiki/Evanna Lynch,Article utilisant une Infobox
Marif\u00e9 de Triana,https://fr.wikipedia.org/?curid=6694272,https://fr.wikipedia.org/wiki/Marif\u00e9 de Triana,Page utilisant P569
Carmen Guzman,https://fr.wikipedia.org/?curid=6694288,https://fr.wikipedia.org/wiki/Carmen Guzman,Article utilisant une Infobox
Twist in My Sobriety,https://fr.wikipedia.org/?curid=6694473,https://fr.wikipedia.org/wiki/Twist in My Sobriety,Article contenant un lien mort
Fernanda Machado,https://fr.wikipedia.org/?curid=6692196,https://fr.wikipedia.org/wiki/Fernanda Machado,Wikip\u00e9dia:\u00e9bauche acteur br\u00e9silien
Allisson Lozano,https://fr.wikipedia.org/?curid=6693934,https://fr.wikipedia.org/wiki/Allisson Lozano,Article manquant de r\u00e9f\u00e9rences depuis novembre 2013
Tamara Koba,https://fr.wikipedia.org/?curid=6675412,https://fr.wikipedia.org/wiki/Tamara Koba,Wikip\u00e9dia:\u00e9bauche athl\u00e8te sovi\u00e9tique
Anna W\u0142odarczyk,https://fr.wikipedia.org/?curid=6675479,https://fr.wikipedia.org/wiki/Anna W\u0142odarczyk,Wikip\u00e9dia:\u00e9bauche athl\u00e8te polonais
Karin H\u00e4nel,https://fr.wikipedia.org/?curid=6675568,https://fr.wikipedia.org/wiki/Karin H\u00e4nel,Wikip\u00e9dia:\u00e9bauche athl\u00e8te allemand
Diane Cummins,https://fr.wikipedia.org/?curid=6696582,https://fr.wikipedia.org/wiki/Diane Cummins,Wikip\u00e9dia:\u00e9bauche athl\u00e8te canadien
Shen Xue,https://fr.wikipedia.org/?curid=668031,https://fr.wikipedia.org/wiki/Shen Xue,Article utilisant une Infobox
El\u017cbieta Katolik,https://fr.wikipedia.org/?curid=6671519,https://fr.wikipedia.org/wiki/El\u017cbieta Katolik,Wikip\u00e9dia:\u00e9bauche athl\u00e8te polonais
Anita Wei\u00df,https://fr.wikipedia.org/?curid=6671553,https://fr.wikipedia.org/wiki/Anita Wei\u00df,Wikip\u00e9dia:\u00e9bauche athl\u00e8te allemand
Oksana Zbrozhek,https://fr.wikipedia.org/?curid=6671823,https://fr.wikipedia.org/wiki/Oksana Zbrozhek,Wikip\u00e9dia:\u00e9bauche athl\u00e8te russe
Jeoselyna Rodr\u00edguez,https://fr.wikipedia.org/?curid=6672352,https://fr.wikipedia.org/wiki/Jeoselyna Rodr\u00edguez,Wikip\u00e9dia:\u00e9bauche joueuse dominicaine de volley-ball
Carlota Castrejana,https://fr.wikipedia.org/?curid=6672434,https://fr.wikipedia.org/wiki/Carlota Castrejana,Wikip\u00e9dia:\u00e9bauche athl\u00e8te espagnol
Kellie Suttle,https://fr.wikipedia.org/?curid=6685150,https://fr.wikipedia.org/wiki/Kellie Suttle,Wikip\u00e9dia:\u00e9bauche athl\u00e8te am\u00e9ricain
Tiombe Hurd,https://fr.wikipedia.org/?curid=6685181,https://fr.wikipedia.org/wiki/Tiombe Hurd,Wikip\u00e9dia:\u00e9bauche athl\u00e8te am\u00e9ricain
Monica Hargrove,https://fr.wikipedia.org/?curid=6685278,https://fr.wikipedia.org/wiki/Monica Hargrove,Wikip\u00e9dia:\u00e9bauche athl\u00e8te am\u00e9ricain
Marthe Kristoffersen,https://fr.wikipedia.org/?curid=6684609,https://fr.wikipedia.org/wiki/Marthe Kristoffersen,Wikip\u00e9dia:\u00e9bauche ski de fond
Verzhinia Veselinova,https://fr.wikipedia.org/?curid=6676137,https://fr.wikipedia.org/wiki/Verzhinia Veselinova,Wikip\u00e9dia:\u00e9bauche athl\u00e8te bulgare
Eva Murkov\u00e1,https://fr.wikipedia.org/?curid=6676834,https://fr.wikipedia.org/wiki/Eva Murkov\u00e1,Wikip\u00e9dia:\u00e9bauche athl\u00e8te slovaque
Keturah Anderson,https://fr.wikipedia.org/?curid=6683006,https://fr.wikipedia.org/wiki/Keturah Anderson,Wikip\u00e9dia:\u00e9bauche athl\u00e8te canadien
Simona Kubov\u00e1,https://fr.wikipedia.org/?curid=6762981,https://fr.wikipedia.org/wiki/Simona Kubov\u00e1,Article utilisant une Infobox
Kiesha Leggs,https://fr.wikipedia.org/?curid=6753288,https://fr.wikipedia.org/wiki/Kiesha Leggs,Wikip\u00e9dia:\u00e9bauche joueuse am\u00e9ricaine de volley-ball
Vilmarie Mojica,https://fr.wikipedia.org/?curid=6753337,https://fr.wikipedia.org/wiki/Vilmarie Mojica,Article utilisant une Infobox
Alexandra Recchia,https://fr.wikipedia.org/?curid=6753479,https://fr.wikipedia.org/wiki/Alexandra Recchia,Wikip\u00e9dia:\u00e9bauche karat\u00e9ka fran\u00e7ais
Eva Lubbers,https://fr.wikipedia.org/?curid=6758674,https://fr.wikipedia.org/wiki/Eva Lubbers,Wikip\u00e9dia:\u00e9bauche athl\u00e8te n\u00e9erlandais
Moniek Nijhuis,https://fr.wikipedia.org/?curid=6759082,https://fr.wikipedia.org/wiki/Moniek Nijhuis,Article utilisant une Infobox
Monika Martin,https://fr.wikipedia.org/?curid=6761237,https://fr.wikipedia.org/wiki/Monika Martin,Page utilisant P569
Natalya Sharova,https://fr.wikipedia.org/?curid=6760345,https://fr.wikipedia.org/wiki/Natalya Sharova,Wikip\u00e9dia:\u00e9bauche athl\u00e8te russe
Yekaterina Bakhvalova,https://fr.wikipedia.org/?curid=6760394,https://fr.wikipedia.org/wiki/Yekaterina Bakhvalova,Wikip\u00e9dia:\u00e9bauche athl\u00e8te russe
Liste des joueuses de l'\u00e9quipe de Belgique f\u00e9minine de football,https://fr.wikipedia.org/?curid=6760458,https://fr.wikipedia.org/wiki/Liste des joueuses de l'\u00e9quipe de Belgique f\u00e9minine de football,Wikip\u00e9dia:\u00e9bauche football f\u00e9minin
Heidi Weng,https://fr.wikipedia.org/?curid=6761425,https://fr.wikipedia.org/wiki/Heidi Weng,Article utilisant une Infobox
Georganne Moline,https://fr.wikipedia.org/?curid=6757985,https://fr.wikipedia.org/wiki/Georganne Moline,Wikip\u00e9dia:\u00e9bauche athl\u00e8te am\u00e9ricain
Anastasia Dotsenko,https://fr.wikipedia.org/?curid=6758034,https://fr.wikipedia.org/wiki/Anastasia Dotsenko,Wikip\u00e9dia:\u00e9bauche ski de fond
Fabienne Thibeault,https://fr.wikipedia.org/?curid=675706,https://fr.wikipedia.org/wiki/Fabienne Thibeault,Article utilisant une Infobox
Kadene Vassell,https://fr.wikipedia.org/?curid=6758542,https://fr.wikipedia.org/wiki/Kadene Vassell,Wikip\u00e9dia:\u00e9bauche athl\u00e8te n\u00e9erlandais
Discographie de Selena Gomez,https://fr.wikipedia.org/?curid=6726721,https://fr.wikipedia.org/wiki/Discographie de Selena Gomez,Article utilisant une Infobox
Louise-Hippolyte (princesse de Monaco),https://fr.wikipedia.org/?curid=674397,https://fr.wikipedia.org/wiki/Louise-Hippolyte (princesse de Monaco),Article utilisant une Infobox
H\u00e9l\u00e9na Ciak,https://fr.wikipedia.org/?curid=6744205,https://fr.wikipedia.org/wiki/H\u00e9l\u00e9na Ciak,Article utilisant une Infobox
Marta Val\u010di\u0107,https://fr.wikipedia.org/?curid=6741345,https://fr.wikipedia.org/wiki/Marta Val\u010di\u0107,Article \u00e0 illustrer Joueur de volley-ball
Iekaterina Lavrova,https://fr.wikipedia.org/?curid=6741377,https://fr.wikipedia.org/wiki/Iekaterina Lavrova,Article \u00e0 illustrer Joueur de volley-ball
Waltraud Dietsch,https://fr.wikipedia.org/?curid=6743525,https://fr.wikipedia.org/wiki/Waltraud Dietsch,Wikip\u00e9dia:\u00e9bauche athl\u00e8te allemand
Gabriela Sedl\u00e1kov\u00e1,https://fr.wikipedia.org/?curid=6743588,https://fr.wikipedia.org/wiki/Gabriela Sedl\u00e1kov\u00e1,Wikip\u00e9dia:\u00e9bauche athl\u00e8te slovaque
Tu\u011fba Toprak,https://fr.wikipedia.org/?curid=6743641,https://fr.wikipedia.org/wiki/Tu\u011fba Toprak,Article \u00e0 illustrer Joueur de volley-ball
Inge Molendijk,https://fr.wikipedia.org/?curid=6743720,https://fr.wikipedia.org/wiki/Inge Molendijk,Article \u00e0 illustrer Joueur de volley-ball
Tatiana Chamana\u00efeva,https://fr.wikipedia.org/?curid=6745993,https://fr.wikipedia.org/wiki/Tatiana Chamana\u00efeva,Article \u00e0 illustrer Joueur de volley-ball
Meliha \u0130smailo\u011flu,https://fr.wikipedia.org/?curid=6746029,https://fr.wikipedia.org/wiki/Meliha \u0130smailo\u011flu,Article utilisant une Infobox
Nadia Graham-Hutchinson,https://fr.wikipedia.org/?curid=6746317,https://fr.wikipedia.org/wiki/Nadia Graham-Hutchinson,Wikip\u00e9dia:\u00e9bauche athl\u00e8te jama\u00efcain
Natalya Shevtsova,https://fr.wikipedia.org/?curid=6746336,https://fr.wikipedia.org/wiki/Natalya Shevtsova,Wikip\u00e9dia:\u00e9bauche athl\u00e8te russe
Julie Villers,https://fr.wikipedia.org/?curid=6747416,https://fr.wikipedia.org/wiki/Julie Villers,Article contenant un lien mort
Fatou Dieng,https://fr.wikipedia.org/?curid=6745563,https://fr.wikipedia.org/wiki/Fatou Dieng,Article \u00e0 illustrer Joueur de basket-ball
Mirai Nagasu,https://fr.wikipedia.org/?curid=6732030,https://fr.wikipedia.org/wiki/Mirai Nagasu,Article utilisant une Infobox
Hiroko Matsuura,https://fr.wikipedia.org/?curid=6730397,https://fr.wikipedia.org/wiki/Hiroko Matsuura,Article \u00e0 illustrer Joueur de volley-ball
Lucia Hatinov\u00e1,https://fr.wikipedia.org/?curid=6730427,https://fr.wikipedia.org/wiki/Lucia Hatinov\u00e1,Article \u00e0 illustrer Joueur de volley-ball
Sun Caiyun,https://fr.wikipedia.org/?curid=6730612,https://fr.wikipedia.org/wiki/Sun Caiyun,Wikip\u00e9dia:\u00e9bauche athl\u00e8te chinois
Susanne Sundf\u00f8r,https://fr.wikipedia.org/?curid=6720994,https://fr.wikipedia.org/wiki/Susanne Sundf\u00f8r,Article utilisant une Infobox
Rachael Adams,https://fr.wikipedia.org/?curid=6750968,https://fr.wikipedia.org/wiki/Rachael Adams,Wikip\u00e9dia:\u00e9bauche joueuse am\u00e9ricaine de volley-ball
Lolita Dona,https://fr.wikipedia.org/?curid=6753625,https://fr.wikipedia.org/wiki/Lolita Dona,Article \u00e0 illustrer Sportif
Mirtha Brock,https://fr.wikipedia.org/?curid=6726046,https://fr.wikipedia.org/wiki/Mirtha Brock,Wikip\u00e9dia:\u00e9bauche athl\u00e8te colombien
Sylwia Chmiel,https://fr.wikipedia.org/?curid=6736977,https://fr.wikipedia.org/wiki/Sylwia Chmiel,Article utilisant une Infobox
Jaroslava Jehli\u010dkov\u00e1,https://fr.wikipedia.org/?curid=6733131,https://fr.wikipedia.org/wiki/Jaroslava Jehli\u010dkov\u00e1,Wikip\u00e9dia:\u00e9bauche athl\u00e8te tch\u00e8que
Marja-Liisa H\u00e4m\u00e4l\u00e4inen,https://fr.wikipedia.org/?curid=673641,https://fr.wikipedia.org/wiki/Marja-Liisa H\u00e4m\u00e4l\u00e4inen,Article \u00e0 illustrer Sportif
Silvia Fontana,https://fr.wikipedia.org/?curid=673502,https://fr.wikipedia.org/wiki/Silvia Fontana,Wikip\u00e9dia:\u00e9bauche patinage artistique
Henry Stuart (Lord Darnley),https://fr.wikipedia.org/?curid=672427,https://fr.wikipedia.org/wiki/Henry Stuart (Lord Darnley),Article utilisant une Infobox
Jitka Mezerov\u00e1,https://fr.wikipedia.org/?curid=6728366,https://fr.wikipedia.org/wiki/Jitka Mezerov\u00e1,Article \u00e0 illustrer Joueur de volley-ball
Veronica Bisconti,https://fr.wikipedia.org/?curid=6726168,https://fr.wikipedia.org/wiki/Veronica Bisconti,Wikip\u00e9dia:\u00e9bauche joueuse italienne de volley-ball
Lucyna Borek,https://fr.wikipedia.org/?curid=6726193,https://fr.wikipedia.org/wiki/Lucyna Borek,Article utilisant une Infobox
Valeria Safonova,https://fr.wikipedia.org/?curid=6726222,https://fr.wikipedia.org/wiki/Valeria Safonova,Article \u00e0 illustrer Joueur de volley-ball
Heather Meyers,https://fr.wikipedia.org/?curid=6726273,https://fr.wikipedia.org/wiki/Heather Meyers,Wikip\u00e9dia:\u00e9bauche joueuse am\u00e9ricaine de volley-ball
Gunn Margit Andreassen,https://fr.wikipedia.org/?curid=658340,https://fr.wikipedia.org/wiki/Gunn Margit Andreassen,Wikip\u00e9dia:\u00e9bauche biathlon
Ma\u0142gorzata Rydz,https://fr.wikipedia.org/?curid=6583895,https://fr.wikipedia.org/wiki/Ma\u0142gorzata Rydz,Wikip\u00e9dia:\u00e9bauche athl\u00e8te polonais
Bernadette Zurbriggen,https://fr.wikipedia.org/?curid=691398,https://fr.wikipedia.org/wiki/Bernadette Zurbriggen,Wikip\u00e9dia:\u00e9bauche personnalit\u00e9 suisse
Minami Aoyama,https://fr.wikipedia.org/?curid=6912844,https://fr.wikipedia.org/wiki/Minami Aoyama,Article contenant un lien mort
Vesna Manasieva,https://fr.wikipedia.org/?curid=6913249,https://fr.wikipedia.org/wiki/Vesna Manasieva,Article utilisant une Infobox
Jana \u010cepelov\u00e1,https://fr.wikipedia.org/?curid=6916511,https://fr.wikipedia.org/wiki/Jana \u010cepelov\u00e1,Article utilisant une Infobox
Lorie Pester,https://fr.wikipedia.org/?curid=6911913,https://fr.wikipedia.org/wiki/Lorie Pester,Article utilisant une Infobox
Huma Qureshi,https://fr.wikipedia.org/?curid=6911726,https://fr.wikipedia.org/wiki/Huma Qureshi,Article utilisant une Infobox
Kathleen Wynne,https://fr.wikipedia.org/?curid=6884386,https://fr.wikipedia.org/wiki/Kathleen Wynne,Page utilisant une frise chronologique
Magritte de la meilleure actrice dans un second r\u00f4le,https://fr.wikipedia.org/?curid=6897651,https://fr.wikipedia.org/wiki/Magritte de la meilleure actrice dans un second r\u00f4le,Article \u00e0 illustrer R\u00e9compense
Alejandra Herrera,https://fr.wikipedia.org/?curid=6904737,https://fr.wikipedia.org/wiki/Alejandra Herrera,Wikip\u00e9dia:\u00e9bauche acteur chilien
Lea Hildebrand,https://fr.wikipedia.org/?curid=6885289,https://fr.wikipedia.org/wiki/Lea Hildebrand,Article \u00e0 illustrer Joueur de volley-ball
Nafissatou Thiam,https://fr.wikipedia.org/?curid=6901844,https://fr.wikipedia.org/wiki/Nafissatou Thiam,Article utilisant une Infobox
LiSA,https://fr.wikipedia.org/?curid=6902353,https://fr.wikipedia.org/wiki/LiSA,Article manquant de r\u00e9f\u00e9rences depuis octobre 2021
Nadja (chanteuse),https://fr.wikipedia.org/?curid=6898508,https://fr.wikipedia.org/wiki/Nadja (chanteuse),Article utilisant une Infobox
Magritte de la meilleure image,https://fr.wikipedia.org/?curid=6899412,https://fr.wikipedia.org/wiki/Magritte de la meilleure image,Article \u00e0 illustrer R\u00e9compense
T\u00fclin Alt\u0131nta\u015f,https://fr.wikipedia.org/?curid=6901635,https://fr.wikipedia.org/wiki/T\u00fclin Alt\u0131nta\u015f,Article \u00e0 illustrer Joueur de volley-ball
