Name,URL1,URL2,First Category
\u00c9lisa Bonaparte,https://fr.wikipedia.org/?curid=234135,https://fr.wikipedia.org/wiki/\u00c9lisa Bonaparte,Article utilisant une Infobox
Catherine Quittet,https://fr.wikipedia.org/?curid=2377167,https://fr.wikipedia.org/wiki/Catherine Quittet,Page utilisant P569
Audrey Sauret,https://fr.wikipedia.org/?curid=237284,https://fr.wikipedia.org/wiki/Audrey Sauret,Article utilisant une Infobox
Luo Xuejuan,https://fr.wikipedia.org/?curid=2287224,https://fr.wikipedia.org/wiki/Luo Xuejuan,Article contenant un lien mort
Claire Bret\u00e9cher,https://fr.wikipedia.org/?curid=227303,https://fr.wikipedia.org/wiki/Claire Bret\u00e9cher,Page utilisant P569
Sergue\u00ef Loukianenko,https://fr.wikipedia.org/?curid=2054620,https://fr.wikipedia.org/wiki/Sergue\u00ef Loukianenko,Article utilisant une Infobox
Gene Tierney,https://fr.wikipedia.org/?curid=206487,https://fr.wikipedia.org/wiki/Gene Tierney,Article manquant de r\u00e9f\u00e9rences depuis f\u00e9vrier 2016
Sandra Louw,https://fr.wikipedia.org/?curid=2066197,https://fr.wikipedia.org/wiki/Sandra Louw,Page utilisant P569
Liste des m\u00e9daill\u00e9s olympiques en taekwondo,https://fr.wikipedia.org/?curid=2077065,https://fr.wikipedia.org/wiki/Liste des m\u00e9daill\u00e9s olympiques en taekwondo,Portail:Jeux olympiques/Articles li\u00e9s
Sandra Sch\u00e4fer,https://fr.wikipedia.org/?curid=2077124,https://fr.wikipedia.org/wiki/Sandra Sch\u00e4fer,Wikip\u00e9dia:\u00e9bauche karat\u00e9ka allemand
Marion Jones (athl\u00e9tisme),https://fr.wikipedia.org/?curid=209192,https://fr.wikipedia.org/wiki/Marion Jones (athl\u00e9tisme),Article utilisant une Infobox
Steffi Graf,https://fr.wikipedia.org/?curid=194111,https://fr.wikipedia.org/wiki/Steffi Graf,Article utilisant une Infobox
Laura Linney,https://fr.wikipedia.org/?curid=1984993,https://fr.wikipedia.org/wiki/Laura Linney,Article contenant un lien mort
Liu Yifei,https://fr.wikipedia.org/?curid=1984995,https://fr.wikipedia.org/wiki/Liu Yifei,Article contenant un appel \u00e0 traduction en anglais
Yanet Bermoy,https://fr.wikipedia.org/?curid=1987010,https://fr.wikipedia.org/wiki/Yanet Bermoy,Page utilisant P569
Marlies Schild,https://fr.wikipedia.org/?curid=213410,https://fr.wikipedia.org/wiki/Marlies Schild,Article utilisant une Infobox
Carole Montillet,https://fr.wikipedia.org/?curid=214368,https://fr.wikipedia.org/wiki/Carole Montillet,Article \u00e0 illustrer Sportif
Jane Kaczmarek,https://fr.wikipedia.org/?curid=214210,https://fr.wikipedia.org/wiki/Jane Kaczmarek,Article utilisant une Infobox
Blade Runner (film),https://fr.wikipedia.org/?curid=21270,https://fr.wikipedia.org/wiki/Blade Runner (film),Article utilisant une Infobox
Nezha Bidouane,https://fr.wikipedia.org/?curid=212158,https://fr.wikipedia.org/wiki/Nezha Bidouane,Article utilisant une Infobox
Claudia Rauschenbach,https://fr.wikipedia.org/?curid=2124246,https://fr.wikipedia.org/wiki/Claudia Rauschenbach,Wikip\u00e9dia:\u00e9bauche patinage artistique
Akemi Kimura,https://fr.wikipedia.org/?curid=2059107,https://fr.wikipedia.org/wiki/Akemi Kimura,Wikip\u00e9dia:\u00e9bauche karat\u00e9ka japonais
Suzuko Omamura,https://fr.wikipedia.org/?curid=2065740,https://fr.wikipedia.org/wiki/Suzuko Omamura,Wikip\u00e9dia:\u00e9bauche karat\u00e9ka japonais
Florence Griffith-Joyner,https://fr.wikipedia.org/?curid=207963,https://fr.wikipedia.org/wiki/Florence Griffith-Joyner,Article contenant un lien mort
Cheili Carolina Gonz\u00e1lez Castillo,https://fr.wikipedia.org/?curid=1942321,https://fr.wikipedia.org/wiki/Cheili Carolina Gonz\u00e1lez Castillo,Wikip\u00e9dia:\u00e9bauche karat\u00e9ka
Nadia Mecheri,https://fr.wikipedia.org/?curid=1942415,https://fr.wikipedia.org/wiki/Nadia Mecheri,Article contenant un lien mort
Atsuko Wakai,https://fr.wikipedia.org/?curid=1927044,https://fr.wikipedia.org/wiki/Atsuko Wakai,Article \u00e0 illustrer Sportif
Antoinette Nana Djimou,https://fr.wikipedia.org/?curid=1942671,https://fr.wikipedia.org/wiki/Antoinette Nana Djimou,Article utilisant une Infobox
Yann Eli\u00e8s,https://fr.wikipedia.org/?curid=1942860,https://fr.wikipedia.org/wiki/Yann Eli\u00e8s,Article utilisant une Infobox
Anne Dorval,https://fr.wikipedia.org/?curid=1929298,https://fr.wikipedia.org/wiki/Anne Dorval,Page utilisant P5395
Sviatlana Vusovich,https://fr.wikipedia.org/?curid=1923532,https://fr.wikipedia.org/wiki/Sviatlana Vusovich,Wikip\u00e9dia:\u00e9bauche athl\u00e8te bi\u00e9lorusse
Ilona Vusovich,https://fr.wikipedia.org/?curid=1928526,https://fr.wikipedia.org/wiki/Ilona Vusovich,Wikip\u00e9dia:\u00e9bauche athl\u00e8te bi\u00e9lorusse
Shannon Nishi,https://fr.wikipedia.org/?curid=1928200,https://fr.wikipedia.org/wiki/Shannon Nishi,Page utilisant P569
Alexandra Kurtz,https://fr.wikipedia.org/?curid=1928234,https://fr.wikipedia.org/wiki/Alexandra Kurtz,Wikip\u00e9dia:\u00e9bauche karat\u00e9ka allemand
Mary Wineberg,https://fr.wikipedia.org/?curid=1930256,https://fr.wikipedia.org/wiki/Mary Wineberg,Wikip\u00e9dia:\u00e9bauche athl\u00e8te am\u00e9ricain
Sarah Connor (chanteuse),https://fr.wikipedia.org/?curid=1938186,https://fr.wikipedia.org/wiki/Sarah Connor (chanteuse),Article utilisant une Infobox
Betty Heidler,https://fr.wikipedia.org/?curid=1925953,https://fr.wikipedia.org/wiki/Betty Heidler,Article utilisant une Infobox
Narayane Dossevi,https://fr.wikipedia.org/?curid=1925249,https://fr.wikipedia.org/wiki/Narayane Dossevi,Wikip\u00e9dia:\u00e9bauche athl\u00e8te fran\u00e7ais
Christine Ohuruogu,https://fr.wikipedia.org/?curid=1924981,https://fr.wikipedia.org/wiki/Christine Ohuruogu,Article utilisant une Infobox
Salima Souakri,https://fr.wikipedia.org/?curid=1924211,https://fr.wikipedia.org/wiki/Salima Souakri,Article manquant de r\u00e9f\u00e9rences depuis juillet 2020
Olivia Borl\u00e9e,https://fr.wikipedia.org/?curid=1926764,https://fr.wikipedia.org/wiki/Olivia Borl\u00e9e,Article utilisant une Infobox
Jana Pittman,https://fr.wikipedia.org/?curid=1925602,https://fr.wikipedia.org/wiki/Jana Pittman,Wikip\u00e9dia:\u00e9bauche athl\u00e8te australien
Alina Alexandra Dumitru,https://fr.wikipedia.org/?curid=1939076,https://fr.wikipedia.org/wiki/Alina Alexandra Dumitru,Article \u00e0 illustrer Sportif
Virginie Michanol,https://fr.wikipedia.org/?curid=1941391,https://fr.wikipedia.org/wiki/Virginie Michanol,Wikip\u00e9dia:\u00e9bauche athl\u00e8te fran\u00e7ais
Tomomi Kahala,https://fr.wikipedia.org/?curid=1952220,https://fr.wikipedia.org/wiki/Tomomi Kahala,Article utilisant une Infobox
Clarissa Claretti,https://fr.wikipedia.org/?curid=1919101,https://fr.wikipedia.org/wiki/Clarissa Claretti,Wikip\u00e9dia:\u00e9bauche athl\u00e8te italien
Tatyana Arkhipova,https://fr.wikipedia.org/?curid=1919202,https://fr.wikipedia.org/wiki/Tatyana Arkhipova,Wikip\u00e9dia:\u00e9bauche athl\u00e8te russe
Scott Steiner,https://fr.wikipedia.org/?curid=1920638,https://fr.wikipedia.org/wiki/Scott Steiner,Article contenant un lien mort
Gulnara Samitova-Galkina,https://fr.wikipedia.org/?curid=1919471,https://fr.wikipedia.org/wiki/Gulnara Samitova-Galkina,Article utilisant une Infobox
Olha Saladukha,https://fr.wikipedia.org/?curid=1930340,https://fr.wikipedia.org/wiki/Olha Saladukha,Article utilisant une Infobox
Natalina Lupino,https://fr.wikipedia.org/?curid=1930359,https://fr.wikipedia.org/wiki/Natalina Lupino,Wikip\u00e9dia:\u00e9bauche judo
Stacey Cook,https://fr.wikipedia.org/?curid=1932056,https://fr.wikipedia.org/wiki/Stacey Cook,Wikip\u00e9dia:\u00e9bauche ski alpin
Zhu Xiaolin,https://fr.wikipedia.org/?curid=1932299,https://fr.wikipedia.org/wiki/Zhu Xiaolin,Wikip\u00e9dia:\u00e9bauche athl\u00e8te chinois
Le Choix de Sophie (film),https://fr.wikipedia.org/?curid=1933903,https://fr.wikipedia.org/wiki/Le Choix de Sophie (film),Article utilisant une Infobox
Sicko (film),https://fr.wikipedia.org/?curid=1597230,https://fr.wikipedia.org/wiki/Sicko (film),Wikip\u00e9dia:\u00e9bauche film am\u00e9ricain
Liste des m\u00e9daill\u00e9es olympiques f\u00e9minines en judo,https://fr.wikipedia.org/?curid=1609658,https://fr.wikipedia.org/wiki/Liste des m\u00e9daill\u00e9es olympiques f\u00e9minines en judo,Portail:Jeux olympiques/Articles li\u00e9s
"L'\u00c9change (film, 2008)",https://fr.wikipedia.org/?curid=1626053,"https://fr.wikipedia.org/wiki/L'\u00c9change (film, 2008)",Article contenant un lien mort
Le Silence des agneaux (film),https://fr.wikipedia.org/?curid=162841,https://fr.wikipedia.org/wiki/Le Silence des agneaux (film),Article contenant un appel \u00e0 traduction en anglais
Alexa Glatch,https://fr.wikipedia.org/?curid=1686682,https://fr.wikipedia.org/wiki/Alexa Glatch,Article utilisant une Infobox
Almudena Mu\u00f1oz,https://fr.wikipedia.org/?curid=1686693,https://fr.wikipedia.org/wiki/Almudena Mu\u00f1oz,Wikip\u00e9dia:\u00e9bauche judo
Cellulite (bande dessin\u00e9e),https://fr.wikipedia.org/?curid=1690794,https://fr.wikipedia.org/wiki/Cellulite (bande dessin\u00e9e),Article \u00e0 illustrer Bande dessin\u00e9e
Sailor Neptune,https://fr.wikipedia.org/?curid=1676653,https://fr.wikipedia.org/wiki/Sailor Neptune,Article utilisant une Infobox
Kristina Barrois,https://fr.wikipedia.org/?curid=1687743,https://fr.wikipedia.org/wiki/Kristina Barrois,Article utilisant une Infobox
Sheila Piercey,https://fr.wikipedia.org/?curid=1675338,https://fr.wikipedia.org/wiki/Sheila Piercey,Article \u00e0 illustrer Joueur de tennis
Dominika Cibulkov\u00e1,https://fr.wikipedia.org/?curid=1681074,https://fr.wikipedia.org/wiki/Dominika Cibulkov\u00e1,Article utilisant une Infobox
Sailor Uranus,https://fr.wikipedia.org/?curid=1679892,https://fr.wikipedia.org/wiki/Sailor Uranus,Article utilisant une Infobox
Karin Knapp,https://fr.wikipedia.org/?curid=1681104,https://fr.wikipedia.org/wiki/Karin Knapp,Article utilisant une Infobox
Robert Bridges (po\u00e8te),https://fr.wikipedia.org/?curid=1672962,https://fr.wikipedia.org/wiki/Robert Bridges (po\u00e8te),Page utilisant P569
Darya Pishchalnikova,https://fr.wikipedia.org/?curid=1998640,https://fr.wikipedia.org/wiki/Darya Pishchalnikova,Article utilisant une Infobox
Michaela Dorfmeister,https://fr.wikipedia.org/?curid=199954,https://fr.wikipedia.org/wiki/Michaela Dorfmeister,Article utilisant une Infobox
Conchita Mart\u00ednez,https://fr.wikipedia.org/?curid=197359,https://fr.wikipedia.org/wiki/Conchita Mart\u00ednez,Article utilisant une Infobox
Elisabeth Willeboordse,https://fr.wikipedia.org/?curid=1973270,https://fr.wikipedia.org/wiki/Elisabeth Willeboordse,Wikip\u00e9dia:\u00e9bauche judo
Champions olympiques fran\u00e7ais,https://fr.wikipedia.org/?curid=1967676,https://fr.wikipedia.org/wiki/Champions olympiques fran\u00e7ais,Portail:Jeux olympiques/Articles li\u00e9s
Ibtissem Hannachi,https://fr.wikipedia.org/?curid=1958369,https://fr.wikipedia.org/wiki/Ibtissem Hannachi,Wikip\u00e9dia:\u00e9bauche karat\u00e9ka
Carmen Vicente Caba\u00f1as,https://fr.wikipedia.org/?curid=1964463,https://fr.wikipedia.org/wiki/Carmen Vicente Caba\u00f1as,Wikip\u00e9dia:\u00e9bauche karat\u00e9ka espagnol
Filmographie de Satyajit Ray,https://fr.wikipedia.org/?curid=1982141,https://fr.wikipedia.org/wiki/Filmographie de Satyajit Ray,Portail:Cin\u00e9ma/Articles li\u00e9s
Angela Bofill,https://fr.wikipedia.org/?curid=1978915,https://fr.wikipedia.org/wiki/Angela Bofill,Article utilisant une Infobox
Sportif n\u00e9erlandais de l'ann\u00e9e,https://fr.wikipedia.org/?curid=1980786,https://fr.wikipedia.org/wiki/Sportif n\u00e9erlandais de l'ann\u00e9e,Article contenant un appel \u00e0 traduction en anglais
Rainie Yang,https://fr.wikipedia.org/?curid=1981063,https://fr.wikipedia.org/wiki/Rainie Yang,Wikip\u00e9dia:\u00e9bauche chanteur
Janice Francis,https://fr.wikipedia.org/?curid=1980255,https://fr.wikipedia.org/wiki/Janice Francis,Wikip\u00e9dia:\u00e9bauche karat\u00e9ka britannique
Darya Kustova,https://fr.wikipedia.org/?curid=1980506,https://fr.wikipedia.org/wiki/Darya Kustova,Article utilisant une Infobox
Tessy Scholtes,https://fr.wikipedia.org/?curid=1958328,https://fr.wikipedia.org/wiki/Tessy Scholtes,Page utilisant P569
Yarelys Barrios,https://fr.wikipedia.org/?curid=1996503,https://fr.wikipedia.org/wiki/Yarelys Barrios,Article utilisant une Infobox
Benny Vansteelant,https://fr.wikipedia.org/?curid=2027021,https://fr.wikipedia.org/wiki/Benny Vansteelant,Article \u00e0 illustrer Sportif
Mulholland Drive (film),https://fr.wikipedia.org/?curid=2017,https://fr.wikipedia.org/wiki/Mulholland Drive (film),Article utilisant une Infobox
Ekaterina Dzehalevich,https://fr.wikipedia.org/?curid=2031254,https://fr.wikipedia.org/wiki/Ekaterina Dzehalevich,Article utilisant une Infobox
Liste des m\u00e9daill\u00e9es olympiques f\u00e9minines en cyclisme,https://fr.wikipedia.org/?curid=2032013,https://fr.wikipedia.org/wiki/Liste des m\u00e9daill\u00e9es olympiques f\u00e9minines en cyclisme,Portail:Cyclisme/Articles li\u00e9s
Patricia Lavila,https://fr.wikipedia.org/?curid=2010666,https://fr.wikipedia.org/wiki/Patricia Lavila,Article contenant un lien mort
Sonja Nef,https://fr.wikipedia.org/?curid=201106,https://fr.wikipedia.org/wiki/Sonja Nef,Article utilisant une Infobox
Sportifs les plus m\u00e9daill\u00e9s aux Jeux olympiques,https://fr.wikipedia.org/?curid=2005149,https://fr.wikipedia.org/wiki/Sportifs les plus m\u00e9daill\u00e9s aux Jeux olympiques,Portail:Jeux olympiques/Articles li\u00e9s
Vreni Schneider,https://fr.wikipedia.org/?curid=200360,https://fr.wikipedia.org/wiki/Vreni Schneider,Article utilisant une Infobox
Mia Hansen-L\u00f8ve,https://fr.wikipedia.org/?curid=2003169,https://fr.wikipedia.org/wiki/Mia Hansen-L\u00f8ve,Article utilisant une Infobox
Joanna Angel,https://fr.wikipedia.org/?curid=2048283,https://fr.wikipedia.org/wiki/Joanna Angel,Article utilisant une Infobox
SimCity Soci\u00e9t\u00e9s,https://fr.wikipedia.org/?curid=1661275,https://fr.wikipedia.org/wiki/SimCity Soci\u00e9t\u00e9s,Wikip\u00e9dia:\u00e9bauche jeu vid\u00e9o
Cecil Day-Lewis,https://fr.wikipedia.org/?curid=1661627,https://fr.wikipedia.org/wiki/Cecil Day-Lewis,Article utilisant une Infobox
Sleepy Hollow (film),https://fr.wikipedia.org/?curid=161118,https://fr.wikipedia.org/wiki/Sleepy Hollow (film),Article utilisant une Infobox
Driulis Gonz\u00e1lez,https://fr.wikipedia.org/?curid=1611569,https://fr.wikipedia.org/wiki/Driulis Gonz\u00e1lez,Wikip\u00e9dia:\u00e9bauche judo
Nelly Guilbert,https://fr.wikipedia.org/?curid=1611669,https://fr.wikipedia.org/wiki/Nelly Guilbert,Article utilisant une Infobox
Hannah Montana (album),https://fr.wikipedia.org/?curid=1611672,https://fr.wikipedia.org/wiki/Hannah Montana (album),Wikip\u00e9dia:\u00e9bauche album
Vanessa Gusmeroli,https://fr.wikipedia.org/?curid=1665615,https://fr.wikipedia.org/wiki/Vanessa Gusmeroli,Article manquant de r\u00e9f\u00e9rences depuis septembre 2020
Ludmila Formanov\u00e1,https://fr.wikipedia.org/?curid=1665712,https://fr.wikipedia.org/wiki/Ludmila Formanov\u00e1,Article utilisant une Infobox
Anne-Sophie Calvez,https://fr.wikipedia.org/?curid=1640089,https://fr.wikipedia.org/wiki/Anne-Sophie Calvez,Article utilisant une Infobox
Th\u00e9r\u00e8se de Kermel,https://fr.wikipedia.org/?curid=1616425,https://fr.wikipedia.org/wiki/Th\u00e9r\u00e8se de Kermel,Article \u00e0 illustrer Joueur de tennis
Margarette Ballard,https://fr.wikipedia.org/?curid=1638743,https://fr.wikipedia.org/wiki/Margarette Ballard,Article \u00e0 illustrer Joueur de tennis
Jane Craven,https://fr.wikipedia.org/?curid=1638754,https://fr.wikipedia.org/wiki/Jane Craven,Article \u00e0 illustrer Joueur de tennis
Edith Rotch,https://fr.wikipedia.org/?curid=1638762,https://fr.wikipedia.org/wiki/Edith Rotch,Article utilisant une Infobox
Edith Parker,https://fr.wikipedia.org/?curid=1638764,https://fr.wikipedia.org/wiki/Edith Parker,Article utilisant une Infobox
Carrie Neely,https://fr.wikipedia.org/?curid=1638770,https://fr.wikipedia.org/wiki/Carrie Neely,Article utilisant une Infobox
Laurence Rochat,https://fr.wikipedia.org/?curid=1658166,https://fr.wikipedia.org/wiki/Laurence Rochat,Article utilisant une Infobox
Akino Arai,https://fr.wikipedia.org/?curid=181427,https://fr.wikipedia.org/wiki/Akino Arai,Wikip\u00e9dia:\u00e9bauche compositeur japonais
Daima Beltr\u00e1n,https://fr.wikipedia.org/?curid=1848770,https://fr.wikipedia.org/wiki/Daima Beltr\u00e1n,Wikip\u00e9dia:\u00e9bauche judo
Isabelle d'Orl\u00e9ans (1878-1961),https://fr.wikipedia.org/?curid=1848915,https://fr.wikipedia.org/wiki/Isabelle d'Orl\u00e9ans (1878-1961),Article utilisant une Infobox
Kikkan Randall,https://fr.wikipedia.org/?curid=1858520,https://fr.wikipedia.org/wiki/Kikkan Randall,Article utilisant une Infobox
Jean Le Cam,https://fr.wikipedia.org/?curid=186083,https://fr.wikipedia.org/wiki/Jean Le Cam,Article utilisant une Infobox
Vincent Riou,https://fr.wikipedia.org/?curid=186107,https://fr.wikipedia.org/wiki/Vincent Riou,Article utilisant une Infobox
Brigitte Foster-Hylton,https://fr.wikipedia.org/?curid=1779463,https://fr.wikipedia.org/wiki/Brigitte Foster-Hylton,Article utilisant une Infobox
Jakie Quartz,https://fr.wikipedia.org/?curid=1781202,https://fr.wikipedia.org/wiki/Jakie Quartz,Page utilisant P569
\u00c0 la l\u00e9g\u00e8re,https://fr.wikipedia.org/?curid=1855727,https://fr.wikipedia.org/wiki/\u00c0 la l\u00e9g\u00e8re,Wikip\u00e9dia:\u00e9bauche album
Soraya Arnelas,https://fr.wikipedia.org/?curid=1794482,https://fr.wikipedia.org/wiki/Soraya Arnelas,Article contenant un lien mort
Astrid de Belgique,https://fr.wikipedia.org/?curid=179697,https://fr.wikipedia.org/wiki/Astrid de Belgique,Article utilisant une Infobox
Natalia Korosteliova,https://fr.wikipedia.org/?curid=1823134,https://fr.wikipedia.org/wiki/Natalia Korosteliova,Wikip\u00e9dia:\u00e9bauche ski de fond
King's Bounty,https://fr.wikipedia.org/?curid=182111,https://fr.wikipedia.org/wiki/King's Bounty,Wikip\u00e9dia:\u00e9bauche jeu vid\u00e9o
Ruth Beitia,https://fr.wikipedia.org/?curid=1821235,https://fr.wikipedia.org/wiki/Ruth Beitia,Article utilisant une Infobox
Alina Astafei,https://fr.wikipedia.org/?curid=1821282,https://fr.wikipedia.org/wiki/Alina Astafei,Article utilisant une Infobox
Women's Auxiliary Air Force,https://fr.wikipedia.org/?curid=1790732,https://fr.wikipedia.org/wiki/Women's Auxiliary Air Force,Article contenant un appel \u00e0 traduction en anglais
Karin Th\u00fcrig,https://fr.wikipedia.org/?curid=2884202,https://fr.wikipedia.org/wiki/Karin Th\u00fcrig,Page utilisant P569
Jennifer Nicks,https://fr.wikipedia.org/?curid=2890875,https://fr.wikipedia.org/wiki/Jennifer Nicks,Article \u00e0 illustrer Patineur artistique
\u00c9loyse Lesueur-Aymonin,https://fr.wikipedia.org/?curid=2840101,https://fr.wikipedia.org/wiki/\u00c9loyse Lesueur-Aymonin,Article \u00e0 mettre \u00e0 jour
Liv Grete Poir\u00e9e,https://fr.wikipedia.org/?curid=285222,https://fr.wikipedia.org/wiki/Liv Grete Poir\u00e9e,Article utilisant une Infobox
Estelle (chanteuse),https://fr.wikipedia.org/?curid=2876671,https://fr.wikipedia.org/wiki/Estelle (chanteuse),Article utilisant une Infobox
Sora Aoi,https://fr.wikipedia.org/?curid=2888569,https://fr.wikipedia.org/wiki/Sora Aoi,Article utilisant une Infobox
Michelle Williams (chanteuse),https://fr.wikipedia.org/?curid=2888633,https://fr.wikipedia.org/wiki/Michelle Williams (chanteuse),Article utilisant une Infobox
Anna Meares,https://fr.wikipedia.org/?curid=2878301,https://fr.wikipedia.org/wiki/Anna Meares,Page utilisant P569
Tanja Szewczenko,https://fr.wikipedia.org/?curid=2880507,https://fr.wikipedia.org/wiki/Tanja Szewczenko,Wikip\u00e9dia:\u00e9bauche patinage artistique
Christelle Daunay,https://fr.wikipedia.org/?curid=2899870,https://fr.wikipedia.org/wiki/Christelle Daunay,Article utilisant une Infobox
Jane Monheit,https://fr.wikipedia.org/?curid=2900038,https://fr.wikipedia.org/wiki/Jane Monheit,Wikip\u00e9dia:\u00e9bauche jazz
Patty Pravo,https://fr.wikipedia.org/?curid=2894499,https://fr.wikipedia.org/wiki/Patty Pravo,Article utilisant une Infobox
Stephen King,https://fr.wikipedia.org/?curid=2897,https://fr.wikipedia.org/wiki/Stephen King,Article utilisant une Infobox
Pegi Young,https://fr.wikipedia.org/?curid=2896251,https://fr.wikipedia.org/wiki/Pegi Young,Page utilisant P569
Victoria Ravva,https://fr.wikipedia.org/?curid=289527,https://fr.wikipedia.org/wiki/Victoria Ravva,Article utilisant une Infobox
Pat Benatar,https://fr.wikipedia.org/?curid=289476,https://fr.wikipedia.org/wiki/Pat Benatar,Page utilisant P27
Tweet (chanteuse),https://fr.wikipedia.org/?curid=2826323,https://fr.wikipedia.org/wiki/Tweet (chanteuse),Wikip\u00e9dia:\u00e9bauche chanteur am\u00e9ricain
Stanley Kubrick,https://fr.wikipedia.org/?curid=2764,https://fr.wikipedia.org/wiki/Stanley Kubrick,Article \u00e0 r\u00e9f\u00e9rence insuffisante
Brave (album de Jennifer Lopez),https://fr.wikipedia.org/?curid=2779369,https://fr.wikipedia.org/wiki/Brave (album de Jennifer Lopez),Article utilisant une Infobox
Gwendoline (Chabrier),https://fr.wikipedia.org/?curid=2755927,https://fr.wikipedia.org/wiki/Gwendoline (Chabrier),Wikip\u00e9dia:\u00e9bauche op\u00e9ra
L\u00e9a Castel,https://fr.wikipedia.org/?curid=2773268,https://fr.wikipedia.org/wiki/L\u00e9a Castel,Article utilisant une Infobox
Cathy Freeman,https://fr.wikipedia.org/?curid=275101,https://fr.wikipedia.org/wiki/Cathy Freeman,Article utilisant une Infobox
Rob Zombie,https://fr.wikipedia.org/?curid=275144,https://fr.wikipedia.org/wiki/Rob Zombie,Page utilisant une frise chronologique
Mega Man Xtreme 2,https://fr.wikipedia.org/?curid=2768231,https://fr.wikipedia.org/wiki/Mega Man Xtreme 2,Article \u00e0 illustrer
M\u016bza Rubackyt\u0117,https://fr.wikipedia.org/?curid=2513964,https://fr.wikipedia.org/wiki/M\u016bza Rubackyt\u0117,Article utilisant une Infobox
Miranda Lambert,https://fr.wikipedia.org/?curid=2679747,https://fr.wikipedia.org/wiki/Miranda Lambert,Wikip\u00e9dia:\u00e9bauche chanteur am\u00e9ricain
Sabrina Buchholz,https://fr.wikipedia.org/?curid=2686971,https://fr.wikipedia.org/wiki/Sabrina Buchholz,Wikip\u00e9dia:\u00e9bauche biathlon
Sanna Gr\u00f8nlid,https://fr.wikipedia.org/?curid=2689392,https://fr.wikipedia.org/wiki/Sanna Gr\u00f8nlid,Wikip\u00e9dia:\u00e9bauche biathlon
Sanna-Leena Perunka,https://fr.wikipedia.org/?curid=2689456,https://fr.wikipedia.org/wiki/Sanna-Leena Perunka,Wikip\u00e9dia:\u00e9bauche biathlon
Troupe de la Com\u00e9die-Italienne en 1697,https://fr.wikipedia.org/?curid=2663207,https://fr.wikipedia.org/wiki/Troupe de la Com\u00e9die-Italienne en 1697,Portail:Th\u00e9\u00e2tre/Articles li\u00e9s
Sofiane Guitoune,https://fr.wikipedia.org/?curid=2676978,https://fr.wikipedia.org/wiki/Sofiane Guitoune,Article utilisant une Infobox
Ashanti (chanteuse),https://fr.wikipedia.org/?curid=269177,https://fr.wikipedia.org/wiki/Ashanti (chanteuse),Article manquant de r\u00e9f\u00e9rences depuis d\u00e9cembre 2022
Tuija Vuoksiala,https://fr.wikipedia.org/?curid=2690546,https://fr.wikipedia.org/wiki/Tuija Vuoksiala,Wikip\u00e9dia:\u00e9bauche biathlon
Leontien van Moorsel,https://fr.wikipedia.org/?curid=262769,https://fr.wikipedia.org/wiki/Leontien van Moorsel,Page utilisant P569
Lauryn Hill,https://fr.wikipedia.org/?curid=264070,https://fr.wikipedia.org/wiki/Lauryn Hill,Article utilisant une Infobox
Muriel Sarkany,https://fr.wikipedia.org/?curid=250532,https://fr.wikipedia.org/wiki/Muriel Sarkany,Wikip\u00e9dia:\u00e9bauche escalade
Femmes de la maison de Savoie,https://fr.wikipedia.org/?curid=2687723,https://fr.wikipedia.org/wiki/Femmes de la maison de Savoie,Article contenant un appel \u00e0 traduction en anglais
Ji\u0159ina Pelcov\u00e1,https://fr.wikipedia.org/?curid=2693334,https://fr.wikipedia.org/wiki/Ji\u0159ina Pelcov\u00e1,Wikip\u00e9dia:\u00e9bauche biathlon
Solveig Rogstad,https://fr.wikipedia.org/?curid=2695326,https://fr.wikipedia.org/wiki/Solveig Rogstad,Wikip\u00e9dia:\u00e9bauche biathlon
Anne Ingstadbj\u00f8rg,https://fr.wikipedia.org/?curid=2695341,https://fr.wikipedia.org/wiki/Anne Ingstadbj\u00f8rg,Wikip\u00e9dia:\u00e9bauche biathlon
Inger Bj\u00f6rkbom,https://fr.wikipedia.org/?curid=2492490,https://fr.wikipedia.org/wiki/Inger Bj\u00f6rkbom,Wikip\u00e9dia:\u00e9bauche biathlon
Svetlana Paramyguina,https://fr.wikipedia.org/?curid=2479602,https://fr.wikipedia.org/wiki/Svetlana Paramyguina,Wikip\u00e9dia:\u00e9bauche biathlon
Isabelle Boulay,https://fr.wikipedia.org/?curid=243619,https://fr.wikipedia.org/wiki/Isabelle Boulay,Page utilisant P569
Marie Carmen,https://fr.wikipedia.org/?curid=243632,https://fr.wikipedia.org/wiki/Marie Carmen,Article manquant de r\u00e9f\u00e9rences depuis f\u00e9vrier 2020
Liste des abbesses de Saint-Georges de Rennes,https://fr.wikipedia.org/?curid=2395100,https://fr.wikipedia.org/wiki/Liste des abbesses de Saint-Georges de Rennes,Portail:Christianisme/Articles li\u00e9s
Olivier Marceau,https://fr.wikipedia.org/?curid=2477113,https://fr.wikipedia.org/wiki/Olivier Marceau,Article \u00e0 illustrer Sportif
Anne Elvebakk,https://fr.wikipedia.org/?curid=2465731,https://fr.wikipedia.org/wiki/Anne Elvebakk,Wikip\u00e9dia:\u00e9bauche biathlon
La Gadoue,https://fr.wikipedia.org/?curid=2456013,https://fr.wikipedia.org/wiki/La Gadoue,Article utilisant une Infobox
Maria Holaus,https://fr.wikipedia.org/?curid=2469018,https://fr.wikipedia.org/wiki/Maria Holaus,Wikip\u00e9dia:\u00e9bauche ski alpin
Giuseppe Di Capua,https://fr.wikipedia.org/?curid=2452664,https://fr.wikipedia.org/wiki/Giuseppe Di Capua,Page utilisant P569
Subway (film),https://fr.wikipedia.org/?curid=24566,https://fr.wikipedia.org/wiki/Subway (film),Article utilisant une Infobox
Ashlee Simpson,https://fr.wikipedia.org/?curid=244845,https://fr.wikipedia.org/wiki/Ashlee Simpson,Article utilisant une Infobox
Neon Genesis Evangelion,https://fr.wikipedia.org/?curid=24487,https://fr.wikipedia.org/wiki/Neon Genesis Evangelion,Article utilisant une Infobox
Carolina Morace,https://fr.wikipedia.org/?curid=286104,https://fr.wikipedia.org/wiki/Carolina Morace,Article utilisant une Infobox
Aiko Uemura,https://fr.wikipedia.org/?curid=2863235,https://fr.wikipedia.org/wiki/Aiko Uemura,Article utilisant une Infobox
Marie-Th\u00e9r\u00e8se Houphou\u00ebt-Boigny,https://fr.wikipedia.org/?curid=2826666,https://fr.wikipedia.org/wiki/Marie-Th\u00e9r\u00e8se Houphou\u00ebt-Boigny,Article manquant de r\u00e9f\u00e9rences depuis d\u00e9cembre 2016
Petra Kvitov\u00e1,https://fr.wikipedia.org/?curid=2835248,https://fr.wikipedia.org/wiki/Petra Kvitov\u00e1,Article contenant un lien mort
Betina Jozami,https://fr.wikipedia.org/?curid=2835686,https://fr.wikipedia.org/wiki/Betina Jozami,Article utilisant une Infobox
Nana Natsume,https://fr.wikipedia.org/?curid=2844846,https://fr.wikipedia.org/wiki/Nana Natsume,Article contenant un lien mort
Duffy (chanteuse),https://fr.wikipedia.org/?curid=2845372,https://fr.wikipedia.org/wiki/Duffy (chanteuse),Article utilisant une Infobox
Claire Dautherives,https://fr.wikipedia.org/?curid=2845711,https://fr.wikipedia.org/wiki/Claire Dautherives,Article manquant de r\u00e9f\u00e9rences depuis mars 2008
Melanie Oudin,https://fr.wikipedia.org/?curid=2842162,https://fr.wikipedia.org/wiki/Melanie Oudin,Article utilisant une Infobox
Julie Bonnevie-Svendsen,https://fr.wikipedia.org/?curid=2846279,https://fr.wikipedia.org/wiki/Julie Bonnevie-Svendsen,Article utilisant une Infobox
Sofia Domeij,https://fr.wikipedia.org/?curid=2846326,https://fr.wikipedia.org/wiki/Sofia Domeij,Wikip\u00e9dia:\u00e9bauche biathlon
Anna Maria Nilsson,https://fr.wikipedia.org/?curid=2846328,https://fr.wikipedia.org/wiki/Anna Maria Nilsson,Article utilisant une Infobox
Xie Limei,https://fr.wikipedia.org/?curid=2830061,https://fr.wikipedia.org/wiki/Xie Limei,Wikip\u00e9dia:\u00e9bauche athl\u00e8te chinois
Akira Watase,https://fr.wikipedia.org/?curid=2838197,https://fr.wikipedia.org/wiki/Akira Watase,Article utilisant une Infobox
Marta (football),https://fr.wikipedia.org/?curid=2832965,https://fr.wikipedia.org/wiki/Marta (football),Article contenant un lien mort
Diane Tell,https://fr.wikipedia.org/?curid=2825044,https://fr.wikipedia.org/wiki/Diane Tell,Article utilisant une Infobox
Laleh Pourkarim,https://fr.wikipedia.org/?curid=2834241,https://fr.wikipedia.org/wiki/Laleh Pourkarim,Page utilisant P569
Viktoria Rebensburg,https://fr.wikipedia.org/?curid=2812453,https://fr.wikipedia.org/wiki/Viktoria Rebensburg,Article utilisant une Infobox
Johanna Holma,https://fr.wikipedia.org/?curid=2849406,https://fr.wikipedia.org/wiki/Johanna Holma,Wikip\u00e9dia:\u00e9bauche biathlon
"Liste des reines, duchesses et comtesses d'Orl\u00e9ans",https://fr.wikipedia.org/?curid=2797124,"https://fr.wikipedia.org/wiki/Liste des reines, duchesses et comtesses d'Orl\u00e9ans",Article utilisant une Infobox
Eliza Taylor,https://fr.wikipedia.org/?curid=2793838,https://fr.wikipedia.org/wiki/Eliza Taylor,Wikip\u00e9dia:\u00e9bauche acteur australien
Lorraine Toussaint,https://fr.wikipedia.org/?curid=2787324,https://fr.wikipedia.org/wiki/Lorraine Toussaint,Article utilisant une Infobox
La\u00ebtitia Hubert,https://fr.wikipedia.org/?curid=278437,https://fr.wikipedia.org/wiki/La\u00ebtitia Hubert,Article \u00e0 illustrer Patineur artistique
"L'App\u00e2t (film, 1953)",https://fr.wikipedia.org/?curid=278459,"https://fr.wikipedia.org/wiki/L'App\u00e2t (film, 1953)",Article utilisant une Infobox
Angie Stone,https://fr.wikipedia.org/?curid=2783318,https://fr.wikipedia.org/wiki/Angie Stone,Article utilisant une Infobox
Heidi Klum,https://fr.wikipedia.org/?curid=297387,https://fr.wikipedia.org/wiki/Heidi Klum,Article contenant un lien mort
Virginia Poe,https://fr.wikipedia.org/?curid=2959083,https://fr.wikipedia.org/wiki/Virginia Poe,Article utilisant une Infobox
Ai Takahashi,https://fr.wikipedia.org/?curid=2962763,https://fr.wikipedia.org/wiki/Ai Takahashi,Article utilisant une Infobox
Vidya Balan,https://fr.wikipedia.org/?curid=2966813,https://fr.wikipedia.org/wiki/Vidya Balan,Article \u00e0 illustrer Personnalit\u00e9 du cin\u00e9ma
Steve Berry,https://fr.wikipedia.org/?curid=2980985,https://fr.wikipedia.org/wiki/Steve Berry,Article utilisant une Infobox
David Fincher,https://fr.wikipedia.org/?curid=29789,https://fr.wikipedia.org/wiki/David Fincher,Article utilisant une Infobox
Nadia Oh,https://fr.wikipedia.org/?curid=2981232,https://fr.wikipedia.org/wiki/Nadia Oh,Article utilisant une Infobox
Yelena Isinbayeva,https://fr.wikipedia.org/?curid=294803,https://fr.wikipedia.org/wiki/Yelena Isinbayeva,Article utilisant une Infobox
Fanny Clavien,https://fr.wikipedia.org/?curid=2958903,https://fr.wikipedia.org/wiki/Fanny Clavien,Page utilisant P569
Magdal\u00e9na Ryb\u00e1rikov\u00e1,https://fr.wikipedia.org/?curid=2951083,https://fr.wikipedia.org/wiki/Magdal\u00e9na Ryb\u00e1rikov\u00e1,Article utilisant une Infobox
Bianca Ryan,https://fr.wikipedia.org/?curid=2948598,https://fr.wikipedia.org/wiki/Bianca Ryan,Article utilisant une Infobox
Gisele B\u00fcndchen,https://fr.wikipedia.org/?curid=296303,https://fr.wikipedia.org/wiki/Gisele B\u00fcndchen,Article utilisant une Infobox
Giorgia Meloni,https://fr.wikipedia.org/?curid=2964433,https://fr.wikipedia.org/wiki/Giorgia Meloni,Article utilisant une Infobox
Jun Kusanagi,https://fr.wikipedia.org/?curid=2934389,https://fr.wikipedia.org/wiki/Jun Kusanagi,Article contenant un lien mort
Julie Ordon,https://fr.wikipedia.org/?curid=2934498,https://fr.wikipedia.org/wiki/Julie Ordon,Wikip\u00e9dia:\u00e9bauche mannequin
Ad\u00e8le Haenel,https://fr.wikipedia.org/?curid=2933775,https://fr.wikipedia.org/wiki/Ad\u00e8le Haenel,Article contenant un appel \u00e0 traduction en anglais
Natacha Gachnang,https://fr.wikipedia.org/?curid=2933113,https://fr.wikipedia.org/wiki/Natacha Gachnang,Wikip\u00e9dia:\u00e9bauche pilote automobile suisse
Joanne Kay Hill,https://fr.wikipedia.org/?curid=2933320,https://fr.wikipedia.org/wiki/Joanne Kay Hill,Wikip\u00e9dia:\u00e9bauche joueuse de basket-ball
Jaklin Zlatanova,https://fr.wikipedia.org/?curid=2933352,https://fr.wikipedia.org/wiki/Jaklin Zlatanova,Article utilisant une Infobox
Merlene Ottey,https://fr.wikipedia.org/?curid=291180,https://fr.wikipedia.org/wiki/Merlene Ottey,Article utilisant une Infobox
Alissa Galliamova,https://fr.wikipedia.org/?curid=2910533,https://fr.wikipedia.org/wiki/Alissa Galliamova,Page utilisant P27
Carolina Kl\u00fcft,https://fr.wikipedia.org/?curid=291167,https://fr.wikipedia.org/wiki/Carolina Kl\u00fcft,Article utilisant une Infobox
Ai Iijima,https://fr.wikipedia.org/?curid=2941575,https://fr.wikipedia.org/wiki/Ai Iijima,Article utilisant une Infobox
Mickey Wright,https://fr.wikipedia.org/?curid=2939548,https://fr.wikipedia.org/wiki/Mickey Wright,Article manquant de r\u00e9f\u00e9rences depuis f\u00e9vrier 2020
Kathy Whitworth,https://fr.wikipedia.org/?curid=2939559,https://fr.wikipedia.org/wiki/Kathy Whitworth,Wikip\u00e9dia:\u00e9bauche golf
Coco Vandeweghe,https://fr.wikipedia.org/?curid=2928873,https://fr.wikipedia.org/wiki/Coco Vandeweghe,Article utilisant une Infobox
\u0130pek \u015eeno\u011flu,https://fr.wikipedia.org/?curid=2929103,https://fr.wikipedia.org/wiki/\u0130pek \u015eeno\u011flu,Article \u00e0 illustrer Joueur de tennis
Alena Lewtchanka,https://fr.wikipedia.org/?curid=2923530,https://fr.wikipedia.org/wiki/Alena Lewtchanka,Article \u00e0 illustrer Joueur de basket-ball
Haruki Mizuno,https://fr.wikipedia.org/?curid=2937785,https://fr.wikipedia.org/wiki/Haruki Mizuno,Article utilisant une Infobox
Ry Cooder,https://fr.wikipedia.org/?curid=293578,https://fr.wikipedia.org/wiki/Ry Cooder,Page utilisant P569
Ran Asakawa,https://fr.wikipedia.org/?curid=2935138,https://fr.wikipedia.org/wiki/Ran Asakawa,Article utilisant une Infobox
Lauren Conrad,https://fr.wikipedia.org/?curid=2908980,https://fr.wikipedia.org/wiki/Lauren Conrad,Article manquant de r\u00e9f\u00e9rences depuis juillet 2011
Tracy Austin,https://fr.wikipedia.org/?curid=270284,https://fr.wikipedia.org/wiki/Tracy Austin,Article utilisant une Infobox
Suzanne Ballivet,https://fr.wikipedia.org/?curid=2723561,https://fr.wikipedia.org/wiki/Suzanne Ballivet,Page utilisant P569
Nayantara,https://fr.wikipedia.org/?curid=2734565,https://fr.wikipedia.org/wiki/Nayantara,Page utilisant P19
Edita Pu\u010dinskait\u0117,https://fr.wikipedia.org/?curid=270640,https://fr.wikipedia.org/wiki/Edita Pu\u010dinskait\u0117,Page utilisant P1477
Elena Belova (biathlon),https://fr.wikipedia.org/?curid=2712491,https://fr.wikipedia.org/wiki/Elena Belova (biathlon),Wikip\u00e9dia:\u00e9bauche sportif sovi\u00e9tique
Fr\u00e9d\u00e9rique Jossinet,https://fr.wikipedia.org/?curid=271617,https://fr.wikipedia.org/wiki/Fr\u00e9d\u00e9rique Jossinet,Article utilisant une Infobox
C\u00e9cile Nowak,https://fr.wikipedia.org/?curid=271655,https://fr.wikipedia.org/wiki/C\u00e9cile Nowak,Wikip\u00e9dia:\u00e9bauche judo
Jenifer,https://fr.wikipedia.org/?curid=2727333,https://fr.wikipedia.org/wiki/Jenifer,Page utilisant P569
L\u00e6titia Agab,https://fr.wikipedia.org/?curid=2725964,https://fr.wikipedia.org/wiki/L\u00e6titia Agab,Wikip\u00e9dia:\u00e9bauche footballeuse fran\u00e7aise
Valentina Marchei,https://fr.wikipedia.org/?curid=2726056,https://fr.wikipedia.org/wiki/Valentina Marchei,Wikip\u00e9dia:\u00e9bauche patinage artistique
Camille (chanteuse),https://fr.wikipedia.org/?curid=272803,https://fr.wikipedia.org/wiki/Camille (chanteuse),Article utilisant une Infobox
Catherine Fleury-Vachon,https://fr.wikipedia.org/?curid=272823,https://fr.wikipedia.org/wiki/Catherine Fleury-Vachon,Wikip\u00e9dia:\u00e9bauche judo
Aliz\u00e9 Cornet,https://fr.wikipedia.org/?curid=272151,https://fr.wikipedia.org/wiki/Aliz\u00e9 Cornet,Article contenant un lien mort
Miss Espagne,https://fr.wikipedia.org/?curid=2730648,https://fr.wikipedia.org/wiki/Miss Espagne,Article utilisant une Infobox
Roxana Maracineanu,https://fr.wikipedia.org/?curid=270677,https://fr.wikipedia.org/wiki/Roxana Maracineanu,Article utilisant une Infobox
Maria Canins,https://fr.wikipedia.org/?curid=268157,https://fr.wikipedia.org/wiki/Maria Canins,Wikip\u00e9dia:\u00e9bauche coureur cycliste italien
Monika Bejnar,https://fr.wikipedia.org/?curid=2680027,https://fr.wikipedia.org/wiki/Monika Bejnar,Wikip\u00e9dia:\u00e9bauche athl\u00e8te polonais
Olga Anissimova,https://fr.wikipedia.org/?curid=2680208,https://fr.wikipedia.org/wiki/Olga Anissimova,Wikip\u00e9dia:\u00e9bauche biathlon
Gwendoline Didier,https://fr.wikipedia.org/?curid=2703636,https://fr.wikipedia.org/wiki/Gwendoline Didier,Article utilisant une Infobox
Helen Hunt,https://fr.wikipedia.org/?curid=261111,https://fr.wikipedia.org/wiki/Helen Hunt,Article utilisant une Infobox
Ana Drev,https://fr.wikipedia.org/?curid=1868611,https://fr.wikipedia.org/wiki/Ana Drev,Wikip\u00e9dia:\u00e9bauche ski alpin
Claudia Poll,https://fr.wikipedia.org/?curid=1870575,https://fr.wikipedia.org/wiki/Claudia Poll,Article utilisant une Infobox
Fatima Whitbread,https://fr.wikipedia.org/?curid=1864879,https://fr.wikipedia.org/wiki/Fatima Whitbread,Wikip\u00e9dia:\u00e9bauche athl\u00e8te britannique
Hoang Ngan Nguyen,https://fr.wikipedia.org/?curid=1881557,https://fr.wikipedia.org/wiki/Hoang Ngan Nguyen,Article contenant un lien mort
Jessica Bratich,https://fr.wikipedia.org/?curid=1881589,https://fr.wikipedia.org/wiki/Jessica Bratich,Page utilisant P569
Fictions (album),https://fr.wikipedia.org/?curid=1879544,https://fr.wikipedia.org/wiki/Fictions (album),Article utilisant une Infobox
Wendie Renard,https://fr.wikipedia.org/?curid=1830872,https://fr.wikipedia.org/wiki/Wendie Renard,Article utilisant une Infobox
La L\u00e9gende de Songoku,https://fr.wikipedia.org/?curid=1832776,https://fr.wikipedia.org/wiki/La L\u00e9gende de Songoku,Article utilisant une Infobox
Luc Van Lierde,https://fr.wikipedia.org/?curid=1831742,https://fr.wikipedia.org/wiki/Luc Van Lierde,Article utilisant une Infobox
Jennifer Paige,https://fr.wikipedia.org/?curid=1874856,https://fr.wikipedia.org/wiki/Jennifer Paige,Article utilisant une Infobox
Nouria Benida-Merah,https://fr.wikipedia.org/?curid=1827065,https://fr.wikipedia.org/wiki/Nouria Benida-Merah,Article \u00e0 illustrer Athl\u00e8te
"Metropolis (film, 2001)",https://fr.wikipedia.org/?curid=182733,"https://fr.wikipedia.org/wiki/Metropolis (film, 2001)",Wikip\u00e9dia:\u00e9bauche anime
Greta Larkins,https://fr.wikipedia.org/?curid=1876707,https://fr.wikipedia.org/wiki/Greta Larkins,Wikip\u00e9dia:\u00e9bauche acteur australien
Eveli Saue,https://fr.wikipedia.org/?curid=1870041,https://fr.wikipedia.org/wiki/Eveli Saue,Article \u00e0 illustrer Sportif
Manuela M\u00f6lgg,https://fr.wikipedia.org/?curid=1870131,https://fr.wikipedia.org/wiki/Manuela M\u00f6lgg,Article utilisant une Infobox
Trisha Krishnan,https://fr.wikipedia.org/?curid=1864666,https://fr.wikipedia.org/wiki/Trisha Krishnan,Article utilisant une Infobox
\u00c9lisabeth d'Ayen,https://fr.wikipedia.org/?curid=1764958,https://fr.wikipedia.org/wiki/\u00c9lisabeth d'Ayen,Article \u00e0 illustrer Joueur de tennis
Edith Niemeyer,https://fr.wikipedia.org/?curid=1764960,https://fr.wikipedia.org/wiki/Edith Niemeyer,Article \u00e0 illustrer Joueur de tennis
Jacqueline Gallay,https://fr.wikipedia.org/?curid=1764965,https://fr.wikipedia.org/wiki/Jacqueline Gallay,Article utilisant une Infobox
Harriet Butler,https://fr.wikipedia.org/?curid=1764985,https://fr.wikipedia.org/wiki/Harriet Butler,Article \u00e0 illustrer Joueur de tennis
Hedwig Rosenbaum,https://fr.wikipedia.org/?curid=1764987,https://fr.wikipedia.org/wiki/Hedwig Rosenbaum,Article utilisant une Infobox
Helen Aitchison,https://fr.wikipedia.org/?curid=1764990,https://fr.wikipedia.org/wiki/Helen Aitchison,Article utilisant une Infobox
Helen Angwin,https://fr.wikipedia.org/?curid=1764993,https://fr.wikipedia.org/wiki/Helen Angwin,Article \u00e0 illustrer Joueur de tennis
Joy Gannon,https://fr.wikipedia.org/?curid=1765033,https://fr.wikipedia.org/wiki/Joy Gannon,Article \u00e0 illustrer Joueur de tennis
Laura Knight (tennis),https://fr.wikipedia.org/?curid=1765062,https://fr.wikipedia.org/wiki/Laura Knight (tennis),Page utilisant P569
Lidy Venneboer,https://fr.wikipedia.org/?curid=1765082,https://fr.wikipedia.org/wiki/Lidy Venneboer,Article \u00e0 illustrer Joueur de tennis
Louise Moyes,https://fr.wikipedia.org/?curid=1765107,https://fr.wikipedia.org/wiki/Louise Moyes,Article utilisant une Infobox
Virginia MacVeagh,https://fr.wikipedia.org/?curid=1765131,https://fr.wikipedia.org/wiki/Virginia MacVeagh,Article \u00e0 illustrer Joueur de tennis
Margaret McKane,https://fr.wikipedia.org/?curid=1765133,https://fr.wikipedia.org/wiki/Margaret McKane,Article utilisant une Infobox
Margaret Wilson (tennis),https://fr.wikipedia.org/?curid=1765135,https://fr.wikipedia.org/wiki/Margaret Wilson (tennis),Article \u00e0 illustrer Joueur de tennis
Margarete Cederschi\u00f6ld,https://fr.wikipedia.org/?curid=1765137,https://fr.wikipedia.org/wiki/Margarete Cederschi\u00f6ld,Article utilisant une Infobox
Marie Toomey,https://fr.wikipedia.org/?curid=1765187,https://fr.wikipedia.org/wiki/Marie Toomey,Article \u00e0 illustrer Joueur de tennis
Marion Vanderhoef,https://fr.wikipedia.org/?curid=1765200,https://fr.wikipedia.org/wiki/Marion Vanderhoef,Article utilisant une Infobox
M\u00e4rtha Adlerstr\u00e4hle,https://fr.wikipedia.org/?curid=1765206,https://fr.wikipedia.org/wiki/M\u00e4rtha Adlerstr\u00e4hle,Article utilisant une Infobox
Maud Galtier,https://fr.wikipedia.org/?curid=1765210,https://fr.wikipedia.org/wiki/Maud Galtier,Article \u00e0 illustrer Joueur de tennis
Pat Jones,https://fr.wikipedia.org/?curid=1765262,https://fr.wikipedia.org/wiki/Pat Jones,Article \u00e0 illustrer Joueur de tennis
Suzana Petersen,https://fr.wikipedia.org/?curid=1765294,https://fr.wikipedia.org/wiki/Suzana Petersen,Article \u00e0 illustrer Joueur de tennis
Suzanne Schmitt,https://fr.wikipedia.org/?curid=1765296,https://fr.wikipedia.org/wiki/Suzanne Schmitt,Article \u00e0 illustrer Joueur de tennis
Ula Valkenburg,https://fr.wikipedia.org/?curid=1765302,https://fr.wikipedia.org/wiki/Ula Valkenburg,Article \u00e0 illustrer Joueur de tennis
Zaiga Yanzone,https://fr.wikipedia.org/?curid=1765309,https://fr.wikipedia.org/wiki/Zaiga Yanzone,Article \u00e0 illustrer Joueur de tennis
Gwendoline Eastlake-Smith,https://fr.wikipedia.org/?curid=1765313,https://fr.wikipedia.org/wiki/Gwendoline Eastlake-Smith,Article utilisant une Infobox
Svetlana Kuznetsova,https://fr.wikipedia.org/?curid=242001,https://fr.wikipedia.org/wiki/Svetlana Kuznetsova,Article utilisant une Infobox
Elena Dementieva,https://fr.wikipedia.org/?curid=242005,https://fr.wikipedia.org/wiki/Elena Dementieva,Article utilisant une Infobox
Jessica Jones,https://fr.wikipedia.org/?curid=2390226,https://fr.wikipedia.org/wiki/Jessica Jones,Wikip\u00e9dia:\u00e9bauche personnage de fiction
Richard Gasquet,https://fr.wikipedia.org/?curid=239059,https://fr.wikipedia.org/wiki/Richard Gasquet,Article utilisant une Infobox
La Ligue des justiciers,https://fr.wikipedia.org/?curid=255105,https://fr.wikipedia.org/wiki/La Ligue des justiciers,Page utilisant Lien pour un article existant
Sandrine Bailly,https://fr.wikipedia.org/?curid=256857,https://fr.wikipedia.org/wiki/Sandrine Bailly,Article utilisant une Infobox
L\u00e6titia Guesnel,https://fr.wikipedia.org/?curid=3484358,https://fr.wikipedia.org/wiki/L\u00e6titia Guesnel,Page utilisant P569
Nadine Joachim,https://fr.wikipedia.org/?curid=3481158,https://fr.wikipedia.org/wiki/Nadine Joachim,Wikip\u00e9dia:\u00e9bauche karat\u00e9ka allemand
Rimi Sen,https://fr.wikipedia.org/?curid=3481757,https://fr.wikipedia.org/wiki/Rimi Sen,Article utilisant une Infobox
Colette Meek,https://fr.wikipedia.org/?curid=3469701,https://fr.wikipedia.org/wiki/Colette Meek,Article \u00e0 illustrer Joueur de volley-ball
Lyubov Basova,https://fr.wikipedia.org/?curid=3474945,https://fr.wikipedia.org/wiki/Lyubov Basova,Page utilisant P1559
Kari Henneseid Eie,https://fr.wikipedia.org/?curid=3475195,https://fr.wikipedia.org/wiki/Kari Henneseid Eie,Wikip\u00e9dia:\u00e9bauche sports d'hiver
Borghild Ouren,https://fr.wikipedia.org/?curid=3475212,https://fr.wikipedia.org/wiki/Borghild Ouren,Wikip\u00e9dia:\u00e9bauche biathlon
Sailor Moon (personnage),https://fr.wikipedia.org/?curid=336221,https://fr.wikipedia.org/wiki/Sailor Moon (personnage),Article utilisant une Infobox
Ace Frehley,https://fr.wikipedia.org/?curid=336231,https://fr.wikipedia.org/wiki/Ace Frehley,Article manquant de r\u00e9f\u00e9rences depuis juin 2020
Mirka Francia,https://fr.wikipedia.org/?curid=3519422,https://fr.wikipedia.org/wiki/Mirka Francia,Wikip\u00e9dia:\u00e9bauche joueuse italienne de volley-ball
D\u00e9borah Ortschitt,https://fr.wikipedia.org/?curid=3505346,https://fr.wikipedia.org/wiki/D\u00e9borah Ortschitt,Article utilisant une Infobox
Tirunesh Dibaba,https://fr.wikipedia.org/?curid=352001,https://fr.wikipedia.org/wiki/Tirunesh Dibaba,Article utilisant une Infobox
Kate\u0159ina Chroustovsk\u00e1,https://fr.wikipedia.org/?curid=3520395,https://fr.wikipedia.org/wiki/Kate\u0159ina Chroustovsk\u00e1,Article \u00e0 illustrer Joueur de volley-ball
Patty Schnyder,https://fr.wikipedia.org/?curid=356376,https://fr.wikipedia.org/wiki/Patty Schnyder,Article utilisant une Infobox
Samantha Stosur,https://fr.wikipedia.org/?curid=356378,https://fr.wikipedia.org/wiki/Samantha Stosur,Article utilisant une Infobox
Katarina Srebotnik,https://fr.wikipedia.org/?curid=356380,https://fr.wikipedia.org/wiki/Katarina Srebotnik,Article utilisant une Infobox
Shinobu Asagoe,https://fr.wikipedia.org/?curid=356385,https://fr.wikipedia.org/wiki/Shinobu Asagoe,Article \u00e0 illustrer Joueur de tennis
Stoya,https://fr.wikipedia.org/?curid=3577763,https://fr.wikipedia.org/wiki/Stoya,Article utilisant une Infobox
Johanne Blouin,https://fr.wikipedia.org/?curid=3579149,https://fr.wikipedia.org/wiki/Johanne Blouin,Article utilisant une Infobox
Marion Josserand,https://fr.wikipedia.org/?curid=3554198,https://fr.wikipedia.org/wiki/Marion Josserand,Wikip\u00e9dia:\u00e9bauche ski acrobatique
Chaunt\u00e9 Lowe,https://fr.wikipedia.org/?curid=357294,https://fr.wikipedia.org/wiki/Chaunt\u00e9 Lowe,Article utilisant une Infobox
Tianna Madison,https://fr.wikipedia.org/?curid=356962,https://fr.wikipedia.org/wiki/Tianna Madison,Article utilisant une Infobox
Ejegayehu Dibaba,https://fr.wikipedia.org/?curid=357264,https://fr.wikipedia.org/wiki/Ejegayehu Dibaba,Wikip\u00e9dia:\u00e9bauche athl\u00e8te \u00e9thiopien
Yargelis Savigne,https://fr.wikipedia.org/?curid=358186,https://fr.wikipedia.org/wiki/Yargelis Savigne,Article utilisant une Infobox
Nadzeya Astapchuk,https://fr.wikipedia.org/?curid=358408,https://fr.wikipedia.org/wiki/Nadzeya Astapchuk,Article utilisant une Infobox
Yuliya Pechenkina,https://fr.wikipedia.org/?curid=358414,https://fr.wikipedia.org/wiki/Yuliya Pechenkina,Article utilisant une Infobox
Ladyhawke (chanteuse),https://fr.wikipedia.org/?curid=3583560,https://fr.wikipedia.org/wiki/Ladyhawke (chanteuse),Article utilisant une Infobox
Margaret Simpson,https://fr.wikipedia.org/?curid=358173,https://fr.wikipedia.org/wiki/Margaret Simpson,Wikip\u00e9dia:\u00e9bauche athl\u00e8te ghan\u00e9en
Patrizia Kummer,https://fr.wikipedia.org/?curid=3582735,https://fr.wikipedia.org/wiki/Patrizia Kummer,Wikip\u00e9dia:\u00e9bauche personnalit\u00e9 suisse
Un proph\u00e8te,https://fr.wikipedia.org/?curid=3568912,https://fr.wikipedia.org/wiki/Un proph\u00e8te,Article utilisant une Infobox
Best of Both Worlds Tour,https://fr.wikipedia.org/?curid=3569140,https://fr.wikipedia.org/wiki/Best of Both Worlds Tour,Article utilisant une Infobox
Beetlejuice,https://fr.wikipedia.org/?curid=3498029,https://fr.wikipedia.org/wiki/Beetlejuice,Article utilisant une Infobox
Tatyana Lebedeva,https://fr.wikipedia.org/?curid=350016,https://fr.wikipedia.org/wiki/Tatyana Lebedeva,Article utilisant une Infobox
Tonique Williams-Darling,https://fr.wikipedia.org/?curid=349998,https://fr.wikipedia.org/wiki/Tonique Williams-Darling,Article \u00e0 illustrer Athl\u00e8te
Strashimira Simeonova,https://fr.wikipedia.org/?curid=3460803,https://fr.wikipedia.org/wiki/Strashimira Simeonova,Article utilisant une Infobox
Chow Ching Lie,https://fr.wikipedia.org/?curid=344434,https://fr.wikipedia.org/wiki/Chow Ching Lie,Article utilisant une Infobox
Marilynn Smith,https://fr.wikipedia.org/?curid=3459820,https://fr.wikipedia.org/wiki/Marilynn Smith,Article utilisant une Infobox
Titia Sustring,https://fr.wikipedia.org/?curid=3459844,https://fr.wikipedia.org/wiki/Titia Sustring,Article utilisant une Infobox
Manon Flier,https://fr.wikipedia.org/?curid=3436276,https://fr.wikipedia.org/wiki/Manon Flier,Article utilisant une Infobox
Alexia Djilali,https://fr.wikipedia.org/?curid=3433912,https://fr.wikipedia.org/wiki/Alexia Djilali,Wikip\u00e9dia:\u00e9bauche joueuse fran\u00e7aise de volley-ball
\u00c9va T\u00f3falvi,https://fr.wikipedia.org/?curid=3493018,https://fr.wikipedia.org/wiki/\u00c9va T\u00f3falvi,Article utilisant une Infobox
Champions olympiques est-allemands,https://fr.wikipedia.org/?curid=3490887,https://fr.wikipedia.org/wiki/Champions olympiques est-allemands,Portail:Sport/Articles li\u00e9s
V\u00e9ronika Hudima,https://fr.wikipedia.org/?curid=3491046,https://fr.wikipedia.org/wiki/V\u00e9ronika Hudima,Article utilisant une Infobox
Anja Selbach,https://fr.wikipedia.org/?curid=3489983,https://fr.wikipedia.org/wiki/Anja Selbach,Wikip\u00e9dia:\u00e9bauche skeleton
Myriam Kloster,https://fr.wikipedia.org/?curid=3491772,https://fr.wikipedia.org/wiki/Myriam Kloster,Article utilisant une Infobox
Myl\u00e8ne Lazare,https://fr.wikipedia.org/?curid=3473092,https://fr.wikipedia.org/wiki/Myl\u00e8ne Lazare,Article \u00e0 illustrer Nageur
Olga Ativi,https://fr.wikipedia.org/?curid=3471759,https://fr.wikipedia.org/wiki/Olga Ativi,Article \u00e0 illustrer Joueur de volley-ball
Ximena Restrepo,https://fr.wikipedia.org/?curid=3478099,https://fr.wikipedia.org/wiki/Ximena Restrepo,Article \u00e0 illustrer Athl\u00e8te
Roswitha Steiner,https://fr.wikipedia.org/?curid=3480840,https://fr.wikipedia.org/wiki/Roswitha Steiner,Article utilisant une Infobox
Debra Miceli,https://fr.wikipedia.org/?curid=3406035,https://fr.wikipedia.org/wiki/Debra Miceli,Page utilisant P27
Mari Eder,https://fr.wikipedia.org/?curid=3474854,https://fr.wikipedia.org/wiki/Mari Eder,Article utilisant une Infobox
Julie Mollinger,https://fr.wikipedia.org/?curid=3469033,https://fr.wikipedia.org/wiki/Julie Mollinger,Article \u00e0 illustrer Joueur de volley-ball
Eda Erdem,https://fr.wikipedia.org/?curid=3442023,https://fr.wikipedia.org/wiki/Eda Erdem,Article utilisant une Infobox
Marieke Guehrer,https://fr.wikipedia.org/?curid=3446505,https://fr.wikipedia.org/wiki/Marieke Guehrer,Wikip\u00e9dia:\u00e9bauche natation
Yuka Sakurai,https://fr.wikipedia.org/?curid=3369079,https://fr.wikipedia.org/wiki/Yuka Sakurai,Article \u00e0 illustrer Joueur de volley-ball
Kelly Clarkson,https://fr.wikipedia.org/?curid=333437,https://fr.wikipedia.org/wiki/Kelly Clarkson,Article contenant un lien mort
Sachiko Sugiyama,https://fr.wikipedia.org/?curid=3356592,https://fr.wikipedia.org/wiki/Sachiko Sugiyama,Article utilisant une Infobox
Sailor Jupiter,https://fr.wikipedia.org/?curid=337192,https://fr.wikipedia.org/wiki/Sailor Jupiter,Article utilisant une Infobox
Leslie Turiaf,https://fr.wikipedia.org/?curid=3386036,https://fr.wikipedia.org/wiki/Leslie Turiaf,Article utilisant une Infobox
Catherine Plewinski,https://fr.wikipedia.org/?curid=338551,https://fr.wikipedia.org/wiki/Catherine Plewinski,Article \u00e0 illustrer Nageur
Nadia Centoni,https://fr.wikipedia.org/?curid=3385698,https://fr.wikipedia.org/wiki/Nadia Centoni,Wikip\u00e9dia:\u00e9bauche joueuse italienne de volley-ball
Valentina Fiorin,https://fr.wikipedia.org/?curid=3385754,https://fr.wikipedia.org/wiki/Valentina Fiorin,Wikip\u00e9dia:\u00e9bauche joueuse italienne de volley-ball
Cher (artiste),https://fr.wikipedia.org/?curid=339022,https://fr.wikipedia.org/wiki/Cher (artiste),Page utilisant P742
