Name,URL1,URL2,First Category
Jaqueline Mour\u00e3o,https://fr.wikipedia.org/?curid=7763929,https://fr.wikipedia.org/wiki/Jaqueline Mour\u00e3o,Article utilisant une Infobox
Katja Haller,https://fr.wikipedia.org/?curid=7745918,https://fr.wikipedia.org/wiki/Katja Haller,Wikip\u00e9dia:\u00e9bauche biathlon
Yamila Reyna,https://fr.wikipedia.org/?curid=7746014,https://fr.wikipedia.org/wiki/Yamila Reyna,Wikip\u00e9dia:\u00e9bauche acteur argentin
Maddie Bowman,https://fr.wikipedia.org/?curid=7746054,https://fr.wikipedia.org/wiki/Maddie Bowman,Wikip\u00e9dia:\u00e9bauche personnalit\u00e9 am\u00e9ricaine
Laura Dahlmeier,https://fr.wikipedia.org/?curid=7756675,https://fr.wikipedia.org/wiki/Laura Dahlmeier,Article utilisant une Infobox
Rika Usami,https://fr.wikipedia.org/?curid=7754600,https://fr.wikipedia.org/wiki/Rika Usami,Article \u00e0 illustrer Sportif
Gracie Gold,https://fr.wikipedia.org/?curid=7755487,https://fr.wikipedia.org/wiki/Gracie Gold,Wikip\u00e9dia:\u00e9bauche personnalit\u00e9 am\u00e9ricaine
The Neon Lights Tour,https://fr.wikipedia.org/?curid=7755490,https://fr.wikipedia.org/wiki/The Neon Lights Tour,Article utilisant une Infobox
Perianne Jones,https://fr.wikipedia.org/?curid=7738848,https://fr.wikipedia.org/wiki/Perianne Jones,Wikip\u00e9dia:\u00e9bauche ski de fond
Gyda Enger,https://fr.wikipedia.org/?curid=7739119,https://fr.wikipedia.org/wiki/Gyda Enger,Article utilisant une Infobox
Taylor Henrich,https://fr.wikipedia.org/?curid=7739146,https://fr.wikipedia.org/wiki/Taylor Henrich,Article utilisant une Infobox
Perrine Laffont,https://fr.wikipedia.org/?curid=7751259,https://fr.wikipedia.org/wiki/Perrine Laffont,Article utilisant une Infobox
Janie Guimond,https://fr.wikipedia.org/?curid=7750194,https://fr.wikipedia.org/wiki/Janie Guimond,Article utilisant une Infobox
Jelena Peeters,https://fr.wikipedia.org/?curid=7750698,https://fr.wikipedia.org/wiki/Jelena Peeters,Wikip\u00e9dia:\u00e9bauche patinage de vitesse
\u00c9conomiste,https://fr.wikipedia.org/?curid=77508,https://fr.wikipedia.org/wiki/\u00c9conomiste,Portail:\u00c9conomie/Articles li\u00e9s
Katrien Aerts,https://fr.wikipedia.org/?curid=7750960,https://fr.wikipedia.org/wiki/Katrien Aerts,Article utilisant une Infobox
Franziska Preu\u00df,https://fr.wikipedia.org/?curid=7751050,https://fr.wikipedia.org/wiki/Franziska Preu\u00df,Article utilisant une Infobox
Rosalind Groenewoud,https://fr.wikipedia.org/?curid=7749160,https://fr.wikipedia.org/wiki/Rosalind Groenewoud,Article utilisant une Infobox
Ekaterina Shumilova,https://fr.wikipedia.org/?curid=7757515,https://fr.wikipedia.org/wiki/Ekaterina Shumilova,Wikip\u00e9dia:\u00e9bauche sportif russe
Aidy Bryant,https://fr.wikipedia.org/?curid=7759327,https://fr.wikipedia.org/wiki/Aidy Bryant,Wikip\u00e9dia:\u00e9bauche humour
Ida Nj\u00e5tun,https://fr.wikipedia.org/?curid=7759052,https://fr.wikipedia.org/wiki/Ida Nj\u00e5tun,Wikip\u00e9dia:\u00e9bauche patinage de vitesse
Asha Philip,https://fr.wikipedia.org/?curid=7759077,https://fr.wikipedia.org/wiki/Asha Philip,Article utilisant une Infobox
Danielle Scott,https://fr.wikipedia.org/?curid=7759196,https://fr.wikipedia.org/wiki/Danielle Scott,Wikip\u00e9dia:\u00e9bauche ski acrobatique
Marissa Castelli,https://fr.wikipedia.org/?curid=7758013,https://fr.wikipedia.org/wiki/Marissa Castelli,Wikip\u00e9dia:\u00e9bauche personnalit\u00e9 am\u00e9ricaine
Michelle-Lee Ahye,https://fr.wikipedia.org/?curid=7968688,https://fr.wikipedia.org/wiki/Michelle-Lee Ahye,Article utilisant une Infobox
Sifan Hassan,https://fr.wikipedia.org/?curid=7962634,https://fr.wikipedia.org/wiki/Sifan Hassan,Article utilisant une Infobox
Michel Audiard,https://fr.wikipedia.org/?curid=79801,https://fr.wikipedia.org/wiki/Michel Audiard,Page utilisant P569
Lea Sprunger,https://fr.wikipedia.org/?curid=7975100,https://fr.wikipedia.org/wiki/Lea Sprunger,Article utilisant une Infobox
Beslan Mudranov,https://fr.wikipedia.org/?curid=7979359,https://fr.wikipedia.org/wiki/Beslan Mudranov,Article utilisant une Infobox
Danica Patrick,https://fr.wikipedia.org/?curid=799695,https://fr.wikipedia.org/wiki/Danica Patrick,Article utilisant une Infobox
Lee Bo-young,https://fr.wikipedia.org/?curid=7999162,https://fr.wikipedia.org/wiki/Lee Bo-young,Article utilisant une Infobox
LaKeisha Lawson,https://fr.wikipedia.org/?curid=7997217,https://fr.wikipedia.org/wiki/LaKeisha Lawson,Wikip\u00e9dia:\u00e9bauche athl\u00e8te am\u00e9ricain
Reyare Thomas,https://fr.wikipedia.org/?curid=7997379,https://fr.wikipedia.org/wiki/Reyare Thomas,Wikip\u00e9dia:\u00e9bauche athl\u00e8te trinidadien
Julia Antipova,https://fr.wikipedia.org/?curid=7995253,https://fr.wikipedia.org/wiki/Julia Antipova,Article \u00e0 illustrer Sportif
Naroa Agirre,https://fr.wikipedia.org/?curid=7985236,https://fr.wikipedia.org/wiki/Naroa Agirre,Wikip\u00e9dia:\u00e9bauche athl\u00e8te espagnol
Jeneva Stevens,https://fr.wikipedia.org/?curid=7973255,https://fr.wikipedia.org/wiki/Jeneva Stevens,Wikip\u00e9dia:\u00e9bauche athl\u00e8te am\u00e9ricain
Anna Jagaciak-Michalska,https://fr.wikipedia.org/?curid=7973352,https://fr.wikipedia.org/wiki/Anna Jagaciak-Michalska,Wikip\u00e9dia:\u00e9bauche athl\u00e8te polonais
Ann Trason,https://fr.wikipedia.org/?curid=7969449,https://fr.wikipedia.org/wiki/Ann Trason,Page utilisant P569
Tiffany Townsend,https://fr.wikipedia.org/?curid=7969727,https://fr.wikipedia.org/wiki/Tiffany Townsend,Wikip\u00e9dia:\u00e9bauche athl\u00e8te am\u00e9ricain
Buffet froid,https://fr.wikipedia.org/?curid=79789,https://fr.wikipedia.org/wiki/Buffet froid,Article manquant de r\u00e9f\u00e9rences depuis octobre 2022
Kalis Loyd,https://fr.wikipedia.org/?curid=7990174,https://fr.wikipedia.org/wiki/Kalis Loyd,Article \u00e0 illustrer Joueur de basket-ball
Selina B\u00fcchel,https://fr.wikipedia.org/?curid=7990638,https://fr.wikipedia.org/wiki/Selina B\u00fcchel,Wikip\u00e9dia:\u00e9bauche athl\u00e8te suisse
Dororo to Hyakkimaru,https://fr.wikipedia.org/?curid=7960086,https://fr.wikipedia.org/wiki/Dororo to Hyakkimaru,Article utilisant une Infobox
Rositsa Pekhlivanova,https://fr.wikipedia.org/?curid=7947420,https://fr.wikipedia.org/wiki/Rositsa Pekhlivanova,Wikip\u00e9dia:\u00e9bauche athl\u00e8te bulgare
Sailor Moon Crystal,https://fr.wikipedia.org/?curid=7960611,https://fr.wikipedia.org/wiki/Sailor Moon Crystal,Article utilisant une Infobox
Kong Fanyu,https://fr.wikipedia.org/?curid=7976423,https://fr.wikipedia.org/wiki/Kong Fanyu,Wikip\u00e9dia:\u00e9bauche ski acrobatique
Sara Aerts,https://fr.wikipedia.org/?curid=7965740,https://fr.wikipedia.org/wiki/Sara Aerts,Wikip\u00e9dia:\u00e9bauche personnalit\u00e9 belge
Irina Voronkova,https://fr.wikipedia.org/?curid=7965829,https://fr.wikipedia.org/wiki/Irina Voronkova,Article utilisant une Infobox
Barbara Lah,https://fr.wikipedia.org/?curid=7965277,https://fr.wikipedia.org/wiki/Barbara Lah,Wikip\u00e9dia:\u00e9bauche athl\u00e8te italien
Mary Saxer,https://fr.wikipedia.org/?curid=7965492,https://fr.wikipedia.org/wiki/Mary Saxer,Wikip\u00e9dia:\u00e9bauche athl\u00e8te am\u00e9ricain
Gia Lewis-Smallwood,https://fr.wikipedia.org/?curid=7962525,https://fr.wikipedia.org/wiki/Gia Lewis-Smallwood,Wikip\u00e9dia:\u00e9bauche athl\u00e8te am\u00e9ricain
Jess Glynne,https://fr.wikipedia.org/?curid=7950579,https://fr.wikipedia.org/wiki/Jess Glynne,Article utilisant une Infobox
Susan Chepkemei,https://fr.wikipedia.org/?curid=7906679,https://fr.wikipedia.org/wiki/Susan Chepkemei,Wikip\u00e9dia:\u00e9bauche athl\u00e8te k\u00e9nyan
Santana Garrett,https://fr.wikipedia.org/?curid=7907079,https://fr.wikipedia.org/wiki/Santana Garrett,Page utilisant P27
Ragnhild Haga,https://fr.wikipedia.org/?curid=7933115,https://fr.wikipedia.org/wiki/Ragnhild Haga,Article utilisant une Infobox
Elena Sokolova (natation),https://fr.wikipedia.org/?curid=7930960,https://fr.wikipedia.org/wiki/Elena Sokolova (natation),Article \u00e0 illustrer Nageur
Misstress Barbara,https://fr.wikipedia.org/?curid=792904,https://fr.wikipedia.org/wiki/Misstress Barbara,Article manquant de r\u00e9f\u00e9rences depuis avril 2012
Tori Bowie,https://fr.wikipedia.org/?curid=7943763,https://fr.wikipedia.org/wiki/Tori Bowie,Article utilisant une Infobox
Iker Karrera,https://fr.wikipedia.org/?curid=7942564,https://fr.wikipedia.org/wiki/Iker Karrera,Page utilisant P569
Martina Schultze,https://fr.wikipedia.org/?curid=7944903,https://fr.wikipedia.org/wiki/Martina Schultze,Wikip\u00e9dia:\u00e9bauche athl\u00e8te allemand
Odile Singa,https://fr.wikipedia.org/?curid=7938124,https://fr.wikipedia.org/wiki/Odile Singa,Wikip\u00e9dia:\u00e9bauche athl\u00e8te fran\u00e7ais
Martha Komu,https://fr.wikipedia.org/?curid=7928179,https://fr.wikipedia.org/wiki/Martha Komu,Article utilisant une Infobox
"Alakazam, le petit Hercule",https://fr.wikipedia.org/?curid=7921358,"https://fr.wikipedia.org/wiki/Alakazam, le petit Hercule",Wikip\u00e9dia:\u00e9bauche animation
Tessanne Chin,https://fr.wikipedia.org/?curid=7922117,https://fr.wikipedia.org/wiki/Tessanne Chin,Article \u00e0 wikifier depuis juin 2023
Ruth Wysocki,https://fr.wikipedia.org/?curid=7919272,https://fr.wikipedia.org/wiki/Ruth Wysocki,Wikip\u00e9dia:\u00e9bauche athl\u00e8te am\u00e9ricain
Anna Sprung,https://fr.wikipedia.org/?curid=7898441,https://fr.wikipedia.org/wiki/Anna Sprung,Wikip\u00e9dia:\u00e9bauche biathlon
Eva Gleskov\u00e1,https://fr.wikipedia.org/?curid=7905058,https://fr.wikipedia.org/wiki/Eva Gleskov\u00e1,Wikip\u00e9dia:\u00e9bauche athl\u00e8te tch\u00e8que
Miss Congo (RDC),https://fr.wikipedia.org/?curid=790297,https://fr.wikipedia.org/wiki/Miss Congo (RDC),Article \u00e0 illustrer R\u00e9compense
Katsiaryna Snytsina,https://fr.wikipedia.org/?curid=7904260,https://fr.wikipedia.org/wiki/Katsiaryna Snytsina,Wikip\u00e9dia:\u00e9bauche basket-ball
Selina J\u00f6rg,https://fr.wikipedia.org/?curid=7841192,https://fr.wikipedia.org/wiki/Selina J\u00f6rg,Wikip\u00e9dia:\u00e9bauche snowboard
Anna Cappellini,https://fr.wikipedia.org/?curid=7862044,https://fr.wikipedia.org/wiki/Anna Cappellini,Wikip\u00e9dia:\u00e9bauche patinage artistique
Ulla Lindkvist,https://fr.wikipedia.org/?curid=7860978,https://fr.wikipedia.org/wiki/Ulla Lindkvist,Article \u00e0 illustrer Sportif
Ai Maeda (doubleuse),https://fr.wikipedia.org/?curid=7885886,https://fr.wikipedia.org/wiki/Ai Maeda (doubleuse),Page utilisant P569
Audrey Robichaud,https://fr.wikipedia.org/?curid=7747548,https://fr.wikipedia.org/wiki/Audrey Robichaud,Article utilisant une Infobox
Catherina McKiernan,https://fr.wikipedia.org/?curid=7890769,https://fr.wikipedia.org/wiki/Catherina McKiernan,Wikip\u00e9dia:\u00e9bauche athl\u00e8te irlandais
\u00c0 nous la victoire,https://fr.wikipedia.org/?curid=789299,https://fr.wikipedia.org/wiki/\u00c0 nous la victoire,Article utilisant une Infobox
Jenny Lindb\u00e4ck,https://fr.wikipedia.org/?curid=7868947,https://fr.wikipedia.org/wiki/Jenny Lindb\u00e4ck,Wikip\u00e9dia:\u00e9bauche biathlon
Johanna Rolland,https://fr.wikipedia.org/?curid=7866948,https://fr.wikipedia.org/wiki/Johanna Rolland,Article utilisant une Infobox
Lisa Zimmermann,https://fr.wikipedia.org/?curid=7870307,https://fr.wikipedia.org/wiki/Lisa Zimmermann,Wikip\u00e9dia:\u00e9bauche ski acrobatique
Annmari Viljanmaa,https://fr.wikipedia.org/?curid=7867955,https://fr.wikipedia.org/wiki/Annmari Viljanmaa,Wikip\u00e9dia:\u00e9bauche personnalit\u00e9 finlandaise
Irina Mikitenko,https://fr.wikipedia.org/?curid=7868275,https://fr.wikipedia.org/wiki/Irina Mikitenko,Wikip\u00e9dia:\u00e9bauche athl\u00e8te allemand
Foxes (chanteuse),https://fr.wikipedia.org/?curid=7866525,https://fr.wikipedia.org/wiki/Foxes (chanteuse),Article utilisant une Infobox
Darija Jurak,https://fr.wikipedia.org/?curid=7881769,https://fr.wikipedia.org/wiki/Darija Jurak,Article utilisant une Infobox
Philes Ongori,https://fr.wikipedia.org/?curid=7859041,https://fr.wikipedia.org/wiki/Philes Ongori,Wikip\u00e9dia:\u00e9bauche athl\u00e8te k\u00e9nyan
Jovana Jak\u0161i\u0107,https://fr.wikipedia.org/?curid=7879627,https://fr.wikipedia.org/wiki/Jovana Jak\u0161i\u0107,Article utilisant une Infobox
Tirfi Tsegaye,https://fr.wikipedia.org/?curid=7876777,https://fr.wikipedia.org/wiki/Tirfi Tsegaye,Wikip\u00e9dia:\u00e9bauche athl\u00e8te \u00e9thiopien
Amela Terzi\u0107,https://fr.wikipedia.org/?curid=7850796,https://fr.wikipedia.org/wiki/Amela Terzi\u0107,Wikip\u00e9dia:\u00e9bauche athl\u00e8te serbe
Yvette Monginou,https://fr.wikipedia.org/?curid=7848899,https://fr.wikipedia.org/wiki/Yvette Monginou,Article \u00e0 illustrer Athl\u00e8te
Diablo III: Reaper of Souls,https://fr.wikipedia.org/?curid=7855521,https://fr.wikipedia.org/wiki/Diablo III: Reaper of Souls,Wikip\u00e9dia:\u00e9bauche jeu vid\u00e9o
Marte H\u00f8ie Gjefsen,https://fr.wikipedia.org/?curid=7854784,https://fr.wikipedia.org/wiki/Marte H\u00f8ie Gjefsen,Wikip\u00e9dia:\u00e9bauche ski acrobatique
Peninah Arusei,https://fr.wikipedia.org/?curid=7859189,https://fr.wikipedia.org/wiki/Peninah Arusei,Wikip\u00e9dia:\u00e9bauche athl\u00e8te k\u00e9nyan
Paskalia Kipkoech,https://fr.wikipedia.org/?curid=7859214,https://fr.wikipedia.org/wiki/Paskalia Kipkoech,Wikip\u00e9dia:\u00e9bauche athl\u00e8te k\u00e9nyan
Lotte Smiseth Sejersted,https://fr.wikipedia.org/?curid=7845533,https://fr.wikipedia.org/wiki/Lotte Smiseth Sejersted,Article utilisant une Infobox
Hyolyn,https://fr.wikipedia.org/?curid=7845664,https://fr.wikipedia.org/wiki/Hyolyn,Article contenant un lien mort
Britt Nicole,https://fr.wikipedia.org/?curid=7845918,https://fr.wikipedia.org/wiki/Britt Nicole,Article utilisant une Infobox
Zahia Dahmani,https://fr.wikipedia.org/?curid=7846973,https://fr.wikipedia.org/wiki/Zahia Dahmani,Wikip\u00e9dia:\u00e9bauche athl\u00e8te fran\u00e7ais
Muriel Linsolas,https://fr.wikipedia.org/?curid=7846988,https://fr.wikipedia.org/wiki/Muriel Linsolas,Wikip\u00e9dia:\u00e9bauche athl\u00e8te fran\u00e7ais
Tiril Eckhoff,https://fr.wikipedia.org/?curid=7688574,https://fr.wikipedia.org/wiki/Tiril Eckhoff,Article utilisant une Infobox
Dianne de Leeuw,https://fr.wikipedia.org/?curid=770555,https://fr.wikipedia.org/wiki/Dianne de Leeuw,Wikip\u00e9dia:\u00e9bauche patinage artistique
Gypsy (chanson de Lady Gaga),https://fr.wikipedia.org/?curid=7705660,https://fr.wikipedia.org/wiki/Gypsy (chanson de Lady Gaga),Wikip\u00e9dia:\u00e9bauche chanson
Silvia Bedmar,https://fr.wikipedia.org/?curid=7705828,https://fr.wikipedia.org/wiki/Silvia Bedmar,Article utilisant une Infobox
Kyla Richey,https://fr.wikipedia.org/?curid=7703300,https://fr.wikipedia.org/wiki/Kyla Richey,Article \u00e0 illustrer Joueur de volley-ball
Tomoka Takeuchi,https://fr.wikipedia.org/?curid=7738490,https://fr.wikipedia.org/wiki/Tomoka Takeuchi,Wikip\u00e9dia:\u00e9bauche personnalit\u00e9 japonaise
Suchitra Sen,https://fr.wikipedia.org/?curid=7735819,https://fr.wikipedia.org/wiki/Suchitra Sen,Wikip\u00e9dia:\u00e9bauche acteur indien
Gianina Ernst,https://fr.wikipedia.org/?curid=7736013,https://fr.wikipedia.org/wiki/Gianina Ernst,Article utilisant une Infobox
Tatyana Sidorova,https://fr.wikipedia.org/?curid=7737689,https://fr.wikipedia.org/wiki/Tatyana Sidorova,Article utilisant une Infobox
Jeanette Biedermann,https://fr.wikipedia.org/?curid=773492,https://fr.wikipedia.org/wiki/Jeanette Biedermann,Wikip\u00e9dia:\u00e9bauche acteur allemand
Silvia Rupil,https://fr.wikipedia.org/?curid=7735032,https://fr.wikipedia.org/wiki/Silvia Rupil,Wikip\u00e9dia:\u00e9bauche ski de fond
Hilde Fenne,https://fr.wikipedia.org/?curid=7735064,https://fr.wikipedia.org/wiki/Hilde Fenne,Wikip\u00e9dia:\u00e9bauche biathlon
Karolina Riemen,https://fr.wikipedia.org/?curid=7737611,https://fr.wikipedia.org/wiki/Karolina Riemen,Wikip\u00e9dia:\u00e9bauche ski acrobatique
Seiko Kawamura,https://fr.wikipedia.org/?curid=7734406,https://fr.wikipedia.org/wiki/Seiko Kawamura,Article \u00e0 illustrer Joueur de volley-ball
Sylvia Albrecht,https://fr.wikipedia.org/?curid=7723981,https://fr.wikipedia.org/wiki/Sylvia Albrecht,Wikip\u00e9dia:\u00e9bauche patinage de vitesse
Miyuki Hiramatsu,https://fr.wikipedia.org/?curid=7724145,https://fr.wikipedia.org/wiki/Miyuki Hiramatsu,Article \u00e0 illustrer Joueur de volley-ball
Ivette Vergara,https://fr.wikipedia.org/?curid=7724502,https://fr.wikipedia.org/wiki/Ivette Vergara,Article utilisant une Infobox
Kornelia Ender,https://fr.wikipedia.org/?curid=772838,https://fr.wikipedia.org/wiki/Kornelia Ender,Wikip\u00e9dia:\u00e9bauche natation
Lee Jeong-hyeon,https://fr.wikipedia.org/?curid=7728601,https://fr.wikipedia.org/wiki/Lee Jeong-hyeon,Wikip\u00e9dia:\u00e9bauche acteur sud-cor\u00e9en
Eva Vrabcov\u00e1-N\u00fdvltov\u00e1,https://fr.wikipedia.org/?curid=7722136,https://fr.wikipedia.org/wiki/Eva Vrabcov\u00e1-N\u00fdvltov\u00e1,Wikip\u00e9dia:\u00e9bauche ski de fond
Fairuz,https://fr.wikipedia.org/?curid=772228,https://fr.wikipedia.org/wiki/Fairuz,Article utilisant une Infobox
Maryna G\u0105sienica-Daniel,https://fr.wikipedia.org/?curid=7722018,https://fr.wikipedia.org/wiki/Maryna G\u0105sienica-Daniel,Wikip\u00e9dia:\u00e9bauche ski alpin
Marie Martinod,https://fr.wikipedia.org/?curid=7719870,https://fr.wikipedia.org/wiki/Marie Martinod,Article utilisant une Infobox
\u00c9lisabeth de Bavi\u00e8re (1863-1924),https://fr.wikipedia.org/?curid=7698018,https://fr.wikipedia.org/wiki/\u00c9lisabeth de Bavi\u00e8re (1863-1924),Article contenant un appel \u00e0 traduction en anglais
Klara Guseva,https://fr.wikipedia.org/?curid=7698417,https://fr.wikipedia.org/wiki/Klara Guseva,Wikip\u00e9dia:\u00e9bauche patinage de vitesse
Miyuki Akiyama,https://fr.wikipedia.org/?curid=7700947,https://fr.wikipedia.org/wiki/Miyuki Akiyama,Article \u00e0 illustrer Joueur de volley-ball
Marielle Berger Sabbatel,https://fr.wikipedia.org/?curid=7716091,https://fr.wikipedia.org/wiki/Marielle Berger Sabbatel,Article utilisant une Infobox
Irina Starykh,https://fr.wikipedia.org/?curid=7716713,https://fr.wikipedia.org/wiki/Irina Starykh,Article utilisant une Infobox
Marit Dopheide,https://fr.wikipedia.org/?curid=7717349,https://fr.wikipedia.org/wiki/Marit Dopheide,Wikip\u00e9dia:\u00e9bauche athl\u00e8te n\u00e9erlandais
Dorothea Wierer,https://fr.wikipedia.org/?curid=7717464,https://fr.wikipedia.org/wiki/Dorothea Wierer,Article utilisant une Infobox
Sylwia Ja\u015bkowiec,https://fr.wikipedia.org/?curid=7714021,https://fr.wikipedia.org/wiki/Sylwia Ja\u015bkowiec,Article utilisant une Infobox
Anu Ennok,https://fr.wikipedia.org/?curid=7716467,https://fr.wikipedia.org/wiki/Anu Ennok,Article \u00e0 illustrer Joueur de volley-ball
Mabel Caro,https://fr.wikipedia.org/?curid=7694712,https://fr.wikipedia.org/wiki/Mabel Caro,Article utilisant une Infobox
Julia Ivanova,https://fr.wikipedia.org/?curid=7694828,https://fr.wikipedia.org/wiki/Julia Ivanova,Wikip\u00e9dia:\u00e9bauche ski de fond
Indila,https://fr.wikipedia.org/?curid=7695581,https://fr.wikipedia.org/wiki/Indila,Page utilisant P742
Laurien Van Der Graaff,https://fr.wikipedia.org/?curid=7732471,https://fr.wikipedia.org/wiki/Laurien Van Der Graaff,Article utilisant une Infobox
Laura Koutsogiannakis,https://fr.wikipedia.org/?curid=7731613,https://fr.wikipedia.org/wiki/Laura Koutsogiannakis,Wikip\u00e9dia:\u00e9bauche joueuse de volley-ball
Deserts Chang,https://fr.wikipedia.org/?curid=7729218,https://fr.wikipedia.org/wiki/Deserts Chang,Article utilisant une Infobox
Riikka Sarasoja-Lilja,https://fr.wikipedia.org/?curid=7681982,https://fr.wikipedia.org/wiki/Riikka Sarasoja-Lilja,Wikip\u00e9dia:\u00e9bauche sportif finlandais
Mona-Liisa Nousiainen,https://fr.wikipedia.org/?curid=7682043,https://fr.wikipedia.org/wiki/Mona-Liisa Nousiainen,Article utilisant une Infobox
Devin Logan,https://fr.wikipedia.org/?curid=7690211,https://fr.wikipedia.org/wiki/Devin Logan,Wikip\u00e9dia:\u00e9bauche ski acrobatique
Azusa Futami,https://fr.wikipedia.org/?curid=7643909,https://fr.wikipedia.org/wiki/Azusa Futami,Article \u00e0 illustrer Joueur de volley-ball
Steffi Lehmann,https://fr.wikipedia.org/?curid=7643943,https://fr.wikipedia.org/wiki/Steffi Lehmann,Article \u00e0 illustrer Joueur de volley-ball
Minami Yoshida,https://fr.wikipedia.org/?curid=7646432,https://fr.wikipedia.org/wiki/Minami Yoshida,Article \u00e0 illustrer Joueur de volley-ball
Tatyana Averina,https://fr.wikipedia.org/?curid=7642318,https://fr.wikipedia.org/wiki/Tatyana Averina,Wikip\u00e9dia:\u00e9bauche patinage de vitesse
Hortence Vanessa Mballa Atangana,https://fr.wikipedia.org/?curid=7644593,https://fr.wikipedia.org/wiki/Hortence Vanessa Mballa Atangana,Article \u00e0 illustrer Judoka
Alba S\u00e1nchez,https://fr.wikipedia.org/?curid=7664798,https://fr.wikipedia.org/wiki/Alba S\u00e1nchez,Article utilisant une Infobox
Olga Volkova,https://fr.wikipedia.org/?curid=7664966,https://fr.wikipedia.org/wiki/Olga Volkova,Wikip\u00e9dia:\u00e9bauche personnalit\u00e9 ukrainienne
Madoka Natsumi,https://fr.wikipedia.org/?curid=7665107,https://fr.wikipedia.org/wiki/Madoka Natsumi,Wikip\u00e9dia:\u00e9bauche ski de fond
Nadzeya Pisareva,https://fr.wikipedia.org/?curid=7662009,https://fr.wikipedia.org/wiki/Nadzeya Pisareva,Wikip\u00e9dia:\u00e9bauche biathlon
Ren\u00e1ta S\u00e1ndor,https://fr.wikipedia.org/?curid=7662320,https://fr.wikipedia.org/wiki/Ren\u00e1ta S\u00e1ndor,Article utilisant une Infobox
Angelique Vergeer,https://fr.wikipedia.org/?curid=7662368,https://fr.wikipedia.org/wiki/Angelique Vergeer,Article \u00e0 illustrer Joueur de volley-ball
Kaya Turski,https://fr.wikipedia.org/?curid=7663283,https://fr.wikipedia.org/wiki/Kaya Turski,Wikip\u00e9dia:\u00e9bauche sportif canadien
Rachel Stevens,https://fr.wikipedia.org/?curid=763447,https://fr.wikipedia.org/wiki/Rachel Stevens,Article manquant de r\u00e9f\u00e9rences depuis septembre 2021
Oksana Yakovleva,https://fr.wikipedia.org/?curid=7636058,https://fr.wikipedia.org/wiki/Oksana Yakovleva,Wikip\u00e9dia:\u00e9bauche biathlon
Magda \u017bochowska,https://fr.wikipedia.org/?curid=7636774,https://fr.wikipedia.org/wiki/Magda \u017bochowska,Article \u00e0 illustrer Joueur de volley-ball
Flora Coquerel,https://fr.wikipedia.org/?curid=7588455,https://fr.wikipedia.org/wiki/Flora Coquerel,Article utilisant une Infobox
Charles Quint,https://fr.wikipedia.org/?curid=7593759,https://fr.wikipedia.org/wiki/Charles Quint,Article \u00e0 r\u00e9f\u00e9rence n\u00e9cessaire
Fanny Lecluyse,https://fr.wikipedia.org/?curid=7616132,https://fr.wikipedia.org/wiki/Fanny Lecluyse,Article \u00e0 illustrer Nageur
Sarah Baker,https://fr.wikipedia.org/?curid=7617219,https://fr.wikipedia.org/wiki/Sarah Baker,Wikip\u00e9dia:\u00e9bauche acteur am\u00e9ricain
Ren Xiujuan,https://fr.wikipedia.org/?curid=7617286,https://fr.wikipedia.org/wiki/Ren Xiujuan,Wikip\u00e9dia:\u00e9bauche athl\u00e8te chinois
Isabelle Arnould,https://fr.wikipedia.org/?curid=7617375,https://fr.wikipedia.org/wiki/Isabelle Arnould,Article \u00e0 illustrer Nageur
Les Cactus,https://fr.wikipedia.org/?curid=7617444,https://fr.wikipedia.org/wiki/Les Cactus,Wikip\u00e9dia:\u00e9bauche chanson fran\u00e7aise
Whitney Dosty,https://fr.wikipedia.org/?curid=7538315,https://fr.wikipedia.org/wiki/Whitney Dosty,Wikip\u00e9dia:\u00e9bauche joueuse am\u00e9ricaine de volley-ball
Emily Bett Rickards,https://fr.wikipedia.org/?curid=7540891,https://fr.wikipedia.org/wiki/Emily Bett Rickards,Wikip\u00e9dia:\u00e9bauche acteur canadien
Lisette Stindt,https://fr.wikipedia.org/?curid=7603302,https://fr.wikipedia.org/wiki/Lisette Stindt,Article \u00e0 illustrer Joueur de volley-ball
Liste des m\u00e9daill\u00e9s aux Jeux olympiques d'hiver de 2006,https://fr.wikipedia.org/?curid=7554852,https://fr.wikipedia.org/wiki/Liste des m\u00e9daill\u00e9s aux Jeux olympiques d'hiver de 2006,Portail:Jeux olympiques/Articles li\u00e9s
Kaori Kodaira,https://fr.wikipedia.org/?curid=7639086,https://fr.wikipedia.org/wiki/Kaori Kodaira,Article \u00e0 illustrer Joueur de volley-ball
Kim Sa-nee,https://fr.wikipedia.org/?curid=7641351,https://fr.wikipedia.org/wiki/Kim Sa-nee,Article \u00e0 illustrer Joueur de volley-ball
Sylvie Matton,https://fr.wikipedia.org/?curid=7650411,https://fr.wikipedia.org/wiki/Sylvie Matton,Page utilisant P569
Natsumi Horiguchi,https://fr.wikipedia.org/?curid=7648363,https://fr.wikipedia.org/wiki/Natsumi Horiguchi,Article \u00e0 illustrer Joueur de volley-ball
Bernadett D\u00e9k\u00e1ny,https://fr.wikipedia.org/?curid=7648413,https://fr.wikipedia.org/wiki/Bernadett D\u00e9k\u00e1ny,Article \u00e0 illustrer Joueur de volley-ball
Galina Stepanskaya,https://fr.wikipedia.org/?curid=7653228,https://fr.wikipedia.org/wiki/Galina Stepanskaya,Wikip\u00e9dia:\u00e9bauche patinage de vitesse
Natalya Petrusyova,https://fr.wikipedia.org/?curid=7651747,https://fr.wikipedia.org/wiki/Natalya Petrusyova,Wikip\u00e9dia:\u00e9bauche patinage de vitesse
La Corde,https://fr.wikipedia.org/?curid=7652,https://fr.wikipedia.org/wiki/La Corde,Article utilisant une Infobox
Viktoria Levchina,https://fr.wikipedia.org/?curid=7583865,https://fr.wikipedia.org/wiki/Viktoria Levchina,Article \u00e0 illustrer Joueur de volley-ball
Maria Khaletska\u00efa,https://fr.wikipedia.org/?curid=7589931,https://fr.wikipedia.org/wiki/Maria Khaletska\u00efa,Article utilisant une Infobox
Selina Gasparin,https://fr.wikipedia.org/?curid=7586298,https://fr.wikipedia.org/wiki/Selina Gasparin,Article utilisant une Infobox
Lisbeth Korsmo,https://fr.wikipedia.org/?curid=7660001,https://fr.wikipedia.org/wiki/Lisbeth Korsmo,Article \u00e0 illustrer Sportif
Maria Sanchez,https://fr.wikipedia.org/?curid=7656326,https://fr.wikipedia.org/wiki/Maria Sanchez,Article utilisant une Infobox
Johanna Schut,https://fr.wikipedia.org/?curid=7660701,https://fr.wikipedia.org/wiki/Johanna Schut,Wikip\u00e9dia:\u00e9bauche patinage de vitesse
Miss Iowa USA,https://fr.wikipedia.org/?curid=8044141,https://fr.wikipedia.org/wiki/Miss Iowa USA,Portail:Mannequinat/Articles li\u00e9s
Miss Maine USA,https://fr.wikipedia.org/?curid=8044717,https://fr.wikipedia.org/wiki/Miss Maine USA,Article contenant un lien mort
Rowan Cheshire,https://fr.wikipedia.org/?curid=8046632,https://fr.wikipedia.org/wiki/Rowan Cheshire,Article \u00e0 illustrer Sportif
Sandra N\u00e4slund,https://fr.wikipedia.org/?curid=8046651,https://fr.wikipedia.org/wiki/Sandra N\u00e4slund,Article utilisant une Infobox
Dragana Brkovi\u0107,https://fr.wikipedia.org/?curid=8043701,https://fr.wikipedia.org/wiki/Dragana Brkovi\u0107,Article \u00e0 illustrer Joueur de volley-ball
Christel Frese,https://fr.wikipedia.org/?curid=5900662,https://fr.wikipedia.org/wiki/Christel Frese,Wikip\u00e9dia:\u00e9bauche athl\u00e8te allemand
Eva Dawes,https://fr.wikipedia.org/?curid=5927920,https://fr.wikipedia.org/wiki/Eva Dawes,Wikip\u00e9dia:\u00e9bauche athl\u00e8te canadien
Gwendoline Porter,https://fr.wikipedia.org/?curid=5927964,https://fr.wikipedia.org/wiki/Gwendoline Porter,Wikip\u00e9dia:\u00e9bauche athl\u00e8te britannique
Nellie Halstead,https://fr.wikipedia.org/?curid=5927996,https://fr.wikipedia.org/wiki/Nellie Halstead,Wikip\u00e9dia:\u00e9bauche athl\u00e8te britannique
Mildred Fizzell,https://fr.wikipedia.org/?curid=5928017,https://fr.wikipedia.org/wiki/Mildred Fizzell,Wikip\u00e9dia:\u00e9bauche athl\u00e8te canadien
Agnes Samaria,https://fr.wikipedia.org/?curid=5927574,https://fr.wikipedia.org/wiki/Agnes Samaria,Wikip\u00e9dia:\u00e9bauche athl\u00e8te
Nicole Flagothier,https://fr.wikipedia.org/?curid=5927756,https://fr.wikipedia.org/wiki/Nicole Flagothier,Page utilisant P569
Evelyne Hall,https://fr.wikipedia.org/?curid=5927799,https://fr.wikipedia.org/wiki/Evelyne Hall,Wikip\u00e9dia:\u00e9bauche athl\u00e8te am\u00e9ricain
Deborah Liguori,https://fr.wikipedia.org/?curid=5931384,https://fr.wikipedia.org/wiki/Deborah Liguori,Wikip\u00e9dia:\u00e9bauche joueuse italienne de volley-ball
Mary Washburn,https://fr.wikipedia.org/?curid=5931531,https://fr.wikipedia.org/wiki/Mary Washburn,Wikip\u00e9dia:\u00e9bauche athl\u00e8te am\u00e9ricain
Maria Roussman,https://fr.wikipedia.org/?curid=5862444,https://fr.wikipedia.org/wiki/Maria Roussman,Article \u00e0 illustrer Joueur de volley-ball
Irina Beglyakova,https://fr.wikipedia.org/?curid=5877790,https://fr.wikipedia.org/wiki/Irina Beglyakova,Wikip\u00e9dia:\u00e9bauche athl\u00e8te sovi\u00e9tique
Laura Baggi,https://fr.wikipedia.org/?curid=5879433,https://fr.wikipedia.org/wiki/Laura Baggi,Wikip\u00e9dia:\u00e9bauche joueuse italienne de volley-ball
Anni Biechl,https://fr.wikipedia.org/?curid=5876614,https://fr.wikipedia.org/wiki/Anni Biechl,Wikip\u00e9dia:\u00e9bauche athl\u00e8te allemand
Martha Langbein,https://fr.wikipedia.org/?curid=5876628,https://fr.wikipedia.org/wiki/Martha Langbein,Wikip\u00e9dia:\u00e9bauche athl\u00e8te allemand
Birut\u0117 Kal\u0117dien\u0117,https://fr.wikipedia.org/?curid=5876690,https://fr.wikipedia.org/wiki/Birut\u0117 Kal\u0117dien\u0117,Wikip\u00e9dia:\u00e9bauche athl\u00e8te sovi\u00e9tique
Brunhilde Hendrix,https://fr.wikipedia.org/?curid=5874000,https://fr.wikipedia.org/wiki/Brunhilde Hendrix,Wikip\u00e9dia:\u00e9bauche athl\u00e8te allemand
Polina Stoyneva,https://fr.wikipedia.org/?curid=5879459,https://fr.wikipedia.org/wiki/Polina Stoyneva,Article \u00e0 illustrer Joueur de volley-ball
Judith Pietersen,https://fr.wikipedia.org/?curid=5879468,https://fr.wikipedia.org/wiki/Judith Pietersen,Article utilisant une Infobox
Marika Bianchini,https://fr.wikipedia.org/?curid=5877288,https://fr.wikipedia.org/wiki/Marika Bianchini,Wikip\u00e9dia:\u00e9bauche joueuse italienne de volley-ball
Silvija Popovi\u0107,https://fr.wikipedia.org/?curid=5841309,https://fr.wikipedia.org/wiki/Silvija Popovi\u0107,Article utilisant une Infobox
Ester Dean,https://fr.wikipedia.org/?curid=5841359,https://fr.wikipedia.org/wiki/Ester Dean,Wikip\u00e9dia:\u00e9bauche chanteur am\u00e9ricain
Valj Semerenko,https://fr.wikipedia.org/?curid=5841517,https://fr.wikipedia.org/wiki/Valj Semerenko,Article utilisant une Infobox
Liste des grands-ducs de Luxembourg,https://fr.wikipedia.org/?curid=58522,https://fr.wikipedia.org/wiki/Liste des grands-ducs de Luxembourg,Portail:\u00c9poque contemporaine/Articles li\u00e9s
Mariola Wojtowicz,https://fr.wikipedia.org/?curid=5848954,https://fr.wikipedia.org/wiki/Mariola Wojtowicz,Article utilisant une Infobox
Justyna Wilk,https://fr.wikipedia.org/?curid=5848991,https://fr.wikipedia.org/wiki/Justyna Wilk,Article \u00e0 illustrer Joueur de volley-ball
Olena Shekhovtsova,https://fr.wikipedia.org/?curid=5849085,https://fr.wikipedia.org/wiki/Olena Shekhovtsova,Article \u00e0 illustrer Athl\u00e8te
Liste des ministres tunisiennes,https://fr.wikipedia.org/?curid=5845313,https://fr.wikipedia.org/wiki/Liste des ministres tunisiennes,Article contenant un appel \u00e0 traduction en anglais
IU (chanteuse),https://fr.wikipedia.org/?curid=5898542,https://fr.wikipedia.org/wiki/IU (chanteuse),Article contenant un lien mort
Ana Paula Moraes,https://fr.wikipedia.org/?curid=5896181,https://fr.wikipedia.org/wiki/Ana Paula Moraes,Article \u00e0 illustrer Joueur de volley-ball
Maureen Gardner,https://fr.wikipedia.org/?curid=5896182,https://fr.wikipedia.org/wiki/Maureen Gardner,Wikip\u00e9dia:\u00e9bauche athl\u00e8te britannique
Liste des ministres espagnoles,https://fr.wikipedia.org/?curid=5887627,https://fr.wikipedia.org/wiki/Liste des ministres espagnoles,Article contenant un appel \u00e0 traduction en anglais
Lotte Denoo,https://fr.wikipedia.org/?curid=5899450,https://fr.wikipedia.org/wiki/Lotte Denoo,Page utilisant P569
Ursula Knab,https://fr.wikipedia.org/?curid=5889071,https://fr.wikipedia.org/wiki/Ursula Knab,Wikip\u00e9dia:\u00e9bauche athl\u00e8te allemand
Helga Klein,https://fr.wikipedia.org/?curid=5889097,https://fr.wikipedia.org/wiki/Helga Klein,Wikip\u00e9dia:\u00e9bauche athl\u00e8te allemand
Marga Petersen,https://fr.wikipedia.org/?curid=5889221,https://fr.wikipedia.org/wiki/Marga Petersen,Wikip\u00e9dia:\u00e9bauche athl\u00e8te allemand
Laya Lewis,https://fr.wikipedia.org/?curid=5893167,https://fr.wikipedia.org/wiki/Laya Lewis,Wikip\u00e9dia:\u00e9bauche acteur anglais
Fanny Smith,https://fr.wikipedia.org/?curid=5893399,https://fr.wikipedia.org/wiki/Fanny Smith,Article utilisant une Infobox
Olena Buryak,https://fr.wikipedia.org/?curid=5897715,https://fr.wikipedia.org/wiki/Olena Buryak,Article utilisant une Infobox
Dorothy Tyler,https://fr.wikipedia.org/?curid=5901980,https://fr.wikipedia.org/wiki/Dorothy Tyler,Article utilisant une Infobox
Violet Olney,https://fr.wikipedia.org/?curid=5913233,https://fr.wikipedia.org/wiki/Violet Olney,Wikip\u00e9dia:\u00e9bauche athl\u00e8te britannique
Vanessa Giunchi,https://fr.wikipedia.org/?curid=5911831,https://fr.wikipedia.org/wiki/Vanessa Giunchi,Article \u00e0 illustrer Patineur artistique
Audrey Brown,https://fr.wikipedia.org/?curid=5913780,https://fr.wikipedia.org/wiki/Audrey Brown,Wikip\u00e9dia:\u00e9bauche athl\u00e8te britannique
Barbara Burke,https://fr.wikipedia.org/?curid=5913837,https://fr.wikipedia.org/wiki/Barbara Burke,Wikip\u00e9dia:\u00e9bauche athl\u00e8te britannique
Tiziana Veglia,https://fr.wikipedia.org/?curid=5915427,https://fr.wikipedia.org/wiki/Tiziana Veglia,Wikip\u00e9dia:\u00e9bauche joueuse italienne de volley-ball
Ramona Aric\u00f2,https://fr.wikipedia.org/?curid=5915438,https://fr.wikipedia.org/wiki/Ramona Aric\u00f2,Wikip\u00e9dia:\u00e9bauche joueuse italienne de volley-ball
Federica Mastrodicasa,https://fr.wikipedia.org/?curid=5915450,https://fr.wikipedia.org/wiki/Federica Mastrodicasa,Wikip\u00e9dia:\u00e9bauche joueuse italienne de volley-ball
B\u00e1rbara Bruch,https://fr.wikipedia.org/?curid=5905822,https://fr.wikipedia.org/wiki/B\u00e1rbara Bruch,Article \u00e0 illustrer Joueur de volley-ball
Eduarda Kraisch,https://fr.wikipedia.org/?curid=5905872,https://fr.wikipedia.org/wiki/Eduarda Kraisch,Article \u00e0 illustrer Joueur de volley-ball
Ana Maria Gosling,https://fr.wikipedia.org/?curid=5903762,https://fr.wikipedia.org/wiki/Ana Maria Gosling,Article \u00e0 illustrer Joueur de volley-ball
Val\u00e9rie Degrijse,https://fr.wikipedia.org/?curid=5903785,https://fr.wikipedia.org/wiki/Val\u00e9rie Degrijse,Article \u00e0 illustrer Sportif
Kathleen Witters,https://fr.wikipedia.org/?curid=5903814,https://fr.wikipedia.org/wiki/Kathleen Witters,Page utilisant P569
Christel Deli\u00e8ge,https://fr.wikipedia.org/?curid=5906092,https://fr.wikipedia.org/wiki/Christel Deli\u00e8ge,Wikip\u00e9dia:\u00e9bauche judo
Liste des ministres italiennes,https://fr.wikipedia.org/?curid=5869875,https://fr.wikipedia.org/wiki/Liste des ministres italiennes,Article contenant un appel \u00e0 traduction en anglais
Brenda Castillo,https://fr.wikipedia.org/?curid=5870027,https://fr.wikipedia.org/wiki/Brenda Castillo,Wikip\u00e9dia:\u00e9bauche joueuse dominicaine de volley-ball
Juliette Binoche,https://fr.wikipedia.org/?curid=58559,https://fr.wikipedia.org/wiki/Juliette Binoche,Article utilisant une Infobox
Aura Dione,https://fr.wikipedia.org/?curid=5870304,https://fr.wikipedia.org/wiki/Aura Dione,Article contenant un lien mort
H\u00e9l\u00e8ne d'Orl\u00e9ans,https://fr.wikipedia.org/?curid=587172,https://fr.wikipedia.org/wiki/H\u00e9l\u00e8ne d'Orl\u00e9ans,Article utilisant une Infobox
St\u00e9phanie Denino,https://fr.wikipedia.org/?curid=5892389,https://fr.wikipedia.org/wiki/St\u00e9phanie Denino,Wikip\u00e9dia:\u00e9bauche hockey sur glace
Mikaela Shiffrin,https://fr.wikipedia.org/?curid=5892703,https://fr.wikipedia.org/wiki/Mikaela Shiffrin,Article utilisant une Infobox
Joke Buysschaert,https://fr.wikipedia.org/?curid=5907795,https://fr.wikipedia.org/wiki/Joke Buysschaert,Wikip\u00e9dia:\u00e9bauche judo
Leen Dom,https://fr.wikipedia.org/?curid=5907814,https://fr.wikipedia.org/wiki/Leen Dom,Wikip\u00e9dia:\u00e9bauche judo
Katrien Ongena,https://fr.wikipedia.org/?curid=5907842,https://fr.wikipedia.org/wiki/Katrien Ongena,Wikip\u00e9dia:\u00e9bauche judo
Mel Gibson,https://fr.wikipedia.org/?curid=59079,https://fr.wikipedia.org/wiki/Mel Gibson,Article utilisant une Infobox
Paula Barros,https://fr.wikipedia.org/?curid=5907907,https://fr.wikipedia.org/wiki/Paula Barros,Article utilisant une Infobox
Paula Deen,https://fr.wikipedia.org/?curid=5910162,https://fr.wikipedia.org/wiki/Paula Deen,Article utilisant une Infobox
Heidi Rakels,https://fr.wikipedia.org/?curid=5910371,https://fr.wikipedia.org/wiki/Heidi Rakels,Wikip\u00e9dia:\u00e9bauche judo
Veena Malik,https://fr.wikipedia.org/?curid=5910765,https://fr.wikipedia.org/wiki/Veena Malik,Wikip\u00e9dia:\u00e9bauche acteur pakistanais
Karin Telser,https://fr.wikipedia.org/?curid=5911671,https://fr.wikipedia.org/wiki/Karin Telser,Article \u00e0 illustrer Patineur artistique
Rinako Hirasawa,https://fr.wikipedia.org/?curid=5909590,https://fr.wikipedia.org/wiki/Rinako Hirasawa,Article utilisant une Infobox
Valentina Cester,https://fr.wikipedia.org/?curid=5921382,https://fr.wikipedia.org/wiki/Valentina Cester,Wikip\u00e9dia:\u00e9bauche joueuse italienne de volley-ball
Ilaria Angelelli,https://fr.wikipedia.org/?curid=5921391,https://fr.wikipedia.org/wiki/Ilaria Angelelli,Wikip\u00e9dia:\u00e9bauche joueuse italienne de volley-ball
Nikola \u0160enkov\u00e1,https://fr.wikipedia.org/?curid=5921410,https://fr.wikipedia.org/wiki/Nikola \u0160enkov\u00e1,Article utilisant une Infobox
Paula Mollenhauer,https://fr.wikipedia.org/?curid=5921870,https://fr.wikipedia.org/wiki/Paula Mollenhauer,Wikip\u00e9dia:\u00e9bauche athl\u00e8te allemand
Dorothy Brookshaw,https://fr.wikipedia.org/?curid=5921951,https://fr.wikipedia.org/wiki/Dorothy Brookshaw,Wikip\u00e9dia:\u00e9bauche athl\u00e8te canadien
Maria Kwa\u015bniewska,https://fr.wikipedia.org/?curid=5922000,https://fr.wikipedia.org/wiki/Maria Kwa\u015bniewska,Wikip\u00e9dia:\u00e9bauche athl\u00e8te polonais
Decima Norman,https://fr.wikipedia.org/?curid=5922084,https://fr.wikipedia.org/wiki/Decima Norman,Wikip\u00e9dia:\u00e9bauche athl\u00e8te australien
Anushka Shetty,https://fr.wikipedia.org/?curid=5920082,https://fr.wikipedia.org/wiki/Anushka Shetty,Page utilisant P569
Dorothy Manley,https://fr.wikipedia.org/?curid=5894497,https://fr.wikipedia.org/wiki/Dorothy Manley,Wikip\u00e9dia:\u00e9bauche athl\u00e8te britannique
Kenny Moreno,https://fr.wikipedia.org/?curid=5886733,https://fr.wikipedia.org/wiki/Kenny Moreno,Article utilisant une Infobox
Turn Me On (chanson de David Guetta),https://fr.wikipedia.org/?curid=5895433,https://fr.wikipedia.org/wiki/Turn Me On (chanson de David Guetta),Article contenant un lien mort
Sarah McLeod,https://fr.wikipedia.org/?curid=5894231,https://fr.wikipedia.org/wiki/Sarah McLeod,Article contenant un lien mort
Nan Zhang,https://fr.wikipedia.org/?curid=5896753,https://fr.wikipedia.org/wiki/Nan Zhang,Wikip\u00e9dia:\u00e9bauche acteur am\u00e9ricain
Anabel Medina Garrigues,https://fr.wikipedia.org/?curid=567398,https://fr.wikipedia.org/wiki/Anabel Medina Garrigues,Article utilisant une Infobox
Raffaella Lamera,https://fr.wikipedia.org/?curid=5673329,https://fr.wikipedia.org/wiki/Raffaella Lamera,Wikip\u00e9dia:\u00e9bauche athl\u00e8te italien
Korinna Ichimtseva,https://fr.wikipedia.org/?curid=5673405,https://fr.wikipedia.org/wiki/Korinna Ichimtseva,Article utilisant une Infobox
Malika Kanthong,https://fr.wikipedia.org/?curid=5671686,https://fr.wikipedia.org/wiki/Malika Kanthong,Article utilisant une Infobox
Merja Korpela,https://fr.wikipedia.org/?curid=5672597,https://fr.wikipedia.org/wiki/Merja Korpela,Wikip\u00e9dia:\u00e9bauche athl\u00e8te finlandais
Minzy,https://fr.wikipedia.org/?curid=5675391,https://fr.wikipedia.org/wiki/Minzy,Article utilisant une Infobox
Aya Medany,https://fr.wikipedia.org/?curid=5676172,https://fr.wikipedia.org/wiki/Aya Medany,Wikip\u00e9dia:\u00e9bauche pentathlon moderne
Zalina Petrivskaya,https://fr.wikipedia.org/?curid=5676182,https://fr.wikipedia.org/wiki/Zalina Petrivskaya,Article \u00e0 illustrer Athl\u00e8te
Goldie Sayers,https://fr.wikipedia.org/?curid=5676697,https://fr.wikipedia.org/wiki/Goldie Sayers,Wikip\u00e9dia:\u00e9bauche athl\u00e8te britannique
Lisa Raymond,https://fr.wikipedia.org/?curid=570781,https://fr.wikipedia.org/wiki/Lisa Raymond,Article utilisant une Infobox
Leila Gyenesei,https://fr.wikipedia.org/?curid=5706852,https://fr.wikipedia.org/wiki/Leila Gyenesei,Wikip\u00e9dia:\u00e9bauche personnalit\u00e9 hongroise
Marie-Fran\u00e7oise Sidib\u00e9,https://fr.wikipedia.org/?curid=5709402,https://fr.wikipedia.org/wiki/Marie-Fran\u00e7oise Sidib\u00e9,Wikip\u00e9dia:\u00e9bauche footballeuse fran\u00e7aise
Irene Epple,https://fr.wikipedia.org/?curid=566607,https://fr.wikipedia.org/wiki/Irene Epple,Wikip\u00e9dia:\u00e9bauche ski alpin
Christin Cooper,https://fr.wikipedia.org/?curid=566628,https://fr.wikipedia.org/wiki/Christin Cooper,Article \u00e0 illustrer Sportif
Anicka van Emden,https://fr.wikipedia.org/?curid=5687968,https://fr.wikipedia.org/wiki/Anicka van Emden,Wikip\u00e9dia:\u00e9bauche judo
Ana Carrascosa,https://fr.wikipedia.org/?curid=5688069,https://fr.wikipedia.org/wiki/Ana Carrascosa,Wikip\u00e9dia:\u00e9bauche judo
Kristin Hildebrand,https://fr.wikipedia.org/?curid=5713825,https://fr.wikipedia.org/wiki/Kristin Hildebrand,Wikip\u00e9dia:\u00e9bauche joueuse am\u00e9ricaine de volley-ball
\u00c9lodie Clouvel,https://fr.wikipedia.org/?curid=5716410,https://fr.wikipedia.org/wiki/\u00c9lodie Clouvel,Wikip\u00e9dia:\u00e9bauche personnalit\u00e9 fran\u00e7aise
Sylwia Czwojdzinska,https://fr.wikipedia.org/?curid=5715332,https://fr.wikipedia.org/wiki/Sylwia Czwojdzinska,Wikip\u00e9dia:\u00e9bauche sportif polonais
Sarah Menezes,https://fr.wikipedia.org/?curid=5687399,https://fr.wikipedia.org/wiki/Sarah Menezes,Wikip\u00e9dia:\u00e9bauche judo
Alexandra Chando,https://fr.wikipedia.org/?curid=5687856,https://fr.wikipedia.org/wiki/Alexandra Chando,Article \u00e0 illustrer Personnalit\u00e9 du cin\u00e9ma
Hrystyna Stuy,https://fr.wikipedia.org/?curid=5701880,https://fr.wikipedia.org/wiki/Hrystyna Stuy,Wikip\u00e9dia:\u00e9bauche athl\u00e8te ukrainien
El\u017cbieta \u017bebrowska,https://fr.wikipedia.org/?curid=5700546,https://fr.wikipedia.org/wiki/El\u017cbieta \u017bebrowska,Wikip\u00e9dia:\u00e9bauche athl\u00e8te polonais
Yasmin Kwadwo,https://fr.wikipedia.org/?curid=5685845,https://fr.wikipedia.org/wiki/Yasmin Kwadwo,Wikip\u00e9dia:\u00e9bauche athl\u00e8te allemand
Victoria Tereshchuk,https://fr.wikipedia.org/?curid=5678644,https://fr.wikipedia.org/wiki/Victoria Tereshchuk,Wikip\u00e9dia:\u00e9bauche personnalit\u00e9 ukrainienne
Danielle Frenkel,https://fr.wikipedia.org/?curid=5684305,https://fr.wikipedia.org/wiki/Danielle Frenkel,Recension temporaire pour le mod\u00e8le Article
Adrienn T\u00f3th,https://fr.wikipedia.org/?curid=5681014,https://fr.wikipedia.org/wiki/Adrienn T\u00f3th,Wikip\u00e9dia:\u00e9bauche personnalit\u00e9 hongroise
Donata Rim\u0161ait\u0117,https://fr.wikipedia.org/?curid=5688877,https://fr.wikipedia.org/wiki/Donata Rim\u0161ait\u0117,Wikip\u00e9dia:\u00e9bauche personnalit\u00e9 lituanienne
Dolores Silva,https://fr.wikipedia.org/?curid=5678792,https://fr.wikipedia.org/wiki/Dolores Silva,Article utilisant une Infobox
Je\u013cena Rub\u013cevska,https://fr.wikipedia.org/?curid=5689475,https://fr.wikipedia.org/wiki/Je\u013cena Rub\u013cevska,Wikip\u00e9dia:\u00e9bauche personnalit\u00e9 lettonne
Emilce Sosa,https://fr.wikipedia.org/?curid=5692403,https://fr.wikipedia.org/wiki/Emilce Sosa,Article utilisant une Infobox
Tan Jian,https://fr.wikipedia.org/?curid=5691232,https://fr.wikipedia.org/wiki/Tan Jian,Wikip\u00e9dia:\u00e9bauche athl\u00e8te chinois
Megumi Tachimoto,https://fr.wikipedia.org/?curid=5689960,https://fr.wikipedia.org/wiki/Megumi Tachimoto,Wikip\u00e9dia:\u00e9bauche judo
Yaritza Abel,https://fr.wikipedia.org/?curid=5689962,https://fr.wikipedia.org/wiki/Yaritza Abel,Wikip\u00e9dia:\u00e9bauche judo
Ra\u0161a Sraka,https://fr.wikipedia.org/?curid=5690018,https://fr.wikipedia.org/wiki/Ra\u0161a Sraka,Wikip\u00e9dia:\u00e9bauche judo
Hitman : Tueur \u00e0 gages,https://fr.wikipedia.org/?curid=566026,https://fr.wikipedia.org/wiki/Hitman : Tueur \u00e0 gages,Page utilisant P856
Ute Thimm,https://fr.wikipedia.org/?curid=5654741,https://fr.wikipedia.org/wiki/Ute Thimm,Wikip\u00e9dia:\u00e9bauche athl\u00e8te allemand
\u00c9va Csernoviczki,https://fr.wikipedia.org/?curid=5688903,https://fr.wikipedia.org/wiki/\u00c9va Csernoviczki,Wikip\u00e9dia:\u00e9bauche judo
Anett M\u00e9sz\u00e1ros,https://fr.wikipedia.org/?curid=5688965,https://fr.wikipedia.org/wiki/Anett M\u00e9sz\u00e1ros,Wikip\u00e9dia:\u00e9bauche judo
Mayra Aguiar,https://fr.wikipedia.org/?curid=5689003,https://fr.wikipedia.org/wiki/Mayra Aguiar,Wikip\u00e9dia:\u00e9bauche judo
Chen Qian (pentathlon moderne),https://fr.wikipedia.org/?curid=5683478,https://fr.wikipedia.org/wiki/Chen Qian (pentathlon moderne),Wikip\u00e9dia:\u00e9bauche personnalit\u00e9 chinoise
Alexis Crimes,https://fr.wikipedia.org/?curid=5697147,https://fr.wikipedia.org/wiki/Alexis Crimes,Wikip\u00e9dia:\u00e9bauche joueuse am\u00e9ricaine de volley-ball
Jamy Franco,https://fr.wikipedia.org/?curid=5698141,https://fr.wikipedia.org/wiki/Jamy Franco,Wikip\u00e9dia:\u00e9bauche athl\u00e8te
Qieyang Shenjie,https://fr.wikipedia.org/?curid=5698158,https://fr.wikipedia.org/wiki/Qieyang Shenjie,Article \u00e0 illustrer Athl\u00e8te
Liste des ministres s\u00e9n\u00e9galaises,https://fr.wikipedia.org/?curid=5696205,https://fr.wikipedia.org/wiki/Liste des ministres s\u00e9n\u00e9galaises,Article \u00e0 r\u00e9f\u00e9rence n\u00e9cessaire
Victor Vito,https://fr.wikipedia.org/?curid=5699109,https://fr.wikipedia.org/wiki/Victor Vito,Article utilisant une Infobox
Yelena Pershina,https://fr.wikipedia.org/?curid=5773379,https://fr.wikipedia.org/wiki/Yelena Pershina,Wikip\u00e9dia:\u00e9bauche athl\u00e8te kazakh
Katarzyna Bryda,https://fr.wikipedia.org/?curid=5775488,https://fr.wikipedia.org/wiki/Katarzyna Bryda,Article utilisant une Infobox
Emiliya Dimitrova,https://fr.wikipedia.org/?curid=5768428,https://fr.wikipedia.org/wiki/Emiliya Dimitrova,Article utilisant une Infobox
Esm\u00e9 Mackinnon,https://fr.wikipedia.org/?curid=578590,https://fr.wikipedia.org/wiki/Esm\u00e9 Mackinnon,Article \u00e0 illustrer Sportif
Zhanna Shubenok,https://fr.wikipedia.org/?curid=5785956,https://fr.wikipedia.org/wiki/Zhanna Shubenok,Article \u00e0 illustrer Sportif
Pamela Jiles,https://fr.wikipedia.org/?curid=5783427,https://fr.wikipedia.org/wiki/Pamela Jiles,Wikip\u00e9dia:\u00e9bauche athl\u00e8te am\u00e9ricain
Rosalyn Bryant,https://fr.wikipedia.org/?curid=5783472,https://fr.wikipedia.org/wiki/Rosalyn Bryant,Wikip\u00e9dia:\u00e9bauche athl\u00e8te am\u00e9ricain
Mission impossible 3,https://fr.wikipedia.org/?curid=578865,https://fr.wikipedia.org/wiki/Mission impossible 3,Article utilisant une Infobox
Aleksandra Chudina,https://fr.wikipedia.org/?curid=5788769,https://fr.wikipedia.org/wiki/Aleksandra Chudina,Wikip\u00e9dia:\u00e9bauche athl\u00e8te sovi\u00e9tique
Annalisa Scarrone,https://fr.wikipedia.org/?curid=5791201,https://fr.wikipedia.org/wiki/Annalisa Scarrone,Article utilisant une Infobox
Sun Yujie,https://fr.wikipedia.org/?curid=5791241,https://fr.wikipedia.org/wiki/Sun Yujie,Wikip\u00e9dia:\u00e9bauche escrimeuse
Annegret Kroniger,https://fr.wikipedia.org/?curid=5792795,https://fr.wikipedia.org/wiki/Annegret Kroniger,Wikip\u00e9dia:\u00e9bauche athl\u00e8te allemand
Lidiya Alfeyeva,https://fr.wikipedia.org/?curid=5793004,https://fr.wikipedia.org/wiki/Lidiya Alfeyeva,Wikip\u00e9dia:\u00e9bauche athl\u00e8te sovi\u00e9tique
Natalia Sokolova (athl\u00e9tisme),https://fr.wikipedia.org/?curid=5793020,https://fr.wikipedia.org/wiki/Natalia Sokolova (athl\u00e9tisme),Wikip\u00e9dia:\u00e9bauche athl\u00e8te sovi\u00e9tique
Roxanne Douville,https://fr.wikipedia.org/?curid=5790432,https://fr.wikipedia.org/wiki/Roxanne Douville,Article de hockey sur glace \u00e0 illustrer
Berit Berthelsen,https://fr.wikipedia.org/?curid=5792071,https://fr.wikipedia.org/wiki/Berit Berthelsen,Wikip\u00e9dia:\u00e9bauche athl\u00e8te norv\u00e9gien
Hannah et ses s\u0153urs,https://fr.wikipedia.org/?curid=57935,https://fr.wikipedia.org/wiki/Hannah et ses s\u0153urs,Article utilisant une Infobox
Francesca Schiavone,https://fr.wikipedia.org/?curid=577989,https://fr.wikipedia.org/wiki/Francesca Schiavone,Article utilisant une Infobox
Micha\u00eblla Krajicek,https://fr.wikipedia.org/?curid=578052,https://fr.wikipedia.org/wiki/Micha\u00eblla Krajicek,Article utilisant une Infobox
Sheila Ingram,https://fr.wikipedia.org/?curid=5780195,https://fr.wikipedia.org/wiki/Sheila Ingram,Wikip\u00e9dia:\u00e9bauche athl\u00e8te am\u00e9ricain
Debra Sapenter,https://fr.wikipedia.org/?curid=5780213,https://fr.wikipedia.org/wiki/Debra Sapenter,Wikip\u00e9dia:\u00e9bauche athl\u00e8te am\u00e9ricain
Gabriele Hinzmann,https://fr.wikipedia.org/?curid=5779324,https://fr.wikipedia.org/wiki/Gabriele Hinzmann,Wikip\u00e9dia:\u00e9bauche athl\u00e8te allemand
Berit Kauffeldt,https://fr.wikipedia.org/?curid=5768396,https://fr.wikipedia.org/wiki/Berit Kauffeldt,Article utilisant une Infobox
Iwona Kowalewska,https://fr.wikipedia.org/?curid=5770413,https://fr.wikipedia.org/wiki/Iwona Kowalewska,Wikip\u00e9dia:\u00e9bauche sportif polonais
Vera Nikoli\u0107,https://fr.wikipedia.org/?curid=5770454,https://fr.wikipedia.org/wiki/Vera Nikoli\u0107,Wikip\u00e9dia:\u00e9bauche athl\u00e8te yougoslave
Gisela Birkemeyer,https://fr.wikipedia.org/?curid=5769142,https://fr.wikipedia.org/wiki/Gisela Birkemeyer,Wikip\u00e9dia:\u00e9bauche athl\u00e8te allemand
Ievguenia Setchenova,https://fr.wikipedia.org/?curid=5769228,https://fr.wikipedia.org/wiki/Ievguenia Setchenova,Wikip\u00e9dia:\u00e9bauche athl\u00e8te sovi\u00e9tique
Sabina Miclea,https://fr.wikipedia.org/?curid=5765036,https://fr.wikipedia.org/wiki/Sabina Miclea,Article utilisant une Infobox
Marielle Goitschel,https://fr.wikipedia.org/?curid=576507,https://fr.wikipedia.org/wiki/Marielle Goitschel,Article utilisant une Infobox
Andreea Dimeny,https://fr.wikipedia.org/?curid=5766521,https://fr.wikipedia.org/wiki/Andreea Dimeny,Article utilisant une Infobox
Tina Iheagwam,https://fr.wikipedia.org/?curid=5765489,https://fr.wikipedia.org/wiki/Tina Iheagwam,Wikip\u00e9dia:\u00e9bauche athl\u00e8te nig\u00e9rian
Samantha Reeves,https://fr.wikipedia.org/?curid=575985,https://fr.wikipedia.org/wiki/Samantha Reeves,Article \u00e0 illustrer Joueur de tennis
Kate Schmidt,https://fr.wikipedia.org/?curid=5752539,https://fr.wikipedia.org/wiki/Kate Schmidt,Wikip\u00e9dia:\u00e9bauche athl\u00e8te am\u00e9ricain
Lulama Musti De Gennaro,https://fr.wikipedia.org/?curid=5757684,https://fr.wikipedia.org/wiki/Lulama Musti De Gennaro,Wikip\u00e9dia:\u00e9bauche joueuse italienne de volley-ball
Nneka Onyejekwe,https://fr.wikipedia.org/?curid=5757700,https://fr.wikipedia.org/wiki/Nneka Onyejekwe,Article utilisant une Infobox
Liste des m\u00e9daill\u00e9s olympiques,https://fr.wikipedia.org/?curid=5753240,https://fr.wikipedia.org/wiki/Liste des m\u00e9daill\u00e9s olympiques,Portail:Jeux olympiques/Articles li\u00e9s
Miss USA 2012,https://fr.wikipedia.org/?curid=5949875,https://fr.wikipedia.org/wiki/Miss USA 2012,Article utilisant une Infobox
Anna Ustinova,https://fr.wikipedia.org/?curid=6016326,https://fr.wikipedia.org/wiki/Anna Ustinova,Wikip\u00e9dia:\u00e9bauche athl\u00e8te kazakh
Manjeet Kaur,https://fr.wikipedia.org/?curid=6015303,https://fr.wikipedia.org/wiki/Manjeet Kaur,Wikip\u00e9dia:\u00e9bauche athl\u00e8te indien
Bye Bye Blondie (film),https://fr.wikipedia.org/?curid=5953426,https://fr.wikipedia.org/wiki/Bye Bye Blondie (film),Article utilisant une Infobox
Mirjana Komlenovi\u0107,https://fr.wikipedia.org/?curid=5948505,https://fr.wikipedia.org/wiki/Mirjana Komlenovi\u0107,Article \u00e0 illustrer Joueur de volley-ball
Charlotte Preiss,https://fr.wikipedia.org/?curid=5956064,https://fr.wikipedia.org/wiki/Charlotte Preiss,Wikip\u00e9dia:\u00e9bauche basket-ball
Alexandria Anderson,https://fr.wikipedia.org/?curid=5957150,https://fr.wikipedia.org/wiki/Alexandria Anderson,Article \u00e0 illustrer Athl\u00e8te
Saleisha Stowers,https://fr.wikipedia.org/?curid=6011499,https://fr.wikipedia.org/wiki/Saleisha Stowers,Article utilisant une Infobox
Mona Barthel,https://fr.wikipedia.org/?curid=6006535,https://fr.wikipedia.org/wiki/Mona Barthel,Article utilisant une Infobox
Miss Alabama USA,https://fr.wikipedia.org/?curid=6012247,https://fr.wikipedia.org/wiki/Miss Alabama USA,Article contenant un lien mort
Miss Arizona USA,https://fr.wikipedia.org/?curid=6012328,https://fr.wikipedia.org/wiki/Miss Arizona USA,Article utilisant une Infobox
Maja Vti\u010d,https://fr.wikipedia.org/?curid=6012330,https://fr.wikipedia.org/wiki/Maja Vti\u010d,Article contenant un lien mort
Miss Texas USA,https://fr.wikipedia.org/?curid=6012431,https://fr.wikipedia.org/wiki/Miss Texas USA,Article contenant un lien mort
T.H.E. (The Hardest Ever),https://fr.wikipedia.org/?curid=6007940,https://fr.wikipedia.org/wiki/T.H.E. (The Hardest Ever),Article contenant un lien mort
Loreen,https://fr.wikipedia.org/?curid=6005890,https://fr.wikipedia.org/wiki/Loreen,Article contenant un lien mort
Estelle Alphand,https://fr.wikipedia.org/?curid=6005208,https://fr.wikipedia.org/wiki/Estelle Alphand,Article utilisant une Infobox
Lisa Demetz,https://fr.wikipedia.org/?curid=6020319,https://fr.wikipedia.org/wiki/Lisa Demetz,Article contenant un lien mort
