Name,URL1,URL2,First Category
Anna Kaczmar,https://fr.wikipedia.org/?curid=5129922,https://fr.wikipedia.org/wiki/Anna Kaczmar,Article utilisant une Infobox
Melisa Kerman,https://fr.wikipedia.org/?curid=5129937,https://fr.wikipedia.org/wiki/Melisa Kerman,Article utilisant une Infobox
Sandra Myers,https://fr.wikipedia.org/?curid=5121584,https://fr.wikipedia.org/wiki/Sandra Myers,Wikip\u00e9dia:\u00e9bauche athl\u00e8te espagnol
G\u00fclbahar Akg\u00fcl,https://fr.wikipedia.org/?curid=5122939,https://fr.wikipedia.org/wiki/G\u00fclbahar Akg\u00fcl,Article utilisant une Infobox
Aida Rejzovic,https://fr.wikipedia.org/?curid=5120980,https://fr.wikipedia.org/wiki/Aida Rejzovic,Article utilisant une Infobox
I. J. Parker,https://fr.wikipedia.org/?curid=5133299,https://fr.wikipedia.org/wiki/I. J. Parker,Article utilisant une Infobox
Sinem Barut,https://fr.wikipedia.org/?curid=5133641,https://fr.wikipedia.org/wiki/Sinem Barut,Article utilisant une Infobox
Hayley Yelling,https://fr.wikipedia.org/?curid=5134065,https://fr.wikipedia.org/wiki/Hayley Yelling,Article utilisant une Infobox
Natalia Nazarova (volley-ball),https://fr.wikipedia.org/?curid=5135854,https://fr.wikipedia.org/wiki/Natalia Nazarova (volley-ball),Article utilisant une Infobox
Ma\u0142gorzata Lis,https://fr.wikipedia.org/?curid=5135819,https://fr.wikipedia.org/wiki/Ma\u0142gorzata Lis,Article utilisant une Infobox
Nadejda Sak,https://fr.wikipedia.org/?curid=5135833,https://fr.wikipedia.org/wiki/Nadejda Sak,Article \u00e0 illustrer Joueur de volley-ball
Joalsiae Llado,https://fr.wikipedia.org/?curid=5135332,https://fr.wikipedia.org/wiki/Joalsiae Llado,Article \u00e0 illustrer Athl\u00e8te
Natalia Dianska\u00efa,https://fr.wikipedia.org/?curid=5117642,https://fr.wikipedia.org/wiki/Natalia Dianska\u00efa,Article utilisant une Infobox
Asl\u0131han Sinano\u011flu,https://fr.wikipedia.org/?curid=5117668,https://fr.wikipedia.org/wiki/Asl\u0131han Sinano\u011flu,Article utilisant une Infobox
Marcelle Puy,https://fr.wikipedia.org/?curid=5112280,https://fr.wikipedia.org/wiki/Marcelle Puy,Page utilisant P569
Corinne Favre,https://fr.wikipedia.org/?curid=5112537,https://fr.wikipedia.org/wiki/Corinne Favre,Wikip\u00e9dia:\u00e9bauche ski alpin
Foluke Gunderson,https://fr.wikipedia.org/?curid=5114028,https://fr.wikipedia.org/wiki/Foluke Gunderson,Wikip\u00e9dia:\u00e9bauche joueuse am\u00e9ricaine de volley-ball
Caterina Bosetti,https://fr.wikipedia.org/?curid=5119260,https://fr.wikipedia.org/wiki/Caterina Bosetti,Article utilisant une Infobox
Alessia Lanzini,https://fr.wikipedia.org/?curid=5119291,https://fr.wikipedia.org/wiki/Alessia Lanzini,Wikip\u00e9dia:\u00e9bauche joueuse italienne de volley-ball
Melis G\u00fcrkaynak,https://fr.wikipedia.org/?curid=5119304,https://fr.wikipedia.org/wiki/Melis G\u00fcrkaynak,Article utilisant une Infobox
Maren Fromm,https://fr.wikipedia.org/?curid=4971316,https://fr.wikipedia.org/wiki/Maren Fromm,Article utilisant une Infobox
Valeria Cimoli,https://fr.wikipedia.org/?curid=4971338,https://fr.wikipedia.org/wiki/Valeria Cimoli,Wikip\u00e9dia:\u00e9bauche joueuse italienne de volley-ball
Maret Grothues,https://fr.wikipedia.org/?curid=4971363,https://fr.wikipedia.org/wiki/Maret Grothues,Article utilisant une Infobox
Dobriana Rabadzhieva,https://fr.wikipedia.org/?curid=4971384,https://fr.wikipedia.org/wiki/Dobriana Rabadzhieva,Article utilisant une Infobox
Denise Hinrichs,https://fr.wikipedia.org/?curid=4972593,https://fr.wikipedia.org/wiki/Denise Hinrichs,Wikip\u00e9dia:\u00e9bauche athl\u00e8te allemand
Nahida Touhami,https://fr.wikipedia.org/?curid=4968230,https://fr.wikipedia.org/wiki/Nahida Touhami,Wikip\u00e9dia:\u00e9bauche athl\u00e8te alg\u00e9rien
Liste des princesses de Conti,https://fr.wikipedia.org/?curid=5051915,https://fr.wikipedia.org/wiki/Liste des princesses de Conti,Article manquant de r\u00e9f\u00e9rences depuis juin 2019
Amanda Stott,https://fr.wikipedia.org/?curid=5051995,https://fr.wikipedia.org/wiki/Amanda Stott,Wikip\u00e9dia:\u00e9bauche chanteur canadien
Kirsten L. Clark,https://fr.wikipedia.org/?curid=505218,https://fr.wikipedia.org/wiki/Kirsten L. Clark,Wikip\u00e9dia:\u00e9bauche ski alpin
Biljana Simani\u0107,https://fr.wikipedia.org/?curid=5041630,https://fr.wikipedia.org/wiki/Biljana Simani\u0107,Article \u00e0 illustrer Joueur de volley-ball
Cansu Ayd\u0131no\u011fullar\u0131,https://fr.wikipedia.org/?curid=5041646,https://fr.wikipedia.org/wiki/Cansu Ayd\u0131no\u011fullar\u0131,Article utilisant une Infobox
Sanja Malagurski,https://fr.wikipedia.org/?curid=5060805,https://fr.wikipedia.org/wiki/Sanja Malagurski,Article utilisant une Infobox
Marina Trandenkova,https://fr.wikipedia.org/?curid=5060924,https://fr.wikipedia.org/wiki/Marina Trandenkova,Wikip\u00e9dia:\u00e9bauche athl\u00e8te russe
Lisa Misipeka,https://fr.wikipedia.org/?curid=5060306,https://fr.wikipedia.org/wiki/Lisa Misipeka,Article \u00e0 illustrer Athl\u00e8te
Barbara Berezowski,https://fr.wikipedia.org/?curid=5060569,https://fr.wikipedia.org/wiki/Barbara Berezowski,Wikip\u00e9dia:\u00e9bauche patinage artistique
Mayu Watanabe,https://fr.wikipedia.org/?curid=5051053,https://fr.wikipedia.org/wiki/Mayu Watanabe,Wikip\u00e9dia:\u00e9bauche chanteur japonais
Reguina Moroz,https://fr.wikipedia.org/?curid=5051286,https://fr.wikipedia.org/wiki/Reguina Moroz,Article \u00e0 illustrer Joueur de volley-ball
Inessa Korkmaz,https://fr.wikipedia.org/?curid=5051327,https://fr.wikipedia.org/wiki/Inessa Korkmaz,Article \u00e0 illustrer Joueur de volley-ball
Martina Ertl-Renz,https://fr.wikipedia.org/?curid=507379,https://fr.wikipedia.org/wiki/Martina Ertl-Renz,Page utilisant P569
Encarnaci\u00f3n Garc\u00eda Bonilla,https://fr.wikipedia.org/?curid=5073943,https://fr.wikipedia.org/wiki/Encarnaci\u00f3n Garc\u00eda Bonilla,Article utilisant une Infobox
\u00c9liane Jacq,https://fr.wikipedia.org/?curid=5071530,https://fr.wikipedia.org/wiki/\u00c9liane Jacq,Wikip\u00e9dia:\u00e9bauche athl\u00e8te fran\u00e7ais
Bernadette Martin,https://fr.wikipedia.org/?curid=5071549,https://fr.wikipedia.org/wiki/Bernadette Martin,Wikip\u00e9dia:\u00e9bauche athl\u00e8te fran\u00e7ais
Ielena Tiourina,https://fr.wikipedia.org/?curid=5072809,https://fr.wikipedia.org/wiki/Ielena Tiourina,Article \u00e0 illustrer Joueur de volley-ball
Chisato Fukushima,https://fr.wikipedia.org/?curid=5047164,https://fr.wikipedia.org/wiki/Chisato Fukushima,Wikip\u00e9dia:\u00e9bauche athl\u00e8te japonais
Mariko Shinoda,https://fr.wikipedia.org/?curid=5046607,https://fr.wikipedia.org/wiki/Mariko Shinoda,Article utilisant une Infobox
Minami Takahashi,https://fr.wikipedia.org/?curid=5046640,https://fr.wikipedia.org/wiki/Minami Takahashi,Article utilisant une Infobox
Ielena Iejova,https://fr.wikipedia.org/?curid=5047136,https://fr.wikipedia.org/wiki/Ielena Iejova,Article utilisant une Infobox
Vera Vetrova,https://fr.wikipedia.org/?curid=5049210,https://fr.wikipedia.org/wiki/Vera Vetrova,Article utilisant une Infobox
Yan Jiankui,https://fr.wikipedia.org/?curid=5048801,https://fr.wikipedia.org/wiki/Yan Jiankui,Wikip\u00e9dia:\u00e9bauche athl\u00e8te chinois
Jessica Lee Rose,https://fr.wikipedia.org/?curid=5054427,https://fr.wikipedia.org/wiki/Jessica Lee Rose,Wikip\u00e9dia:\u00e9bauche acteur am\u00e9ricain
Lynn Jennings,https://fr.wikipedia.org/?curid=5054008,https://fr.wikipedia.org/wiki/Lynn Jennings,Page utilisant P569
Rico Yamaguchi,https://fr.wikipedia.org/?curid=5054129,https://fr.wikipedia.org/wiki/Rico Yamaguchi,Article utilisant une Infobox
Nadja Schaus,https://fr.wikipedia.org/?curid=5055321,https://fr.wikipedia.org/wiki/Nadja Schaus,Article \u00e0 illustrer Joueur de volley-ball
Myrthe Schoot,https://fr.wikipedia.org/?curid=5055361,https://fr.wikipedia.org/wiki/Myrthe Schoot,Article utilisant une Infobox
Natalya Gorelova,https://fr.wikipedia.org/?curid=5043292,https://fr.wikipedia.org/wiki/Natalya Gorelova,Wikip\u00e9dia:\u00e9bauche athl\u00e8te russe
Elif Uzun,https://fr.wikipedia.org/?curid=5039699,https://fr.wikipedia.org/wiki/Elif Uzun,Article utilisant une Infobox
Cynthia Barboza,https://fr.wikipedia.org/?curid=5043976,https://fr.wikipedia.org/wiki/Cynthia Barboza,Wikip\u00e9dia:\u00e9bauche joueuse am\u00e9ricaine de volley-ball
Rino Sashihara,https://fr.wikipedia.org/?curid=5064968,https://fr.wikipedia.org/wiki/Rino Sashihara,Article utilisant une Infobox
Lenka D\u00fcrr,https://fr.wikipedia.org/?curid=5066061,https://fr.wikipedia.org/wiki/Lenka D\u00fcrr,Article utilisant une Infobox
Lessia Ievdokimova,https://fr.wikipedia.org/?curid=5066092,https://fr.wikipedia.org/wiki/Lessia Ievdokimova,Article \u00e0 illustrer Joueur de volley-ball
Iuliana Nucu,https://fr.wikipedia.org/?curid=5008944,https://fr.wikipedia.org/wiki/Iuliana Nucu,Article \u00e0 illustrer Joueur de volley-ball
Georgina Pinedo,https://fr.wikipedia.org/?curid=5008959,https://fr.wikipedia.org/wiki/Georgina Pinedo,Article utilisant une Infobox
Liesbet Vindevoghel,https://fr.wikipedia.org/?curid=5013652,https://fr.wikipedia.org/wiki/Liesbet Vindevoghel,Article utilisant une Infobox
Krishna Poonia,https://fr.wikipedia.org/?curid=5013903,https://fr.wikipedia.org/wiki/Krishna Poonia,Wikip\u00e9dia:\u00e9bauche athl\u00e8te indien
Marina Kati\u0107,https://fr.wikipedia.org/?curid=5013565,https://fr.wikipedia.org/wiki/Marina Kati\u0107,Article utilisant une Infobox
Cai Yan,https://fr.wikipedia.org/?curid=5170367,https://fr.wikipedia.org/wiki/Cai Yan,Article utilisant une Infobox
Ren Ruiping,https://fr.wikipedia.org/?curid=5170518,https://fr.wikipedia.org/wiki/Ren Ruiping,Wikip\u00e9dia:\u00e9bauche athl\u00e8te chinois
Vera Salikova,https://fr.wikipedia.org/?curid=5170531,https://fr.wikipedia.org/wiki/Vera Salikova,Article utilisant une Infobox
Kate\u0159ina Neumannov\u00e1,https://fr.wikipedia.org/?curid=516041,https://fr.wikipedia.org/wiki/Kate\u0159ina Neumannov\u00e1,Wikip\u00e9dia:\u00e9bauche ski de fond
Jolanta Studzienna,https://fr.wikipedia.org/?curid=5161273,https://fr.wikipedia.org/wiki/Jolanta Studzienna,Article utilisant une Infobox
Naz Demirk\u0131l\u0131\u00e7,https://fr.wikipedia.org/?curid=5161313,https://fr.wikipedia.org/wiki/Naz Demirk\u0131l\u0131\u00e7,Article utilisant une Infobox
Irina Komissarova,https://fr.wikipedia.org/?curid=5170579,https://fr.wikipedia.org/wiki/Irina Komissarova,Article \u00e0 illustrer Joueur de volley-ball
Youlia Bogmatser,https://fr.wikipedia.org/?curid=5168219,https://fr.wikipedia.org/wiki/Youlia Bogmatser,Article utilisant une Infobox
Elizna Naud\u00e9,https://fr.wikipedia.org/?curid=5174841,https://fr.wikipedia.org/wiki/Elizna Naud\u00e9,Wikip\u00e9dia:\u00e9bauche athl\u00e8te sud-africain
M\u00e9lodie Chataigner,https://fr.wikipedia.org/?curid=5175969,https://fr.wikipedia.org/wiki/M\u00e9lodie Chataigner,Article utilisant une Infobox
Aksana Drahun,https://fr.wikipedia.org/?curid=5176130,https://fr.wikipedia.org/wiki/Aksana Drahun,Wikip\u00e9dia:\u00e9bauche athl\u00e8te bi\u00e9lorusse
Tatiana Fuchs,https://fr.wikipedia.org/?curid=5176390,https://fr.wikipedia.org/wiki/Tatiana Fuchs,Article \u00e0 illustrer Joueur de volley-ball
Ren\u00e9e Tenison,https://fr.wikipedia.org/?curid=517434,https://fr.wikipedia.org/wiki/Ren\u00e9e Tenison,Article utilisant une Infobox
Anna Gourianova,https://fr.wikipedia.org/?curid=5174410,https://fr.wikipedia.org/wiki/Anna Gourianova,Article \u00e0 illustrer Joueur de volley-ball
Mar\u00eda de las Mercedes de Bourbon (1880-1904),https://fr.wikipedia.org/?curid=515536,https://fr.wikipedia.org/wiki/Mar\u00eda de las Mercedes de Bourbon (1880-1904),Article contenant un appel \u00e0 traduction en espagnol
Liste des joueuses de Challes-les-Eaux Basket,https://fr.wikipedia.org/?curid=5189335,https://fr.wikipedia.org/wiki/Liste des joueuses de Challes-les-Eaux Basket,Portail:Basket-ball/Articles li\u00e9s
Liste des joueuses de Tarbes Gespe Bigorre,https://fr.wikipedia.org/?curid=5189351,https://fr.wikipedia.org/wiki/Liste des joueuses de Tarbes Gespe Bigorre,Portail:Basket-ball/Articles li\u00e9s
Selime \u0130lyaso\u011flu,https://fr.wikipedia.org/?curid=5166625,https://fr.wikipedia.org/wiki/Selime \u0130lyaso\u011flu,Article utilisant une Infobox
Marion Pellissier,https://fr.wikipedia.org/?curid=5166376,https://fr.wikipedia.org/wiki/Marion Pellissier,Article manquant de r\u00e9f\u00e9rences depuis mai 2019
So\u0148a Nov\u00e1kov\u00e1,https://fr.wikipedia.org/?curid=5166575,https://fr.wikipedia.org/wiki/So\u0148a Nov\u00e1kov\u00e1,Article utilisant une Infobox
Raphaela Folie,https://fr.wikipedia.org/?curid=5162914,https://fr.wikipedia.org/wiki/Raphaela Folie,Wikip\u00e9dia:\u00e9bauche joueuse italienne de volley-ball
Stefania Sansonna,https://fr.wikipedia.org/?curid=5162939,https://fr.wikipedia.org/wiki/Stefania Sansonna,Article utilisant une Infobox
Ivana Ne\u0161ovi\u0107,https://fr.wikipedia.org/?curid=5162998,https://fr.wikipedia.org/wiki/Ivana Ne\u0161ovi\u0107,Article utilisant une Infobox
Olga Krishtop,https://fr.wikipedia.org/?curid=5165079,https://fr.wikipedia.org/wiki/Olga Krishtop,Wikip\u00e9dia:\u00e9bauche athl\u00e8te russe
Denisa Rosolov\u00e1,https://fr.wikipedia.org/?curid=5165103,https://fr.wikipedia.org/wiki/Denisa Rosolov\u00e1,Article utilisant une Infobox
Mark\u00e9ta Chlumsk\u00e1,https://fr.wikipedia.org/?curid=5164798,https://fr.wikipedia.org/wiki/Mark\u00e9ta Chlumsk\u00e1,Article utilisant une Infobox
Lauren Paolini,https://fr.wikipedia.org/?curid=5164850,https://fr.wikipedia.org/wiki/Lauren Paolini,Wikip\u00e9dia:\u00e9bauche joueuse am\u00e9ricaine de volley-ball
Olga Doronina,https://fr.wikipedia.org/?curid=5164862,https://fr.wikipedia.org/wiki/Olga Doronina,Article \u00e0 illustrer Joueur de volley-ball
Natallia Salahub,https://fr.wikipedia.org/?curid=5167996,https://fr.wikipedia.org/wiki/Natallia Salahub,Wikip\u00e9dia:\u00e9bauche athl\u00e8te bi\u00e9lorusse
Erika Villa\u00e9cija,https://fr.wikipedia.org/?curid=5178249,https://fr.wikipedia.org/wiki/Erika Villa\u00e9cija,Article \u00e0 illustrer Nageur
Zeynep Seda Uslu,https://fr.wikipedia.org/?curid=5178221,https://fr.wikipedia.org/wiki/Zeynep Seda Uslu,Article \u00e0 illustrer Joueur de volley-ball
Hayley Tullett,https://fr.wikipedia.org/?curid=5178637,https://fr.wikipedia.org/wiki/Hayley Tullett,Wikip\u00e9dia:\u00e9bauche athl\u00e8te britannique
Maya Moore,https://fr.wikipedia.org/?curid=5182321,https://fr.wikipedia.org/wiki/Maya Moore,Article utilisant une Infobox
Shea Ralph,https://fr.wikipedia.org/?curid=5183311,https://fr.wikipedia.org/wiki/Shea Ralph,Article utilisant une Infobox
Valentina Tsybulskaya,https://fr.wikipedia.org/?curid=5184418,https://fr.wikipedia.org/wiki/Valentina Tsybulskaya,Wikip\u00e9dia:\u00e9bauche athl\u00e8te bi\u00e9lorusse
Sun Yingjie,https://fr.wikipedia.org/?curid=5181768,https://fr.wikipedia.org/wiki/Sun Yingjie,Wikip\u00e9dia:\u00e9bauche athl\u00e8te chinois
Tabrett Bethell,https://fr.wikipedia.org/?curid=5181921,https://fr.wikipedia.org/wiki/Tabrett Bethell,Article contenant un lien mort
Zennibe Y\u0131ld\u0131z,https://fr.wikipedia.org/?curid=5159459,https://fr.wikipedia.org/wiki/Zennibe Y\u0131ld\u0131z,Article utilisant une Infobox
Amandine Homo,https://fr.wikipedia.org/?curid=5159633,https://fr.wikipedia.org/wiki/Amandine Homo,Article utilisant une Infobox
Natalya Davydova,https://fr.wikipedia.org/?curid=5157173,https://fr.wikipedia.org/wiki/Natalya Davydova,Article \u00e0 illustrer Sportif
Agata Pura,https://fr.wikipedia.org/?curid=5156103,https://fr.wikipedia.org/wiki/Agata Pura,Article utilisant une Infobox
Natalia Belooussova,https://fr.wikipedia.org/?curid=5156127,https://fr.wikipedia.org/wiki/Natalia Belooussova,Article \u00e0 illustrer Joueur de volley-ball
Denise Hanke,https://fr.wikipedia.org/?curid=5080380,https://fr.wikipedia.org/wiki/Denise Hanke,Article utilisant une Infobox
Carlotta Daminato,https://fr.wikipedia.org/?curid=5093091,https://fr.wikipedia.org/wiki/Carlotta Daminato,Wikip\u00e9dia:\u00e9bauche joueuse italienne de volley-ball
Duygu Sipahio\u011flu,https://fr.wikipedia.org/?curid=5093171,https://fr.wikipedia.org/wiki/Duygu Sipahio\u011flu,Article utilisant une Infobox
Olga Jitova,https://fr.wikipedia.org/?curid=5094976,https://fr.wikipedia.org/wiki/Olga Jitova,Article utilisant une Infobox
Antonina Kryvobogova,https://fr.wikipedia.org/?curid=5097079,https://fr.wikipedia.org/wiki/Antonina Kryvobogova,Article utilisant une Infobox
Jillian Richardson,https://fr.wikipedia.org/?curid=5108747,https://fr.wikipedia.org/wiki/Jillian Richardson,Wikip\u00e9dia:\u00e9bauche athl\u00e8te canadien
Katarzyna Jaszewska,https://fr.wikipedia.org/?curid=5106177,https://fr.wikipedia.org/wiki/Katarzyna Jaszewska,Article utilisant une Infobox
Nilay Konar,https://fr.wikipedia.org/?curid=5106187,https://fr.wikipedia.org/wiki/Nilay Konar,Article utilisant une Infobox
Irina Iltchenko,https://fr.wikipedia.org/?curid=5106206,https://fr.wikipedia.org/wiki/Irina Iltchenko,Article \u00e0 illustrer Joueur de volley-ball
Sheryl Swoopes,https://fr.wikipedia.org/?curid=511041,https://fr.wikipedia.org/wiki/Sheryl Swoopes,Article utilisant une Infobox
Indira Varma,https://fr.wikipedia.org/?curid=5109892,https://fr.wikipedia.org/wiki/Indira Varma,Page utilisant P569
Marie-Isabelle Lomba,https://fr.wikipedia.org/?curid=5109514,https://fr.wikipedia.org/wiki/Marie-Isabelle Lomba,Page utilisant P569
Natalia Vdovina,https://fr.wikipedia.org/?curid=5111880,https://fr.wikipedia.org/wiki/Natalia Vdovina,Article \u00e0 illustrer Joueur de volley-ball
Song\u00fcl G\u00fcrsoytrak,https://fr.wikipedia.org/?curid=5111911,https://fr.wikipedia.org/wiki/Song\u00fcl G\u00fcrsoytrak,Article \u00e0 illustrer Joueur de volley-ball
Alica Sz\u00e9kelyov\u00e1,https://fr.wikipedia.org/?curid=5083542,https://fr.wikipedia.org/wiki/Alica Sz\u00e9kelyov\u00e1,Article \u00e0 illustrer Joueur de volley-ball
Lucie M\u00fchlsteinov\u00e1,https://fr.wikipedia.org/?curid=5083582,https://fr.wikipedia.org/wiki/Lucie M\u00fchlsteinov\u00e1,Article utilisant une Infobox
Kathleen Olsovsky,https://fr.wikipedia.org/?curid=5078032,https://fr.wikipedia.org/wiki/Kathleen Olsovsky,Wikip\u00e9dia:\u00e9bauche joueuse am\u00e9ricaine de volley-ball
Anna Miros,https://fr.wikipedia.org/?curid=5078063,https://fr.wikipedia.org/wiki/Anna Miros,Article utilisant une Infobox
Seval Y\u0131lmaz,https://fr.wikipedia.org/?curid=5078148,https://fr.wikipedia.org/wiki/Seval Y\u0131lmaz,Article utilisant une Infobox
Michaela Jel\u00ednkov\u00e1,https://fr.wikipedia.org/?curid=5087716,https://fr.wikipedia.org/wiki/Michaela Jel\u00ednkov\u00e1,Article \u00e0 illustrer Joueur de volley-ball
Heli Koivula,https://fr.wikipedia.org/?curid=5087718,https://fr.wikipedia.org/wiki/Heli Koivula,Wikip\u00e9dia:\u00e9bauche athl\u00e8te finlandais
Tu\u011f\u00e7e Hocao\u011flu,https://fr.wikipedia.org/?curid=5087766,https://fr.wikipedia.org/wiki/Tu\u011f\u00e7e Hocao\u011flu,Article utilisant une Infobox
Andrea Fischbacher,https://fr.wikipedia.org/?curid=509135,https://fr.wikipedia.org/wiki/Andrea Fischbacher,Article utilisant une Infobox
Ksenia Pechkina,https://fr.wikipedia.org/?curid=5090423,https://fr.wikipedia.org/wiki/Ksenia Pechkina,Article \u00e0 illustrer Joueur de volley-ball
Marija Eri\u0107,https://fr.wikipedia.org/?curid=5091417,https://fr.wikipedia.org/wiki/Marija Eri\u0107,Wikip\u00e9dia:\u00e9bauche joueuse serbe de basket-ball
Bojana Vuli\u0107,https://fr.wikipedia.org/?curid=5091488,https://fr.wikipedia.org/wiki/Bojana Vuli\u0107,Article utilisant une Infobox
Luce Dufault,https://fr.wikipedia.org/?curid=509097,https://fr.wikipedia.org/wiki/Luce Dufault,Article manquant de r\u00e9f\u00e9rences depuis d\u00e9cembre 2011
Ielena Iemelianova,https://fr.wikipedia.org/?curid=5099676,https://fr.wikipedia.org/wiki/Ielena Iemelianova,Article \u00e0 illustrer Joueur de volley-ball
Laetitia Roux,https://fr.wikipedia.org/?curid=5100314,https://fr.wikipedia.org/wiki/Laetitia Roux,Wikip\u00e9dia:\u00e9bauche sportif fran\u00e7ais
Irina Kouznetsova,https://fr.wikipedia.org/?curid=5102282,https://fr.wikipedia.org/wiki/Irina Kouznetsova,Article \u00e0 illustrer Joueur de volley-ball
Tatiana Gratchiova,https://fr.wikipedia.org/?curid=5102356,https://fr.wikipedia.org/wiki/Tatiana Gratchiova,Article \u00e0 illustrer Joueur de volley-ball
Zhang Linli,https://fr.wikipedia.org/?curid=5079042,https://fr.wikipedia.org/wiki/Zhang Linli,Article \u00e0 illustrer Athl\u00e8te
Emma Lincoln-Smith,https://fr.wikipedia.org/?curid=5079126,https://fr.wikipedia.org/wiki/Emma Lincoln-Smith,Wikip\u00e9dia:\u00e9bauche skeleton
Zhang Lirong,https://fr.wikipedia.org/?curid=5080683,https://fr.wikipedia.org/wiki/Zhang Lirong,Wikip\u00e9dia:\u00e9bauche athl\u00e8te chinois
Elizabeth Mosquera,https://fr.wikipedia.org/?curid=5081062,https://fr.wikipedia.org/wiki/Elizabeth Mosquera,Page utilisant P569
Aleksandra Avramovi\u0107,https://fr.wikipedia.org/?curid=5075042,https://fr.wikipedia.org/wiki/Aleksandra Avramovi\u0107,Article utilisant une Infobox
Micaela Cocks,https://fr.wikipedia.org/?curid=5078783,https://fr.wikipedia.org/wiki/Micaela Cocks,Article \u00e0 illustrer Joueur de basket-ball
Sne\u017eana Pajki\u0107,https://fr.wikipedia.org/?curid=5077250,https://fr.wikipedia.org/wiki/Sne\u017eana Pajki\u0107,Wikip\u00e9dia:\u00e9bauche athl\u00e8te yougoslave
Liliane Gaschet,https://fr.wikipedia.org/?curid=5074238,https://fr.wikipedia.org/wiki/Liliane Gaschet,Article \u00e0 illustrer Athl\u00e8te
Bund Deutscher M\u00e4del,https://fr.wikipedia.org/?curid=507489,https://fr.wikipedia.org/wiki/Bund Deutscher M\u00e4del,Wikip\u00e9dia:\u00e9bauche nazisme
Valentina Bedin,https://fr.wikipedia.org/?curid=5001859,https://fr.wikipedia.org/wiki/Valentina Bedin,Wikip\u00e9dia:\u00e9bauche joueuse italienne de volley-ball
Anne Matthes,https://fr.wikipedia.org/?curid=5001886,https://fr.wikipedia.org/wiki/Anne Matthes,Article utilisant une Infobox
Saskia Hippe,https://fr.wikipedia.org/?curid=5003734,https://fr.wikipedia.org/wiki/Saskia Hippe,Article utilisant une Infobox
Nihan G\u00fcneyligil,https://fr.wikipedia.org/?curid=5003799,https://fr.wikipedia.org/wiki/Nihan G\u00fcneyligil,Article utilisant une Infobox
Iryna Zhukova,https://fr.wikipedia.org/?curid=4997372,https://fr.wikipedia.org/wiki/Iryna Zhukova,Article utilisant une Infobox
Ella Kovacs,https://fr.wikipedia.org/?curid=4997616,https://fr.wikipedia.org/wiki/Ella Kovacs,Article utilisant une Infobox
Nikki Haley,https://fr.wikipedia.org/?curid=5019797,https://fr.wikipedia.org/wiki/Nikki Haley,Article contenant un appel \u00e0 traduction en anglais
Monster (chanson de Kanye West),https://fr.wikipedia.org/?curid=5002751,https://fr.wikipedia.org/wiki/Monster (chanson de Kanye West),Article utilisant une Infobox
Wendi Richter,https://fr.wikipedia.org/?curid=5002944,https://fr.wikipedia.org/wiki/Wendi Richter,Page utilisant P27
Chantal Langlac\u00e9,https://fr.wikipedia.org/?curid=5017922,https://fr.wikipedia.org/wiki/Chantal Langlac\u00e9,Article utilisant une Infobox
Ay\u00e7a Naz \u0130htiyaro\u011flu,https://fr.wikipedia.org/?curid=5032847,https://fr.wikipedia.org/wiki/Ay\u00e7a Naz \u0130htiyaro\u011flu,Article utilisant une Infobox
Emina Jahovi\u0107,https://fr.wikipedia.org/?curid=5030906,https://fr.wikipedia.org/wiki/Emina Jahovi\u0107,Article contenant un lien mort
Ekater\u00edni K\u00f3ffa,https://fr.wikipedia.org/?curid=5031205,https://fr.wikipedia.org/wiki/Ekater\u00edni K\u00f3ffa,Page utilisant P569
Jelena Doki\u0107,https://fr.wikipedia.org/?curid=502370,https://fr.wikipedia.org/wiki/Jelena Doki\u0107,Article utilisant une Infobox
Moa Hjelmer,https://fr.wikipedia.org/?curid=5029437,https://fr.wikipedia.org/wiki/Moa Hjelmer,Wikip\u00e9dia:\u00e9bauche athl\u00e8te su\u00e9dois
Caroline Lucas,https://fr.wikipedia.org/?curid=5028581,https://fr.wikipedia.org/wiki/Caroline Lucas,Wikip\u00e9dia:\u00e9bauche personnalit\u00e9 politique britannique
Sara Caroli,https://fr.wikipedia.org/?curid=4980851,https://fr.wikipedia.org/wiki/Sara Caroli,Wikip\u00e9dia:\u00e9bauche joueuse italienne de volley-ball
Laura Dijkema,https://fr.wikipedia.org/?curid=4980862,https://fr.wikipedia.org/wiki/Laura Dijkema,Article utilisant une Infobox
Ne\u015fve B\u00fcy\u00fckbayram,https://fr.wikipedia.org/?curid=4980883,https://fr.wikipedia.org/wiki/Ne\u015fve B\u00fcy\u00fckbayram,Article \u00e0 illustrer Joueur de volley-ball
Nadine Auzeil,https://fr.wikipedia.org/?curid=498454,https://fr.wikipedia.org/wiki/Nadine Auzeil,Wikip\u00e9dia:\u00e9bauche athl\u00e8te fran\u00e7ais
Laura Nicolini,https://fr.wikipedia.org/?curid=4983954,https://fr.wikipedia.org/wiki/Laura Nicolini,Wikip\u00e9dia:\u00e9bauche joueuse italienne de volley-ball
Miss Roumanie,https://fr.wikipedia.org/?curid=5014195,https://fr.wikipedia.org/wiki/Miss Roumanie,Portail:Roumanie/Articles li\u00e9s
Rozalla,https://fr.wikipedia.org/?curid=502142,https://fr.wikipedia.org/wiki/Rozalla,Article utilisant une Infobox
Sailor Saturn,https://fr.wikipedia.org/?curid=501825,https://fr.wikipedia.org/wiki/Sailor Saturn,R\u00e9daction \u00e0 am\u00e9liorer
Raffaella Calloni,https://fr.wikipedia.org/?curid=5018333,https://fr.wikipedia.org/wiki/Raffaella Calloni,Wikip\u00e9dia:\u00e9bauche joueuse italienne de volley-ball
Jasna Majstorovi\u0107,https://fr.wikipedia.org/?curid=5018395,https://fr.wikipedia.org/wiki/Jasna Majstorovi\u0107,Article \u00e0 illustrer Joueur de volley-ball
Katsiaryna Zakreuskaya,https://fr.wikipedia.org/?curid=5020590,https://fr.wikipedia.org/wiki/Katsiaryna Zakreuskaya,Article utilisant une Infobox
No\u00e9mie Lemaire,https://fr.wikipedia.org/?curid=5034721,https://fr.wikipedia.org/wiki/No\u00e9mie Lemaire,Article \u00e0 illustrer Joueur de basket-ball
Joanna Staniucha-Szczurek,https://fr.wikipedia.org/?curid=5035578,https://fr.wikipedia.org/wiki/Joanna Staniucha-Szczurek,Article utilisant une Infobox
Alena \u00d6zel,https://fr.wikipedia.org/?curid=5035602,https://fr.wikipedia.org/wiki/Alena \u00d6zel,Article utilisant une Infobox
\u00c9milie Petiteau-Silbande,https://fr.wikipedia.org/?curid=5034612,https://fr.wikipedia.org/wiki/\u00c9milie Petiteau-Silbande,Article \u00e0 illustrer Joueur de basket-ball
Ameesha Patel,https://fr.wikipedia.org/?curid=503654,https://fr.wikipedia.org/wiki/Ameesha Patel,Article utilisant une Infobox
Ielena Konstantinova,https://fr.wikipedia.org/?curid=5037564,https://fr.wikipedia.org/wiki/Ielena Konstantinova,Article \u00e0 illustrer Joueur de volley-ball
Folashade Abugan,https://fr.wikipedia.org/?curid=5011215,https://fr.wikipedia.org/wiki/Folashade Abugan,Page utilisant P569
Vendula Adlerov\u00e1,https://fr.wikipedia.org/?curid=4962517,https://fr.wikipedia.org/wiki/Vendula Adlerov\u00e1,Article \u00e0 illustrer Joueur de volley-ball
Becky Breisch,https://fr.wikipedia.org/?curid=4876654,https://fr.wikipedia.org/wiki/Becky Breisch,Wikip\u00e9dia:\u00e9bauche athl\u00e8te am\u00e9ricain
Mistie Bass-Mims,https://fr.wikipedia.org/?curid=4874339,https://fr.wikipedia.org/wiki/Mistie Bass-Mims,Article utilisant une Infobox
Ana\u00efs Le Gluher-Cano,https://fr.wikipedia.org/?curid=4881358,https://fr.wikipedia.org/wiki/Ana\u00efs Le Gluher-Cano,Article utilisant une Infobox
Julie Barennes,https://fr.wikipedia.org/?curid=4881396,https://fr.wikipedia.org/wiki/Julie Barennes,Article \u00e0 illustrer Joueur de basket-ball
Pauline Love,https://fr.wikipedia.org/?curid=4881465,https://fr.wikipedia.org/wiki/Pauline Love,Article \u00e0 illustrer Joueur de basket-ball
Micheline Joubert,https://fr.wikipedia.org/?curid=4879140,https://fr.wikipedia.org/wiki/Micheline Joubert,Article \u00e0 illustrer Patineur artistique
Amaranta Fern\u00e1ndez,https://fr.wikipedia.org/?curid=4840460,https://fr.wikipedia.org/wiki/Amaranta Fern\u00e1ndez,Article utilisant une Infobox
Alexia Dubi\u00e9,https://fr.wikipedia.org/?curid=4842583,https://fr.wikipedia.org/wiki/Alexia Dubi\u00e9,Article utilisant une Infobox
Rosi Mittermaier,https://fr.wikipedia.org/?curid=483951,https://fr.wikipedia.org/wiki/Rosi Mittermaier,Article manquant de r\u00e9f\u00e9rences depuis juillet 2021
Immacolata Sirressi,https://fr.wikipedia.org/?curid=4957950,https://fr.wikipedia.org/wiki/Immacolata Sirressi,Wikip\u00e9dia:\u00e9bauche joueuse italienne de volley-ball
Stefana Veljkovi\u0107,https://fr.wikipedia.org/?curid=4957964,https://fr.wikipedia.org/wiki/Stefana Veljkovi\u0107,Article utilisant une Infobox
Pi\u00e8ce de 20 francs Coq,https://fr.wikipedia.org/?curid=4958065,https://fr.wikipedia.org/wiki/Pi\u00e8ce de 20 francs Coq,Article utilisant une Infobox
Kaori Inoue,https://fr.wikipedia.org/?curid=4908787,https://fr.wikipedia.org/wiki/Kaori Inoue,Article utilisant une Infobox
Seray Altay,https://fr.wikipedia.org/?curid=4908887,https://fr.wikipedia.org/wiki/Seray Altay,Article \u00e0 illustrer Joueur de volley-ball
Katarzyna Zaro\u015bli\u0144ska,https://fr.wikipedia.org/?curid=4908894,https://fr.wikipedia.org/wiki/Katarzyna Zaro\u015bli\u0144ska,Article utilisant une Infobox
Magdalena \u015aliwa,https://fr.wikipedia.org/?curid=4910440,https://fr.wikipedia.org/wiki/Magdalena \u015aliwa,Article utilisant une Infobox
Olga Levenkova,https://fr.wikipedia.org/?curid=4951701,https://fr.wikipedia.org/wiki/Olga Levenkova,Wikip\u00e9dia:\u00e9bauche athl\u00e8te russe
Tina Lipicer,https://fr.wikipedia.org/?curid=4951799,https://fr.wikipedia.org/wiki/Tina Lipicer,Article utilisant une Infobox
Ilaria Garzaro,https://fr.wikipedia.org/?curid=4953505,https://fr.wikipedia.org/wiki/Ilaria Garzaro,Wikip\u00e9dia:\u00e9bauche joueuse italienne de volley-ball
Olga Khrjanovska\u00efa,https://fr.wikipedia.org/?curid=4955791,https://fr.wikipedia.org/wiki/Olga Khrjanovska\u00efa,Article \u00e0 illustrer Joueur de volley-ball
Lorrie Morgan,https://fr.wikipedia.org/?curid=4944581,https://fr.wikipedia.org/wiki/Lorrie Morgan,Article utilisant une Infobox
Valentina Serena,https://fr.wikipedia.org/?curid=4966462,https://fr.wikipedia.org/wiki/Valentina Serena,Wikip\u00e9dia:\u00e9bauche joueuse italienne de volley-ball
Renata Nielsen,https://fr.wikipedia.org/?curid=4966251,https://fr.wikipedia.org/wiki/Renata Nielsen,Wikip\u00e9dia:\u00e9bauche athl\u00e8te danois
Jessie Daams,https://fr.wikipedia.org/?curid=4948072,https://fr.wikipedia.org/wiki/Jessie Daams,Page utilisant P569
Sofia Arimattei,https://fr.wikipedia.org/?curid=4948274,https://fr.wikipedia.org/wiki/Sofia Arimattei,Wikip\u00e9dia:\u00e9bauche joueuse italienne de volley-ball
Bri\u017eitka Molnar,https://fr.wikipedia.org/?curid=4949904,https://fr.wikipedia.org/wiki/Bri\u017eitka Molnar,Article utilisant une Infobox
Angie Bainbridge,https://fr.wikipedia.org/?curid=4950957,https://fr.wikipedia.org/wiki/Angie Bainbridge,Wikip\u00e9dia:\u00e9bauche natation
Haruna Asami,https://fr.wikipedia.org/?curid=4945114,https://fr.wikipedia.org/wiki/Haruna Asami,Article \u00e0 illustrer Sportif
F\u00e9licia Menara,https://fr.wikipedia.org/?curid=4951913,https://fr.wikipedia.org/wiki/F\u00e9licia Menara,Article utilisant une Infobox
Borderlands (jeu vid\u00e9o),https://fr.wikipedia.org/?curid=4952055,https://fr.wikipedia.org/wiki/Borderlands (jeu vid\u00e9o),Page utilisant P856
Ana\u00efs Croze,https://fr.wikipedia.org/?curid=498875,https://fr.wikipedia.org/wiki/Ana\u00efs Croze,Article utilisant une Infobox
Sara Carrara,https://fr.wikipedia.org/?curid=4992519,https://fr.wikipedia.org/wiki/Sara Carrara,Wikip\u00e9dia:\u00e9bauche joueuse italienne de volley-ball
Mission impossible : Protocole Fant\u00f4me,https://fr.wikipedia.org/?curid=4992586,https://fr.wikipedia.org/wiki/Mission impossible : Protocole Fant\u00f4me,Article utilisant une Infobox
Miroslava Knapkov\u00e1,https://fr.wikipedia.org/?curid=4979018,https://fr.wikipedia.org/wiki/Miroslava Knapkov\u00e1,Wikip\u00e9dia:\u00e9bauche aviron
Chiara Negrini,https://fr.wikipedia.org/?curid=4994887,https://fr.wikipedia.org/wiki/Chiara Negrini,Wikip\u00e9dia:\u00e9bauche joueuse italienne de volley-ball
Ievhenia Douchkevytch,https://fr.wikipedia.org/?curid=4978765,https://fr.wikipedia.org/wiki/Ievhenia Douchkevytch,Article \u00e0 illustrer Joueur de volley-ball
Laura Saccomani,https://fr.wikipedia.org/?curid=4978609,https://fr.wikipedia.org/wiki/Laura Saccomani,Wikip\u00e9dia:\u00e9bauche joueuse italienne de volley-ball
Lena M\u00f6llers,https://fr.wikipedia.org/?curid=4976013,https://fr.wikipedia.org/wiki/Lena M\u00f6llers,Article utilisant une Infobox
B\u00fc\u015fra K\u0131l\u0131\u00e7l\u0131,https://fr.wikipedia.org/?curid=4976077,https://fr.wikipedia.org/wiki/B\u00fc\u015fra K\u0131l\u0131\u00e7l\u0131,Article utilisant une Infobox
Lucia Crisanti,https://fr.wikipedia.org/?curid=4975919,https://fr.wikipedia.org/wiki/Lucia Crisanti,Wikip\u00e9dia:\u00e9bauche joueuse italienne de volley-ball
Patrice Leconte,https://fr.wikipedia.org/?curid=49827,https://fr.wikipedia.org/wiki/Patrice Leconte,Article utilisant une Infobox
Burglinde Pollak,https://fr.wikipedia.org/?curid=4981266,https://fr.wikipedia.org/wiki/Burglinde Pollak,Wikip\u00e9dia:\u00e9bauche athl\u00e8te allemand
Born This Way,https://fr.wikipedia.org/?curid=4967811,https://fr.wikipedia.org/wiki/Born This Way,Article contenant un lien mort
Troupe de la Com\u00e9die-Italienne en 1752,https://fr.wikipedia.org/?curid=495912,https://fr.wikipedia.org/wiki/Troupe de la Com\u00e9die-Italienne en 1752,Portail:Th\u00e9\u00e2tre/Articles li\u00e9s
Monica Ravetta,https://fr.wikipedia.org/?curid=4960307,https://fr.wikipedia.org/wiki/Monica Ravetta,Wikip\u00e9dia:\u00e9bauche joueuse italienne de volley-ball
Aden\u00edzia da Silva,https://fr.wikipedia.org/?curid=4960341,https://fr.wikipedia.org/wiki/Aden\u00edzia da Silva,Article utilisant une Infobox
Troupe de la Com\u00e9die-Fran\u00e7aise en 1752,https://fr.wikipedia.org/?curid=495879,https://fr.wikipedia.org/wiki/Troupe de la Com\u00e9die-Fran\u00e7aise en 1752,Portail:Th\u00e9\u00e2tre/Articles li\u00e9s
Sarah Pavan,https://fr.wikipedia.org/?curid=4940258,https://fr.wikipedia.org/wiki/Sarah Pavan,Article utilisant une Infobox
Floortje Meijners,https://fr.wikipedia.org/?curid=4940299,https://fr.wikipedia.org/wiki/Floortje Meijners,Article utilisant une Infobox
Sarah McLachlan,https://fr.wikipedia.org/?curid=493922,https://fr.wikipedia.org/wiki/Sarah McLachlan,Article manquant de r\u00e9f\u00e9rences depuis ao\u00fbt 2017
Grit \u0160adeiko,https://fr.wikipedia.org/?curid=4938087,https://fr.wikipedia.org/wiki/Grit \u0160adeiko,Article utilisant une Infobox
Prisilla Rivera,https://fr.wikipedia.org/?curid=4935252,https://fr.wikipedia.org/wiki/Prisilla Rivera,Wikip\u00e9dia:\u00e9bauche joueuse dominicaine de volley-ball
Tetyana Voronina,https://fr.wikipedia.org/?curid=4935309,https://fr.wikipedia.org/wiki/Tetyana Voronina,Article \u00e0 illustrer Joueur de volley-ball
Svetlana Sourtseva,https://fr.wikipedia.org/?curid=4935331,https://fr.wikipedia.org/wiki/Svetlana Sourtseva,Article utilisant une Infobox
Puella Magi Madoka Magica,https://fr.wikipedia.org/?curid=5282136,https://fr.wikipedia.org/wiki/Puella Magi Madoka Magica,Article utilisant une Infobox
Ida Marcussen,https://fr.wikipedia.org/?curid=5309015,https://fr.wikipedia.org/wiki/Ida Marcussen,Wikip\u00e9dia:\u00e9bauche athl\u00e8te norv\u00e9gien
Rebecca Marino,https://fr.wikipedia.org/?curid=5306845,https://fr.wikipedia.org/wiki/Rebecca Marino,Article utilisant une Infobox
Federica Valeriano,https://fr.wikipedia.org/?curid=5306886,https://fr.wikipedia.org/wiki/Federica Valeriano,Wikip\u00e9dia:\u00e9bauche joueuse italienne de volley-ball
Tracy Brookshaw,https://fr.wikipedia.org/?curid=5306628,https://fr.wikipedia.org/wiki/Tracy Brookshaw,Article manquant de r\u00e9f\u00e9rences depuis f\u00e9vrier 2011
Lucimar de Moura,https://fr.wikipedia.org/?curid=5309477,https://fr.wikipedia.org/wiki/Lucimar de Moura,Wikip\u00e9dia:\u00e9bauche athl\u00e8te br\u00e9silien
Lyudmyla Yosypenko,https://fr.wikipedia.org/?curid=5211039,https://fr.wikipedia.org/wiki/Lyudmyla Yosypenko,Wikip\u00e9dia:\u00e9bauche athl\u00e8te ukrainien
Arlene Tur,https://fr.wikipedia.org/?curid=5211183,https://fr.wikipedia.org/wiki/Arlene Tur,Article contenant un lien mort
Bonnie McKee,https://fr.wikipedia.org/?curid=5223017,https://fr.wikipedia.org/wiki/Bonnie McKee,Page utilisant P569
Giulia Pisani,https://fr.wikipedia.org/?curid=5223122,https://fr.wikipedia.org/wiki/Giulia Pisani,Wikip\u00e9dia:\u00e9bauche joueuse italienne de volley-ball
Jessie J,https://fr.wikipedia.org/?curid=5223163,https://fr.wikipedia.org/wiki/Jessie J,Article utilisant une Infobox
Aleksandra Taistra,https://fr.wikipedia.org/?curid=5224067,https://fr.wikipedia.org/wiki/Aleksandra Taistra,Article \u00e0 illustrer Sportif
M\u00e9lissa Nkonda,https://fr.wikipedia.org/?curid=5224360,https://fr.wikipedia.org/wiki/M\u00e9lissa Nkonda,Article utilisant une Infobox
Alexia Runggaldier,https://fr.wikipedia.org/?curid=5225219,https://fr.wikipedia.org/wiki/Alexia Runggaldier,Wikip\u00e9dia:\u00e9bauche biathlon
Jessica Samuelsson (athl\u00e9tisme),https://fr.wikipedia.org/?curid=5225367,https://fr.wikipedia.org/wiki/Jessica Samuelsson (athl\u00e9tisme),Wikip\u00e9dia:\u00e9bauche athl\u00e8te su\u00e9dois
Monica De Gennaro,https://fr.wikipedia.org/?curid=5225485,https://fr.wikipedia.org/wiki/Monica De Gennaro,Wikip\u00e9dia:\u00e9bauche joueuse italienne de volley-ball
Marietta Uhden,https://fr.wikipedia.org/?curid=5225549,https://fr.wikipedia.org/wiki/Marietta Uhden,Article utilisant une Infobox
Andrea Philipp,https://fr.wikipedia.org/?curid=5221867,https://fr.wikipedia.org/wiki/Andrea Philipp,Wikip\u00e9dia:\u00e9bauche athl\u00e8te allemand
Federica Stufi,https://fr.wikipedia.org/?curid=5221194,https://fr.wikipedia.org/wiki/Federica Stufi,Wikip\u00e9dia:\u00e9bauche joueuse italienne de volley-ball
Eli\u0161ka Klu\u010dinov\u00e1,https://fr.wikipedia.org/?curid=5259782,https://fr.wikipedia.org/wiki/Eli\u0161ka Klu\u010dinov\u00e1,Article utilisant une Infobox
Carole Laure,https://fr.wikipedia.org/?curid=526131,https://fr.wikipedia.org/wiki/Carole Laure,Article utilisant une Infobox
Iekaterina Kosianenko,https://fr.wikipedia.org/?curid=5261248,https://fr.wikipedia.org/wiki/Iekaterina Kosianenko,Article utilisant une Infobox
Xi Shangxue,https://fr.wikipedia.org/?curid=5294231,https://fr.wikipedia.org/wiki/Xi Shangxue,Wikip\u00e9dia:\u00e9bauche athl\u00e8te chinois
Judas (chanson),https://fr.wikipedia.org/?curid=5304244,https://fr.wikipedia.org/wiki/Judas (chanson),Article utilisant une Infobox
Bojana Jovanovski,https://fr.wikipedia.org/?curid=5304315,https://fr.wikipedia.org/wiki/Bojana Jovanovski,Article utilisant une Infobox
Vendula Strakov\u00e1,https://fr.wikipedia.org/?curid=5304806,https://fr.wikipedia.org/wiki/Vendula Strakov\u00e1,Article \u00e0 illustrer Joueur de volley-ball
Suzanne Freriks,https://fr.wikipedia.org/?curid=5304847,https://fr.wikipedia.org/wiki/Suzanne Freriks,Article \u00e0 illustrer Joueur de volley-ball
Laura Frigo,https://fr.wikipedia.org/?curid=5302431,https://fr.wikipedia.org/wiki/Laura Frigo,Wikip\u00e9dia:\u00e9bauche joueuse italienne de volley-ball
Derya Karabulut,https://fr.wikipedia.org/?curid=5302501,https://fr.wikipedia.org/wiki/Derya Karabulut,Article utilisant une Infobox
Marianne,https://fr.wikipedia.org/?curid=52488,https://fr.wikipedia.org/wiki/Marianne,Article \u00e0 r\u00e9f\u00e9rence n\u00e9cessaire
Anastassia Komarova,https://fr.wikipedia.org/?curid=5272073,https://fr.wikipedia.org/wiki/Anastassia Komarova,Article utilisant une Infobox
Raining Men,https://fr.wikipedia.org/?curid=5270401,https://fr.wikipedia.org/wiki/Raining Men,Article utilisant une Infobox
Albina Akhatova,https://fr.wikipedia.org/?curid=527054,https://fr.wikipedia.org/wiki/Albina Akhatova,Article utilisant une Infobox
Ielena Maslova,https://fr.wikipedia.org/?curid=5274685,https://fr.wikipedia.org/wiki/Ielena Maslova,Article \u00e0 illustrer Joueur de volley-ball
Emel Kaplan,https://fr.wikipedia.org/?curid=5274732,https://fr.wikipedia.org/wiki/Emel Kaplan,Article utilisant une Infobox
Xu Shaoyang,https://fr.wikipedia.org/?curid=5234144,https://fr.wikipedia.org/wiki/Xu Shaoyang,Wikip\u00e9dia:\u00e9bauche athl\u00e8te chinois
Natalia Kouznetsova,https://fr.wikipedia.org/?curid=5234324,https://fr.wikipedia.org/wiki/Natalia Kouznetsova,Article \u00e0 illustrer Joueur de volley-ball
Valeria Gontcharova,https://fr.wikipedia.org/?curid=5234332,https://fr.wikipedia.org/wiki/Valeria Gontcharova,Article utilisant une Infobox
\u0130pek Vural,https://fr.wikipedia.org/?curid=5257204,https://fr.wikipedia.org/wiki/\u0130pek Vural,Article utilisant une Infobox
Ashley Owens,https://fr.wikipedia.org/?curid=5257336,https://fr.wikipedia.org/wiki/Ashley Owens,Wikip\u00e9dia:\u00e9bauche athl\u00e8te am\u00e9ricain
H\u00e9l\u00e8ne (mythologie),https://fr.wikipedia.org/?curid=52594,https://fr.wikipedia.org/wiki/H\u00e9l\u00e8ne (mythologie),Page utilisant P1559
Stefania Dall'Igna,https://fr.wikipedia.org/?curid=5259409,https://fr.wikipedia.org/wiki/Stefania Dall'Igna,Wikip\u00e9dia:\u00e9bauche joueuse italienne de volley-ball
Iana Chtcherban,https://fr.wikipedia.org/?curid=5259446,https://fr.wikipedia.org/wiki/Iana Chtcherban,Article utilisant une Infobox
Iekaterina Krivets,https://fr.wikipedia.org/?curid=5255159,https://fr.wikipedia.org/wiki/Iekaterina Krivets,Article utilisant une Infobox
Katalin Szentgy\u00f6rgyi,https://fr.wikipedia.org/?curid=5255296,https://fr.wikipedia.org/wiki/Katalin Szentgy\u00f6rgyi,Wikip\u00e9dia:\u00e9bauche athl\u00e8te hongrois
CL (rappeuse),https://fr.wikipedia.org/?curid=5253232,https://fr.wikipedia.org/wiki/CL (rappeuse),Article contenant un lien mort
Bom (chanteuse),https://fr.wikipedia.org/?curid=5253336,https://fr.wikipedia.org/wiki/Bom (chanteuse),Article utilisant une Infobox
Michelle Dockery,https://fr.wikipedia.org/?curid=5253562,https://fr.wikipedia.org/wiki/Michelle Dockery,Article utilisant une Infobox
Evelyn Insam,https://fr.wikipedia.org/?curid=5253664,https://fr.wikipedia.org/wiki/Evelyn Insam,Wikip\u00e9dia:\u00e9bauche saut \u00e0 ski
Daila Ojeda Sanchez,https://fr.wikipedia.org/?curid=5254286,https://fr.wikipedia.org/wiki/Daila Ojeda Sanchez,Wikip\u00e9dia:\u00e9bauche escalade
Monika Ku\u010derov\u00e1,https://fr.wikipedia.org/?curid=5289976,https://fr.wikipedia.org/wiki/Monika Ku\u010derov\u00e1,Article utilisant une Infobox
Ivana Cur\u010di\u0107,https://fr.wikipedia.org/?curid=5290027,https://fr.wikipedia.org/wiki/Ivana Cur\u010di\u0107,Article \u00e0 illustrer Joueur de volley-ball
Brooke Wilkins,https://fr.wikipedia.org/?curid=5295302,https://fr.wikipedia.org/wiki/Brooke Wilkins,Wikip\u00e9dia:\u00e9bauche Jeux olympiques
Check It Out,https://fr.wikipedia.org/?curid=5295637,https://fr.wikipedia.org/wiki/Check It Out,Article contenant un lien mort
Kellie Wells,https://fr.wikipedia.org/?curid=5293681,https://fr.wikipedia.org/wiki/Kellie Wells,Article utilisant une Infobox
Valentina Tirozzi,https://fr.wikipedia.org/?curid=5293949,https://fr.wikipedia.org/wiki/Valentina Tirozzi,Wikip\u00e9dia:\u00e9bauche joueuse italienne de volley-ball
Meryem Suba\u015f\u0131,https://fr.wikipedia.org/?curid=5293971,https://fr.wikipedia.org/wiki/Meryem Suba\u015f\u0131,Article utilisant une Infobox
Liste des distinctions de Selena Gomez,https://fr.wikipedia.org/?curid=5275931,https://fr.wikipedia.org/wiki/Liste des distinctions de Selena Gomez,Article contenant un lien mort
Marta Agostinetto,https://fr.wikipedia.org/?curid=5296015,https://fr.wikipedia.org/wiki/Marta Agostinetto,Wikip\u00e9dia:\u00e9bauche joueuse italienne de volley-ball
Sibel K\u0131zavul,https://fr.wikipedia.org/?curid=5296058,https://fr.wikipedia.org/wiki/Sibel K\u0131zavul,Article \u00e0 illustrer Joueur de volley-ball
Xu Jia,https://fr.wikipedia.org/?curid=5296192,https://fr.wikipedia.org/wiki/Xu Jia,Wikip\u00e9dia:\u00e9bauche athl\u00e8te chinois
Macarena Tondreau,https://fr.wikipedia.org/?curid=5300636,https://fr.wikipedia.org/wiki/Macarena Tondreau,Wikip\u00e9dia:\u00e9bauche personnalit\u00e9 chilienne
Ma Ning (athl\u00e8te),https://fr.wikipedia.org/?curid=5298144,https://fr.wikipedia.org/wiki/Ma Ning (athl\u00e8te),Wikip\u00e9dia:\u00e9bauche athl\u00e8te chinois
Anna Witczak,https://fr.wikipedia.org/?curid=5298244,https://fr.wikipedia.org/wiki/Anna Witczak,Article utilisant une Infobox
Manuela Di Crescenzo,https://fr.wikipedia.org/?curid=5300274,https://fr.wikipedia.org/wiki/Manuela Di Crescenzo,Wikip\u00e9dia:\u00e9bauche joueuse italienne de volley-ball
Hatice Sungur,https://fr.wikipedia.org/?curid=5300301,https://fr.wikipedia.org/wiki/Hatice Sungur,Article utilisant une Infobox
Bogumi\u0142a Pyzio\u0142ek,https://fr.wikipedia.org/?curid=5300303,https://fr.wikipedia.org/wiki/Bogumi\u0142a Pyzio\u0142ek,Article utilisant une Infobox
Joanna Wo\u0142osz,https://fr.wikipedia.org/?curid=5300329,https://fr.wikipedia.org/wiki/Joanna Wo\u0142osz,Article utilisant une Infobox
Maho Hanaoka,https://fr.wikipedia.org/?curid=5312769,https://fr.wikipedia.org/wiki/Maho Hanaoka,Wikip\u00e9dia:\u00e9bauche athl\u00e8te japonais
Andrea Henkel,https://fr.wikipedia.org/?curid=531298,https://fr.wikipedia.org/wiki/Andrea Henkel,Article utilisant une Infobox
Cheng Shuang,https://fr.wikipedia.org/?curid=5313045,https://fr.wikipedia.org/wiki/Cheng Shuang,Wikip\u00e9dia:\u00e9bauche ski acrobatique
Gro Marit Istad-Kristiansen,https://fr.wikipedia.org/?curid=531313,https://fr.wikipedia.org/wiki/Gro Marit Istad-Kristiansen,Article \u00e0 illustrer Sportif
Liste des distinctions de Demi Lovato,https://fr.wikipedia.org/?curid=5311077,https://fr.wikipedia.org/wiki/Liste des distinctions de Demi Lovato,Article contenant un lien mort
Lilia Vaigu\u00efna-Efremova,https://fr.wikipedia.org/?curid=531159,https://fr.wikipedia.org/wiki/Lilia Vaigu\u00efna-Efremova,Wikip\u00e9dia:\u00e9bauche biathlon
Caroline Lalive,https://fr.wikipedia.org/?curid=531203,https://fr.wikipedia.org/wiki/Caroline Lalive,Page utilisant P569
H\u00fclya C\u00f6mert,https://fr.wikipedia.org/?curid=5313416,https://fr.wikipedia.org/wiki/H\u00fclya C\u00f6mert,Article utilisant une Infobox
Sylvie Mballa \u00c9loundou,https://fr.wikipedia.org/?curid=10587214,https://fr.wikipedia.org/wiki/Sylvie Mballa \u00c9loundou,Wikip\u00e9dia:\u00e9bauche athl\u00e8te fran\u00e7ais
Andy Sutz,https://fr.wikipedia.org/?curid=10586477,https://fr.wikipedia.org/wiki/Andy Sutz,Wikip\u00e9dia:\u00e9bauche triathlon
Urs Dellsperger,https://fr.wikipedia.org/?curid=10586571,https://fr.wikipedia.org/wiki/Urs Dellsperger,Wikip\u00e9dia:\u00e9bauche triathl\u00e8te
Sara Gross,https://fr.wikipedia.org/?curid=10589168,https://fr.wikipedia.org/wiki/Sara Gross,Wikip\u00e9dia:\u00e9bauche triathl\u00e8te
Annie-Laure Suc,https://fr.wikipedia.org/?curid=10587452,https://fr.wikipedia.org/wiki/Annie-Laure Suc,Wikip\u00e9dia:\u00e9bauche judo
Benjamin Sonntag (triathlon),https://fr.wikipedia.org/?curid=10568289,https://fr.wikipedia.org/wiki/Benjamin Sonntag (triathlon),Wikip\u00e9dia:\u00e9bauche triathl\u00e8te
Marc Ruhe,https://fr.wikipedia.org/?curid=10568349,https://fr.wikipedia.org/wiki/Marc Ruhe,Wikip\u00e9dia:\u00e9bauche triathl\u00e8te
Yade Lauren,https://fr.wikipedia.org/?curid=10550394,https://fr.wikipedia.org/wiki/Yade Lauren,Wikip\u00e9dia:\u00e9bauche musique \u00e9lectronique
Karin M\u00f6bes,https://fr.wikipedia.org/?curid=10564894,https://fr.wikipedia.org/wiki/Karin M\u00f6bes,Wikip\u00e9dia:\u00e9bauche cyclisme
Arne Post,https://fr.wikipedia.org/?curid=10565216,https://fr.wikipedia.org/wiki/Arne Post,Wikip\u00e9dia:\u00e9bauche triathlon
Angela White,https://fr.wikipedia.org/?curid=10565478,https://fr.wikipedia.org/wiki/Angela White,Article utilisant une Infobox
Nancy Wake,https://fr.wikipedia.org/?curid=1056381,https://fr.wikipedia.org/wiki/Nancy Wake,Article \u00e0 wikifier depuis d\u00e9cembre 2021
Elizabeth May (triathlon),https://fr.wikipedia.org/?curid=10553997,https://fr.wikipedia.org/wiki/Elizabeth May (triathlon),Wikip\u00e9dia:\u00e9bauche triathlon
Manon Bollegraf,https://fr.wikipedia.org/?curid=1051094,https://fr.wikipedia.org/wiki/Manon Bollegraf,Article \u00e0 illustrer Joueur de tennis
Clara Direz,https://fr.wikipedia.org/?curid=10525001,https://fr.wikipedia.org/wiki/Clara Direz,Article \u00e0 illustrer Sportif
Rosie Casals,https://fr.wikipedia.org/?curid=1052985,https://fr.wikipedia.org/wiki/Rosie Casals,Article utilisant une Infobox
Dominika Strumilo,https://fr.wikipedia.org/?curid=10528114,https://fr.wikipedia.org/wiki/Dominika Strumilo,Article utilisant une Infobox
Lili Reinhart,https://fr.wikipedia.org/?curid=10527358,https://fr.wikipedia.org/wiki/Lili Reinhart,Article utilisant une Infobox
Pauline Grabosch,https://fr.wikipedia.org/?curid=10522611,https://fr.wikipedia.org/wiki/Pauline Grabosch,Page utilisant P1477
Irina Sp\u00eerlea,https://fr.wikipedia.org/?curid=1052264,https://fr.wikipedia.org/wiki/Irina Sp\u00eerlea,Article \u00e0 illustrer Joueur de tennis
Kaat Van der Meulen,https://fr.wikipedia.org/?curid=10522923,https://fr.wikipedia.org/wiki/Kaat Van der Meulen,Page utilisant P569
Anastasia Kuleshova,https://fr.wikipedia.org/?curid=10524650,https://fr.wikipedia.org/wiki/Anastasia Kuleshova,Article utilisant une Infobox
Heather Arneton,https://fr.wikipedia.org/?curid=10572706,https://fr.wikipedia.org/wiki/Heather Arneton,Article \u00e0 illustrer Athl\u00e8te
Anna Magnusson,https://fr.wikipedia.org/?curid=10576991,https://fr.wikipedia.org/wiki/Anna Magnusson,Wikip\u00e9dia:\u00e9bauche biathlon
Jolien Boumkwo,https://fr.wikipedia.org/?curid=10756820,https://fr.wikipedia.org/wiki/Jolien Boumkwo,Wikip\u00e9dia:\u00e9bauche athl\u00e8te belge
Megan Campbell,https://fr.wikipedia.org/?curid=10807842,https://fr.wikipedia.org/wiki/Megan Campbell,Article utilisant une Infobox
Margaux Pinot,https://fr.wikipedia.org/?curid=10808373,https://fr.wikipedia.org/wiki/Margaux Pinot,Article utilisant une Infobox
Stephanie Rehe,https://fr.wikipedia.org/?curid=1080266,https://fr.wikipedia.org/wiki/Stephanie Rehe,Article \u00e0 illustrer Joueur de tennis
Li Andersson,https://fr.wikipedia.org/?curid=10803201,https://fr.wikipedia.org/wiki/Li Andersson,P2181 identique sur Wikidata
Maryna Kylypko,https://fr.wikipedia.org/?curid=10807474,https://fr.wikipedia.org/wiki/Maryna Kylypko,Wikip\u00e9dia:\u00e9bauche athl\u00e8te ukrainien
Laviai Nielsen,https://fr.wikipedia.org/?curid=10807511,https://fr.wikipedia.org/wiki/Laviai Nielsen,Wikip\u00e9dia:\u00e9bauche athl\u00e9tisme
Anastasiya Bryzhina,https://fr.wikipedia.org/?curid=10807566,https://fr.wikipedia.org/wiki/Anastasiya Bryzhina,Wikip\u00e9dia:\u00e9bauche athl\u00e8te ukrainien
Alina Reh,https://fr.wikipedia.org/?curid=10807630,https://fr.wikipedia.org/wiki/Alina Reh,Wikip\u00e9dia:\u00e9bauche athl\u00e9tisme
Pascale Paradis,https://fr.wikipedia.org/?curid=1079405,https://fr.wikipedia.org/wiki/Pascale Paradis,Article \u00e0 illustrer Joueur de tennis
Alexia Dechaume,https://fr.wikipedia.org/?curid=1079657,https://fr.wikipedia.org/wiki/Alexia Dechaume,Article \u00e0 illustrer Joueur de tennis
Aubrey Kate,https://fr.wikipedia.org/?curid=10792646,https://fr.wikipedia.org/wiki/Aubrey Kate,Page utilisant P569
Myst (jeu vid\u00e9o),https://fr.wikipedia.org/?curid=107939,https://fr.wikipedia.org/wiki/Myst (jeu vid\u00e9o),Article contenant un lien mort
Elena Bryukhovets,https://fr.wikipedia.org/?curid=1079467,https://fr.wikipedia.org/wiki/Elena Bryukhovets,Article utilisant une Infobox
Linda Ferrando,https://fr.wikipedia.org/?curid=1079499,https://fr.wikipedia.org/wiki/Linda Ferrando,Article \u00e0 illustrer Joueur de tennis
Seda Noorlander,https://fr.wikipedia.org/?curid=1075333,https://fr.wikipedia.org/wiki/Seda Noorlander,Article utilisant une Infobox
Pat Medrado,https://fr.wikipedia.org/?curid=1078929,https://fr.wikipedia.org/wiki/Pat Medrado,Article \u00e0 illustrer Joueur de tennis
Mark\u00e9ta Vondrou\u0161ov\u00e1,https://fr.wikipedia.org/?curid=10792393,https://fr.wikipedia.org/wiki/Mark\u00e9ta Vondrou\u0161ov\u00e1,Article utilisant une Infobox
Adriana Vanesa Vargas,https://fr.wikipedia.org/?curid=10788206,https://fr.wikipedia.org/wiki/Adriana Vanesa Vargas,Wikip\u00e9dia:\u00e9bauche athl\u00e8te argentin
Linda Wild,https://fr.wikipedia.org/?curid=1078829,https://fr.wikipedia.org/wiki/Linda Wild,Article \u00e0 illustrer Joueur de tennis
Femmes dans la politique en r\u00e9publique d\u00e9mocratique du Congo,https://fr.wikipedia.org/?curid=10758784,https://fr.wikipedia.org/wiki/Femmes dans la politique en r\u00e9publique d\u00e9mocratique du Congo,Article manquant de r\u00e9f\u00e9rences depuis avril 2017
Debbi Wilkes,https://fr.wikipedia.org/?curid=1075886,https://fr.wikipedia.org/wiki/Debbi Wilkes,Wikip\u00e9dia:\u00e9bauche patinage artistique
Miss Afrique du Sud 2012,https://fr.wikipedia.org/?curid=10759116,https://fr.wikipedia.org/wiki/Miss Afrique du Sud 2012,Article \u00e0 illustrer Miss
Katherine Langford,https://fr.wikipedia.org/?curid=10763791,https://fr.wikipedia.org/wiki/Katherine Langford,Wikip\u00e9dia:\u00e9bauche acteur australien
Candy Reynolds,https://fr.wikipedia.org/?curid=1075764,https://fr.wikipedia.org/wiki/Candy Reynolds,Article \u00e0 illustrer Joueur de tennis
Kate Winslet,https://fr.wikipedia.org/?curid=1076121,https://fr.wikipedia.org/wiki/Kate Winslet,Article contenant un lien mort
Kelsey Plum,https://fr.wikipedia.org/?curid=10765513,https://fr.wikipedia.org/wiki/Kelsey Plum,Article utilisant une Infobox
Mona Fortier,https://fr.wikipedia.org/?curid=10781187,https://fr.wikipedia.org/wiki/Mona Fortier,Article \u00e0 illustrer Personnalit\u00e9 politique
Mary Ng,https://fr.wikipedia.org/?curid=10783772,https://fr.wikipedia.org/wiki/Mary Ng,Article utilisant une Infobox
