Name,URL1,URL2,First Category
Hanna Klimets,https://fr.wikipedia.org/?curid=10453029,https://fr.wikipedia.org/wiki/Hanna Klimets,Article \u00e0 illustrer Joueur de volley-ball
Maryse Hilsz,https://fr.wikipedia.org/?curid=1042670,https://fr.wikipedia.org/wiki/Maryse Hilsz,Page utilisant P569
Sylvie Ballyot,https://fr.wikipedia.org/?curid=10427277,https://fr.wikipedia.org/wiki/Sylvie Ballyot,Wikip\u00e9dia:\u00e9bauche acteur fran\u00e7ais
Angelika Dubinski,https://fr.wikipedia.org/?curid=10428830,https://fr.wikipedia.org/wiki/Angelika Dubinski,Page utilisant P27
Catherine Cortez Masto,https://fr.wikipedia.org/?curid=10424241,https://fr.wikipedia.org/wiki/Catherine Cortez Masto,Article utilisant une Infobox
Yamina Benguigui,https://fr.wikipedia.org/?curid=1042822,https://fr.wikipedia.org/wiki/Yamina Benguigui,Article utilisant une Infobox
Hande Balad\u0131n,https://fr.wikipedia.org/?curid=10440874,https://fr.wikipedia.org/wiki/Hande Balad\u0131n,Article utilisant une Infobox
Madolyn Smith,https://fr.wikipedia.org/?curid=10432631,https://fr.wikipedia.org/wiki/Madolyn Smith,Page utilisant P569
Dede Griesbauer,https://fr.wikipedia.org/?curid=10432962,https://fr.wikipedia.org/wiki/Dede Griesbauer,Article \u00e0 illustrer Sportif
Lina Esco,https://fr.wikipedia.org/?curid=10413696,https://fr.wikipedia.org/wiki/Lina Esco,Wikip\u00e9dia:\u00e9bauche acteur am\u00e9ricain
Charl\u00e8ne Guignard,https://fr.wikipedia.org/?curid=10402542,https://fr.wikipedia.org/wiki/Charl\u00e8ne Guignard,Page utilisant P569
Les Fils de l'homme (film),https://fr.wikipedia.org/?curid=1041067,https://fr.wikipedia.org/wiki/Les Fils de l'homme (film),Article contenant un lien mort
Sharon Van Etten,https://fr.wikipedia.org/?curid=10403647,https://fr.wikipedia.org/wiki/Sharon Van Etten,Page utilisant P569
Venus Lux,https://fr.wikipedia.org/?curid=10403799,https://fr.wikipedia.org/wiki/Venus Lux,Article contenant un lien mort
Jan Wanklyn,https://fr.wikipedia.org/?curid=10401489,https://fr.wikipedia.org/wiki/Jan Wanklyn,Wikip\u00e9dia:\u00e9bauche triathl\u00e8te
Ekaterina Alexandrova,https://fr.wikipedia.org/?curid=10457783,https://fr.wikipedia.org/wiki/Ekaterina Alexandrova,Article utilisant une Infobox
Rachele Barbieri,https://fr.wikipedia.org/?curid=10370428,https://fr.wikipedia.org/wiki/Rachele Barbieri,Page utilisant P569
Nino Khourtsidz\u00e9,https://fr.wikipedia.org/?curid=10370436,https://fr.wikipedia.org/wiki/Nino Khourtsidz\u00e9,Page utilisant P569
Shen Yang,https://fr.wikipedia.org/?curid=10370698,https://fr.wikipedia.org/wiki/Shen Yang,Page utilisant P569
Jadwiga J\u0119drzejowska,https://fr.wikipedia.org/?curid=1039494,https://fr.wikipedia.org/wiki/Jadwiga J\u0119drzejowska,Article manquant de r\u00e9f\u00e9rences depuis mars 2019
Elizabeth Ryan,https://fr.wikipedia.org/?curid=1039298,https://fr.wikipedia.org/wiki/Elizabeth Ryan,Article utilisant une Infobox
Doris Hart,https://fr.wikipedia.org/?curid=1035781,https://fr.wikipedia.org/wiki/Doris Hart,Article utilisant une Infobox
Miss Afrique du Sud 2011,https://fr.wikipedia.org/?curid=10357836,https://fr.wikipedia.org/wiki/Miss Afrique du Sud 2011,Article utilisant une Infobox
Edward aux mains d'argent,https://fr.wikipedia.org/?curid=103704,https://fr.wikipedia.org/wiki/Edward aux mains d'argent,Article utilisant une Infobox
Amanda Papadimos,https://fr.wikipedia.org/?curid=10377297,https://fr.wikipedia.org/wiki/Amanda Papadimos,Wikip\u00e9dia:\u00e9bauche astronome
Yvonne de Gaulle,https://fr.wikipedia.org/?curid=103749,https://fr.wikipedia.org/wiki/Yvonne de Gaulle,Article utilisant une Infobox
Emily Kay,https://fr.wikipedia.org/?curid=10378618,https://fr.wikipedia.org/wiki/Emily Kay,Page utilisant P569
Dannielle Khan,https://fr.wikipedia.org/?curid=10378639,https://fr.wikipedia.org/wiki/Dannielle Khan,Page utilisant P569
Alessandra D'Ettorre,https://fr.wikipedia.org/?curid=10389463,https://fr.wikipedia.org/wiki/Alessandra D'Ettorre,Page utilisant P569
Viviana Rivasplata,https://fr.wikipedia.org/?curid=10389659,https://fr.wikipedia.org/wiki/Viviana Rivasplata,Article \u00e0 illustrer Miss
Samantha Womack,https://fr.wikipedia.org/?curid=10388472,https://fr.wikipedia.org/wiki/Samantha Womack,Article contenant un lien mort
Barbara Underhill,https://fr.wikipedia.org/?curid=10357440,https://fr.wikipedia.org/wiki/Barbara Underhill,Wikip\u00e9dia:\u00e9bauche patinage artistique
Huang Qian,https://fr.wikipedia.org/?curid=10369888,https://fr.wikipedia.org/wiki/Huang Qian,Page utilisant P569
Rama Yade,https://fr.wikipedia.org/?curid=1037215,https://fr.wikipedia.org/wiki/Rama Yade,Article utilisant une Infobox
Letizia Paternoster,https://fr.wikipedia.org/?curid=10371568,https://fr.wikipedia.org/wiki/Letizia Paternoster,Page utilisant P1477
Tamara Rojo,https://fr.wikipedia.org/?curid=10374549,https://fr.wikipedia.org/wiki/Tamara Rojo,Article utilisant une Infobox
Nanami Hashimoto,https://fr.wikipedia.org/?curid=10378934,https://fr.wikipedia.org/wiki/Nanami Hashimoto,Article utilisant une Infobox
Hilde Sperling,https://fr.wikipedia.org/?curid=1037894,https://fr.wikipedia.org/wiki/Hilde Sperling,Article utilisant une Infobox
Debby Mansveld,https://fr.wikipedia.org/?curid=10384994,https://fr.wikipedia.org/wiki/Debby Mansveld,Page utilisant P569
Francesca Pattaro,https://fr.wikipedia.org/?curid=10384682,https://fr.wikipedia.org/wiki/Francesca Pattaro,Page utilisant P569
Laura Philipp,https://fr.wikipedia.org/?curid=10381398,https://fr.wikipedia.org/wiki/Laura Philipp,Article utilisant une Infobox
Ivonne Coll,https://fr.wikipedia.org/?curid=10365300,https://fr.wikipedia.org/wiki/Ivonne Coll,Article utilisant une Infobox
Ofelia Cano,https://fr.wikipedia.org/?curid=10365332,https://fr.wikipedia.org/wiki/Ofelia Cano,Article \u00e0 illustrer Personnalit\u00e9 du cin\u00e9ma
Olga Guiria,https://fr.wikipedia.org/?curid=10368028,https://fr.wikipedia.org/wiki/Olga Guiria,Page utilisant P569
Alina Kachlinska\u00efa,https://fr.wikipedia.org/?curid=10368029,https://fr.wikipedia.org/wiki/Alina Kachlinska\u00efa,Page utilisant P569
Hailey Duke,https://fr.wikipedia.org/?curid=10356755,https://fr.wikipedia.org/wiki/Hailey Duke,Wikip\u00e9dia:\u00e9bauche ski alpin
Miss Afrique du Sud 2006,https://fr.wikipedia.org/?curid=10397162,https://fr.wikipedia.org/wiki/Miss Afrique du Sud 2006,Article utilisant une Infobox
Kitty McKane,https://fr.wikipedia.org/?curid=1039865,https://fr.wikipedia.org/wiki/Kitty McKane,Article utilisant une Infobox
David Dellow,https://fr.wikipedia.org/?curid=10400141,https://fr.wikipedia.org/wiki/David Dellow,Wikip\u00e9dia:\u00e9bauche triathl\u00e8te
Miss Afrique du Sud 2007,https://fr.wikipedia.org/?curid=10360634,https://fr.wikipedia.org/wiki/Miss Afrique du Sud 2007,Article utilisant une Infobox
Miss Rwanda,https://fr.wikipedia.org/?curid=10358791,https://fr.wikipedia.org/wiki/Miss Rwanda,Article avec une section vide ou incompl\u00e8te
Axel Koenders,https://fr.wikipedia.org/?curid=10355628,https://fr.wikipedia.org/wiki/Axel Koenders,Wikip\u00e9dia:\u00e9bauche triathlon
Shirley Fry,https://fr.wikipedia.org/?curid=1035651,https://fr.wikipedia.org/wiki/Shirley Fry,Article utilisant une Infobox
Miss Afrique du Sud 1999,https://fr.wikipedia.org/?curid=10401901,https://fr.wikipedia.org/wiki/Miss Afrique du Sud 1999,Article \u00e0 illustrer Miss
Mila J,https://fr.wikipedia.org/?curid=1033986,https://fr.wikipedia.org/wiki/Mila J,Article utilisant une Infobox
Kate Major,https://fr.wikipedia.org/?curid=10336742,https://fr.wikipedia.org/wiki/Kate Major,Article \u00e0 illustrer Sportif
Mariya Shatalova,https://fr.wikipedia.org/?curid=10337156,https://fr.wikipedia.org/wiki/Mariya Shatalova,Wikip\u00e9dia:\u00e9bauche athl\u00e8te ukrainien
Marie-\u00c8ve Pelletier,https://fr.wikipedia.org/?curid=1035337,https://fr.wikipedia.org/wiki/Marie-\u00c8ve Pelletier,Article utilisant une Infobox
Eneritz Iturriaga,https://fr.wikipedia.org/?curid=10325245,https://fr.wikipedia.org/wiki/Eneritz Iturriaga,Page utilisant P1477
Belk\u0131s Zehra Kaya,https://fr.wikipedia.org/?curid=10344357,https://fr.wikipedia.org/wiki/Belk\u0131s Zehra Kaya,Article \u00e0 illustrer Judoka
Gabrielle Daleman,https://fr.wikipedia.org/?curid=10343394,https://fr.wikipedia.org/wiki/Gabrielle Daleman,Page utilisant P569
Heather Jackson,https://fr.wikipedia.org/?curid=10342596,https://fr.wikipedia.org/wiki/Heather Jackson,Article utilisant une Infobox
Alaine Chartrand,https://fr.wikipedia.org/?curid=10342794,https://fr.wikipedia.org/wiki/Alaine Chartrand,Page utilisant P569
Yvonne Chollet,https://fr.wikipedia.org/?curid=10305005,https://fr.wikipedia.org/wiki/Yvonne Chollet,Page comportant une illustration modifi\u00e9e par une IA
Sara Hurtado,https://fr.wikipedia.org/?curid=10315951,https://fr.wikipedia.org/wiki/Sara Hurtado,Page utilisant P569
Tania Calvo,https://fr.wikipedia.org/?curid=10316470,https://fr.wikipedia.org/wiki/Tania Calvo,Page utilisant P1477
Piia Korhonen,https://fr.wikipedia.org/?curid=10321372,https://fr.wikipedia.org/wiki/Piia Korhonen,Article utilisant une Infobox
Mavi Garc\u00eda,https://fr.wikipedia.org/?curid=10321415,https://fr.wikipedia.org/wiki/Mavi Garc\u00eda,Page utilisant P1449
Michelle Nolden,https://fr.wikipedia.org/?curid=10322446,https://fr.wikipedia.org/wiki/Michelle Nolden,Article contenant un lien mort
Mathilde Gros,https://fr.wikipedia.org/?curid=10322952,https://fr.wikipedia.org/wiki/Mathilde Gros,Page utilisant P1477
Elizabeth Esty,https://fr.wikipedia.org/?curid=10310685,https://fr.wikipedia.org/wiki/Elizabeth Esty,Article utilisant une Infobox
Helena Casas,https://fr.wikipedia.org/?curid=10316963,https://fr.wikipedia.org/wiki/Helena Casas,Page utilisant P569
John Irving,https://fr.wikipedia.org/?curid=103291,https://fr.wikipedia.org/wiki/John Irving,Article manquant de r\u00e9f\u00e9rences depuis novembre 2011
Abigail Pietersen,https://fr.wikipedia.org/?curid=10329644,https://fr.wikipedia.org/wiki/Abigail Pietersen,Page utilisant P569
Molly Weaver,https://fr.wikipedia.org/?curid=10327789,https://fr.wikipedia.org/wiki/Molly Weaver,Page utilisant P569
M\u00e9lusine von der Schulenburg,https://fr.wikipedia.org/?curid=10312925,https://fr.wikipedia.org/wiki/M\u00e9lusine von der Schulenburg,Page utilisant P569
Jung Chae-yeon,https://fr.wikipedia.org/?curid=10315448,https://fr.wikipedia.org/wiki/Jung Chae-yeon,Article utilisant une Infobox
Isabelle Haak,https://fr.wikipedia.org/?curid=10332913,https://fr.wikipedia.org/wiki/Isabelle Haak,Article utilisant une Infobox
Nelli Zhiganshina,https://fr.wikipedia.org/?curid=10331599,https://fr.wikipedia.org/wiki/Nelli Zhiganshina,Wikip\u00e9dia:\u00e9bauche patinage artistique
Astrid Kumbernuss,https://fr.wikipedia.org/?curid=1033370,https://fr.wikipedia.org/wiki/Astrid Kumbernuss,Wikip\u00e9dia:\u00e9bauche athl\u00e8te allemand
L\u00e9on (chanteuse),https://fr.wikipedia.org/?curid=10335199,https://fr.wikipedia.org/wiki/L\u00e9on (chanteuse),Wikip\u00e9dia:\u00e9bauche chanteur su\u00e9dois
Rieko Ioane,https://fr.wikipedia.org/?curid=10484047,https://fr.wikipedia.org/wiki/Rieko Ioane,Article utilisant une Infobox
Sabrina Enaux,https://fr.wikipedia.org/?curid=10485355,https://fr.wikipedia.org/wiki/Sabrina Enaux,Wikip\u00e9dia:\u00e9bauche coureur cycliste fran\u00e7ais
Carling Bassett,https://fr.wikipedia.org/?curid=1048774,https://fr.wikipedia.org/wiki/Carling Bassett,Article utilisant une Infobox
Darya Yurkevich,https://fr.wikipedia.org/?curid=10494787,https://fr.wikipedia.org/wiki/Darya Yurkevich,Wikip\u00e9dia:\u00e9bauche biathlon
Hanna \u00d6berg,https://fr.wikipedia.org/?curid=10473958,https://fr.wikipedia.org/wiki/Hanna \u00d6berg,Article utilisant une Infobox
Sana Minatozaki,https://fr.wikipedia.org/?curid=10470071,https://fr.wikipedia.org/wiki/Sana Minatozaki,Article utilisant une Infobox
Lua Blanco,https://fr.wikipedia.org/?curid=10470796,https://fr.wikipedia.org/wiki/Lua Blanco,Article utilisant une Infobox
St\u00e9phanie Frappart,https://fr.wikipedia.org/?curid=10466789,https://fr.wikipedia.org/wiki/St\u00e9phanie Frappart,Page en semi-protection longue
Blanche (chanteuse),https://fr.wikipedia.org/?curid=10458218,https://fr.wikipedia.org/wiki/Blanche (chanteuse),Article utilisant une Infobox
Keke Palmer,https://fr.wikipedia.org/?curid=1045843,https://fr.wikipedia.org/wiki/Keke Palmer,Article utilisant une Infobox
Rosvitha Okou,https://fr.wikipedia.org/?curid=10462324,https://fr.wikipedia.org/wiki/Rosvitha Okou,Page utilisant P569
Jessica Jacobs (triathlon),https://fr.wikipedia.org/?curid=10464336,https://fr.wikipedia.org/wiki/Jessica Jacobs (triathlon),Article utilisant une Infobox
Formiga (football),https://fr.wikipedia.org/?curid=10477932,https://fr.wikipedia.org/wiki/Formiga (football),Article contenant un appel \u00e0 traduction en portugais
Miss Belgique 2005,https://fr.wikipedia.org/?curid=10499766,https://fr.wikipedia.org/wiki/Miss Belgique 2005,Article \u00e0 illustrer Miss
Simon Whitfield,https://fr.wikipedia.org/?curid=1049909,https://fr.wikipedia.org/wiki/Simon Whitfield,Page utilisant P569
Uee,https://fr.wikipedia.org/?curid=10499161,https://fr.wikipedia.org/wiki/Uee,Article utilisant une Infobox
Stefan Holzner,https://fr.wikipedia.org/?curid=10015564,https://fr.wikipedia.org/wiki/Stefan Holzner,Article \u00e0 illustrer Sportif
Lea S\u00f6lkner,https://fr.wikipedia.org/?curid=1001592,https://fr.wikipedia.org/wiki/Lea S\u00f6lkner,Article utilisant une Infobox
Sandra Wallenhorst,https://fr.wikipedia.org/?curid=10002674,https://fr.wikipedia.org/wiki/Sandra Wallenhorst,Wikip\u00e9dia:\u00e9bauche triathl\u00e8te
Anna Brownfield,https://fr.wikipedia.org/?curid=10008097,https://fr.wikipedia.org/wiki/Anna Brownfield,Wikip\u00e9dia:\u00e9bauche r\u00e9alisateur australien
Ayanna Alexander,https://fr.wikipedia.org/?curid=10008377,https://fr.wikipedia.org/wiki/Ayanna Alexander,Wikip\u00e9dia:\u00e9bauche athl\u00e8te trinidadien
Pau Capell,https://fr.wikipedia.org/?curid=10009607,https://fr.wikipedia.org/wiki/Pau Capell,Article utilisant une Infobox
Beth Cardelli,https://fr.wikipedia.org/?curid=10009649,https://fr.wikipedia.org/wiki/Beth Cardelli,Page utilisant P569
Karol Sevilla,https://fr.wikipedia.org/?curid=10010164,https://fr.wikipedia.org/wiki/Karol Sevilla,Article manquant de r\u00e9f\u00e9rences depuis f\u00e9vrier 2021
Heide Seyerling,https://fr.wikipedia.org/?curid=10012098,https://fr.wikipedia.org/wiki/Heide Seyerling,Wikip\u00e9dia:\u00e9bauche athl\u00e8te sud-africain
Anja Noske,https://fr.wikipedia.org/?curid=10011026,https://fr.wikipedia.org/wiki/Anja Noske,Wikip\u00e9dia:\u00e9bauche aviron
Kristian Blummenfelt,https://fr.wikipedia.org/?curid=10011148,https://fr.wikipedia.org/wiki/Kristian Blummenfelt,Article utilisant une Infobox
Camilla Martin,https://fr.wikipedia.org/?curid=10012822,https://fr.wikipedia.org/wiki/Camilla Martin,Article \u00e0 illustrer Joueur de badminton
In\u00e9s Gorrochategui,https://fr.wikipedia.org/?curid=1050888,https://fr.wikipedia.org/wiki/In\u00e9s Gorrochategui,Article \u00e0 illustrer Joueur de tennis
Florencia Labat,https://fr.wikipedia.org/?curid=1051283,https://fr.wikipedia.org/wiki/Florencia Labat,Article \u00e0 illustrer Joueur de tennis
Angelababy,https://fr.wikipedia.org/?curid=10513098,https://fr.wikipedia.org/wiki/Angelababy,Article utilisant une Infobox
Mariette Protin,https://fr.wikipedia.org/?curid=10511808,https://fr.wikipedia.org/wiki/Mariette Protin,Page utilisant P569
Emily Collinge,https://fr.wikipedia.org/?curid=12879374,https://fr.wikipedia.org/wiki/Emily Collinge,Article \u00e0 illustrer Sportif
Zhang Ruifang,https://fr.wikipedia.org/?curid=12874589,https://fr.wikipedia.org/wiki/Zhang Ruifang,Page utilisant P569
Francisca Cardoso,https://fr.wikipedia.org/?curid=12986287,https://fr.wikipedia.org/wiki/Francisca Cardoso,Wikip\u00e9dia:\u00e9bauche footballeuse
Blanche Bingley,https://fr.wikipedia.org/?curid=1294915,https://fr.wikipedia.org/wiki/Blanche Bingley,Article utilisant une Infobox
Isabella Ekl\u00f6f,https://fr.wikipedia.org/?curid=12983794,https://fr.wikipedia.org/wiki/Isabella Ekl\u00f6f,Page utilisant P569
Favour Ofili,https://fr.wikipedia.org/?curid=12988010,https://fr.wikipedia.org/wiki/Favour Ofili,Article \u00e0 illustrer Athl\u00e8te
SinB,https://fr.wikipedia.org/?curid=12848209,https://fr.wikipedia.org/wiki/SinB,Article \u00e0 wikifier depuis novembre 2020
Cho Yeo-jeong,https://fr.wikipedia.org/?curid=12868368,https://fr.wikipedia.org/wiki/Cho Yeo-jeong,Page utilisant P569
Ana Laura Portuondo Isasi,https://fr.wikipedia.org/?curid=12868613,https://fr.wikipedia.org/wiki/Ana Laura Portuondo Isasi,Article \u00e0 illustrer Judoka
Mia Stadig,https://fr.wikipedia.org/?curid=12896498,https://fr.wikipedia.org/wiki/Mia Stadig,Wikip\u00e9dia:\u00e9bauche biathlon
Judith Corach\u00e1n,https://fr.wikipedia.org/?curid=12898109,https://fr.wikipedia.org/wiki/Judith Corach\u00e1n,Wikip\u00e9dia:\u00e9bauche triathl\u00e8te
Liste des dames et duchesses de Mod\u00e8ne,https://fr.wikipedia.org/?curid=12922978,https://fr.wikipedia.org/wiki/Liste des dames et duchesses de Mod\u00e8ne,Cat\u00e9gorie Commons avec lien local diff\u00e9rent sur Wikidata
Dilhani Lekamge,https://fr.wikipedia.org/?curid=12924270,https://fr.wikipedia.org/wiki/Dilhani Lekamge,Article utilisant une Infobox
Juliette Atkinson,https://fr.wikipedia.org/?curid=1292436,https://fr.wikipedia.org/wiki/Juliette Atkinson,Article utilisant une Infobox
Agata Suszka,https://fr.wikipedia.org/?curid=12925831,https://fr.wikipedia.org/wiki/Agata Suszka,Wikip\u00e9dia:\u00e9bauche biathlon
Iva Milesov\u00e1,https://fr.wikipedia.org/?curid=12926818,https://fr.wikipedia.org/wiki/Iva Milesov\u00e1,Article \u00e0 illustrer Athl\u00e8te
Ma\u00efa Mazzara,https://fr.wikipedia.org/?curid=12997973,https://fr.wikipedia.org/wiki/Ma\u00efa Mazzara,Article utilisant une Infobox
Michelle Dekker,https://fr.wikipedia.org/?curid=12993889,https://fr.wikipedia.org/wiki/Michelle Dekker,Article \u00e0 illustrer Sportif
In\u00eas Pereira,https://fr.wikipedia.org/?curid=12990533,https://fr.wikipedia.org/wiki/In\u00eas Pereira,Wikip\u00e9dia:\u00e9bauche footballeuse
Regan Magarity,https://fr.wikipedia.org/?curid=13004021,https://fr.wikipedia.org/wiki/Regan Magarity,Article \u00e0 illustrer Joueur de basket-ball
Cayetana Guill\u00e9n Cuervo,https://fr.wikipedia.org/?curid=1300770,https://fr.wikipedia.org/wiki/Cayetana Guill\u00e9n Cuervo,Wikip\u00e9dia:\u00e9bauche acteur espagnol
Rikako Kobayashi,https://fr.wikipedia.org/?curid=13003204,https://fr.wikipedia.org/wiki/Rikako Kobayashi,Wikip\u00e9dia:\u00e9bauche footballeuse
Moeka Minami,https://fr.wikipedia.org/?curid=13003223,https://fr.wikipedia.org/wiki/Moeka Minami,Wikip\u00e9dia:\u00e9bauche footballeuse
Asato Miyagawa,https://fr.wikipedia.org/?curid=13003226,https://fr.wikipedia.org/wiki/Asato Miyagawa,Wikip\u00e9dia:\u00e9bauche footballeuse
Mayu Ikejiri,https://fr.wikipedia.org/?curid=13003230,https://fr.wikipedia.org/wiki/Mayu Ikejiri,Wikip\u00e9dia:\u00e9bauche footballeuse
Riko Ueki,https://fr.wikipedia.org/?curid=13003257,https://fr.wikipedia.org/wiki/Riko Ueki,Wikip\u00e9dia:\u00e9bauche footballeuse
Saori Takarada,https://fr.wikipedia.org/?curid=13003262,https://fr.wikipedia.org/wiki/Saori Takarada,Wikip\u00e9dia:\u00e9bauche footballeuse
Hana Takahashi,https://fr.wikipedia.org/?curid=13003269,https://fr.wikipedia.org/wiki/Hana Takahashi,Wikip\u00e9dia:\u00e9bauche footballeuse
Akari Kurishima,https://fr.wikipedia.org/?curid=13003291,https://fr.wikipedia.org/wiki/Akari Kurishima,Wikip\u00e9dia:\u00e9bauche footballeuse
Sana Daoudi,https://fr.wikipedia.org/?curid=12968761,https://fr.wikipedia.org/wiki/Sana Daoudi,Article \u00e0 illustrer Footballeur
Kavita Tungar,https://fr.wikipedia.org/?curid=12951011,https://fr.wikipedia.org/wiki/Kavita Tungar,Article utilisant une Infobox
Erin Sanders,https://fr.wikipedia.org/?curid=1295108,https://fr.wikipedia.org/wiki/Erin Sanders,Wikip\u00e9dia:\u00e9bauche acteur am\u00e9ricain
Deonna Purrazzo,https://fr.wikipedia.org/?curid=12972182,https://fr.wikipedia.org/wiki/Deonna Purrazzo,Article \u00e0 recycler/Liste compl\u00e8te
Maud Watson,https://fr.wikipedia.org/?curid=1294945,https://fr.wikipedia.org/wiki/Maud Watson,Article utilisant une Infobox
Liste des dames et duchesses de Bourbon,https://fr.wikipedia.org/?curid=12950006,https://fr.wikipedia.org/wiki/Liste des dames et duchesses de Bourbon,Article avec source \u00e0 lier
Johanna Hagstr\u00f6m,https://fr.wikipedia.org/?curid=12944003,https://fr.wikipedia.org/wiki/Johanna Hagstr\u00f6m,Article utilisant une Infobox
Eveliina Piippo,https://fr.wikipedia.org/?curid=12944103,https://fr.wikipedia.org/wiki/Eveliina Piippo,Wikip\u00e9dia:\u00e9bauche sportif finlandais
Mariya Istomina,https://fr.wikipedia.org/?curid=12944163,https://fr.wikipedia.org/wiki/Mariya Istomina,Article \u00e0 illustrer Sportif
Nguy\u1ec5n Th\u1ecb \u00c1nh Vi\u00ean,https://fr.wikipedia.org/?curid=12942952,https://fr.wikipedia.org/wiki/Nguy\u1ec5n Th\u1ecb \u00c1nh Vi\u00ean,Article utilisant une Infobox
Charlotte Cooper,https://fr.wikipedia.org/?curid=1295942,https://fr.wikipedia.org/wiki/Charlotte Cooper,Article utilisant une Infobox
Daria Storozhilova,https://fr.wikipedia.org/?curid=12945819,https://fr.wikipedia.org/wiki/Daria Storozhilova,Wikip\u00e9dia:\u00e9bauche ski de fond
Lidia Durkina,https://fr.wikipedia.org/?curid=12945913,https://fr.wikipedia.org/wiki/Lidia Durkina,Wikip\u00e9dia:\u00e9bauche ski de fond
Nayana James,https://fr.wikipedia.org/?curid=12955087,https://fr.wikipedia.org/wiki/Nayana James,Article utilisant une Infobox
Jessica Berra,https://fr.wikipedia.org/?curid=12975897,https://fr.wikipedia.org/wiki/Jessica Berra,Article \u00e0 illustrer Sportif
Miss USA 2018,https://fr.wikipedia.org/?curid=12979574,https://fr.wikipedia.org/wiki/Miss USA 2018,Article contenant un appel \u00e0 traduction en anglais
Miss USA 2019,https://fr.wikipedia.org/?curid=12979617,https://fr.wikipedia.org/wiki/Miss USA 2019,Article contenant un appel \u00e0 traduction en anglais
Marianne Fatton,https://fr.wikipedia.org/?curid=12370871,https://fr.wikipedia.org/wiki/Marianne Fatton,Article utilisant une Infobox
Lara Della Mea,https://fr.wikipedia.org/?curid=12482958,https://fr.wikipedia.org/wiki/Lara Della Mea,Wikip\u00e9dia:\u00e9bauche ski alpin
Mona Steigauf,https://fr.wikipedia.org/?curid=12208476,https://fr.wikipedia.org/wiki/Mona Steigauf,Wikip\u00e9dia:\u00e9bauche athl\u00e9tisme
Kantarama Gahigiri,https://fr.wikipedia.org/?curid=12225345,https://fr.wikipedia.org/wiki/Kantarama Gahigiri,Page utilisant P569
Katarzyna Radtke,https://fr.wikipedia.org/?curid=12229661,https://fr.wikipedia.org/wiki/Katarzyna Radtke,Wikip\u00e9dia:\u00e9bauche athl\u00e9tisme
Evelyn dos Santos,https://fr.wikipedia.org/?curid=12227014,https://fr.wikipedia.org/wiki/Evelyn dos Santos,Wikip\u00e9dia:\u00e9bauche athl\u00e9tisme
Noor Vidts,https://fr.wikipedia.org/?curid=12227024,https://fr.wikipedia.org/wiki/Noor Vidts,Wikip\u00e9dia:\u00e9bauche athl\u00e8te belge
Melissa Lotholz,https://fr.wikipedia.org/?curid=12370271,https://fr.wikipedia.org/wiki/Melissa Lotholz,Wikip\u00e9dia:\u00e9bauche bobsleigh
Ana Luc\u00eda Dom\u00ednguez,https://fr.wikipedia.org/?curid=12373671,https://fr.wikipedia.org/wiki/Ana Luc\u00eda Dom\u00ednguez,Article manquant de r\u00e9f\u00e9rences depuis f\u00e9vrier 2019
Toini Gustafsson,https://fr.wikipedia.org/?curid=1235911,https://fr.wikipedia.org/wiki/Toini Gustafsson,Article utilisant une Infobox
Justyna Plutowska,https://fr.wikipedia.org/?curid=12332650,https://fr.wikipedia.org/wiki/Justyna Plutowska,Wikip\u00e9dia:\u00e9bauche patinage artistique
Ebru \u015eahin (actrice),https://fr.wikipedia.org/?curid=12496014,https://fr.wikipedia.org/wiki/Ebru \u015eahin (actrice),Wikip\u00e9dia:\u00e9bauche acteur turc
Leona Popovi\u0107,https://fr.wikipedia.org/?curid=12508755,https://fr.wikipedia.org/wiki/Leona Popovi\u0107,Wikip\u00e9dia:\u00e9bauche ski alpin
Daniela Romo,https://fr.wikipedia.org/?curid=12493346,https://fr.wikipedia.org/wiki/Daniela Romo,Article contenant un lien mort
Thea Louise Stjernesund,https://fr.wikipedia.org/?curid=12510632,https://fr.wikipedia.org/wiki/Thea Louise Stjernesund,Article utilisant une Infobox
Jacqueline Gareau,https://fr.wikipedia.org/?curid=12510754,https://fr.wikipedia.org/wiki/Jacqueline Gareau,Article utilisant une Infobox
Ravyn Lenae,https://fr.wikipedia.org/?curid=12498371,https://fr.wikipedia.org/wiki/Ravyn Lenae,Article utilisant une Infobox
Mathilde Johansson,https://fr.wikipedia.org/?curid=1250318,https://fr.wikipedia.org/wiki/Mathilde Johansson,Article utilisant une Infobox
Nadezhda Dubovitskaya,https://fr.wikipedia.org/?curid=12510131,https://fr.wikipedia.org/wiki/Nadezhda Dubovitskaya,Wikip\u00e9dia:\u00e9bauche athl\u00e8te kazakh
Ekaterina Tkachenko,https://fr.wikipedia.org/?curid=12511469,https://fr.wikipedia.org/wiki/Ekaterina Tkachenko,Wikip\u00e9dia:\u00e9bauche sportif russe
Fabiola Rueda-Oppliger,https://fr.wikipedia.org/?curid=12508217,https://fr.wikipedia.org/wiki/Fabiola Rueda-Oppliger,Article utilisant une Infobox
Marcella Detroit,https://fr.wikipedia.org/?curid=12524136,https://fr.wikipedia.org/wiki/Marcella Detroit,Article utilisant une Infobox
Margaret Purdy,https://fr.wikipedia.org/?curid=12503878,https://fr.wikipedia.org/wiki/Margaret Purdy,Wikip\u00e9dia:\u00e9bauche patinage artistique
L\u012bga Dekmeijere,https://fr.wikipedia.org/?curid=1250400,https://fr.wikipedia.org/wiki/L\u012bga Dekmeijere,Article utilisant une Infobox
Oliver Townend,https://fr.wikipedia.org/?curid=12537544,https://fr.wikipedia.org/wiki/Oliver Townend,Page utilisant P569
Teresa Forn,https://fr.wikipedia.org/?curid=12536038,https://fr.wikipedia.org/wiki/Teresa Forn,Wikip\u00e9dia:\u00e9bauche sportif espagnol
Jasmina Suter,https://fr.wikipedia.org/?curid=12518208,https://fr.wikipedia.org/wiki/Jasmina Suter,Article utilisant une Infobox
Melissa Courtney-Bryant,https://fr.wikipedia.org/?curid=12518635,https://fr.wikipedia.org/wiki/Melissa Courtney-Bryant,Wikip\u00e9dia:\u00e9bauche athl\u00e8te britannique
Tinatin Lekveishvili,https://fr.wikipedia.org/?curid=12517746,https://fr.wikipedia.org/wiki/Tinatin Lekveishvili,Wikip\u00e9dia:\u00e9bauche sportif sovi\u00e9tique
Elizabeth Spencer,https://fr.wikipedia.org/?curid=12815766,https://fr.wikipedia.org/wiki/Elizabeth Spencer,Article utilisant une Infobox
Concei\u00e7\u00e3o Geremias,https://fr.wikipedia.org/?curid=12821117,https://fr.wikipedia.org/wiki/Concei\u00e7\u00e3o Geremias,Article utilisant une Infobox
Kristina Sabasteanski,https://fr.wikipedia.org/?curid=12819910,https://fr.wikipedia.org/wiki/Kristina Sabasteanski,Wikip\u00e9dia:\u00e9bauche biathlon
Sarah McCormack,https://fr.wikipedia.org/?curid=12819988,https://fr.wikipedia.org/wiki/Sarah McCormack,Article utilisant une Infobox
Brianna Beahan,https://fr.wikipedia.org/?curid=12802651,https://fr.wikipedia.org/wiki/Brianna Beahan,Wikip\u00e9dia:\u00e9bauche athl\u00e8te australien
Adrine Monagi,https://fr.wikipedia.org/?curid=12802800,https://fr.wikipedia.org/wiki/Adrine Monagi,Wikip\u00e9dia:\u00e9bauche athl\u00e8te
Zofia Kie\u0142pi\u0144ska,https://fr.wikipedia.org/?curid=12810462,https://fr.wikipedia.org/wiki/Zofia Kie\u0142pi\u0144ska,Wikip\u00e9dia:\u00e9bauche biathlon
Helena Miko\u0142ajczyk,https://fr.wikipedia.org/?curid=12810532,https://fr.wikipedia.org/wiki/Helena Miko\u0142ajczyk,Wikip\u00e9dia:\u00e9bauche biathlon
Liste des comtesses et reines de Castille,https://fr.wikipedia.org/?curid=12810759,https://fr.wikipedia.org/wiki/Liste des comtesses et reines de Castille,Portail:Espagne/Articles li\u00e9s
Steffie van der Peet,https://fr.wikipedia.org/?curid=12824271,https://fr.wikipedia.org/wiki/Steffie van der Peet,Page utilisant P569
Maria Martins (cyclisme),https://fr.wikipedia.org/?curid=12824318,https://fr.wikipedia.org/wiki/Maria Martins (cyclisme),Page utilisant P1559
Sumire Morohoshi,https://fr.wikipedia.org/?curid=12824335,https://fr.wikipedia.org/wiki/Sumire Morohoshi,Article contenant un appel \u00e0 traduction en japonais
Luisa Stefani,https://fr.wikipedia.org/?curid=12824730,https://fr.wikipedia.org/wiki/Luisa Stefani,Article utilisant une Infobox
Nikol P\u0142osaj,https://fr.wikipedia.org/?curid=12825723,https://fr.wikipedia.org/wiki/Nikol P\u0142osaj,Page utilisant P569
\u0141ucja Pietrzak,https://fr.wikipedia.org/?curid=12825866,https://fr.wikipedia.org/wiki/\u0141ucja Pietrzak,Page utilisant P569
Marina Shmayankova,https://fr.wikipedia.org/?curid=12825956,https://fr.wikipedia.org/wiki/Marina Shmayankova,Page utilisant P569
Maria Savitskaya,https://fr.wikipedia.org/?curid=12826028,https://fr.wikipedia.org/wiki/Maria Savitskaya,Page utilisant P1813
Perdus (chanson d'Ang\u00e8le),https://fr.wikipedia.org/?curid=12827682,https://fr.wikipedia.org/wiki/Perdus (chanson d'Ang\u00e8le),Article utilisant une Infobox
Xu Shuangshuang,https://fr.wikipedia.org/?curid=12798691,https://fr.wikipedia.org/wiki/Xu Shuangshuang,Wikip\u00e9dia:\u00e9bauche athl\u00e8te chinois
Zhang Xinyan,https://fr.wikipedia.org/?curid=12798703,https://fr.wikipedia.org/wiki/Zhang Xinyan,Wikip\u00e9dia:\u00e9bauche athl\u00e8te chinois
Paige Campbell,https://fr.wikipedia.org/?curid=12798722,https://fr.wikipedia.org/wiki/Paige Campbell,Wikip\u00e9dia:\u00e9bauche athl\u00e8te australien
Georgia Winkcup,https://fr.wikipedia.org/?curid=12798777,https://fr.wikipedia.org/wiki/Georgia Winkcup,Wikip\u00e9dia:\u00e9bauche athl\u00e8te australien
Alice de Warenne,https://fr.wikipedia.org/?curid=12816441,https://fr.wikipedia.org/wiki/Alice de Warenne,Article \u00e0 illustrer Aristocrate
Marileidy Paulino,https://fr.wikipedia.org/?curid=12847263,https://fr.wikipedia.org/wiki/Marileidy Paulino,Article utilisant une Infobox
Polina Miller (athl\u00e9tisme),https://fr.wikipedia.org/?curid=12847279,https://fr.wikipedia.org/wiki/Polina Miller (athl\u00e9tisme),Wikip\u00e9dia:\u00e9bauche athl\u00e8te russe
Lose You to Love Me,https://fr.wikipedia.org/?curid=12851769,https://fr.wikipedia.org/wiki/Lose You to Love Me,Article \u00e0 wikifier depuis octobre 2019
Pippa Maddams,https://fr.wikipedia.org/?curid=12835305,https://fr.wikipedia.org/wiki/Pippa Maddams,Wikip\u00e9dia:\u00e9bauche sport
Erza Muqoli,https://fr.wikipedia.org/?curid=12835668,https://fr.wikipedia.org/wiki/Erza Muqoli,Page utilisant P569
Christa von Szab\u00f3,https://fr.wikipedia.org/?curid=12864714,https://fr.wikipedia.org/wiki/Christa von Szab\u00f3,Wikip\u00e9dia:\u00e9bauche patinage artistique
Gisela Hochhaltinger,https://fr.wikipedia.org/?curid=12864863,https://fr.wikipedia.org/wiki/Gisela Hochhaltinger,Page utilisant P106
Beverley Redfern,https://fr.wikipedia.org/?curid=12863993,https://fr.wikipedia.org/wiki/Beverley Redfern,Wikip\u00e9dia:\u00e9bauche athl\u00e8te
Gisela Reichmann,https://fr.wikipedia.org/?curid=12864586,https://fr.wikipedia.org/wiki/Gisela Reichmann,Page utilisant P27
Ariana Ince,https://fr.wikipedia.org/?curid=12794268,https://fr.wikipedia.org/wiki/Ariana Ince,Wikip\u00e9dia:\u00e9bauche athl\u00e8te am\u00e9ricain
Emma Watson,https://fr.wikipedia.org/?curid=1279461,https://fr.wikipedia.org/wiki/Emma Watson,Page en semi-protection longue
Worknesh Degefa,https://fr.wikipedia.org/?curid=12801467,https://fr.wikipedia.org/wiki/Worknesh Degefa,Article utilisant une Infobox
Mariana Marcelino,https://fr.wikipedia.org/?curid=12804691,https://fr.wikipedia.org/wiki/Mariana Marcelino,Wikip\u00e9dia:\u00e9bauche athl\u00e8te br\u00e9silien
Jackline Wambui,https://fr.wikipedia.org/?curid=12843417,https://fr.wikipedia.org/wiki/Jackline Wambui,Wikip\u00e9dia:\u00e9bauche athl\u00e8te k\u00e9nyan
Charlotte Morgan,https://fr.wikipedia.org/?curid=12843953,https://fr.wikipedia.org/wiki/Charlotte Morgan,Article utilisant une Infobox
Natalia Tereshenko,https://fr.wikipedia.org/?curid=12830916,https://fr.wikipedia.org/wiki/Natalia Tereshenko,Wikip\u00e9dia:\u00e9bauche biathlon
Elin Jones,https://fr.wikipedia.org/?curid=12837597,https://fr.wikipedia.org/wiki/Elin Jones,Article contenant un appel \u00e0 traduction en anglais
Liu Qing (athl\u00e9tisme),https://fr.wikipedia.org/?curid=12830059,https://fr.wikipedia.org/wiki/Liu Qing (athl\u00e9tisme),Wikip\u00e9dia:\u00e9bauche athl\u00e9tisme
Ariyat Dibow Ubang,https://fr.wikipedia.org/?curid=12829939,https://fr.wikipedia.org/wiki/Ariyat Dibow Ubang,Wikip\u00e9dia:\u00e9bauche athl\u00e9tisme
Yang Qi,https://fr.wikipedia.org/?curid=12830044,https://fr.wikipedia.org/wiki/Yang Qi,Wikip\u00e9dia:\u00e9bauche athl\u00e9tisme
Joyce Borenstein,https://fr.wikipedia.org/?curid=12835098,https://fr.wikipedia.org/wiki/Joyce Borenstein,Page utilisant P27
Reza de Wet,https://fr.wikipedia.org/?curid=12829057,https://fr.wikipedia.org/wiki/Reza de Wet,Page utilisant P569
Ay\u00e7a Ayka\u00e7,https://fr.wikipedia.org/?curid=11351678,https://fr.wikipedia.org/wiki/Ay\u00e7a Ayka\u00e7,Article utilisant une Infobox
Natalija Ko\u010dergina,https://fr.wikipedia.org/?curid=12642076,https://fr.wikipedia.org/wiki/Natalija Ko\u010dergina,Wikip\u00e9dia:\u00e9bauche sportif lituanien
Liste des m\u00e9daill\u00e9s aux Jeux olympiques de 1912,https://fr.wikipedia.org/?curid=12674848,https://fr.wikipedia.org/wiki/Liste des m\u00e9daill\u00e9s aux Jeux olympiques de 1912,Page utilisant une pr\u00e9sentation en colonnes avec un nombre fixe de colonnes
Christina Rieder,https://fr.wikipedia.org/?curid=12677858,https://fr.wikipedia.org/wiki/Christina Rieder,Wikip\u00e9dia:\u00e9bauche biathlon
Sanjana Sanghi,https://fr.wikipedia.org/?curid=13494470,https://fr.wikipedia.org/wiki/Sanjana Sanghi,Page utilisant P569
Coral Buttsworth,https://fr.wikipedia.org/?curid=1350005,https://fr.wikipedia.org/wiki/Coral Buttsworth,Article utilisant une Infobox
Fabienne Suter,https://fr.wikipedia.org/?curid=1350027,https://fr.wikipedia.org/wiki/Fabienne Suter,Article utilisant une Infobox
Filmographie de Mel Gibson,https://fr.wikipedia.org/?curid=13659896,https://fr.wikipedia.org/wiki/Filmographie de Mel Gibson,Portail:Cin\u00e9ma am\u00e9ricain/Articles li\u00e9s
Oh Yeon-seo,https://fr.wikipedia.org/?curid=13657520,https://fr.wikipedia.org/wiki/Oh Yeon-seo,Article utilisant une Infobox
Julia Prescott,https://fr.wikipedia.org/?curid=13658722,https://fr.wikipedia.org/wiki/Julia Prescott,Article \u00e0 illustrer Personnalit\u00e9 du cin\u00e9ma
Dora Boothby,https://fr.wikipedia.org/?curid=1347548,https://fr.wikipedia.org/wiki/Dora Boothby,Article utilisant une Infobox
Ilona Bublov\u00e1,https://fr.wikipedia.org/?curid=13456893,https://fr.wikipedia.org/wiki/Ilona Bublov\u00e1,Wikip\u00e9dia:\u00e9bauche ski de fond
Tara Buck,https://fr.wikipedia.org/?curid=13476182,https://fr.wikipedia.org/wiki/Tara Buck,Page utilisant P569
Sabrina Viguier,https://fr.wikipedia.org/?curid=1347474,https://fr.wikipedia.org/wiki/Sabrina Viguier,Wikip\u00e9dia:\u00e9bauche footballeuse fran\u00e7aise
Lauren Jeska,https://fr.wikipedia.org/?curid=13411990,https://fr.wikipedia.org/wiki/Lauren Jeska,Article utilisant une Infobox
Richard Findlow,https://fr.wikipedia.org/?curid=13440433,https://fr.wikipedia.org/wiki/Richard Findlow,Article \u00e0 illustrer Athl\u00e8te
In\u00e8s Lee,https://fr.wikipedia.org/?curid=13638490,https://fr.wikipedia.org/wiki/In\u00e8s Lee,Wikip\u00e9dia:\u00e9bauche personnalit\u00e9 fran\u00e7aise
Zhanna Vokueva,https://fr.wikipedia.org/?curid=13635551,https://fr.wikipedia.org/wiki/Zhanna Vokueva,Article \u00e0 illustrer Athl\u00e8te
Elena Nagovitsyna,https://fr.wikipedia.org/?curid=13645169,https://fr.wikipedia.org/wiki/Elena Nagovitsyna,Article utilisant une Infobox
Sherly Jeudy,https://fr.wikipedia.org/?curid=13615420,https://fr.wikipedia.org/wiki/Sherly Jeudy,Article \u00e0 illustrer Footballeur
St\u00e9phanie G\u00e9rard,https://fr.wikipedia.org/?curid=13613339,https://fr.wikipedia.org/wiki/St\u00e9phanie G\u00e9rard,Wikip\u00e9dia:\u00e9bauche chanteur fran\u00e7ais
Ashley Park,https://fr.wikipedia.org/?curid=13616788,https://fr.wikipedia.org/wiki/Ashley Park,Article utilisant une Infobox
Annamie Paul,https://fr.wikipedia.org/?curid=13623914,https://fr.wikipedia.org/wiki/Annamie Paul,Article contenant un appel \u00e0 traduction en anglais
Sandrine Soubeyrand,https://fr.wikipedia.org/?curid=1361555,https://fr.wikipedia.org/wiki/Sandrine Soubeyrand,Article contenant un lien mort
Expensive (chanson),https://fr.wikipedia.org/?curid=13661550,https://fr.wikipedia.org/wiki/Expensive (chanson),Article utilisant une Infobox
Ester Hern\u00e0ndez,https://fr.wikipedia.org/?curid=14229253,https://fr.wikipedia.org/wiki/Ester Hern\u00e0ndez,Article utilisant une Infobox
Doris Metaxa,https://fr.wikipedia.org/?curid=1423071,https://fr.wikipedia.org/wiki/Doris Metaxa,Article utilisant une Infobox
Josane Sigart,https://fr.wikipedia.org/?curid=1423103,https://fr.wikipedia.org/wiki/Josane Sigart,Article utilisant une Infobox
Wided Atatou,https://fr.wikipedia.org/?curid=14233051,https://fr.wikipedia.org/wiki/Wided Atatou,Wikip\u00e9dia:\u00e9bauche athl\u00e9tisme
Lina Chabane,https://fr.wikipedia.org/?curid=14232728,https://fr.wikipedia.org/wiki/Lina Chabane,Article utilisant une Infobox
Elisa Lonc\u00f3n,https://fr.wikipedia.org/?curid=14231951,https://fr.wikipedia.org/wiki/Elisa Lonc\u00f3n,Article \u00e0 r\u00e9f\u00e9rence n\u00e9cessaire
H\u00e9l\u00e8ne Thouy,https://fr.wikipedia.org/?curid=14222565,https://fr.wikipedia.org/wiki/H\u00e9l\u00e8ne Thouy,Article utilisant une Infobox
Morgann LeLeux,https://fr.wikipedia.org/?curid=14224051,https://fr.wikipedia.org/wiki/Morgann LeLeux,Article \u00e0 illustrer Athl\u00e8te
Claudia Heill,https://fr.wikipedia.org/?curid=1726895,https://fr.wikipedia.org/wiki/Claudia Heill,Page utilisant P569
Kylie Minogue,https://fr.wikipedia.org/?curid=186121,https://fr.wikipedia.org/wiki/Kylie Minogue,Article contenant un appel \u00e0 traduction en anglais
Baldur's Gate II: Shadows of Amn,https://fr.wikipedia.org/?curid=175557,https://fr.wikipedia.org/wiki/Baldur's Gate II: Shadows of Amn,Article contenant un lien mort
Ginette Bucaille,https://fr.wikipedia.org/?curid=1764975,https://fr.wikipedia.org/wiki/Ginette Bucaille,Article \u00e0 illustrer Joueur de tennis
Beryl H. Turner,https://fr.wikipedia.org/?curid=1764984,https://fr.wikipedia.org/wiki/Beryl H. Turner,Article \u00e0 illustrer Joueur de tennis
Jana Kandarr,https://fr.wikipedia.org/?curid=1764992,https://fr.wikipedia.org/wiki/Jana Kandarr,Article utilisant une Infobox
Jean Nachand,https://fr.wikipedia.org/?curid=1765014,https://fr.wikipedia.org/wiki/Jean Nachand,Article \u00e0 illustrer Joueur de tennis
Jeanne Vaussard,https://fr.wikipedia.org/?curid=1765016,https://fr.wikipedia.org/wiki/Jeanne Vaussard,Article utilisant une Infobox
Jill Blackman,https://fr.wikipedia.org/?curid=1765018,https://fr.wikipedia.org/wiki/Jill Blackman,Article \u00e0 illustrer Joueur de tennis
Justina Bricka,https://fr.wikipedia.org/?curid=1765040,https://fr.wikipedia.org/wiki/Justina Bricka,Article \u00e0 illustrer Joueur de tennis
Katherine Woodward,https://fr.wikipedia.org/?curid=1765044,https://fr.wikipedia.org/wiki/Katherine Woodward,Article \u00e0 illustrer Joueur de tennis
Lida Voorhees,https://fr.wikipedia.org/?curid=1765081,https://fr.wikipedia.org/wiki/Lida Voorhees,Article \u00e0 illustrer Joueur de tennis
Lolette Payot,https://fr.wikipedia.org/?curid=1765088,https://fr.wikipedia.org/wiki/Lolette Payot,Wikip\u00e9dia:\u00e9bauche personnalit\u00e9 suisse
Louise Hammond,https://fr.wikipedia.org/?curid=1765106,https://fr.wikipedia.org/wiki/Louise Hammond,Article utilisant une Infobox
Mabel Parton,https://fr.wikipedia.org/?curid=1765130,https://fr.wikipedia.org/wiki/Mabel Parton,Article \u00e0 illustrer Joueur de tennis
Marie Danet,https://fr.wikipedia.org/?curid=1765153,https://fr.wikipedia.org/wiki/Marie Danet,Article \u00e0 illustrer Joueur de tennis
Marie Storms,https://fr.wikipedia.org/?curid=1765156,https://fr.wikipedia.org/wiki/Marie Storms,Article \u00e0 illustrer Joueur de tennis
Marie Wagner,https://fr.wikipedia.org/?curid=1765196,https://fr.wikipedia.org/wiki/Marie Wagner,Article utilisant une Infobox
Marissa Irvin,https://fr.wikipedia.org/?curid=1765202,https://fr.wikipedia.org/wiki/Marissa Irvin,Article \u00e0 illustrer Joueur de tennis
Marjorie Mountain,https://fr.wikipedia.org/?curid=1765204,https://fr.wikipedia.org/wiki/Marjorie Mountain,Article \u00e0 illustrer Joueur de tennis
May Blick,https://fr.wikipedia.org/?curid=1765212,https://fr.wikipedia.org/wiki/May Blick,Article \u00e0 illustrer Joueur de tennis
May Hardcastle,https://fr.wikipedia.org/?curid=1765228,https://fr.wikipedia.org/wiki/May Hardcastle,Article utilisant une Infobox
Patricia Edwards,https://fr.wikipedia.org/?curid=1765231,https://fr.wikipedia.org/wiki/Patricia Edwards,Article \u00e0 illustrer Joueur de tennis
Milada Skrbkov\u00e1,https://fr.wikipedia.org/?curid=1765242,https://fr.wikipedia.org/wiki/Milada Skrbkov\u00e1,Wikip\u00e9dia:\u00e9bauche tennis
Nanette Schutte,https://fr.wikipedia.org/?curid=1765255,https://fr.wikipedia.org/wiki/Nanette Schutte,Article utilisant une Infobox
Norma Baylon,https://fr.wikipedia.org/?curid=1765260,https://fr.wikipedia.org/wiki/Norma Baylon,Article utilisant une Infobox
Sofie Castenschiold,https://fr.wikipedia.org/?curid=1765287,https://fr.wikipedia.org/wiki/Sofie Castenschiold,Article \u00e0 illustrer Joueur de tennis
Susan Noel,https://fr.wikipedia.org/?curid=1765291,https://fr.wikipedia.org/wiki/Susan Noel,Article utilisant une Infobox
Elsa Wallenberg,https://fr.wikipedia.org/?curid=1714863,https://fr.wikipedia.org/wiki/Elsa Wallenberg,Article utilisant une Infobox
Augusta Schultz,https://fr.wikipedia.org/?curid=1714894,https://fr.wikipedia.org/wiki/Augusta Schultz,Article \u00e0 illustrer Joueur de tennis
Astrid Suurbeek,https://fr.wikipedia.org/?curid=1714895,https://fr.wikipedia.org/wiki/Astrid Suurbeek,Article utilisant une Infobox
Arlette Halff,https://fr.wikipedia.org/?curid=1714896,https://fr.wikipedia.org/wiki/Arlette Halff,Article utilisant une Infobox
Anne Shilcock,https://fr.wikipedia.org/?curid=1714897,https://fr.wikipedia.org/wiki/Anne Shilcock,Article \u00e0 illustrer Joueur de tennis
Anna-Maria Nasuelli,https://fr.wikipedia.org/?curid=1714901,https://fr.wikipedia.org/wiki/Anna-Maria Nasuelli,Article \u00e0 illustrer Joueur de tennis
Alice Simpson,https://fr.wikipedia.org/?curid=1714909,https://fr.wikipedia.org/wiki/Alice Simpson,Article utilisant une Infobox
A. P\u00e9an,https://fr.wikipedia.org/?curid=1714920,https://fr.wikipedia.org/wiki/A. P\u00e9an,Article manquant de r\u00e9f\u00e9rences depuis mai 2011
Kathleen Lidderdale,https://fr.wikipedia.org/?curid=1714921,https://fr.wikipedia.org/wiki/Kathleen Lidderdale,Article \u00e0 illustrer Joueur de tennis
Agnes Tuckey,https://fr.wikipedia.org/?curid=1714923,https://fr.wikipedia.org/wiki/Agnes Tuckey,Article \u00e0 illustrer Joueur de tennis
Antje Harvey,https://fr.wikipedia.org/?curid=1818787,https://fr.wikipedia.org/wiki/Antje Harvey,Article utilisant une Infobox
Natalie Gulbis,https://fr.wikipedia.org/?curid=1818699,https://fr.wikipedia.org/wiki/Natalie Gulbis,Article utilisant une Infobox
Emma Thomas,https://fr.wikipedia.org/?curid=1849698,https://fr.wikipedia.org/wiki/Emma Thomas,Wikip\u00e9dia:\u00e9bauche producteur de cin\u00e9ma
Rendez-vous (album de Jane Birkin),https://fr.wikipedia.org/?curid=1858593,https://fr.wikipedia.org/wiki/Rendez-vous (album de Jane Birkin),Article utilisant une Infobox
Yvonne Meusburger,https://fr.wikipedia.org/?curid=1858116,https://fr.wikipedia.org/wiki/Yvonne Meusburger,Article utilisant une Infobox
Leighton Meester,https://fr.wikipedia.org/?curid=1850155,https://fr.wikipedia.org/wiki/Leighton Meester,Article contenant un lien mort
Trisha Yearwood,https://fr.wikipedia.org/?curid=1843327,https://fr.wikipedia.org/wiki/Trisha Yearwood,Wikip\u00e9dia:\u00e9bauche chanteur am\u00e9ricain
Ani Lorak,https://fr.wikipedia.org/?curid=2065990,https://fr.wikipedia.org/wiki/Ani Lorak,Article utilisant une Infobox
Krystyna Skarbek,https://fr.wikipedia.org/?curid=2066142,https://fr.wikipedia.org/wiki/Krystyna Skarbek,Page utilisant P569
Karin Prinsloo (karat\u00e9),https://fr.wikipedia.org/?curid=2066296,https://fr.wikipedia.org/wiki/Karin Prinsloo (karat\u00e9),Wikip\u00e9dia:\u00e9bauche karat\u00e9
Mon voisin Totoro,https://fr.wikipedia.org/?curid=20555,https://fr.wikipedia.org/wiki/Mon voisin Totoro,Article utilisant une Infobox
Kristin Armstrong,https://fr.wikipedia.org/?curid=2067105,https://fr.wikipedia.org/wiki/Kristin Armstrong,Page utilisant P569
Katar\u00edna Vadovi\u010dov\u00e1,https://fr.wikipedia.org/?curid=2013730,https://fr.wikipedia.org/wiki/Katar\u00edna Vadovi\u010dov\u00e1,Article contenant un lien mort
V\u00e9ronique Claudel,https://fr.wikipedia.org/?curid=2013389,https://fr.wikipedia.org/wiki/V\u00e9ronique Claudel,Article utilisant une Infobox
Andr\u00e9e Joly,https://fr.wikipedia.org/?curid=2013430,https://fr.wikipedia.org/wiki/Andr\u00e9e Joly,Article utilisant une Infobox
Susana Bojaico,https://fr.wikipedia.org/?curid=2013612,https://fr.wikipedia.org/wiki/Susana Bojaico,Article contenant un lien mort
Kim Basinger,https://fr.wikipedia.org/?curid=211352,https://fr.wikipedia.org/wiki/Kim Basinger,Article contenant un lien mort
Minority Report,https://fr.wikipedia.org/?curid=212902,https://fr.wikipedia.org/wiki/Minority Report,Article utilisant une Infobox
Tanja Poutiainen,https://fr.wikipedia.org/?curid=212945,https://fr.wikipedia.org/wiki/Tanja Poutiainen,Wikip\u00e9dia:\u00e9bauche ski alpin
Katrin Olsson,https://fr.wikipedia.org/?curid=2077168,https://fr.wikipedia.org/wiki/Katrin Olsson,Page utilisant P569
Y\u016bko Hasama,https://fr.wikipedia.org/?curid=2059169,https://fr.wikipedia.org/wiki/Y\u016bko Hasama,Wikip\u00e9dia:\u00e9bauche karat\u00e9ka japonais
Yukari Yamakawa,https://fr.wikipedia.org/?curid=2059395,https://fr.wikipedia.org/wiki/Yukari Yamakawa,Wikip\u00e9dia:\u00e9bauche karat\u00e9ka japonais
Sophie Berger,https://fr.wikipedia.org/?curid=2059533,https://fr.wikipedia.org/wiki/Sophie Berger,Page utilisant P569
Guus van Mourik,https://fr.wikipedia.org/?curid=2056728,https://fr.wikipedia.org/wiki/Guus van Mourik,Page utilisant P569
Jang Na-ra,https://fr.wikipedia.org/?curid=2026485,https://fr.wikipedia.org/wiki/Jang Na-ra,Article utilisant une Infobox
Marika Kilius,https://fr.wikipedia.org/?curid=2028367,https://fr.wikipedia.org/wiki/Marika Kilius,Article utilisant une Infobox
Petra Behle,https://fr.wikipedia.org/?curid=2465819,https://fr.wikipedia.org/wiki/Petra Behle,Article utilisant une Infobox
Physique,https://fr.wikipedia.org/?curid=2306,https://fr.wikipedia.org/wiki/Physique,Page utilisant P279
Laure Manaudou,https://fr.wikipedia.org/?curid=2497694,https://fr.wikipedia.org/wiki/Laure Manaudou,Article utilisant une Infobox
Mindy Smith,https://fr.wikipedia.org/?curid=2496882,https://fr.wikipedia.org/wiki/Mindy Smith,Article utilisant une Infobox
Pi\u00e8ce de 20 centimes Marianne,https://fr.wikipedia.org/?curid=2498000,https://fr.wikipedia.org/wiki/Pi\u00e8ce de 20 centimes Marianne,Wikip\u00e9dia:\u00e9bauche numismatique
Nicolas Lebrun,https://fr.wikipedia.org/?curid=2394545,https://fr.wikipedia.org/wiki/Nicolas Lebrun,Article utilisant une Infobox
Nathalie Dechy,https://fr.wikipedia.org/?curid=241988,https://fr.wikipedia.org/wiki/Nathalie Dechy,Article utilisant une Infobox
Denise Bombardier,https://fr.wikipedia.org/?curid=251062,https://fr.wikipedia.org/wiki/Denise Bombardier,Page utilisant P569
Ingrid Berghmans,https://fr.wikipedia.org/?curid=250523,https://fr.wikipedia.org/wiki/Ingrid Berghmans,Page utilisant P569
Iva Karagiozova,https://fr.wikipedia.org/?curid=2483999,https://fr.wikipedia.org/wiki/Iva Karagiozova,Wikip\u00e9dia:\u00e9bauche biathlon
Deepika Padukone,https://fr.wikipedia.org/?curid=2503440,https://fr.wikipedia.org/wiki/Deepika Padukone,Page utilisant P569
Lisa Leslie,https://fr.wikipedia.org/?curid=249062,https://fr.wikipedia.org/wiki/Lisa Leslie,Article utilisant une Infobox
Elin Kristiansen,https://fr.wikipedia.org/?curid=2489884,https://fr.wikipedia.org/wiki/Elin Kristiansen,Wikip\u00e9dia:\u00e9bauche sportif norv\u00e9gien
Toril F\u00f8rland,https://fr.wikipedia.org/?curid=2495854,https://fr.wikipedia.org/wiki/Toril F\u00f8rland,Page utilisant P569
Sharon Jones,https://fr.wikipedia.org/?curid=2496010,https://fr.wikipedia.org/wiki/Sharon Jones,Article utilisant une Infobox
Eva-Maria Brem,https://fr.wikipedia.org/?curid=2254902,https://fr.wikipedia.org/wiki/Eva-Maria Brem,Article utilisant une Infobox
Nadia Com\u0103neci,https://fr.wikipedia.org/?curid=219412,https://fr.wikipedia.org/wiki/Nadia Com\u0103neci,Image locale diff\u00e9rente de celle de Wikidata
Annett Louisan,https://fr.wikipedia.org/?curid=2223834,https://fr.wikipedia.org/wiki/Annett Louisan,Article utilisant une Infobox
Katarina Witt,https://fr.wikipedia.org/?curid=222565,https://fr.wikipedia.org/wiki/Katarina Witt,Wikip\u00e9dia:\u00e9bauche patinage artistique
Sheryl Crow,https://fr.wikipedia.org/?curid=215630,https://fr.wikipedia.org/wiki/Sheryl Crow,Article utilisant une Infobox
Priscila Perales,https://fr.wikipedia.org/?curid=2219349,https://fr.wikipedia.org/wiki/Priscila Perales,Page utilisant P569
Mary Pierce,https://fr.wikipedia.org/?curid=226640,https://fr.wikipedia.org/wiki/Mary Pierce,Article utilisant une Infobox
Liste des m\u00e9daill\u00e9s olympiques masculins en cyclisme,https://fr.wikipedia.org/?curid=2031517,https://fr.wikipedia.org/wiki/Liste des m\u00e9daill\u00e9s olympiques masculins en cyclisme,Portail:Cyclisme/Articles li\u00e9s
David Vitter,https://fr.wikipedia.org/?curid=203225,https://fr.wikipedia.org/wiki/David Vitter,Article utilisant une Infobox
Frida Kahlo,https://fr.wikipedia.org/?curid=2038038,https://fr.wikipedia.org/wiki/Frida Kahlo,Article contenant un appel \u00e0 traduction en espagnol
Sam and Max Hit the Road,https://fr.wikipedia.org/?curid=203520,https://fr.wikipedia.org/wiki/Sam and Max Hit the Road,Page utilisant P407
Yannick Souvr\u00e9,https://fr.wikipedia.org/?curid=236539,https://fr.wikipedia.org/wiki/Yannick Souvr\u00e9,Article utilisant une Infobox
Cecilia Bolocco,https://fr.wikipedia.org/?curid=235050,https://fr.wikipedia.org/wiki/Cecilia Bolocco,Wikip\u00e9dia:\u00e9bauche personnalit\u00e9 chilienne
Cl\u00e9mentine Autain,https://fr.wikipedia.org/?curid=235889,https://fr.wikipedia.org/wiki/Cl\u00e9mentine Autain,Article contenant un lien mort
Lance Armstrong,https://fr.wikipedia.org/?curid=23529,https://fr.wikipedia.org/wiki/Lance Armstrong,Article contenant un lien mort
Oph\u00e9lie Winter,https://fr.wikipedia.org/?curid=237417,https://fr.wikipedia.org/wiki/Oph\u00e9lie Winter,Article contenant un lien mort
Cathy Melain,https://fr.wikipedia.org/?curid=238081,https://fr.wikipedia.org/wiki/Cathy Melain,Article utilisant une Infobox
Cyndi Lauper,https://fr.wikipedia.org/?curid=232819,https://fr.wikipedia.org/wiki/Cyndi Lauper,Page utilisant P569
Dara Torres,https://fr.wikipedia.org/?curid=2318476,https://fr.wikipedia.org/wiki/Dara Torres,Article utilisant une Infobox
Miss Teen USA,https://fr.wikipedia.org/?curid=2324477,https://fr.wikipedia.org/wiki/Miss Teen USA,Article utilisant une Infobox
