Name,URL1,URL2,First Category
Eug\u00e9nie Le Sommer,https://fr.wikipedia.org/?curid=2160731,https://fr.wikipedia.org/wiki/Eug\u00e9nie Le Sommer,Article utilisant une Infobox
Merci la vie,https://fr.wikipedia.org/?curid=202115,https://fr.wikipedia.org/wiki/Merci la vie,Article utilisant une Infobox
Nicole Boegman,https://fr.wikipedia.org/?curid=2018553,https://fr.wikipedia.org/wiki/Nicole Boegman,Wikip\u00e9dia:\u00e9bauche athl\u00e8te australien
Esm\u00e9e Denters,https://fr.wikipedia.org/?curid=2020949,https://fr.wikipedia.org/wiki/Esm\u00e9e Denters,Article \u00e0 recycler/Liste compl\u00e8te
Paul Schrader,https://fr.wikipedia.org/?curid=267461,https://fr.wikipedia.org/wiki/Paul Schrader,Article manquant de r\u00e9f\u00e9rences depuis ao\u00fbt 2010
Arnold Schwarzenegger,https://fr.wikipedia.org/?curid=27130,https://fr.wikipedia.org/wiki/Arnold Schwarzenegger,Article contenant un lien mort
Caroline N\u00e9ron,https://fr.wikipedia.org/?curid=273696,https://fr.wikipedia.org/wiki/Caroline N\u00e9ron,Article contenant un lien mort
Lara Fabian,https://fr.wikipedia.org/?curid=2757160,https://fr.wikipedia.org/wiki/Lara Fabian,Article utilisant une Infobox
Derartu Tulu,https://fr.wikipedia.org/?curid=275072,https://fr.wikipedia.org/wiki/Derartu Tulu,Article \u00e0 illustrer Athl\u00e8te
C\u00e9sar de la meilleure actrice dans un second r\u00f4le,https://fr.wikipedia.org/?curid=27553,https://fr.wikipedia.org/wiki/C\u00e9sar de la meilleure actrice dans un second r\u00f4le,Portail:Cin\u00e9ma fran\u00e7ais/Articles li\u00e9s
Claudia Cardinale,https://fr.wikipedia.org/?curid=2771330,https://fr.wikipedia.org/wiki/Claudia Cardinale,Article utilisant une Infobox
Zoe Haas,https://fr.wikipedia.org/?curid=2754186,https://fr.wikipedia.org/wiki/Zoe Haas,Article \u00e0 illustrer Sportif
Julie Halard,https://fr.wikipedia.org/?curid=278157,https://fr.wikipedia.org/wiki/Julie Halard,Article \u00e0 illustrer Joueur de tennis
L'Ami de mon amie,https://fr.wikipedia.org/?curid=278133,https://fr.wikipedia.org/wiki/L'Ami de mon amie,Identifiant Unifrance titre identique sur Wikidata
Micheline Ostermeyer,https://fr.wikipedia.org/?curid=275089,https://fr.wikipedia.org/wiki/Micheline Ostermeyer,Article utilisant une Infobox
Heike Drechsler,https://fr.wikipedia.org/?curid=275121,https://fr.wikipedia.org/wiki/Heike Drechsler,Article utilisant une Infobox
Moon So-ri,https://fr.wikipedia.org/?curid=276194,https://fr.wikipedia.org/wiki/Moon So-ri,Article utilisant une Infobox
Liza Del Sierra,https://fr.wikipedia.org/?curid=2761600,https://fr.wikipedia.org/wiki/Liza Del Sierra,Article utilisant une Infobox
Sharon Stone,https://fr.wikipedia.org/?curid=2761,https://fr.wikipedia.org/wiki/Sharon Stone,Article contenant un lien mort
Ivana Spagna,https://fr.wikipedia.org/?curid=2784978,https://fr.wikipedia.org/wiki/Ivana Spagna,Article manquant de r\u00e9f\u00e9rences depuis juillet 2010
Sweeney Todd : Le Diabolique Barbier de Fleet Street,https://fr.wikipedia.org/?curid=2767460,https://fr.wikipedia.org/wiki/Sweeney Todd : Le Diabolique Barbier de Fleet Street,Article utilisant une Infobox
Julie Ditty,https://fr.wikipedia.org/?curid=2769387,https://fr.wikipedia.org/wiki/Julie Ditty,Article utilisant une Infobox
Fabiana Luperini,https://fr.wikipedia.org/?curid=268101,https://fr.wikipedia.org/wiki/Fabiana Luperini,Page utilisant P569
Les Affameurs,https://fr.wikipedia.org/?curid=268242,https://fr.wikipedia.org/wiki/Les Affameurs,Article utilisant une Infobox
Kristen Mann,https://fr.wikipedia.org/?curid=2685071,https://fr.wikipedia.org/wiki/Kristen Mann,Article utilisant une Infobox
Maria Rosa Quario,https://fr.wikipedia.org/?curid=2858001,https://fr.wikipedia.org/wiki/Maria Rosa Quario,Article utilisant une Infobox
Samia Ghali,https://fr.wikipedia.org/?curid=2840227,https://fr.wikipedia.org/wiki/Samia Ghali,Article utilisant une Infobox
Julie Condra,https://fr.wikipedia.org/?curid=2864612,https://fr.wikipedia.org/wiki/Julie Condra,Article \u00e0 illustrer Personnalit\u00e9 du cin\u00e9ma
M\u00e9lin\u00e9e Manouchian,https://fr.wikipedia.org/?curid=2864711,https://fr.wikipedia.org/wiki/M\u00e9lin\u00e9e Manouchian,Article contenant un appel \u00e0 traduction en russe
Aliana Lohan,https://fr.wikipedia.org/?curid=2867660,https://fr.wikipedia.org/wiki/Aliana Lohan,Article manquant de r\u00e9f\u00e9rences depuis juillet 2008
Genevi\u00e8ve Darrieussecq,https://fr.wikipedia.org/?curid=2868808,https://fr.wikipedia.org/wiki/Genevi\u00e8ve Darrieussecq,Page utilisant des arguments dupliqu\u00e9s dans les appels de mod\u00e8le
Coralie Balmy,https://fr.wikipedia.org/?curid=2869108,https://fr.wikipedia.org/wiki/Coralie Balmy,Article utilisant une Infobox
The Hours,https://fr.wikipedia.org/?curid=286357,https://fr.wikipedia.org/wiki/The Hours,Article utilisant une Infobox
Elisabeth H\u00f6gberg,https://fr.wikipedia.org/?curid=2846342,https://fr.wikipedia.org/wiki/Elisabeth H\u00f6gberg,Wikip\u00e9dia:\u00e9bauche biathlon
Melonie Diaz,https://fr.wikipedia.org/?curid=2846892,https://fr.wikipedia.org/wiki/Melonie Diaz,Article utilisant une Infobox
Philippe Lacheau,https://fr.wikipedia.org/?curid=2851541,https://fr.wikipedia.org/wiki/Philippe Lacheau,Article utilisant une Infobox
Bessie Smith,https://fr.wikipedia.org/?curid=283607,https://fr.wikipedia.org/wiki/Bessie Smith,Page utilisant des donn\u00e9es de Wikidata \u00e0 traduire de l'anglais
Svetlana Sleptsova,https://fr.wikipedia.org/?curid=2680105,https://fr.wikipedia.org/wiki/Svetlana Sleptsova,Article utilisant une Infobox
Kelly Willis,https://fr.wikipedia.org/?curid=2678471,https://fr.wikipedia.org/wiki/Kelly Willis,Wikip\u00e9dia:\u00e9bauche musique country
Ann'so,https://fr.wikipedia.org/?curid=2698414,https://fr.wikipedia.org/wiki/Ann'so,Article utilisant une Infobox
Kaya Scodelario,https://fr.wikipedia.org/?curid=2694791,https://fr.wikipedia.org/wiki/Kaya Scodelario,Article manquant de r\u00e9f\u00e9rences depuis octobre 2021
Claire d'Assise,https://fr.wikipedia.org/?curid=267520,https://fr.wikipedia.org/wiki/Claire d'Assise,Article utilisant une Infobox
Delphyne Burlet,https://fr.wikipedia.org/?curid=2686733,https://fr.wikipedia.org/wiki/Delphyne Burlet,Wikip\u00e9dia:\u00e9bauche biathlon
Svetlana Petcherskaia,https://fr.wikipedia.org/?curid=2479622,https://fr.wikipedia.org/wiki/Svetlana Petcherskaia,Wikip\u00e9dia:\u00e9bauche biathlon
I'm Not There,https://fr.wikipedia.org/?curid=2478938,https://fr.wikipedia.org/wiki/I'm Not There,Article utilisant une Infobox
Tracie Spencer,https://fr.wikipedia.org/?curid=2690960,https://fr.wikipedia.org/wiki/Tracie Spencer,Article utilisant une Infobox
Sunshine Anderson,https://fr.wikipedia.org/?curid=2692871,https://fr.wikipedia.org/wiki/Sunshine Anderson,Article utilisant une Infobox
Katja Holanti,https://fr.wikipedia.org/?curid=2690510,https://fr.wikipedia.org/wiki/Katja Holanti,Wikip\u00e9dia:\u00e9bauche biathlon
Mari Lampinen (biathlon),https://fr.wikipedia.org/?curid=2690518,https://fr.wikipedia.org/wiki/Mari Lampinen (biathlon),Wikip\u00e9dia:\u00e9bauche biathlon
Liste des m\u00e9daill\u00e9s olympiques en biathlon,https://fr.wikipedia.org/?curid=2691667,https://fr.wikipedia.org/wiki/Liste des m\u00e9daill\u00e9s olympiques en biathlon,Portail:Biathlon/Articles li\u00e9s
Catherine Marsal,https://fr.wikipedia.org/?curid=269148,https://fr.wikipedia.org/wiki/Catherine Marsal,Page utilisant P569
Winchester '73,https://fr.wikipedia.org/?curid=267006,https://fr.wikipedia.org/wiki/Winchester '73,Article contenant un appel \u00e0 traduction en anglais
Miss Allemagne,https://fr.wikipedia.org/?curid=2673330,https://fr.wikipedia.org/wiki/Miss Allemagne,Cat\u00e9gorie Commons avec lien local identique sur Wikidata
G\u00e9raldine Nakache,https://fr.wikipedia.org/?curid=2478645,https://fr.wikipedia.org/wiki/G\u00e9raldine Nakache,Article utilisant une Infobox
Lo\u00efck Peyron,https://fr.wikipedia.org/?curid=2748001,https://fr.wikipedia.org/wiki/Lo\u00efck Peyron,Article utilisant une Infobox
Faith Hill,https://fr.wikipedia.org/?curid=2745083,https://fr.wikipedia.org/wiki/Faith Hill,Article utilisant une Infobox
C\u00e9line Lebrun,https://fr.wikipedia.org/?curid=271620,https://fr.wikipedia.org/wiki/C\u00e9line Lebrun,Article utilisant une Infobox
Laura Lepist\u00f6,https://fr.wikipedia.org/?curid=2725968,https://fr.wikipedia.org/wiki/Laura Lepist\u00f6,Wikip\u00e9dia:\u00e9bauche patinage artistique
Elena Golovina,https://fr.wikipedia.org/?curid=2712476,https://fr.wikipedia.org/wiki/Elena Golovina,Wikip\u00e9dia:\u00e9bauche biathlon
Simone Greiner-Petter-Memm,https://fr.wikipedia.org/?curid=2712507,https://fr.wikipedia.org/wiki/Simone Greiner-Petter-Memm,Article \u00e0 illustrer Sportif
Jenna McCorkell,https://fr.wikipedia.org/?curid=2726841,https://fr.wikipedia.org/wiki/Jenna McCorkell,Article utilisant une Infobox
Mich\u00e8le Alliot-Marie,https://fr.wikipedia.org/?curid=27405,https://fr.wikipedia.org/wiki/Mich\u00e8le Alliot-Marie,Article contenant un lien mort
Hanka Kupfernagel,https://fr.wikipedia.org/?curid=2738926,https://fr.wikipedia.org/wiki/Hanka Kupfernagel,Page utilisant P569
Les Affranchis (film),https://fr.wikipedia.org/?curid=244366,https://fr.wikipedia.org/wiki/Les Affranchis (film),Article contenant un appel \u00e0 traduction en anglais
Claude Chabrol,https://fr.wikipedia.org/?curid=30459,https://fr.wikipedia.org/wiki/Claude Chabrol,Page utilisant des arguments dupliqu\u00e9s dans les appels de mod\u00e8le
Uschi Disl,https://fr.wikipedia.org/?curid=303318,https://fr.wikipedia.org/wiki/Uschi Disl,Article utilisant une Infobox
Corinne Niogret,https://fr.wikipedia.org/?curid=303331,https://fr.wikipedia.org/wiki/Corinne Niogret,Article utilisant une Infobox
Sally Yoshino,https://fr.wikipedia.org/?curid=3037602,https://fr.wikipedia.org/wiki/Sally Yoshino,Article utilisant une Infobox
Lolo Jones,https://fr.wikipedia.org/?curid=3033616,https://fr.wikipedia.org/wiki/Lolo Jones,Article utilisant une Infobox
Pelin Emniyetli,https://fr.wikipedia.org/?curid=3064270,https://fr.wikipedia.org/wiki/Pelin Emniyetli,Article utilisant une Infobox
Aika Miura,https://fr.wikipedia.org/?curid=2923658,https://fr.wikipedia.org/wiki/Aika Miura,Article utilisant une Infobox
Yelena Belevskaya,https://fr.wikipedia.org/?curid=2832036,https://fr.wikipedia.org/wiki/Yelena Belevskaya,Article \u00e0 illustrer Athl\u00e8te
Fabiana Murer,https://fr.wikipedia.org/?curid=2830505,https://fr.wikipedia.org/wiki/Fabiana Murer,Article utilisant une Infobox
Alsou,https://fr.wikipedia.org/?curid=2830566,https://fr.wikipedia.org/wiki/Alsou,Wikip\u00e9dia:\u00e9bauche culture russe
Bonnie Owens,https://fr.wikipedia.org/?curid=2804396,https://fr.wikipedia.org/wiki/Bonnie Owens,Wikip\u00e9dia:\u00e9bauche chanteur am\u00e9ricain
Anna Veith,https://fr.wikipedia.org/?curid=2812427,https://fr.wikipedia.org/wiki/Anna Veith,Article utilisant une Infobox
Liste des m\u00e9daill\u00e9s olympiques en basket-ball,https://fr.wikipedia.org/?curid=2809966,https://fr.wikipedia.org/wiki/Liste des m\u00e9daill\u00e9s olympiques en basket-ball,Portail:Basket-ball/Articles li\u00e9s
Pi\u00e8ce de 10 francs R\u00e9publique,https://fr.wikipedia.org/?curid=280343,https://fr.wikipedia.org/wiki/Pi\u00e8ce de 10 francs R\u00e9publique,Article utilisant une Infobox
Liste des m\u00e9daill\u00e9s olympiques en football,https://fr.wikipedia.org/?curid=2808543,https://fr.wikipedia.org/wiki/Liste des m\u00e9daill\u00e9s olympiques en football,Portail:Football/Articles li\u00e9s
Elizabeth Shimek-Moeggenberg,https://fr.wikipedia.org/?curid=2797814,https://fr.wikipedia.org/wiki/Elizabeth Shimek-Moeggenberg,Wikip\u00e9dia:\u00e9bauche basket-ball
Mai Asada,https://fr.wikipedia.org/?curid=2819239,https://fr.wikipedia.org/wiki/Mai Asada,Wikip\u00e9dia:\u00e9bauche patinage artistique
Julien Loy,https://fr.wikipedia.org/?curid=2818495,https://fr.wikipedia.org/wiki/Julien Loy,Article \u00e0 illustrer Sportif
Phara Anacharsis,https://fr.wikipedia.org/?curid=3215551,https://fr.wikipedia.org/wiki/Phara Anacharsis,Article utilisant une Infobox
Alexianne Castel,https://fr.wikipedia.org/?curid=3214377,https://fr.wikipedia.org/wiki/Alexianne Castel,Article \u00e0 illustrer Nageur
Julie Ertel,https://fr.wikipedia.org/?curid=3213676,https://fr.wikipedia.org/wiki/Julie Ertel,Wikip\u00e9dia:\u00e9bauche personnalit\u00e9 am\u00e9ricaine
Julie Coin,https://fr.wikipedia.org/?curid=3213176,https://fr.wikipedia.org/wiki/Julie Coin,Article utilisant une Infobox
Mirjam Melchers,https://fr.wikipedia.org/?curid=3191617,https://fr.wikipedia.org/wiki/Mirjam Melchers,Wikip\u00e9dia:\u00e9bauche coureur cycliste n\u00e9erlandais
Karen David,https://fr.wikipedia.org/?curid=3188665,https://fr.wikipedia.org/wiki/Karen David,Article contenant un lien mort
Linda Villumsen,https://fr.wikipedia.org/?curid=3192139,https://fr.wikipedia.org/wiki/Linda Villumsen,Page utilisant P1448
Champions olympiques britanniques,https://fr.wikipedia.org/?curid=3191839,https://fr.wikipedia.org/wiki/Champions olympiques britanniques,Article contenant un appel \u00e0 traduction en anglais
Oph\u00e9lie-Cyrielle \u00c9tienne,https://fr.wikipedia.org/?curid=3192860,https://fr.wikipedia.org/wiki/Oph\u00e9lie-Cyrielle \u00c9tienne,Article utilisant une Infobox
Carla Su\u00e1rez Navarro,https://fr.wikipedia.org/?curid=3193159,https://fr.wikipedia.org/wiki/Carla Su\u00e1rez Navarro,Article utilisant une Infobox
Liste des champions olympiques cubains,https://fr.wikipedia.org/?curid=3193768,https://fr.wikipedia.org/wiki/Liste des champions olympiques cubains,Article contenant un appel \u00e0 traduction en anglais
Trixi Worrack,https://fr.wikipedia.org/?curid=3188176,https://fr.wikipedia.org/wiki/Trixi Worrack,Page utilisant P569
Liste des m\u00e9daill\u00e9s aux Jeux olympiques d'\u00e9t\u00e9 de 2008,https://fr.wikipedia.org/?curid=3203778,https://fr.wikipedia.org/wiki/Liste des m\u00e9daill\u00e9s aux Jeux olympiques d'\u00e9t\u00e9 de 2008,Page utilisant une pr\u00e9sentation en colonnes avec un nombre fixe de colonnes
Alan Dawa Dolma,https://fr.wikipedia.org/?curid=3202463,https://fr.wikipedia.org/wiki/Alan Dawa Dolma,Article contenant un lien mort
Sally Gunnell,https://fr.wikipedia.org/?curid=320197,https://fr.wikipedia.org/wiki/Sally Gunnell,Wikip\u00e9dia:\u00e9bauche athl\u00e8te britannique
Shelly-Ann Fraser-Pryce,https://fr.wikipedia.org/?curid=3200172,https://fr.wikipedia.org/wiki/Shelly-Ann Fraser-Pryce,Article utilisant une Infobox
Champions olympiques jama\u00efcains,https://fr.wikipedia.org/?curid=3200786,https://fr.wikipedia.org/wiki/Champions olympiques jama\u00efcains,Portail:Jeux olympiques/Articles li\u00e9s
Vanessa Fernandes,https://fr.wikipedia.org/?curid=3211190,https://fr.wikipedia.org/wiki/Vanessa Fernandes,Article utilisant une Infobox
Emma Snowsill,https://fr.wikipedia.org/?curid=3211208,https://fr.wikipedia.org/wiki/Emma Snowsill,Page utilisant P569
Emma Moffatt,https://fr.wikipedia.org/?curid=3211214,https://fr.wikipedia.org/wiki/Emma Moffatt,Article utilisant une Infobox
Dawn Harper-Nelson,https://fr.wikipedia.org/?curid=3205458,https://fr.wikipedia.org/wiki/Dawn Harper-Nelson,Article utilisant une Infobox
J. J. Abrams,https://fr.wikipedia.org/?curid=320644,https://fr.wikipedia.org/wiki/J. J. Abrams,Article utilisant une Infobox
Champions olympiques k\u00e9nyans,https://fr.wikipedia.org/?curid=3205188,https://fr.wikipedia.org/wiki/Champions olympiques k\u00e9nyans,Portail:Jeux olympiques/Articles li\u00e9s
Champions olympiques de l'\u00c9quipe unifi\u00e9e d'Allemagne,https://fr.wikipedia.org/?curid=3311118,https://fr.wikipedia.org/wiki/Champions olympiques de l'\u00c9quipe unifi\u00e9e d'Allemagne,Portail:Sport/Articles li\u00e9s
Emma Pooley,https://fr.wikipedia.org/?curid=3191188,https://fr.wikipedia.org/wiki/Emma Pooley,Page utilisant P569
Cara Cunningham,https://fr.wikipedia.org/?curid=3207060,https://fr.wikipedia.org/wiki/Cara Cunningham,Article contenant un lien mort
Aksana Miankova,https://fr.wikipedia.org/?curid=3207531,https://fr.wikipedia.org/wiki/Aksana Miankova,Wikip\u00e9dia:\u00e9bauche athl\u00e8te bi\u00e9lorusse
Lauryn Williams,https://fr.wikipedia.org/?curid=354958,https://fr.wikipedia.org/wiki/Lauryn Williams,Article utilisant une Infobox
Dieudonn\u00e9,https://fr.wikipedia.org/?curid=3561133,https://fr.wikipedia.org/wiki/Dieudonn\u00e9,Article contenant un lien mort
Rachel Talalay,https://fr.wikipedia.org/?curid=3561200,https://fr.wikipedia.org/wiki/Rachel Talalay,Wikip\u00e9dia:\u00e9bauche r\u00e9alisateur am\u00e9ricain
Gisela Dulko,https://fr.wikipedia.org/?curid=356388,https://fr.wikipedia.org/wiki/Gisela Dulko,Article utilisant une Infobox
Ogee,https://fr.wikipedia.org/?curid=3554656,https://fr.wikipedia.org/wiki/Ogee,Page utilisant P569
Blu Cantrell,https://fr.wikipedia.org/?curid=3637627,https://fr.wikipedia.org/wiki/Blu Cantrell,Article manquant de r\u00e9f\u00e9rences depuis avril 2019
Pauline Jannault-Lo,https://fr.wikipedia.org/?curid=3632418,https://fr.wikipedia.org/wiki/Pauline Jannault-Lo,Article utilisant une Infobox
Fatimatou Sacko,https://fr.wikipedia.org/?curid=3632421,https://fr.wikipedia.org/wiki/Fatimatou Sacko,Article utilisant une Infobox
Ga\u00eblle Skrela,https://fr.wikipedia.org/?curid=3632422,https://fr.wikipedia.org/wiki/Ga\u00eblle Skrela,Article utilisant une Infobox
Glory Alozie,https://fr.wikipedia.org/?curid=363850,https://fr.wikipedia.org/wiki/Glory Alozie,Wikip\u00e9dia:\u00e9bauche athl\u00e8te espagnol
Tatyana Tomashova,https://fr.wikipedia.org/?curid=363990,https://fr.wikipedia.org/wiki/Tatyana Tomashova,Wikip\u00e9dia:\u00e9bauche athl\u00e8te russe
Kat Von D,https://fr.wikipedia.org/?curid=3614268,https://fr.wikipedia.org/wiki/Kat Von D,Page utilisant P569
Marie Frick,https://fr.wikipedia.org/?curid=3625439,https://fr.wikipedia.org/wiki/Marie Frick,Article \u00e0 illustrer Joueur de volley-ball
Virginie Kadjo,https://fr.wikipedia.org/?curid=3625893,https://fr.wikipedia.org/wiki/Virginie Kadjo,Article \u00e0 illustrer Joueur de volley-ball
Desislava Goranova,https://fr.wikipedia.org/?curid=3474929,https://fr.wikipedia.org/wiki/Desislava Goranova,Article \u00e0 illustrer Joueur de volley-ball
Ievguenia Moudra\u00efa,https://fr.wikipedia.org/?curid=3474968,https://fr.wikipedia.org/wiki/Ievguenia Moudra\u00efa,Wikip\u00e9dia:\u00e9bauche coureur cycliste russe
Ann Helen Grande,https://fr.wikipedia.org/?curid=3475185,https://fr.wikipedia.org/wiki/Ann Helen Grande,Wikip\u00e9dia:\u00e9bauche biathlon
Elise Ringen,https://fr.wikipedia.org/?curid=3475225,https://fr.wikipedia.org/wiki/Elise Ringen,Wikip\u00e9dia:\u00e9bauche biathlon
Lisa Kudrow,https://fr.wikipedia.org/?curid=350234,https://fr.wikipedia.org/wiki/Lisa Kudrow,Article contenant un lien mort
Kim Mi-hyun,https://fr.wikipedia.org/?curid=3504425,https://fr.wikipedia.org/wiki/Kim Mi-hyun,Wikip\u00e9dia:\u00e9bauche golf
Beckie Scott,https://fr.wikipedia.org/?curid=330143,https://fr.wikipedia.org/wiki/Beckie Scott,Wikip\u00e9dia:\u00e9bauche ski de fond
Lykke Li,https://fr.wikipedia.org/?curid=3327770,https://fr.wikipedia.org/wiki/Lykke Li,Article utilisant une Infobox
Anni Kronbichler,https://fr.wikipedia.org/?curid=3480659,https://fr.wikipedia.org/wiki/Anni Kronbichler,Article utilisant une Infobox
Kristina Vogel,https://fr.wikipedia.org/?curid=3474561,https://fr.wikipedia.org/wiki/Kristina Vogel,Page utilisant P569
Olga Kubassevich,https://fr.wikipedia.org/?curid=3477160,https://fr.wikipedia.org/wiki/Olga Kubassevich,Article utilisant une Infobox
Airi Suzuki,https://fr.wikipedia.org/?curid=3482072,https://fr.wikipedia.org/wiki/Airi Suzuki,Article utilisant une Infobox
Alison Nicholas,https://fr.wikipedia.org/?curid=3485755,https://fr.wikipedia.org/wiki/Alison Nicholas,Wikip\u00e9dia:\u00e9bauche golf
Nilay Benli,https://fr.wikipedia.org/?curid=3487220,https://fr.wikipedia.org/wiki/Nilay Benli,Article \u00e0 illustrer Joueur de volley-ball
Allyson Felix,https://fr.wikipedia.org/?curid=349950,https://fr.wikipedia.org/wiki/Allyson Felix,Article utilisant une Infobox
Kajsa Bergqvist,https://fr.wikipedia.org/?curid=349970,https://fr.wikipedia.org/wiki/Kajsa Bergqvist,Article utilisant une Infobox
"Batman (film, 1989)",https://fr.wikipedia.org/?curid=3498045,"https://fr.wikipedia.org/wiki/Batman (film, 1989)",Identifiant Allocin\u00e9 titre identique sur Wikidata
Zhang Wenxiu,https://fr.wikipedia.org/?curid=3500079,https://fr.wikipedia.org/wiki/Zhang Wenxiu,Article utilisant une Infobox
Liste des m\u00e9daill\u00e9s olympiques en patinage artistique,https://fr.wikipedia.org/?curid=349157,https://fr.wikipedia.org/wiki/Liste des m\u00e9daill\u00e9s olympiques en patinage artistique,Portail:Sports d'hiver/Articles li\u00e9s
Tetyana Bunak,https://fr.wikipedia.org/?curid=3490077,https://fr.wikipedia.org/wiki/Tetyana Bunak,Article \u00e0 illustrer Joueur de volley-ball
Inna Sheshkil,https://fr.wikipedia.org/?curid=3490118,https://fr.wikipedia.org/wiki/Inna Sheshkil,Wikip\u00e9dia:\u00e9bauche biathlon
Ebru Elhan,https://fr.wikipedia.org/?curid=3491169,https://fr.wikipedia.org/wiki/Ebru Elhan,Article \u00e0 illustrer Joueur de volley-ball
Sanja Hanusi\u0107,https://fr.wikipedia.org/?curid=3491832,https://fr.wikipedia.org/wiki/Sanja Hanusi\u0107,Article \u00e0 illustrer Joueur de volley-ball
Jennifer Stone,https://fr.wikipedia.org/?curid=3485250,https://fr.wikipedia.org/wiki/Jennifer Stone,Wikip\u00e9dia:\u00e9bauche acteur am\u00e9ricain
Valentina Tserbe-Nessina,https://fr.wikipedia.org/?curid=3485256,https://fr.wikipedia.org/wiki/Valentina Tserbe-Nessina,Wikip\u00e9dia:\u00e9bauche biathlon
Anna Mur\u00ednov\u00e1,https://fr.wikipedia.org/?curid=3476098,https://fr.wikipedia.org/wiki/Anna Mur\u00ednov\u00e1,Wikip\u00e9dia:\u00e9bauche sportif slovaque
So\u0148a Mihokov\u00e1,https://fr.wikipedia.org/?curid=3476107,https://fr.wikipedia.org/wiki/So\u0148a Mihokov\u00e1,Wikip\u00e9dia:\u00e9bauche biathlon
Sherilyn Fenn,https://fr.wikipedia.org/?curid=347704,https://fr.wikipedia.org/wiki/Sherilyn Fenn,Article utilisant une Infobox
Micha\u00eblle Jean,https://fr.wikipedia.org/?curid=347433,https://fr.wikipedia.org/wiki/Micha\u00eblle Jean,Article utilisant une Infobox
Mai Shiranui,https://fr.wikipedia.org/?curid=349406,https://fr.wikipedia.org/wiki/Mai Shiranui,Wikip\u00e9dia:\u00e9bauche jeu vid\u00e9o
Martina Georgieva,https://fr.wikipedia.org/?curid=3505198,https://fr.wikipedia.org/wiki/Martina Georgieva,Article \u00e0 illustrer Joueur de volley-ball
Annalisa Cucinotta,https://fr.wikipedia.org/?curid=3504932,https://fr.wikipedia.org/wiki/Annalisa Cucinotta,Wikip\u00e9dia:\u00e9bauche coureur cycliste italien
Logan Tom,https://fr.wikipedia.org/?curid=3507372,https://fr.wikipedia.org/wiki/Logan Tom,Wikip\u00e9dia:\u00e9bauche joueuse am\u00e9ricaine de volley-ball
Emilie Ullerup,https://fr.wikipedia.org/?curid=3509483,https://fr.wikipedia.org/wiki/Emilie Ullerup,Article utilisant une Infobox
Doris G\u00fcnther,https://fr.wikipedia.org/?curid=3508716,https://fr.wikipedia.org/wiki/Doris G\u00fcnther,Wikip\u00e9dia:\u00e9bauche snowboard
Zhang Yuehong,https://fr.wikipedia.org/?curid=3508255,https://fr.wikipedia.org/wiki/Zhang Yuehong,Article \u00e0 illustrer Joueur de volley-ball
Nurith Aviv,https://fr.wikipedia.org/?curid=3462395,https://fr.wikipedia.org/wiki/Nurith Aviv,Wikip\u00e9dia:\u00e9bauche r\u00e9alisateur fran\u00e7ais
Elena Ponomareva,https://fr.wikipedia.org/?curid=3462659,https://fr.wikipedia.org/wiki/Elena Ponomareva,Wikip\u00e9dia:\u00e9bauche karat\u00e9ka
Quinta Steenbergen,https://fr.wikipedia.org/?curid=3463012,https://fr.wikipedia.org/wiki/Quinta Steenbergen,Article utilisant une Infobox
Asako Tajimi,https://fr.wikipedia.org/?curid=3464415,https://fr.wikipedia.org/wiki/Asako Tajimi,Article utilisant une Infobox
Nathalie Dambendzet,https://fr.wikipedia.org/?curid=3464430,https://fr.wikipedia.org/wiki/Nathalie Dambendzet,Article \u00e0 illustrer Joueur de volley-ball
Miyuki Kano,https://fr.wikipedia.org/?curid=3464534,https://fr.wikipedia.org/wiki/Miyuki Kano,Wikip\u00e9dia:\u00e9bauche joueuse de volley-ball
Coralie Larnack,https://fr.wikipedia.org/?curid=3465143,https://fr.wikipedia.org/wiki/Coralie Larnack,Article \u00e0 illustrer Joueur de volley-ball
Gloria Casanova Rodriguez,https://fr.wikipedia.org/?curid=3465740,https://fr.wikipedia.org/wiki/Gloria Casanova Rodriguez,Wikip\u00e9dia:\u00e9bauche karat\u00e9ka espagnol
Oriane Amalric,https://fr.wikipedia.org/?curid=3467365,https://fr.wikipedia.org/wiki/Oriane Amalric,Wikip\u00e9dia:\u00e9bauche joueuse fran\u00e7aise de volley-ball
M\u00e9linda Hennaoui,https://fr.wikipedia.org/?curid=3466049,https://fr.wikipedia.org/wiki/M\u00e9linda Hennaoui,Article \u00e0 illustrer Joueur de volley-ball
Anne Andrieux,https://fr.wikipedia.org/?curid=3466063,https://fr.wikipedia.org/wiki/Anne Andrieux,Wikip\u00e9dia:\u00e9bauche joueuse fran\u00e7aise de volley-ball
Kim Staelens,https://fr.wikipedia.org/?curid=3437399,https://fr.wikipedia.org/wiki/Kim Staelens,Article utilisant une Infobox
Jean-Claude Van Damme,https://fr.wikipedia.org/?curid=34379,https://fr.wikipedia.org/wiki/Jean-Claude Van Damme,Page en semi-protection \u00e9tendue
The Fame,https://fr.wikipedia.org/?curid=3307964,https://fr.wikipedia.org/wiki/The Fame,Article utilisant une Infobox
Marija Mad\u017earevi\u0107,https://fr.wikipedia.org/?curid=3453157,https://fr.wikipedia.org/wiki/Marija Mad\u017earevi\u0107,Article contenant un lien mort
Tiffany Fanjat,https://fr.wikipedia.org/?curid=3453405,https://fr.wikipedia.org/wiki/Tiffany Fanjat,Article contenant un lien mort
Florentina Nedelcu,https://fr.wikipedia.org/?curid=3459813,https://fr.wikipedia.org/wiki/Florentina Nedelcu,Article utilisant une Infobox
Ivana Zburov\u00e1,https://fr.wikipedia.org/?curid=3459870,https://fr.wikipedia.org/wiki/Ivana Zburov\u00e1,Article \u00e0 illustrer Joueur de volley-ball
\u00c9lisabeth Chaud,https://fr.wikipedia.org/?curid=3459953,https://fr.wikipedia.org/wiki/\u00c9lisabeth Chaud,Article \u00e0 illustrer Sportif
Vanessa Folcheris,https://fr.wikipedia.org/?curid=3461874,https://fr.wikipedia.org/wiki/Vanessa Folcheris,Article \u00e0 illustrer Joueur de volley-ball
Nassira Camara,https://fr.wikipedia.org/?curid=3459497,https://fr.wikipedia.org/wiki/Nassira Camara,Wikip\u00e9dia:\u00e9bauche joueuse fran\u00e7aise de volley-ball
Milena Boteva,https://fr.wikipedia.org/?curid=3442281,https://fr.wikipedia.org/wiki/Milena Boteva,Article \u00e0 illustrer Joueur de volley-ball
Kang Hye-jeong,https://fr.wikipedia.org/?curid=3442309,https://fr.wikipedia.org/wiki/Kang Hye-jeong,Article utilisant une Infobox
Sanja Mitrovi\u0107,https://fr.wikipedia.org/?curid=3440019,https://fr.wikipedia.org/wiki/Sanja Mitrovi\u0107,Article \u00e0 illustrer Joueur de volley-ball
Louise Forestier,https://fr.wikipedia.org/?curid=344286,https://fr.wikipedia.org/wiki/Louise Forestier,Article utilisant une Infobox
Marie-Am\u00e9lie d'Autriche (1701-1756),https://fr.wikipedia.org/?curid=3445831,https://fr.wikipedia.org/wiki/Marie-Am\u00e9lie d'Autriche (1701-1756),Article utilisant une Infobox
Natalia Haniko\u011flu,https://fr.wikipedia.org/?curid=3433532,https://fr.wikipedia.org/wiki/Natalia Haniko\u011flu,Article \u00e0 illustrer Joueur de volley-ball
Marion Clignet,https://fr.wikipedia.org/?curid=346799,https://fr.wikipedia.org/wiki/Marion Clignet,Page utilisant P1477
Cristina Feo Gomez,https://fr.wikipedia.org/?curid=3468048,https://fr.wikipedia.org/wiki/Cristina Feo Gomez,Page utilisant P569
Elif A\u011fca,https://fr.wikipedia.org/?curid=3471449,https://fr.wikipedia.org/wiki/Elif A\u011fca,Article utilisant une Infobox
See You Again (chanson de Miley Cyrus),https://fr.wikipedia.org/?curid=3468298,https://fr.wikipedia.org/wiki/See You Again (chanson de Miley Cyrus),Wikip\u00e9dia:\u00e9bauche chanson
Fly on the Wall (chanson),https://fr.wikipedia.org/?curid=3468590,https://fr.wikipedia.org/wiki/Fly on the Wall (chanson),Wikip\u00e9dia:\u00e9bauche chanson
Giusy Ferreri,https://fr.wikipedia.org/?curid=3469874,https://fr.wikipedia.org/wiki/Giusy Ferreri,Article \u00e0 wikifier depuis juillet 2022
H\u00e9l\u00e8ne Schleck,https://fr.wikipedia.org/?curid=3469065,https://fr.wikipedia.org/wiki/H\u00e9l\u00e8ne Schleck,Article utilisant une Infobox
Gabriele Reinsch,https://fr.wikipedia.org/?curid=3409312,https://fr.wikipedia.org/wiki/Gabriele Reinsch,Article utilisant une Infobox
Ivana Stoli\u0107,https://fr.wikipedia.org/?curid=3413294,https://fr.wikipedia.org/wiki/Ivana Stoli\u0107,Wikip\u00e9dia:\u00e9bauche joueur serbe de volley-ball
Jiyai Shin,https://fr.wikipedia.org/?curid=3413551,https://fr.wikipedia.org/wiki/Jiyai Shin,Wikip\u00e9dia:\u00e9bauche golf
Bull Nakano,https://fr.wikipedia.org/?curid=3397855,https://fr.wikipedia.org/wiki/Bull Nakano,Page utilisant P27
Hotaru Akane,https://fr.wikipedia.org/?curid=3401740,https://fr.wikipedia.org/wiki/Hotaru Akane,Article contenant un lien mort
Melanie Schnell,https://fr.wikipedia.org/?curid=3403970,https://fr.wikipedia.org/wiki/Melanie Schnell,Article \u00e0 illustrer Joueur de tennis
Natalia Joukova (volley-ball),https://fr.wikipedia.org/?curid=3399056,https://fr.wikipedia.org/wiki/Natalia Joukova (volley-ball),Article \u00e0 illustrer Joueur de volley-ball
Aretha Franklin,https://fr.wikipedia.org/?curid=342938,https://fr.wikipedia.org/wiki/Aretha Franklin,Article utilisant une Infobox
Ludivine Kreutz,https://fr.wikipedia.org/?curid=3427835,https://fr.wikipedia.org/wiki/Ludivine Kreutz,Wikip\u00e9dia:\u00e9bauche golf
Joanna Rowsell-Shand,https://fr.wikipedia.org/?curid=3428461,https://fr.wikipedia.org/wiki/Joanna Rowsell-Shand,Wikip\u00e9dia:\u00e9bauche coureur cycliste britannique
Korsakoff (musicienne),https://fr.wikipedia.org/?curid=3422894,https://fr.wikipedia.org/wiki/Korsakoff (musicienne),Article utilisant une Infobox
Colette Huchard,https://fr.wikipedia.org/?curid=3422700,https://fr.wikipedia.org/wiki/Colette Huchard,Page utilisant P569
Andrea Sieglova,https://fr.wikipedia.org/?curid=3390190,https://fr.wikipedia.org/wiki/Andrea Sieglova,Article \u00e0 illustrer Joueur de volley-ball
Natalya Mammadova,https://fr.wikipedia.org/?curid=3389090,https://fr.wikipedia.org/wiki/Natalya Mammadova,Article utilisant une Infobox
Alexandra Fomina,https://fr.wikipedia.org/?curid=3389291,https://fr.wikipedia.org/wiki/Alexandra Fomina,Article utilisant une Infobox
Christina Bauer,https://fr.wikipedia.org/?curid=3386364,https://fr.wikipedia.org/wiki/Christina Bauer,Article utilisant une Infobox
Miss \u00c9gypte,https://fr.wikipedia.org/?curid=3416492,https://fr.wikipedia.org/wiki/Miss \u00c9gypte,Article \u00e0 illustrer R\u00e9compense
Sailor Pluto,https://fr.wikipedia.org/?curid=341850,https://fr.wikipedia.org/wiki/Sailor Pluto,Article utilisant une Infobox
Alessandra Cappellotto,https://fr.wikipedia.org/?curid=3419121,https://fr.wikipedia.org/wiki/Alessandra Cappellotto,Page utilisant P569
Hoedown Throwdown,https://fr.wikipedia.org/?curid=3728162,https://fr.wikipedia.org/wiki/Hoedown Throwdown,Wikip\u00e9dia:\u00e9bauche chanson
Willow Smith,https://fr.wikipedia.org/?curid=3687693,https://fr.wikipedia.org/wiki/Willow Smith,Article contenant un lien mort
Barbora Lal\u00e1kov\u00e1,https://fr.wikipedia.org/?curid=3712783,https://fr.wikipedia.org/wiki/Barbora Lal\u00e1kov\u00e1,Wikip\u00e9dia:\u00e9bauche athl\u00e8te tch\u00e8que
Tara Lipinski,https://fr.wikipedia.org/?curid=371185,https://fr.wikipedia.org/wiki/Tara Lipinski,Page utilisant P569
Tonya Harding,https://fr.wikipedia.org/?curid=373250,https://fr.wikipedia.org/wiki/Tonya Harding,Page utilisant P569
Nancy Kerrigan,https://fr.wikipedia.org/?curid=373252,https://fr.wikipedia.org/wiki/Nancy Kerrigan,Article manquant de r\u00e9f\u00e9rences depuis d\u00e9cembre 2022
Kristi Yamaguchi,https://fr.wikipedia.org/?curid=373254,https://fr.wikipedia.org/wiki/Kristi Yamaguchi,Wikip\u00e9dia:\u00e9bauche patinage artistique
Grace Park (golf),https://fr.wikipedia.org/?curid=3730733,https://fr.wikipedia.org/wiki/Grace Park (golf),Wikip\u00e9dia:\u00e9bauche golf
Iman (mannequin),https://fr.wikipedia.org/?curid=3717544,https://fr.wikipedia.org/wiki/Iman (mannequin),Article \u00e0 r\u00e9f\u00e9rence insuffisante
Lene L\u00f8seth,https://fr.wikipedia.org/?curid=3716204,https://fr.wikipedia.org/wiki/Lene L\u00f8seth,Wikip\u00e9dia:\u00e9bauche ski alpin
Siobh\u00e1n Donaghy,https://fr.wikipedia.org/?curid=3716436,https://fr.wikipedia.org/wiki/Siobh\u00e1n Donaghy,Article manquant de r\u00e9f\u00e9rences depuis d\u00e9cembre 2022
Frida Hansdotter,https://fr.wikipedia.org/?curid=3689341,https://fr.wikipedia.org/wiki/Frida Hansdotter,Article utilisant une Infobox
Silke Spiegelburg,https://fr.wikipedia.org/?curid=3706582,https://fr.wikipedia.org/wiki/Silke Spiegelburg,Article utilisant une Infobox
Behnoush Bakhtiari,https://fr.wikipedia.org/?curid=3697045,https://fr.wikipedia.org/wiki/Behnoush Bakhtiari,Wikip\u00e9dia:\u00e9bauche acteur iranien
Olga Yegorova,https://fr.wikipedia.org/?curid=369738,https://fr.wikipedia.org/wiki/Olga Yegorova,Article \u00e0 illustrer Athl\u00e8te
Olha Bryzhina,https://fr.wikipedia.org/?curid=369773,https://fr.wikipedia.org/wiki/Olha Bryzhina,Article utilisant une Infobox
G\u00fcldeniz \u00d6nal,https://fr.wikipedia.org/?curid=3695921,https://fr.wikipedia.org/wiki/G\u00fcldeniz \u00d6nal,Article utilisant une Infobox
Naz Aydemir,https://fr.wikipedia.org/?curid=3695980,https://fr.wikipedia.org/wiki/Naz Aydemir,Article utilisant une Infobox
Taryn Terrell,https://fr.wikipedia.org/?curid=3699700,https://fr.wikipedia.org/wiki/Taryn Terrell,Article \u00e0 recycler/Liste compl\u00e8te
Marguerite Lejonhufvud,https://fr.wikipedia.org/?curid=3707785,https://fr.wikipedia.org/wiki/Marguerite Lejonhufvud,Article utilisant une Infobox
Helen Raye,https://fr.wikipedia.org/?curid=3688726,https://fr.wikipedia.org/wiki/Helen Raye,Wikip\u00e9dia:\u00e9bauche karat\u00e9ka britannique
Fa\u00efza Tsabet,https://fr.wikipedia.org/?curid=3688858,https://fr.wikipedia.org/wiki/Fa\u00efza Tsabet,Article \u00e0 illustrer Joueur de volley-ball
Molly Samuels,https://fr.wikipedia.org/?curid=3688871,https://fr.wikipedia.org/wiki/Molly Samuels,Wikip\u00e9dia:\u00e9bauche karat\u00e9ka britannique
Mar\u00eda Moreno,https://fr.wikipedia.org/?curid=3685617,https://fr.wikipedia.org/wiki/Mar\u00eda Moreno,Page utilisant P27
Marine Gauthier,https://fr.wikipedia.org/?curid=3686315,https://fr.wikipedia.org/wiki/Marine Gauthier,Wikip\u00e9dia:\u00e9bauche ski alpin
Marie-Mich\u00e8le Gagnon,https://fr.wikipedia.org/?curid=3686390,https://fr.wikipedia.org/wiki/Marie-Mich\u00e8le Gagnon,Article utilisant une Infobox
"Eh, Eh (Nothing Else I Can Say)",https://fr.wikipedia.org/?curid=3736617,"https://fr.wikipedia.org/wiki/Eh, Eh (Nothing Else I Can Say)",Article utilisant une Infobox
Salom\u00e9 Zourabichvili,https://fr.wikipedia.org/?curid=367153,https://fr.wikipedia.org/wiki/Salom\u00e9 Zourabichvili,Article utilisant une Infobox
Katrin Zeller,https://fr.wikipedia.org/?curid=3684953,https://fr.wikipedia.org/wiki/Katrin Zeller,Wikip\u00e9dia:\u00e9bauche ski de fond
Ievguenia Medvedeva-Arbouzova,https://fr.wikipedia.org/?curid=3685085,https://fr.wikipedia.org/wiki/Ievguenia Medvedeva-Arbouzova,Wikip\u00e9dia:\u00e9bauche ski de fond
Anna Haag,https://fr.wikipedia.org/?curid=3685124,https://fr.wikipedia.org/wiki/Anna Haag,Article utilisant une Infobox
Erika Lechner,https://fr.wikipedia.org/?curid=3652343,https://fr.wikipedia.org/wiki/Erika Lechner,Wikip\u00e9dia:\u00e9bauche luge
Ortrun Enderlein,https://fr.wikipedia.org/?curid=3652348,https://fr.wikipedia.org/wiki/Ortrun Enderlein,Wikip\u00e9dia:\u00e9bauche luge
Ann Nanba,https://fr.wikipedia.org/?curid=3683313,https://fr.wikipedia.org/wiki/Ann Nanba,Article utilisant une Infobox
The Climb (chanson),https://fr.wikipedia.org/?curid=3683493,https://fr.wikipedia.org/wiki/The Climb (chanson),Wikip\u00e9dia:\u00e9bauche chanson
Bernadette Schild,https://fr.wikipedia.org/?curid=3684190,https://fr.wikipedia.org/wiki/Bernadette Schild,Wikip\u00e9dia:\u00e9bauche ski alpin
Liste des personnalit\u00e9s du patinage artistique,https://fr.wikipedia.org/?curid=368182,https://fr.wikipedia.org/wiki/Liste des personnalit\u00e9s du patinage artistique,Portail:Patinage artistique/Articles li\u00e9s
Cathleen Martini,https://fr.wikipedia.org/?curid=3660463,https://fr.wikipedia.org/wiki/Cathleen Martini,Article utilisant une Infobox
Vera Zozu\u013ca,https://fr.wikipedia.org/?curid=3650972,https://fr.wikipedia.org/wiki/Vera Zozu\u013ca,Wikip\u00e9dia:\u00e9bauche luge
Ashleigh McIvor,https://fr.wikipedia.org/?curid=3677575,https://fr.wikipedia.org/wiki/Ashleigh McIvor,Wikip\u00e9dia:\u00e9bauche ski acrobatique
AFI's 100 Years... 100 Stars,https://fr.wikipedia.org/?curid=3678089,https://fr.wikipedia.org/wiki/AFI's 100 Years... 100 Stars,Portail:Cin\u00e9ma am\u00e9ricain/Articles li\u00e9s
Mia Farrow,https://fr.wikipedia.org/?curid=367815,https://fr.wikipedia.org/wiki/Mia Farrow,Article utilisant une Infobox
Les Tudors,https://fr.wikipedia.org/?curid=3679724,https://fr.wikipedia.org/wiki/Les Tudors,Article utilisant une Infobox
B\u00e9atrice Joffroy,https://fr.wikipedia.org/?curid=3679778,https://fr.wikipedia.org/wiki/B\u00e9atrice Joffroy,Page utilisant P27
Mazie Hirono,https://fr.wikipedia.org/?curid=3680398,https://fr.wikipedia.org/wiki/Mazie Hirono,Article utilisant une Infobox
Catherine Girardet,https://fr.wikipedia.org/?curid=3654023,https://fr.wikipedia.org/wiki/Catherine Girardet,Article contenant un lien mort
Ulrike Gr\u00e4ssler,https://fr.wikipedia.org/?curid=3657291,https://fr.wikipedia.org/wiki/Ulrike Gr\u00e4ssler,Article utilisant une Infobox
Lindsey Van,https://fr.wikipedia.org/?curid=3656850,https://fr.wikipedia.org/wiki/Lindsey Van,Article utilisant une Infobox
Meagan Duhamel,https://fr.wikipedia.org/?curid=3662276,https://fr.wikipedia.org/wiki/Meagan Duhamel,Wikip\u00e9dia:\u00e9bauche patinage artistique
Steffi Martin,https://fr.wikipedia.org/?curid=3650226,https://fr.wikipedia.org/wiki/Steffi Martin,Wikip\u00e9dia:\u00e9bauche luge
Doris Neuner,https://fr.wikipedia.org/?curid=3650238,https://fr.wikipedia.org/wiki/Doris Neuner,Wikip\u00e9dia:\u00e9bauche luge
Monique Amghar,https://fr.wikipedia.org/?curid=3659287,https://fr.wikipedia.org/wiki/Monique Amghar,Article contenant un lien mort
Gina Stechert,https://fr.wikipedia.org/?curid=3658640,https://fr.wikipedia.org/wiki/Gina Stechert,Wikip\u00e9dia:\u00e9bauche ski alpin
Rosa Mendes,https://fr.wikipedia.org/?curid=3674490,https://fr.wikipedia.org/wiki/Rosa Mendes,Article contenant un lien mort
Hannah Montana and Miley Cyrus: Best of Both Worlds Concert,https://fr.wikipedia.org/?curid=3647696,https://fr.wikipedia.org/wiki/Hannah Montana and Miley Cyrus: Best of Both Worlds Concert,Article utilisant une Infobox
Anna-Maria M\u00fcller,https://fr.wikipedia.org/?curid=3652337,https://fr.wikipedia.org/wiki/Anna-Maria M\u00fcller,Wikip\u00e9dia:\u00e9bauche luge
With Love (chanson de Hilary Duff),https://fr.wikipedia.org/?curid=3646132,https://fr.wikipedia.org/wiki/With Love (chanson de Hilary Duff),Wikip\u00e9dia:\u00e9bauche chanson
Lancer du disque aux Jeux olympiques,https://fr.wikipedia.org/?curid=3613640,https://fr.wikipedia.org/wiki/Lancer du disque aux Jeux olympiques,Article utilisant une Infobox
Lancer du marteau aux Jeux olympiques,https://fr.wikipedia.org/?curid=3613645,https://fr.wikipedia.org/wiki/Lancer du marteau aux Jeux olympiques,Article utilisant une Infobox
Jane Luu,https://fr.wikipedia.org/?curid=3615012,https://fr.wikipedia.org/wiki/Jane Luu,Page utilisant P569
Annet Negesa,https://fr.wikipedia.org/?curid=6431842,https://fr.wikipedia.org/wiki/Annet Negesa,Wikip\u00e9dia:\u00e9bauche athl\u00e8te ougandais
Li Yanmei,https://fr.wikipedia.org/?curid=6435393,https://fr.wikipedia.org/wiki/Li Yanmei,Wikip\u00e9dia:\u00e9bauche athl\u00e8te chinois
Wang Meng (patinage de vitesse sur piste courte),https://fr.wikipedia.org/?curid=643556,https://fr.wikipedia.org/wiki/Wang Meng (patinage de vitesse sur piste courte),Wikip\u00e9dia:\u00e9bauche patinage de vitesse sur piste courte
Claire Guillard,https://fr.wikipedia.org/?curid=6433381,https://fr.wikipedia.org/wiki/Claire Guillard,Article manquant de r\u00e9f\u00e9rences depuis septembre 2020
Summer Sanders,https://fr.wikipedia.org/?curid=6433767,https://fr.wikipedia.org/wiki/Summer Sanders,Article utilisant une Infobox
Anastasia Le-Roy,https://fr.wikipedia.org/?curid=6435834,https://fr.wikipedia.org/wiki/Anastasia Le-Roy,Wikip\u00e9dia:\u00e9bauche athl\u00e8te jama\u00efcain
Anna R\u00fch,https://fr.wikipedia.org/?curid=6432642,https://fr.wikipedia.org/wiki/Anna R\u00fch,Wikip\u00e9dia:\u00e9bauche athl\u00e8te allemand
Patti Hansen,https://fr.wikipedia.org/?curid=6436208,https://fr.wikipedia.org/wiki/Patti Hansen,Article manquant de r\u00e9f\u00e9rences depuis juillet 2012
Martina Roese,https://fr.wikipedia.org/?curid=6438809,https://fr.wikipedia.org/wiki/Martina Roese,Article \u00e0 illustrer Joueur de volley-ball
Anastasiia Voinova,https://fr.wikipedia.org/?curid=6438329,https://fr.wikipedia.org/wiki/Anastasiia Voinova,Page utilisant P1813
Ciara Michel,https://fr.wikipedia.org/?curid=6437003,https://fr.wikipedia.org/wiki/Ciara Michel,Article utilisant une Infobox
Camila Monteiro,https://fr.wikipedia.org/?curid=6437031,https://fr.wikipedia.org/wiki/Camila Monteiro,Article \u00e0 illustrer Joueur de volley-ball
Ayano Murasaki,https://fr.wikipedia.org/?curid=6437931,https://fr.wikipedia.org/wiki/Ayano Murasaki,Article contenant un lien mort
Miss Teen USA 2012,https://fr.wikipedia.org/?curid=6417503,https://fr.wikipedia.org/wiki/Miss Teen USA 2012,Admissibilit\u00e9 \u00e0 v\u00e9rifier depuis avril 2023
Saori Hara,https://fr.wikipedia.org/?curid=6424245,https://fr.wikipedia.org/wiki/Saori Hara,Article contenant un lien mort
Alexandra Tavernier,https://fr.wikipedia.org/?curid=6427191,https://fr.wikipedia.org/wiki/Alexandra Tavernier,Article utilisant une Infobox
Gergana Dokuzova,https://fr.wikipedia.org/?curid=6426412,https://fr.wikipedia.org/wiki/Gergana Dokuzova,Article \u00e0 illustrer Joueur de volley-ball
Jo\u00eblle Cartaux,https://fr.wikipedia.org/?curid=6425014,https://fr.wikipedia.org/wiki/Jo\u00eblle Cartaux,Article \u00e0 illustrer Patineur artistique
Samantha Murray,https://fr.wikipedia.org/?curid=6410324,https://fr.wikipedia.org/wiki/Samantha Murray,Article utilisant une Infobox
Lindsey Jacobellis,https://fr.wikipedia.org/?curid=642981,https://fr.wikipedia.org/wiki/Lindsey Jacobellis,Wikip\u00e9dia:\u00e9bauche snowboard
Ilona Bruzseny\u00e1k,https://fr.wikipedia.org/?curid=6429984,https://fr.wikipedia.org/wiki/Ilona Bruzseny\u00e1k,Wikip\u00e9dia:\u00e9bauche athl\u00e8te hongrois
Lissa Labiche,https://fr.wikipedia.org/?curid=6430062,https://fr.wikipedia.org/wiki/Lissa Labiche,Article utilisant une Infobox
Anna Olsson (ski),https://fr.wikipedia.org/?curid=643027,https://fr.wikipedia.org/wiki/Anna Olsson (ski),Wikip\u00e9dia:\u00e9bauche ski de fond
Shelbi Vaughan,https://fr.wikipedia.org/?curid=6429333,https://fr.wikipedia.org/wiki/Shelbi Vaughan,Wikip\u00e9dia:\u00e9bauche athl\u00e8te am\u00e9ricain
Cl\u00e1udia Silva,https://fr.wikipedia.org/?curid=6429374,https://fr.wikipedia.org/wiki/Cl\u00e1udia Silva,Article utilisant une Infobox
Lina Andersson,https://fr.wikipedia.org/?curid=643035,https://fr.wikipedia.org/wiki/Lina Andersson,Wikip\u00e9dia:\u00e9bauche ski de fond
Morgan Snow,https://fr.wikipedia.org/?curid=6428082,https://fr.wikipedia.org/wiki/Morgan Snow,Wikip\u00e9dia:\u00e9bauche athl\u00e8te am\u00e9ricain
Vivianne Pasmanter,https://fr.wikipedia.org/?curid=6412877,https://fr.wikipedia.org/wiki/Vivianne Pasmanter,Article utilisant une Infobox
Katarzyna Paw\u0142owska,https://fr.wikipedia.org/?curid=6420540,https://fr.wikipedia.org/wiki/Katarzyna Paw\u0142owska,Wikip\u00e9dia:\u00e9bauche coureur cycliste polonais
Shanice Craft,https://fr.wikipedia.org/?curid=6420622,https://fr.wikipedia.org/wiki/Shanice Craft,Wikip\u00e9dia:\u00e9bauche athl\u00e8te allemand
Marylin Pla,https://fr.wikipedia.org/?curid=641976,https://fr.wikipedia.org/wiki/Marylin Pla,Article utilisant une Infobox
Shelley Rudman,https://fr.wikipedia.org/?curid=642025,https://fr.wikipedia.org/wiki/Shelley Rudman,Wikip\u00e9dia:\u00e9bauche skeleton
Maya Pedersen-Bieri,https://fr.wikipedia.org/?curid=641803,https://fr.wikipedia.org/wiki/Maya Pedersen-Bieri,Article utilisant une Infobox
Claude P\u00e9ri,https://fr.wikipedia.org/?curid=6418895,https://fr.wikipedia.org/wiki/Claude P\u00e9ri,Article contenant un lien mort
Janine Sandell,https://fr.wikipedia.org/?curid=6419188,https://fr.wikipedia.org/wiki/Janine Sandell,Article \u00e0 illustrer Joueur de volley-ball
Zhang Dan,https://fr.wikipedia.org/?curid=642091,https://fr.wikipedia.org/wiki/Zhang Dan,Article utilisant une Infobox
Gabriela Koeva,https://fr.wikipedia.org/?curid=6420993,https://fr.wikipedia.org/wiki/Gabriela Koeva,Article \u00e0 illustrer Joueur de volley-ball
Shauna Rohbock,https://fr.wikipedia.org/?curid=642103,https://fr.wikipedia.org/wiki/Shauna Rohbock,Article utilisant une Infobox
Olha Skrypak,https://fr.wikipedia.org/?curid=6414389,https://fr.wikipedia.org/wiki/Olha Skrypak,Wikip\u00e9dia:\u00e9bauche athl\u00e8te ukrainien
Natalie Dianov\u00e1,https://fr.wikipedia.org/?curid=6414705,https://fr.wikipedia.org/wiki/Natalie Dianov\u00e1,Wikip\u00e9dia:\u00e9bauche personnalit\u00e9 tch\u00e8que
Vonetta Flowers,https://fr.wikipedia.org/?curid=642111,https://fr.wikipedia.org/wiki/Vonetta Flowers,Wikip\u00e9dia:\u00e9bauche bobsleigh
Yanet Cruz,https://fr.wikipedia.org/?curid=6422825,https://fr.wikipedia.org/wiki/Yanet Cruz,Wikip\u00e9dia:\u00e9bauche athl\u00e8te cubain
Lora Kitipova,https://fr.wikipedia.org/?curid=6422967,https://fr.wikipedia.org/wiki/Lora Kitipova,Article \u00e0 illustrer Joueur de volley-ball
Tejinesh Gebisa,https://fr.wikipedia.org/?curid=6423097,https://fr.wikipedia.org/wiki/Tejinesh Gebisa,Wikip\u00e9dia:\u00e9bauche athl\u00e8te \u00e9thiopien
Elena Rosell,https://fr.wikipedia.org/?curid=6422023,https://fr.wikipedia.org/wiki/Elena Rosell,Wikip\u00e9dia:\u00e9bauche sports m\u00e9caniques
Aje\u00e9 Wilson,https://fr.wikipedia.org/?curid=6422147,https://fr.wikipedia.org/wiki/Aje\u00e9 Wilson,Article utilisant une Infobox
Ana Peleteiro,https://fr.wikipedia.org/?curid=6422189,https://fr.wikipedia.org/wiki/Ana Peleteiro,Wikip\u00e9dia:\u00e9bauche athl\u00e8te espagnol
Michaela Monzoni,https://fr.wikipedia.org/?curid=6415406,https://fr.wikipedia.org/wiki/Michaela Monzoni,Article \u00e0 illustrer Joueur de volley-ball
Iryna Khokhlova,https://fr.wikipedia.org/?curid=6413241,https://fr.wikipedia.org/wiki/Iryna Khokhlova,Article \u00e0 illustrer Sportif
Katarzyna W\u00f3jcik,https://fr.wikipedia.org/?curid=6413258,https://fr.wikipedia.org/wiki/Katarzyna W\u00f3jcik,Article \u00e0 illustrer Sportif
Annika Schleu,https://fr.wikipedia.org/?curid=6412117,https://fr.wikipedia.org/wiki/Annika Schleu,Wikip\u00e9dia:\u00e9bauche sportif
Martina Jakub\u0161ov\u00e1,https://fr.wikipedia.org/?curid=6094807,https://fr.wikipedia.org/wiki/Martina Jakub\u0161ov\u00e1,Article \u00e0 illustrer Joueur de volley-ball
Bianca Meyerink,https://fr.wikipedia.org/?curid=6094856,https://fr.wikipedia.org/wiki/Bianca Meyerink,Article \u00e0 illustrer Joueur de volley-ball
Laura Walsh,https://fr.wikipedia.org/?curid=6094874,https://fr.wikipedia.org/wiki/Laura Walsh,Article utilisant une Infobox
Mes voisins les Yamada (film),https://fr.wikipedia.org/?curid=6079992,https://fr.wikipedia.org/wiki/Mes voisins les Yamada (film),Wikip\u00e9dia:\u00e9bauche anime
Els de Schepper,https://fr.wikipedia.org/?curid=6095634,https://fr.wikipedia.org/wiki/Els de Schepper,Page utilisant P569
Bif Naked,https://fr.wikipedia.org/?curid=6096388,https://fr.wikipedia.org/wiki/Bif Naked,Article utilisant une Infobox
Shining (film),https://fr.wikipedia.org/?curid=608841,https://fr.wikipedia.org/wiki/Shining (film),Article utilisant une Infobox
Hana Bene\u0161ov\u00e1,https://fr.wikipedia.org/?curid=6086637,https://fr.wikipedia.org/wiki/Hana Bene\u0161ov\u00e1,Wikip\u00e9dia:\u00e9bauche athl\u00e8te tch\u00e8que
Anke Borowikow,https://fr.wikipedia.org/?curid=6086964,https://fr.wikipedia.org/wiki/Anke Borowikow,Article \u00e0 illustrer Joueur de volley-ball
Barbara D\u00e9gi,https://fr.wikipedia.org/?curid=6086993,https://fr.wikipedia.org/wiki/Barbara D\u00e9gi,Article utilisant une Infobox
Jana Franziska Poll,https://fr.wikipedia.org/?curid=6092729,https://fr.wikipedia.org/wiki/Jana Franziska Poll,Article utilisant une Infobox
Stefanie Golla,https://fr.wikipedia.org/?curid=6092732,https://fr.wikipedia.org/wiki/Stefanie Golla,Article \u00e0 illustrer Joueur de volley-ball
Anna Cmaylo,https://fr.wikipedia.org/?curid=6092748,https://fr.wikipedia.org/wiki/Anna Cmaylo,Wikip\u00e9dia:\u00e9bauche joueuse am\u00e9ricaine de volley-ball
Natalya Akhrimenko,https://fr.wikipedia.org/?curid=6092824,https://fr.wikipedia.org/wiki/Natalya Akhrimenko,Wikip\u00e9dia:\u00e9bauche athl\u00e8te sovi\u00e9tique
Luise Mauersberger,https://fr.wikipedia.org/?curid=6103414,https://fr.wikipedia.org/wiki/Luise Mauersberger,Article \u00e0 illustrer Joueur de volley-ball
Alisha Ossowski,https://fr.wikipedia.org/?curid=6101494,https://fr.wikipedia.org/wiki/Alisha Ossowski,Article \u00e0 illustrer Joueur de volley-ball
Karin Roten,https://fr.wikipedia.org/?curid=610280,https://fr.wikipedia.org/wiki/Karin Roten,Wikip\u00e9dia:\u00e9bauche personnalit\u00e9 suisse
Jakob Hlasek,https://fr.wikipedia.org/?curid=610289,https://fr.wikipedia.org/wiki/Jakob Hlasek,Article \u00e0 illustrer Joueur de tennis
Jenny Ozorai,https://fr.wikipedia.org/?curid=6103496,https://fr.wikipedia.org/wiki/Jenny Ozorai,Wikip\u00e9dia:\u00e9bauche athl\u00e8te hongrois
Valeriya Volik,https://fr.wikipedia.org/?curid=6103757,https://fr.wikipedia.org/wiki/Valeriya Volik,Wikip\u00e9dia:\u00e9bauche athl\u00e8te russe
Peggy Beer,https://fr.wikipedia.org/?curid=6100845,https://fr.wikipedia.org/wiki/Peggy Beer,Wikip\u00e9dia:\u00e9bauche athl\u00e8te allemand
Toyah Willcox,https://fr.wikipedia.org/?curid=6107405,https://fr.wikipedia.org/wiki/Toyah Willcox,Article contenant un lien mort
Ivana Isailovi\u0107,https://fr.wikipedia.org/?curid=6110179,https://fr.wikipedia.org/wiki/Ivana Isailovi\u0107,Article \u00e0 illustrer Joueur de volley-ball
T\u00edmea Babos,https://fr.wikipedia.org/?curid=6106546,https://fr.wikipedia.org/wiki/T\u00edmea Babos,Article utilisant une Infobox
Tatjana Zautys,https://fr.wikipedia.org/?curid=6107330,https://fr.wikipedia.org/wiki/Tatjana Zautys,Article utilisant une Infobox
Skye Bennett,https://fr.wikipedia.org/?curid=6090767,https://fr.wikipedia.org/wiki/Skye Bennett,Article \u00e0 illustrer Personnalit\u00e9 du cin\u00e9ma
Tesha Harry,https://fr.wikipedia.org/?curid=6090850,https://fr.wikipedia.org/wiki/Tesha Harry,Wikip\u00e9dia:\u00e9bauche joueuse am\u00e9ricaine de volley-ball
Y.U. Mad,https://fr.wikipedia.org/?curid=6091260,https://fr.wikipedia.org/wiki/Y.U. Mad,Article utilisant une Infobox
Shitaye Eshete,https://fr.wikipedia.org/?curid=6091321,https://fr.wikipedia.org/wiki/Shitaye Eshete,Wikip\u00e9dia:\u00e9bauche athl\u00e8te bahre\u00efni
Lara Arruabarrena,https://fr.wikipedia.org/?curid=6091334,https://fr.wikipedia.org/wiki/Lara Arruabarrena,Article utilisant une Infobox
N\u00faria A\u00f1\u00f3,https://fr.wikipedia.org/?curid=5925494,https://fr.wikipedia.org/wiki/N\u00faria A\u00f1\u00f3,Article utilisant une Infobox
Aur\u00e9lie Chaboudez,https://fr.wikipedia.org/?curid=5929161,https://fr.wikipedia.org/wiki/Aur\u00e9lie Chaboudez,Article utilisant une Infobox
Pink Friday: Roman Reloaded,https://fr.wikipedia.org/?curid=5927792,https://fr.wikipedia.org/wiki/Pink Friday: Roman Reloaded,Article contenant un lien mort
Marjorie Clark,https://fr.wikipedia.org/?curid=5927836,https://fr.wikipedia.org/wiki/Marjorie Clark,Wikip\u00e9dia:\u00e9bauche athl\u00e8te sud-africain
Diletta Sestini,https://fr.wikipedia.org/?curid=5923398,https://fr.wikipedia.org/wiki/Diletta Sestini,Wikip\u00e9dia:\u00e9bauche joueuse italienne de volley-ball
Inge Clement,https://fr.wikipedia.org/?curid=5923422,https://fr.wikipedia.org/wiki/Inge Clement,Wikip\u00e9dia:\u00e9bauche judo
Sabine Van Crombrugge,https://fr.wikipedia.org/?curid=5925752,https://fr.wikipedia.org/wiki/Sabine Van Crombrugge,Wikip\u00e9dia:\u00e9bauche judo
Toea Wisil,https://fr.wikipedia.org/?curid=5926135,https://fr.wikipedia.org/wiki/Toea Wisil,Article utilisant une Infobox
Nadejda Michina,https://fr.wikipedia.org/?curid=5940217,https://fr.wikipedia.org/wiki/Nadejda Michina,Article utilisant une Infobox
Evelyn (chanteuse),https://fr.wikipedia.org/?curid=6079180,https://fr.wikipedia.org/wiki/Evelyn (chanteuse),Article utilisant une Infobox
Sonia Escolano,https://fr.wikipedia.org/?curid=5995254,https://fr.wikipedia.org/wiki/Sonia Escolano,Article contenant un lien mort
Koo Hye-sun,https://fr.wikipedia.org/?curid=5996874,https://fr.wikipedia.org/wiki/Koo Hye-sun,Article utilisant une Infobox
