Name,URL1,URL2,First Category
Miss Univers Canada 2008,https://fr.wikipedia.org/?curid=10138551,https://fr.wikipedia.org/wiki/Miss Univers Canada 2008,Article utilisant une Infobox
Omawumi,https://fr.wikipedia.org/?curid=10138775,https://fr.wikipedia.org/wiki/Omawumi,Wikip\u00e9dia:\u00e9bauche acteur nig\u00e9rian
Miss Univers Canada 2013,https://fr.wikipedia.org/?curid=10140835,https://fr.wikipedia.org/wiki/Miss Univers Canada 2013,Article utilisant une Infobox
Sydney McLaughlin-Levrone,https://fr.wikipedia.org/?curid=10138163,https://fr.wikipedia.org/wiki/Sydney McLaughlin-Levrone,Article utilisant une Infobox
Nell Carroll,https://fr.wikipedia.org/?curid=1014218,https://fr.wikipedia.org/wiki/Nell Carroll,Article \u00e0 illustrer Sportif
Irma Schmidegg,https://fr.wikipedia.org/?curid=1014223,https://fr.wikipedia.org/wiki/Irma Schmidegg,Article \u00e0 illustrer Sportif
Jeanette Kessler,https://fr.wikipedia.org/?curid=1014230,https://fr.wikipedia.org/wiki/Jeanette Kessler,Article utilisant une Infobox
Yuliya Levchenko,https://fr.wikipedia.org/?curid=10097946,https://fr.wikipedia.org/wiki/Yuliya Levchenko,Article utilisant une Infobox
Ayesha Dharker,https://fr.wikipedia.org/?curid=10098094,https://fr.wikipedia.org/wiki/Ayesha Dharker,Article utilisant une Infobox
Honoka Miki,https://fr.wikipedia.org/?curid=10133048,https://fr.wikipedia.org/wiki/Honoka Miki,Article contenant un lien mort
Shawn Weatherly,https://fr.wikipedia.org/?curid=10133060,https://fr.wikipedia.org/wiki/Shawn Weatherly,Wikip\u00e9dia:\u00e9bauche acteur am\u00e9ricain
Nse Ikpe Etim,https://fr.wikipedia.org/?curid=10133874,https://fr.wikipedia.org/wiki/Nse Ikpe Etim,Article utilisant une Infobox
Tessa van Schagen,https://fr.wikipedia.org/?curid=10135939,https://fr.wikipedia.org/wiki/Tessa van Schagen,Wikip\u00e9dia:\u00e9bauche athl\u00e8te n\u00e9erlandais
Tatsiana Khaladovich,https://fr.wikipedia.org/?curid=10134605,https://fr.wikipedia.org/wiki/Tatsiana Khaladovich,Wikip\u00e9dia:\u00e9bauche athl\u00e8te bi\u00e9lorusse
Susan Peters (actrice nig\u00e9riane),https://fr.wikipedia.org/?curid=10134645,https://fr.wikipedia.org/wiki/Susan Peters (actrice nig\u00e9riane),Wikip\u00e9dia:\u00e9bauche acteur nig\u00e9rian
May Nilsson,https://fr.wikipedia.org/?curid=1013428,https://fr.wikipedia.org/wiki/May Nilsson,Article \u00e0 illustrer Sportif
Sara Kolak,https://fr.wikipedia.org/?curid=10134283,https://fr.wikipedia.org/wiki/Sara Kolak,Article utilisant une Infobox
Helga G\u00f6dl,https://fr.wikipedia.org/?curid=1013430,https://fr.wikipedia.org/wiki/Helga G\u00f6dl,Article \u00e0 illustrer Sportif
Kate Grace,https://fr.wikipedia.org/?curid=10125583,https://fr.wikipedia.org/wiki/Kate Grace,Wikip\u00e9dia:\u00e9bauche athl\u00e8te am\u00e9ricain
Anne-Ga\u00eblle Sidot,https://fr.wikipedia.org/?curid=1012724,https://fr.wikipedia.org/wiki/Anne-Ga\u00eblle Sidot,Article \u00e0 illustrer Joueur de tennis
Rita Dominic,https://fr.wikipedia.org/?curid=10124670,https://fr.wikipedia.org/wiki/Rita Dominic,Wikip\u00e9dia:\u00e9bauche acteur nig\u00e9rian
Kim Bo-kyung (actrice),https://fr.wikipedia.org/?curid=10113413,https://fr.wikipedia.org/wiki/Kim Bo-kyung (actrice),Page utilisant P569
Sylvia Oluchy,https://fr.wikipedia.org/?curid=10130451,https://fr.wikipedia.org/wiki/Sylvia Oluchy,Wikip\u00e9dia:\u00e9bauche acteur nig\u00e9rian
Hands (chanson caritative),https://fr.wikipedia.org/?curid=10130465,https://fr.wikipedia.org/wiki/Hands (chanson caritative),Article contenant un appel \u00e0 traduction en anglais
Yasemin Can,https://fr.wikipedia.org/?curid=10128739,https://fr.wikipedia.org/wiki/Yasemin Can,Wikip\u00e9dia:\u00e9bauche athl\u00e8te turc
William Whitehead,https://fr.wikipedia.org/?curid=1013003,https://fr.wikipedia.org/wiki/William Whitehead,Article manquant de r\u00e9f\u00e9rences depuis janvier 2019
Gwen Berry,https://fr.wikipedia.org/?curid=10130074,https://fr.wikipedia.org/wiki/Gwen Berry,Wikip\u00e9dia:\u00e9bauche athl\u00e8te am\u00e9ricain
Miss Minnesota USA,https://fr.wikipedia.org/?curid=10094235,https://fr.wikipedia.org/wiki/Miss Minnesota USA,Traduction incompl\u00e8te
Sheila Chepkirui,https://fr.wikipedia.org/?curid=10104381,https://fr.wikipedia.org/wiki/Sheila Chepkirui,Wikip\u00e9dia:\u00e9bauche athl\u00e8te k\u00e9nyan
Maryke Brits,https://fr.wikipedia.org/?curid=10104399,https://fr.wikipedia.org/wiki/Maryke Brits,Wikip\u00e9dia:\u00e9bauche athl\u00e8te sud-africain
Dera Dida,https://fr.wikipedia.org/?curid=10104408,https://fr.wikipedia.org/wiki/Dera Dida,Wikip\u00e9dia:\u00e9bauche athl\u00e8te \u00e9thiopien
Veronica Nyaruai,https://fr.wikipedia.org/?curid=10106921,https://fr.wikipedia.org/wiki/Veronica Nyaruai,Page utilisant P569
Evgenia Sidorova,https://fr.wikipedia.org/?curid=1010584,https://fr.wikipedia.org/wiki/Evgenia Sidorova,Article \u00e0 illustrer Sportif
Lucie Carlier,https://fr.wikipedia.org/?curid=10107110,https://fr.wikipedia.org/wiki/Lucie Carlier,Article utilisant une Infobox
Anisha Vekemans,https://fr.wikipedia.org/?curid=10107279,https://fr.wikipedia.org/wiki/Anisha Vekemans,Page utilisant P569
Dorothea Hochleitner,https://fr.wikipedia.org/?curid=1010594,https://fr.wikipedia.org/wiki/Dorothea Hochleitner,Article \u00e0 illustrer Sportif
Adanech Anbesa,https://fr.wikipedia.org/?curid=10106383,https://fr.wikipedia.org/wiki/Adanech Anbesa,Wikip\u00e9dia:\u00e9bauche athl\u00e8te \u00e9thiopien
Maryna Bekh-Romanchuk,https://fr.wikipedia.org/?curid=10097660,https://fr.wikipedia.org/wiki/Maryna Bekh-Romanchuk,Wikip\u00e9dia:\u00e9bauche athl\u00e8te ukrainien
Omolade Akinremi,https://fr.wikipedia.org/?curid=10099565,https://fr.wikipedia.org/wiki/Omolade Akinremi,Wikip\u00e9dia:\u00e9bauche athl\u00e8te nig\u00e9rian
Etalemahu Kidane,https://fr.wikipedia.org/?curid=10099893,https://fr.wikipedia.org/wiki/Etalemahu Kidane,Wikip\u00e9dia:\u00e9bauche athl\u00e8te \u00e9thiopien
Eyerusalem Kuma,https://fr.wikipedia.org/?curid=10099915,https://fr.wikipedia.org/wiki/Eyerusalem Kuma,Wikip\u00e9dia:\u00e9bauche athl\u00e8te \u00e9thiopien
Miss Pennsylvanie USA,https://fr.wikipedia.org/?curid=10095218,https://fr.wikipedia.org/wiki/Miss Pennsylvanie USA,Traduction incompl\u00e8te
Miss Missouri USA,https://fr.wikipedia.org/?curid=10095236,https://fr.wikipedia.org/wiki/Miss Missouri USA,Traduction incompl\u00e8te
Nandita Swetha,https://fr.wikipedia.org/?curid=10098797,https://fr.wikipedia.org/wiki/Nandita Swetha,Article utilisant une Infobox
Rene van der Merwe,https://fr.wikipedia.org/?curid=10098920,https://fr.wikipedia.org/wiki/Rene van der Merwe,Wikip\u00e9dia:\u00e9bauche athl\u00e8te sud-africain
Charmaine Weavers,https://fr.wikipedia.org/?curid=10098951,https://fr.wikipedia.org/wiki/Charmaine Weavers,Wikip\u00e9dia:\u00e9bauche athl\u00e8te sud-africain
Veronica Abrahamse,https://fr.wikipedia.org/?curid=10099012,https://fr.wikipedia.org/wiki/Veronica Abrahamse,Article \u00e0 illustrer Athl\u00e8te
Surita Febbraio,https://fr.wikipedia.org/?curid=10101567,https://fr.wikipedia.org/wiki/Surita Febbraio,Wikip\u00e9dia:\u00e9bauche athl\u00e8te sud-africain
Bouchra Cha\u00e2bi,https://fr.wikipedia.org/?curid=10100390,https://fr.wikipedia.org/wiki/Bouchra Cha\u00e2bi,Wikip\u00e9dia:\u00e9bauche athl\u00e8te marocain
Miss Ohio USA,https://fr.wikipedia.org/?curid=10100570,https://fr.wikipedia.org/wiki/Miss Ohio USA,Traduction incompl\u00e8te
Allysin Kay,https://fr.wikipedia.org/?curid=10151209,https://fr.wikipedia.org/wiki/Allysin Kay,Page utilisant P27
Barbra Streisand,https://fr.wikipedia.org/?curid=1015135,https://fr.wikipedia.org/wiki/Barbra Streisand,Article contenant un lien mort
Katie Zaferes,https://fr.wikipedia.org/?curid=10149664,https://fr.wikipedia.org/wiki/Katie Zaferes,Article \u00e0 illustrer Sportif
Emma Laura,https://fr.wikipedia.org/?curid=10151929,https://fr.wikipedia.org/wiki/Emma Laura,Page utilisant P569
Andrew Miller (trail),https://fr.wikipedia.org/?curid=10150132,https://fr.wikipedia.org/wiki/Andrew Miller (trail),Page utilisant P569
Wendy Ingraham,https://fr.wikipedia.org/?curid=10433379,https://fr.wikipedia.org/wiki/Wendy Ingraham,Wikip\u00e9dia:\u00e9bauche triathl\u00e8te
Park Jung-ah,https://fr.wikipedia.org/?curid=10437019,https://fr.wikipedia.org/wiki/Park Jung-ah,Article utilisant une Infobox
Kristen Kerr,https://fr.wikipedia.org/?curid=10425484,https://fr.wikipedia.org/wiki/Kristen Kerr,Wikip\u00e9dia:\u00e9bauche acteur am\u00e9ricain
Amanda Stevens,https://fr.wikipedia.org/?curid=10400647,https://fr.wikipedia.org/wiki/Amanda Stevens,Article utilisant une Infobox
Miss Afrique du Sud 2005,https://fr.wikipedia.org/?curid=10401094,https://fr.wikipedia.org/wiki/Miss Afrique du Sud 2005,Article utilisant une Infobox
Sarah Piampiano,https://fr.wikipedia.org/?curid=10401237,https://fr.wikipedia.org/wiki/Sarah Piampiano,Article \u00e0 illustrer Sportif
Doug Collins (homme politique),https://fr.wikipedia.org/?curid=10419923,https://fr.wikipedia.org/wiki/Doug Collins (homme politique),Article contenant un appel \u00e0 traduction en anglais
J\u016blija Vansovi\u010da,https://fr.wikipedia.org/?curid=10442214,https://fr.wikipedia.org/wiki/J\u016blija Vansovi\u010da,Article \u00e0 illustrer Escrimeur
Rica Imai,https://fr.wikipedia.org/?curid=10443022,https://fr.wikipedia.org/wiki/Rica Imai,Article contenant un appel \u00e0 traduction en anglais
Suzan DelBene,https://fr.wikipedia.org/?curid=10403992,https://fr.wikipedia.org/wiki/Suzan DelBene,Article utilisant une Infobox
Liste de femmes pilotes de NASCAR,https://fr.wikipedia.org/?curid=10402062,https://fr.wikipedia.org/wiki/Liste de femmes pilotes de NASCAR,Article contenant un lien mort
Safia Nolin,https://fr.wikipedia.org/?curid=10395919,https://fr.wikipedia.org/wiki/Safia Nolin,Page utilisant P569
Nina Simone,https://fr.wikipedia.org/?curid=104468,https://fr.wikipedia.org/wiki/Nina Simone,Article utilisant une Infobox
Makoto Ninomiya,https://fr.wikipedia.org/?curid=10291563,https://fr.wikipedia.org/wiki/Makoto Ninomiya,Article utilisant une Infobox
Yanis David,https://fr.wikipedia.org/?curid=10291759,https://fr.wikipedia.org/wiki/Yanis David,Article utilisant une Infobox
Valentina Lizcano,https://fr.wikipedia.org/?curid=10306777,https://fr.wikipedia.org/wiki/Valentina Lizcano,Article utilisant une Infobox
Chellie Pingree,https://fr.wikipedia.org/?curid=10309315,https://fr.wikipedia.org/wiki/Chellie Pingree,Article contenant un appel \u00e0 traduction en anglais
Romy Logsch,https://fr.wikipedia.org/?curid=10305138,https://fr.wikipedia.org/wiki/Romy Logsch,Wikip\u00e9dia:\u00e9bauche bobsleigh
Mai Shiraishi,https://fr.wikipedia.org/?curid=10266310,https://fr.wikipedia.org/wiki/Mai Shiraishi,Article utilisant une Infobox
Wheein,https://fr.wikipedia.org/?curid=10266819,https://fr.wikipedia.org/wiki/Wheein,Page utilisant P463
Kayla Day,https://fr.wikipedia.org/?curid=10299714,https://fr.wikipedia.org/wiki/Kayla Day,Article utilisant une Infobox
Jim Walmsley,https://fr.wikipedia.org/?curid=10304475,https://fr.wikipedia.org/wiki/Jim Walmsley,Page utilisant P569
Ray Browning,https://fr.wikipedia.org/?curid=10304644,https://fr.wikipedia.org/wiki/Ray Browning,Wikip\u00e9dia:\u00e9bauche triathl\u00e8te
Larisa Savchenko-Neiland,https://fr.wikipedia.org/?curid=1030041,https://fr.wikipedia.org/wiki/Larisa Savchenko-Neiland,Article \u00e0 illustrer Joueur de tennis
Anna Cockrell,https://fr.wikipedia.org/?curid=10292949,https://fr.wikipedia.org/wiki/Anna Cockrell,Wikip\u00e9dia:\u00e9bauche athl\u00e8te am\u00e9ricain
Winanda Spoor,https://fr.wikipedia.org/?curid=10292992,https://fr.wikipedia.org/wiki/Winanda Spoor,Page utilisant P569
Shanshan Feng,https://fr.wikipedia.org/?curid=10293332,https://fr.wikipedia.org/wiki/Shanshan Feng,Page utilisant P569
Alina Kenzel,https://fr.wikipedia.org/?curid=10293341,https://fr.wikipedia.org/wiki/Alina Kenzel,Wikip\u00e9dia:\u00e9bauche athl\u00e8te allemand
Alysha Newman,https://fr.wikipedia.org/?curid=10292108,https://fr.wikipedia.org/wiki/Alysha Newman,Article utilisant une Infobox
Sonya Smith,https://fr.wikipedia.org/?curid=10289019,https://fr.wikipedia.org/wiki/Sonya Smith,Article \u00e0 illustrer Personnalit\u00e9 du cin\u00e9ma
Samantha Watson,https://fr.wikipedia.org/?curid=10292843,https://fr.wikipedia.org/wiki/Samantha Watson,Wikip\u00e9dia:\u00e9bauche athl\u00e8te am\u00e9ricain
Maaike Polspoel,https://fr.wikipedia.org/?curid=10292845,https://fr.wikipedia.org/wiki/Maaike Polspoel,Page utilisant P569
Kalkidan Fentie,https://fr.wikipedia.org/?curid=10292893,https://fr.wikipedia.org/wiki/Kalkidan Fentie,Wikip\u00e9dia:\u00e9bauche athl\u00e8te \u00e9thiopien
Celliphine Chespol,https://fr.wikipedia.org/?curid=10292904,https://fr.wikipedia.org/wiki/Celliphine Chespol,Wikip\u00e9dia:\u00e9bauche athl\u00e8te k\u00e9nyan
Elvira Herman,https://fr.wikipedia.org/?curid=10292932,https://fr.wikipedia.org/wiki/Elvira Herman,Wikip\u00e9dia:\u00e9bauche athl\u00e8te bi\u00e9lorusse
Veronica Kedar,https://fr.wikipedia.org/?curid=10285071,https://fr.wikipedia.org/wiki/Veronica Kedar,Article utilisant une Infobox
Fabienne Meyer,https://fr.wikipedia.org/?curid=10285235,https://fr.wikipedia.org/wiki/Fabienne Meyer,Page utilisant P569
Perfect Illusion,https://fr.wikipedia.org/?curid=10263562,https://fr.wikipedia.org/wiki/Perfect Illusion,Article contenant un lien mort
Edidiong Odiong,https://fr.wikipedia.org/?curid=10263930,https://fr.wikipedia.org/wiki/Edidiong Odiong,Article utilisant une Infobox
Feng Bin,https://fr.wikipedia.org/?curid=10264128,https://fr.wikipedia.org/wiki/Feng Bin,Wikip\u00e9dia:\u00e9bauche athl\u00e8te chinois
Maria Ozawa,https://fr.wikipedia.org/?curid=1027209,https://fr.wikipedia.org/wiki/Maria Ozawa,Article contenant un lien mort
Nancy Callaerts,https://fr.wikipedia.org/?curid=10279398,https://fr.wikipedia.org/wiki/Nancy Callaerts,Article \u00e0 illustrer Athl\u00e8te
Ute M\u00fcckel,https://fr.wikipedia.org/?curid=10283251,https://fr.wikipedia.org/wiki/Ute M\u00fcckel,Article \u00e0 illustrer Sportif
Isabel Cristina Estrada,https://fr.wikipedia.org/?curid=10276298,https://fr.wikipedia.org/wiki/Isabel Cristina Estrada,Article utilisant une Infobox
Natalja Jonckheere,https://fr.wikipedia.org/?curid=10277298,https://fr.wikipedia.org/wiki/Natalja Jonckheere,Article \u00e0 illustrer Athl\u00e8te
Jacqueline L\u00f6lling,https://fr.wikipedia.org/?curid=10271143,https://fr.wikipedia.org/wiki/Jacqueline L\u00f6lling,Wikip\u00e9dia:\u00e9bauche personnalit\u00e9 allemande
Michelle Paradise,https://fr.wikipedia.org/?curid=10271247,https://fr.wikipedia.org/wiki/Michelle Paradise,Article contenant un appel \u00e0 traduction en anglais
Tereza Macel,https://fr.wikipedia.org/?curid=10272698,https://fr.wikipedia.org/wiki/Tereza Macel,Wikip\u00e9dia:\u00e9bauche triathl\u00e8te
Savannah Dooley,https://fr.wikipedia.org/?curid=10268664,https://fr.wikipedia.org/wiki/Savannah Dooley,Article utilisant une Infobox
Eveline Bhend,https://fr.wikipedia.org/?curid=10296913,https://fr.wikipedia.org/wiki/Eveline Bhend,Article \u00e0 illustrer Sportif
Chelsea Valois,https://fr.wikipedia.org/?curid=10296943,https://fr.wikipedia.org/wiki/Chelsea Valois,Page utilisant P569
Catherine Tanvier,https://fr.wikipedia.org/?curid=1029714,https://fr.wikipedia.org/wiki/Catherine Tanvier,Article \u00e0 illustrer Joueur de tennis
Tyler Butterfield,https://fr.wikipedia.org/?curid=10311414,https://fr.wikipedia.org/wiki/Tyler Butterfield,Article \u00e0 illustrer Sportif
Sandra Gini,https://fr.wikipedia.org/?curid=10314936,https://fr.wikipedia.org/wiki/Sandra Gini,Article \u00e0 illustrer Sportif
Betsy Nagelsen,https://fr.wikipedia.org/?curid=1025676,https://fr.wikipedia.org/wiki/Betsy Nagelsen,Article \u00e0 illustrer Joueur de tennis
Chungha,https://fr.wikipedia.org/?curid=10257220,https://fr.wikipedia.org/wiki/Chungha,Article contenant un lien mort
Hoody,https://fr.wikipedia.org/?curid=10259927,https://fr.wikipedia.org/wiki/Hoody,Article utilisant une Infobox
Jennifer Ciochetti,https://fr.wikipedia.org/?curid=10260727,https://fr.wikipedia.org/wiki/Jennifer Ciochetti,Page utilisant P569
Yubin,https://fr.wikipedia.org/?curid=10257607,https://fr.wikipedia.org/wiki/Yubin,Article utilisant une Infobox
Chae Jung-an,https://fr.wikipedia.org/?curid=10232257,https://fr.wikipedia.org/wiki/Chae Jung-an,Wikip\u00e9dia:\u00e9bauche acteur sud-cor\u00e9en
Nancy Richey,https://fr.wikipedia.org/?curid=1023450,https://fr.wikipedia.org/wiki/Nancy Richey,Article \u00e0 illustrer Joueur de tennis
Jo\u00e3o Jos\u00e9 Pereira,https://fr.wikipedia.org/?curid=10229719,https://fr.wikipedia.org/wiki/Jo\u00e3o Jos\u00e9 Pereira,Article utilisant une Infobox
Eva Vik,https://fr.wikipedia.org/?curid=10233243,https://fr.wikipedia.org/wiki/Eva Vik,Article utilisant une Infobox
Tara Herrmann,https://fr.wikipedia.org/?curid=10234773,https://fr.wikipedia.org/wiki/Tara Herrmann,Article \u00e0 illustrer Personnalit\u00e9 du cin\u00e9ma
Daryll Neita,https://fr.wikipedia.org/?curid=10218594,https://fr.wikipedia.org/wiki/Daryll Neita,Article utilisant une Infobox
Veronika Domjan,https://fr.wikipedia.org/?curid=10237423,https://fr.wikipedia.org/wiki/Veronika Domjan,Wikip\u00e9dia:\u00e9bauche athl\u00e8te slov\u00e8ne
Conor Trainor,https://fr.wikipedia.org/?curid=10239715,https://fr.wikipedia.org/wiki/Conor Trainor,Wikip\u00e9dia:\u00e9bauche joueur canadien de rugby \u00e0 XV
Ludovic Pommeret,https://fr.wikipedia.org/?curid=10239759,https://fr.wikipedia.org/wiki/Ludovic Pommeret,Wikip\u00e9dia:\u00e9bauche athl\u00e8te fran\u00e7ais
Yulenmis Aguilar,https://fr.wikipedia.org/?curid=10236602,https://fr.wikipedia.org/wiki/Yulenmis Aguilar,Wikip\u00e9dia:\u00e9bauche athl\u00e8te cubain
Miss Rwanda 2014,https://fr.wikipedia.org/?curid=10238570,https://fr.wikipedia.org/wiki/Miss Rwanda 2014,Article \u00e0 illustrer Miss
Lisa (rappeuse),https://fr.wikipedia.org/?curid=10251863,https://fr.wikipedia.org/wiki/Lisa (rappeuse),Article utilisant une Infobox
Hwasa,https://fr.wikipedia.org/?curid=10255392,https://fr.wikipedia.org/wiki/Hwasa,Article contenant un lien mort
Sanaa Benhama,https://fr.wikipedia.org/?curid=10224552,https://fr.wikipedia.org/wiki/Sanaa Benhama,Article \u00e0 illustrer Athl\u00e8te
Rosemar Coelho Neto,https://fr.wikipedia.org/?curid=10219860,https://fr.wikipedia.org/wiki/Rosemar Coelho Neto,Wikip\u00e9dia:\u00e9bauche athl\u00e8te br\u00e9silien
Shashalee Forbes,https://fr.wikipedia.org/?curid=10220816,https://fr.wikipedia.org/wiki/Shashalee Forbes,Article \u00e0 illustrer Athl\u00e8te
Maria Andrejczyk,https://fr.wikipedia.org/?curid=10223970,https://fr.wikipedia.org/wiki/Maria Andrejczyk,Wikip\u00e9dia:\u00e9bauche athl\u00e8te polonais
YooA,https://fr.wikipedia.org/?curid=10223266,https://fr.wikipedia.org/wiki/YooA,Article utilisant une Infobox
Melanie McCann,https://fr.wikipedia.org/?curid=10211068,https://fr.wikipedia.org/wiki/Melanie McCann,Article \u00e0 illustrer Sportif
Pusarla Venkata Sindhu,https://fr.wikipedia.org/?curid=10211370,https://fr.wikipedia.org/wiki/Pusarla Venkata Sindhu,Wikip\u00e9dia:\u00e9bauche badminton
Kim Jennie,https://fr.wikipedia.org/?curid=10210525,https://fr.wikipedia.org/wiki/Kim Jennie,Article contenant un lien mort
Pedrya Seymour,https://fr.wikipedia.org/?curid=10210000,https://fr.wikipedia.org/wiki/Pedrya Seymour,Wikip\u00e9dia:\u00e9bauche athl\u00e8te baham\u00e9en
No\u00e9lie Yarigo,https://fr.wikipedia.org/?curid=10208566,https://fr.wikipedia.org/wiki/No\u00e9lie Yarigo,Article utilisant une Infobox
Justyna B\u0105k,https://fr.wikipedia.org/?curid=10242117,https://fr.wikipedia.org/wiki/Justyna B\u0105k,Wikip\u00e9dia:\u00e9bauche athl\u00e8te polonais
Erika Ikuta,https://fr.wikipedia.org/?curid=10242822,https://fr.wikipedia.org/wiki/Erika Ikuta,Article utilisant une Infobox
Momo Hirai,https://fr.wikipedia.org/?curid=10243887,https://fr.wikipedia.org/wiki/Momo Hirai,Article utilisant une Infobox
Timothy Reed,https://fr.wikipedia.org/?curid=10263237,https://fr.wikipedia.org/wiki/Timothy Reed,Article \u00e0 illustrer Sportif
Holly Lawrence,https://fr.wikipedia.org/?curid=10263462,https://fr.wikipedia.org/wiki/Holly Lawrence,Article utilisant une Infobox
Ariel Kaplan,https://fr.wikipedia.org/?curid=10338403,https://fr.wikipedia.org/wiki/Ariel Kaplan,Article \u00e0 illustrer Personnalit\u00e9 du cin\u00e9ma
Ingrid Rumpfhuber,https://fr.wikipedia.org/?curid=10336261,https://fr.wikipedia.org/wiki/Ingrid Rumpfhuber,Wikip\u00e9dia:\u00e9bauche ski alpin
Katinka Wiltenburg,https://fr.wikipedia.org/?curid=10337803,https://fr.wikipedia.org/wiki/Katinka Wiltenburg,Wikip\u00e9dia:\u00e9bauche triathlon
St\u00e9phanie Dubois,https://fr.wikipedia.org/?curid=1035186,https://fr.wikipedia.org/wiki/St\u00e9phanie Dubois,Article utilisant une Infobox
Noelle Barahona,https://fr.wikipedia.org/?curid=10352063,https://fr.wikipedia.org/wiki/Noelle Barahona,Wikip\u00e9dia:\u00e9bauche ski alpin
Alexa Scimeca Knierim,https://fr.wikipedia.org/?curid=10351443,https://fr.wikipedia.org/wiki/Alexa Scimeca Knierim,Article utilisant une Infobox
Cassie Sharpe,https://fr.wikipedia.org/?curid=10340283,https://fr.wikipedia.org/wiki/Cassie Sharpe,Article utilisant une Infobox
Seo Yu-na,https://fr.wikipedia.org/?curid=10340919,https://fr.wikipedia.org/wiki/Seo Yu-na,Article utilisant une Infobox
Elkie Chong,https://fr.wikipedia.org/?curid=10328499,https://fr.wikipedia.org/wiki/Elkie Chong,Article utilisant une Infobox
Yu Wo,https://fr.wikipedia.org/?curid=10333749,https://fr.wikipedia.org/wiki/Yu Wo,Article utilisant une Infobox
Mateja Robnik,https://fr.wikipedia.org/?curid=10331499,https://fr.wikipedia.org/wiki/Mateja Robnik,Wikip\u00e9dia:\u00e9bauche ski alpin
Oxana Kozonchuk,https://fr.wikipedia.org/?curid=10313029,https://fr.wikipedia.org/wiki/Oxana Kozonchuk,Page utilisant P1813
Lira (chanteuse),https://fr.wikipedia.org/?curid=10310067,https://fr.wikipedia.org/wiki/Lira (chanteuse),Wikip\u00e9dia:\u00e9bauche chanteur sud-africain
Gabrielle Fitzpatrick,https://fr.wikipedia.org/?curid=10310086,https://fr.wikipedia.org/wiki/Gabrielle Fitzpatrick,Article manquant de r\u00e9f\u00e9rences depuis octobre 2016
Miss Rwanda 2015,https://fr.wikipedia.org/?curid=10314714,https://fr.wikipedia.org/wiki/Miss Rwanda 2015,Article utilisant une Infobox
Leila Lassouani,https://fr.wikipedia.org/?curid=10358254,https://fr.wikipedia.org/wiki/Leila Lassouani,Wikip\u00e9dia:\u00e9bauche halt\u00e9rophilie
Miss Afrique du Sud 2009,https://fr.wikipedia.org/?curid=10358577,https://fr.wikipedia.org/wiki/Miss Afrique du Sud 2009,Article utilisant une Infobox
Ysa Ferrer,https://fr.wikipedia.org/?curid=103819,https://fr.wikipedia.org/wiki/Ysa Ferrer,Article utilisant une Infobox
Erika Hansson,https://fr.wikipedia.org/?curid=10380821,https://fr.wikipedia.org/wiki/Erika Hansson,Wikip\u00e9dia:\u00e9bauche ski
Tanja Schmidt-Hennes,https://fr.wikipedia.org/?curid=10385192,https://fr.wikipedia.org/wiki/Tanja Schmidt-Hennes,Page utilisant P569
Emily Nelson,https://fr.wikipedia.org/?curid=10377854,https://fr.wikipedia.org/wiki/Emily Nelson,Page utilisant P569
Mauricio M\u00e9ndez,https://fr.wikipedia.org/?curid=10375731,https://fr.wikipedia.org/wiki/Mauricio M\u00e9ndez,Article \u00e0 illustrer Sportif
Miss Afrique du Sud 2008,https://fr.wikipedia.org/?curid=10393833,https://fr.wikipedia.org/wiki/Miss Afrique du Sud 2008,Article \u00e0 illustrer Miss
Miss Afrique du Sud 2010,https://fr.wikipedia.org/?curid=10394167,https://fr.wikipedia.org/wiki/Miss Afrique du Sud 2010,Article \u00e0 illustrer Miss
Park Bo-ram,https://fr.wikipedia.org/?curid=10394856,https://fr.wikipedia.org/wiki/Park Bo-ram,Article utilisant une Infobox
Alice Rocquain,https://fr.wikipedia.org/?curid=10393543,https://fr.wikipedia.org/wiki/Alice Rocquain,Article utilisant une Infobox
Miss Belgique 2017,https://fr.wikipedia.org/?curid=10392458,https://fr.wikipedia.org/wiki/Miss Belgique 2017,Article \u00e0 illustrer Miss
Katherine Clark,https://fr.wikipedia.org/?curid=10392219,https://fr.wikipedia.org/wiki/Katherine Clark,Article utilisant une Infobox
Cathy McMorris Rodgers,https://fr.wikipedia.org/?curid=10390297,https://fr.wikipedia.org/wiki/Cathy McMorris Rodgers,Article contenant un appel \u00e0 traduction en anglais
Susan Davis,https://fr.wikipedia.org/?curid=10387571,https://fr.wikipedia.org/wiki/Susan Davis,Article contenant un appel \u00e0 traduction en anglais
Michelle Ang,https://fr.wikipedia.org/?curid=10367778,https://fr.wikipedia.org/wiki/Michelle Ang,Article \u00e0 illustrer Personnalit\u00e9 du cin\u00e9ma
Judy Chu,https://fr.wikipedia.org/?curid=10364471,https://fr.wikipedia.org/wiki/Judy Chu,Article contenant un appel \u00e0 traduction en anglais
Liste d'\u00e9l\u00e8ves de l'\u00c9cole normale sup\u00e9rieure,https://fr.wikipedia.org/?curid=10362846,https://fr.wikipedia.org/wiki/Liste d'\u00e9l\u00e8ves de l'\u00c9cole normale sup\u00e9rieure,Portail:Grandes \u00e9coles/Articles li\u00e9s
S\u00e9gol\u00e8ne Royal,https://fr.wikipedia.org/?curid=10362,https://fr.wikipedia.org/wiki/S\u00e9gol\u00e8ne Royal,Article contenant un lien mort
Mar\u00eda Carrasco,https://fr.wikipedia.org/?curid=10374456,https://fr.wikipedia.org/wiki/Mar\u00eda Carrasco,Article utilisant une Infobox
Svetlana Matve\u00efeva,https://fr.wikipedia.org/?curid=10370208,https://fr.wikipedia.org/wiki/Svetlana Matve\u00efeva,Page utilisant P569
Elisa Balsamo,https://fr.wikipedia.org/?curid=10370348,https://fr.wikipedia.org/wiki/Elisa Balsamo,Page utilisant P569
C\u00e9lestine N'Drin,https://fr.wikipedia.org/?curid=10370378,https://fr.wikipedia.org/wiki/C\u00e9lestine N'Drin,Page utilisant P569
Nathalie Beausire,https://fr.wikipedia.org/?curid=10357859,https://fr.wikipedia.org/wiki/Nathalie Beausire,Wikip\u00e9dia:\u00e9bauche biathlon
Molla Bjurstedt,https://fr.wikipedia.org/?curid=1039724,https://fr.wikipedia.org/wiki/Molla Bjurstedt,Article utilisant une Infobox
Kelsea Ballerini,https://fr.wikipedia.org/?curid=10475885,https://fr.wikipedia.org/wiki/Kelsea Ballerini,Article contenant un lien mort
Shin Hye-jeong,https://fr.wikipedia.org/?curid=10467116,https://fr.wikipedia.org/wiki/Shin Hye-jeong,Article utilisant une Infobox
Kim Chan-mi,https://fr.wikipedia.org/?curid=10467286,https://fr.wikipedia.org/wiki/Kim Chan-mi,Article utilisant une Infobox
Bree Wee,https://fr.wikipedia.org/?curid=10466167,https://fr.wikipedia.org/wiki/Bree Wee,Article \u00e0 illustrer Sportif
Liste des m\u00e9daill\u00e9s olympiques en patinage de vitesse sur piste courte,https://fr.wikipedia.org/?curid=10468829,https://fr.wikipedia.org/wiki/Liste des m\u00e9daill\u00e9s olympiques en patinage de vitesse sur piste courte,Article avec une section vide ou incompl\u00e8te
Kwon Min-a,https://fr.wikipedia.org/?curid=10473838,https://fr.wikipedia.org/wiki/Kwon Min-a,Article utilisant une Infobox
Liste des m\u00e9daill\u00e9s olympiques en luge,https://fr.wikipedia.org/?curid=10472935,https://fr.wikipedia.org/wiki/Liste des m\u00e9daill\u00e9s olympiques en luge,Portail:Jeux olympiques/Articles li\u00e9s
Liste des m\u00e9daill\u00e9s olympiques en ski acrobatique,https://fr.wikipedia.org/?curid=10473580,https://fr.wikipedia.org/wiki/Liste des m\u00e9daill\u00e9s olympiques en ski acrobatique,Portail:Jeux olympiques/Articles li\u00e9s
Nicky Degrendele,https://fr.wikipedia.org/?curid=10470928,https://fr.wikipedia.org/wiki/Nicky Degrendele,Page utilisant P569
Kaitlyn Alexander,https://fr.wikipedia.org/?curid=10479970,https://fr.wikipedia.org/wiki/Kaitlyn Alexander,Article contenant un lien mort
Ben Gollings,https://fr.wikipedia.org/?curid=10464223,https://fr.wikipedia.org/wiki/Ben Gollings,Article utilisant une Infobox
Amy Marsh,https://fr.wikipedia.org/?curid=10463164,https://fr.wikipedia.org/wiki/Amy Marsh,Article \u00e0 illustrer Sportif
Million Reasons,https://fr.wikipedia.org/?curid=10463397,https://fr.wikipedia.org/wiki/Million Reasons,Article contenant un lien mort
Srna Markovic,https://fr.wikipedia.org/?curid=10461610,https://fr.wikipedia.org/wiki/Srna Markovic,Article utilisant une Infobox
Leonie Krippendorff,https://fr.wikipedia.org/?curid=10461642,https://fr.wikipedia.org/wiki/Leonie Krippendorff,Wikip\u00e9dia:\u00e9bauche r\u00e9alisateur allemand
C. S. Forester,https://fr.wikipedia.org/?curid=104506,https://fr.wikipedia.org/wiki/C. S. Forester,Article utilisant une Infobox
Jo Durie,https://fr.wikipedia.org/?curid=1044988,https://fr.wikipedia.org/wiki/Jo Durie,Article utilisant une Infobox
Christy Carlson Romano,https://fr.wikipedia.org/?curid=1045873,https://fr.wikipedia.org/wiki/Christy Carlson Romano,Article contenant un appel \u00e0 traduction en anglais
Leila Meskhi,https://fr.wikipedia.org/?curid=1048883,https://fr.wikipedia.org/wiki/Leila Meskhi,Article \u00e0 illustrer Joueur de tennis
Odina Bayramova,https://fr.wikipedia.org/?curid=10488127,https://fr.wikipedia.org/wiki/Odina Bayramova,Article \u00e0 illustrer Joueur de volley-ball
Marko Albert,https://fr.wikipedia.org/?curid=10024172,https://fr.wikipedia.org/wiki/Marko Albert,Article utilisant une Infobox
Maria Epple,https://fr.wikipedia.org/?curid=1001587,https://fr.wikipedia.org/wiki/Maria Epple,Article \u00e0 illustrer Sportif
Anna Jakubczak,https://fr.wikipedia.org/?curid=10010441,https://fr.wikipedia.org/wiki/Anna Jakubczak,Wikip\u00e9dia:\u00e9bauche athl\u00e8te polonais
Marrit Steenbergen,https://fr.wikipedia.org/?curid=10018407,https://fr.wikipedia.org/wiki/Marrit Steenbergen,Wikip\u00e9dia:\u00e9bauche natation
Jahana Hayes,https://fr.wikipedia.org/?curid=10002874,https://fr.wikipedia.org/wiki/Jahana Hayes,Article contenant un appel \u00e0 traduction en anglais
Muna Lee,https://fr.wikipedia.org/?curid=1000551,https://fr.wikipedia.org/wiki/Muna Lee,Wikip\u00e9dia:\u00e9bauche athl\u00e8te am\u00e9ricain
Yuliya Gushchina,https://fr.wikipedia.org/?curid=1000556,https://fr.wikipedia.org/wiki/Yuliya Gushchina,Article utilisant une Infobox
Cydonie Mothersille,https://fr.wikipedia.org/?curid=1000559,https://fr.wikipedia.org/wiki/Cydonie Mothersille,Article utilisant une Infobox
Daniela Zini,https://fr.wikipedia.org/?curid=1000526,https://fr.wikipedia.org/wiki/Daniela Zini,Wikip\u00e9dia:\u00e9bauche ski alpin
Eva Twardokens,https://fr.wikipedia.org/?curid=1000014,https://fr.wikipedia.org/wiki/Eva Twardokens,Article \u00e0 illustrer Sportif
Yusmay Bicet,https://fr.wikipedia.org/?curid=10008468,https://fr.wikipedia.org/wiki/Yusmay Bicet,Wikip\u00e9dia:\u00e9bauche athl\u00e8te cubain
Elena Kuchinskaya,https://fr.wikipedia.org/?curid=10012827,https://fr.wikipedia.org/wiki/Elena Kuchinskaya,Page utilisant P1813
Sabrina Godard-Monmarteau,https://fr.wikipedia.org/?curid=10011968,https://fr.wikipedia.org/wiki/Sabrina Godard-Monmarteau,Article \u00e0 illustrer Sportif
Ekaterina Kovalevska\u00efa,https://fr.wikipedia.org/?curid=10028554,https://fr.wikipedia.org/wiki/Ekaterina Kovalevska\u00efa,Page utilisant P569
Juana Wangsa Putri,https://fr.wikipedia.org/?curid=12906547,https://fr.wikipedia.org/wiki/Juana Wangsa Putri,Article \u00e0 illustrer Sportif
Shannon McCurley,https://fr.wikipedia.org/?curid=12824298,https://fr.wikipedia.org/wiki/Shannon McCurley,Page utilisant P569
Cornelius Tuwei,https://fr.wikipedia.org/?curid=12846102,https://fr.wikipedia.org/wiki/Cornelius Tuwei,Wikip\u00e9dia:\u00e9bauche athl\u00e8te k\u00e9nyan
Tove Alexandersson,https://fr.wikipedia.org/?curid=12841679,https://fr.wikipedia.org/wiki/Tove Alexandersson,Wikip\u00e9dia:\u00e9bauche sportif su\u00e9dois
Brittany Brown,https://fr.wikipedia.org/?curid=12795392,https://fr.wikipedia.org/wiki/Brittany Brown,Wikip\u00e9dia:\u00e9bauche sportif am\u00e9ricain
Valarie Allman,https://fr.wikipedia.org/?curid=12795665,https://fr.wikipedia.org/wiki/Valarie Allman,Article utilisant une Infobox
Laura Igaune,https://fr.wikipedia.org/?curid=12798590,https://fr.wikipedia.org/wiki/Laura Igaune,Wikip\u00e9dia:\u00e9bauche athl\u00e8te finlandais
Xue Xiaolu,https://fr.wikipedia.org/?curid=12867976,https://fr.wikipedia.org/wiki/Xue Xiaolu,Article \u00e0 illustrer Personnalit\u00e9 du cin\u00e9ma
Janet Boyle,https://fr.wikipedia.org/?curid=12879240,https://fr.wikipedia.org/wiki/Janet Boyle,Wikip\u00e9dia:\u00e9bauche athl\u00e8te britannique
Loubna Benhadja,https://fr.wikipedia.org/?curid=12885242,https://fr.wikipedia.org/wiki/Loubna Benhadja,Wikip\u00e9dia:\u00e9bauche athl\u00e9tisme
Sigrid Thornton,https://fr.wikipedia.org/?curid=12915042,https://fr.wikipedia.org/wiki/Sigrid Thornton,Page utilisant P569
Elma Muros,https://fr.wikipedia.org/?curid=12916048,https://fr.wikipedia.org/wiki/Elma Muros,Article \u00e0 illustrer Athl\u00e8te
Tusa (chanson),https://fr.wikipedia.org/?curid=12912752,https://fr.wikipedia.org/wiki/Tusa (chanson),Article contenant un lien mort
Dans ma bulle,https://fr.wikipedia.org/?curid=1291317,https://fr.wikipedia.org/wiki/Dans ma bulle,Article utilisant une Infobox
Helen Glatz,https://fr.wikipedia.org/?curid=12914597,https://fr.wikipedia.org/wiki/Helen Glatz,Page utilisant P569
Jasmine Alkhaldi,https://fr.wikipedia.org/?curid=12918416,https://fr.wikipedia.org/wiki/Jasmine Alkhaldi,Article utilisant une Infobox
Supriyati Sutono,https://fr.wikipedia.org/?curid=12918763,https://fr.wikipedia.org/wiki/Supriyati Sutono,Article \u00e0 illustrer Athl\u00e8te
Alba Fyre,https://fr.wikipedia.org/?curid=12919074,https://fr.wikipedia.org/wiki/Alba Fyre,Page utilisant P27
Cristina Simion,https://fr.wikipedia.org/?curid=12919093,https://fr.wikipedia.org/wiki/Cristina Simion,Article utilisant une Infobox
Holly Beatie,https://fr.wikipedia.org/?curid=12919198,https://fr.wikipedia.org/wiki/Holly Beatie,Article \u00e0 illustrer Sportif
Julie Newman,https://fr.wikipedia.org/?curid=12919212,https://fr.wikipedia.org/wiki/Julie Newman,Wikip\u00e9dia:\u00e9bauche sportif am\u00e9ricain
Kari Swenson,https://fr.wikipedia.org/?curid=12919216,https://fr.wikipedia.org/wiki/Kari Swenson,Article \u00e0 illustrer Sportif
Irina Mileschina,https://fr.wikipedia.org/?curid=12923463,https://fr.wikipedia.org/wiki/Irina Mileschina,Wikip\u00e9dia:\u00e9bauche biathlon
Karin Iten,https://fr.wikipedia.org/?curid=12881153,https://fr.wikipedia.org/wiki/Karin Iten,Page utilisant P569
Carol Greenwood,https://fr.wikipedia.org/?curid=12869273,https://fr.wikipedia.org/wiki/Carol Greenwood,Wikip\u00e9dia:\u00e9bauche athl\u00e8te
Uiloq Slettemark,https://fr.wikipedia.org/?curid=12881927,https://fr.wikipedia.org/wiki/Uiloq Slettemark,Wikip\u00e9dia:\u00e9bauche biathlon
Anna of the North,https://fr.wikipedia.org/?curid=12883744,https://fr.wikipedia.org/wiki/Anna of the North,Page utilisant P569
Shivani Kataria,https://fr.wikipedia.org/?curid=12929486,https://fr.wikipedia.org/wiki/Shivani Kataria,Article utilisant une Infobox
"Liste des dames, marquises et duchesses de Mantoue",https://fr.wikipedia.org/?curid=12928475,"https://fr.wikipedia.org/wiki/Liste des dames, marquises et duchesses de Mantoue",Article avec source \u00e0 lier
Petra \u010cervenkov\u00e1,https://fr.wikipedia.org/?curid=12925919,https://fr.wikipedia.org/wiki/Petra \u010cervenkov\u00e1,Wikip\u00e9dia:\u00e9bauche biathlon
Kimiko Raheem,https://fr.wikipedia.org/?curid=12926469,https://fr.wikipedia.org/wiki/Kimiko Raheem,Article utilisant une Infobox
Halina Pito\u0144,https://fr.wikipedia.org/?curid=12924356,https://fr.wikipedia.org/wiki/Halina Pito\u0144,Wikip\u00e9dia:\u00e9bauche biathlon
Ieva Ceder\u0161tr\u0113ma-Volfa,https://fr.wikipedia.org/?curid=12924518,https://fr.wikipedia.org/wiki/Ieva Ceder\u0161tr\u0113ma-Volfa,Wikip\u00e9dia:\u00e9bauche biathlon
Gayanthika Artigala,https://fr.wikipedia.org/?curid=12887956,https://fr.wikipedia.org/wiki/Gayanthika Artigala,Page utilisant des donn\u00e9es de Wikidata \u00e0 traduire de l'anglais
Faith Yang,https://fr.wikipedia.org/?curid=12888144,https://fr.wikipedia.org/wiki/Faith Yang,Wikip\u00e9dia:\u00e9bauche chanteur
Liste des m\u00e9daill\u00e9s aux Jeux olympiques de 1908,https://fr.wikipedia.org/?curid=12901945,https://fr.wikipedia.org/wiki/Liste des m\u00e9daill\u00e9s aux Jeux olympiques de 1908,Page utilisant une pr\u00e9sentation en colonnes avec un nombre fixe de colonnes
Helga \u00d8vsthus Fenne,https://fr.wikipedia.org/?curid=12902106,https://fr.wikipedia.org/wiki/Helga \u00d8vsthus Fenne,Wikip\u00e9dia:\u00e9bauche biathlon
Kirstie Alora,https://fr.wikipedia.org/?curid=12903759,https://fr.wikipedia.org/wiki/Kirstie Alora,Article utilisant une Infobox
KZ Tandingan,https://fr.wikipedia.org/?curid=12902980,https://fr.wikipedia.org/wiki/KZ Tandingan,Wikip\u00e9dia:\u00e9bauche chanteur
Defia Rosmaniar,https://fr.wikipedia.org/?curid=12901594,https://fr.wikipedia.org/wiki/Defia Rosmaniar,Article utilisant une Infobox
Tatiana Pinto,https://fr.wikipedia.org/?curid=12904199,https://fr.wikipedia.org/wiki/Tatiana Pinto,Article \u00e0 illustrer Footballeur
Natalie Burn,https://fr.wikipedia.org/?curid=12902740,https://fr.wikipedia.org/wiki/Natalie Burn,Article manquant de r\u00e9f\u00e9rences depuis novembre 2019
Ashley Roberts,https://fr.wikipedia.org/?curid=1290464,https://fr.wikipedia.org/wiki/Ashley Roberts,Article utilisant une Infobox
Nell Hall Hopman,https://fr.wikipedia.org/?curid=1289491,https://fr.wikipedia.org/wiki/Nell Hall Hopman,Article utilisant une Infobox
Seija Hyyti\u00e4inen,https://fr.wikipedia.org/?curid=12896105,https://fr.wikipedia.org/wiki/Seija Hyyti\u00e4inen,Wikip\u00e9dia:\u00e9bauche biathlon
Karolina Karasiewicz,https://fr.wikipedia.org/?curid=12891559,https://fr.wikipedia.org/wiki/Karolina Karasiewicz,Page utilisant P569
Magdalena Stysiak,https://fr.wikipedia.org/?curid=12893662,https://fr.wikipedia.org/wiki/Magdalena Stysiak,Article \u00e0 illustrer Joueur de volley-ball
Pirjo Aalto,https://fr.wikipedia.org/?curid=12894395,https://fr.wikipedia.org/wiki/Pirjo Aalto,Wikip\u00e9dia:\u00e9bauche biathlon
V\u011bra Sukov\u00e1,https://fr.wikipedia.org/?curid=1289255,https://fr.wikipedia.org/wiki/V\u011bra Sukov\u00e1,Article \u00e0 illustrer Joueur de tennis
Kateryna Lagno,https://fr.wikipedia.org/?curid=1296963,https://fr.wikipedia.org/wiki/Kateryna Lagno,Page utilisant P1559
Liste des m\u00e9daill\u00e9s aux Jeux olympiques d'\u00e9t\u00e9 de 2020,https://fr.wikipedia.org/?curid=12943638,https://fr.wikipedia.org/wiki/Liste des m\u00e9daill\u00e9s aux Jeux olympiques d'\u00e9t\u00e9 de 2020,Portail:Jeux olympiques/Articles li\u00e9s
Friana Kwevira,https://fr.wikipedia.org/?curid=12969371,https://fr.wikipedia.org/wiki/Friana Kwevira,Wikip\u00e9dia:\u00e9bauche athl\u00e9tisme
Jan Bucher,https://fr.wikipedia.org/?curid=12971600,https://fr.wikipedia.org/wiki/Jan Bucher,Article \u00e0 illustrer Sportif
Krystyna Liberda,https://fr.wikipedia.org/?curid=12810512,https://fr.wikipedia.org/wiki/Krystyna Liberda,Wikip\u00e9dia:\u00e9bauche biathlon
Tones and I,https://fr.wikipedia.org/?curid=12813290,https://fr.wikipedia.org/wiki/Tones and I,Page utilisant P569
Mariama Bangoura,https://fr.wikipedia.org/?curid=12934962,https://fr.wikipedia.org/wiki/Mariama Bangoura,Article \u00e0 illustrer Judoka
Lena Petermann,https://fr.wikipedia.org/?curid=12937178,https://fr.wikipedia.org/wiki/Lena Petermann,Page utilisant P27
Carla Lazzari,https://fr.wikipedia.org/?curid=12965652,https://fr.wikipedia.org/wiki/Carla Lazzari,Article utilisant une Infobox
Aurore Fleury,https://fr.wikipedia.org/?curid=12963519,https://fr.wikipedia.org/wiki/Aurore Fleury,Wikip\u00e9dia:\u00e9bauche athl\u00e9tisme
Marcelle Moraes,https://fr.wikipedia.org/?curid=12967994,https://fr.wikipedia.org/wiki/Marcelle Moraes,Article utilisant une Infobox
Diane Parry,https://fr.wikipedia.org/?curid=12968159,https://fr.wikipedia.org/wiki/Diane Parry,Article utilisant une Infobox
A\u00efssata Traor\u00e9,https://fr.wikipedia.org/?curid=12968442,https://fr.wikipedia.org/wiki/A\u00efssata Traor\u00e9,Wikip\u00e9dia:\u00e9bauche footballeuse
Kristen Scott,https://fr.wikipedia.org/?curid=12977270,https://fr.wikipedia.org/wiki/Kristen Scott,Article utilisant une Infobox
Mariana Arceo,https://fr.wikipedia.org/?curid=12978847,https://fr.wikipedia.org/wiki/Mariana Arceo,Article utilisant une Infobox
F\u00e1tima Pinto,https://fr.wikipedia.org/?curid=12979293,https://fr.wikipedia.org/wiki/F\u00e1tima Pinto,Article \u00e0 illustrer Footballeur
Khouloud El Ouni,https://fr.wikipedia.org/?curid=12981032,https://fr.wikipedia.org/wiki/Khouloud El Ouni,Wikip\u00e9dia:\u00e9bauche sportif tunisien
Yvette Zi\u00e9,https://fr.wikipedia.org/?curid=12981050,https://fr.wikipedia.org/wiki/Yvette Zi\u00e9,Wikip\u00e9dia:\u00e9bauche sportif
Suzu Chiba,https://fr.wikipedia.org/?curid=12944652,https://fr.wikipedia.org/wiki/Suzu Chiba,Article \u00e0 illustrer Nageur
Andreia Norton,https://fr.wikipedia.org/?curid=12943070,https://fr.wikipedia.org/wiki/Andreia Norton,Article utilisant une Infobox
Lillian Watson (tennis),https://fr.wikipedia.org/?curid=1294968,https://fr.wikipedia.org/wiki/Lillian Watson (tennis),Article utilisant une Infobox
Vicki Becho,https://fr.wikipedia.org/?curid=12954923,https://fr.wikipedia.org/wiki/Vicki Becho,Article \u00e0 illustrer Footballeur
Tracey Brindley,https://fr.wikipedia.org/?curid=12874879,https://fr.wikipedia.org/wiki/Tracey Brindley,Article \u00e0 illustrer Athl\u00e8te
Yuan Qiqi,https://fr.wikipedia.org/?curid=12880399,https://fr.wikipedia.org/wiki/Yuan Qiqi,Article \u00e0 illustrer Athl\u00e8te
Olivia Bertrand,https://fr.wikipedia.org/?curid=1287604,https://fr.wikipedia.org/wiki/Olivia Bertrand,Wikip\u00e9dia:\u00e9bauche sportif fran\u00e7ais
Palina Pivavarava,https://fr.wikipedia.org/?curid=12825943,https://fr.wikipedia.org/wiki/Palina Pivavarava,Page utilisant P1813
Katsiaryna Piatrouskaya,https://fr.wikipedia.org/?curid=12825964,https://fr.wikipedia.org/wiki/Katsiaryna Piatrouskaya,Page utilisant P569
Irina Molicheva,https://fr.wikipedia.org/?curid=12826021,https://fr.wikipedia.org/wiki/Irina Molicheva,Page utilisant P1813
Annukka Mallat,https://fr.wikipedia.org/?curid=12826092,https://fr.wikipedia.org/wiki/Annukka Mallat,Wikip\u00e9dia:\u00e9bauche biathlon
Outi Kettunen,https://fr.wikipedia.org/?curid=12826129,https://fr.wikipedia.org/wiki/Outi Kettunen,Wikip\u00e9dia:\u00e9bauche biathlon
Olena Tsos,https://fr.wikipedia.org/?curid=12828280,https://fr.wikipedia.org/wiki/Olena Tsos,Page utilisant P569
Anna Turvey,https://fr.wikipedia.org/?curid=12828330,https://fr.wikipedia.org/wiki/Anna Turvey,Page utilisant P569
Humpy Koneru,https://fr.wikipedia.org/?curid=1281863,https://fr.wikipedia.org/wiki/Humpy Koneru,Page utilisant P1559
Carroll Parrott Blue,https://fr.wikipedia.org/?curid=12942558,https://fr.wikipedia.org/wiki/Carroll Parrott Blue,Page utilisant P569
Madina Biktagirova,https://fr.wikipedia.org/?curid=12930804,https://fr.wikipedia.org/wiki/Madina Biktagirova,Wikip\u00e9dia:\u00e9bauche athl\u00e8te russe
Tamami Tanaka,https://fr.wikipedia.org/?curid=12930874,https://fr.wikipedia.org/wiki/Tamami Tanaka,Wikip\u00e9dia:\u00e9bauche biathlon
Rachel Steer,https://fr.wikipedia.org/?curid=12938234,https://fr.wikipedia.org/wiki/Rachel Steer,Wikip\u00e9dia:\u00e9bauche biathlon
Evgenia Kutsepalava,https://fr.wikipedia.org/?curid=12938256,https://fr.wikipedia.org/wiki/Evgenia Kutsepalava,Wikip\u00e9dia:\u00e9bauche biathlon
Miss Belgique 2019,https://fr.wikipedia.org/?curid=12936537,https://fr.wikipedia.org/wiki/Miss Belgique 2019,Article \u00e0 illustrer Miss
Melania Urbina,https://fr.wikipedia.org/?curid=12793540,https://fr.wikipedia.org/wiki/Melania Urbina,Page utilisant P569
Wivi L\u00f6nn,https://fr.wikipedia.org/?curid=12801983,https://fr.wikipedia.org/wiki/Wivi L\u00f6nn,Page utilisant P569
Natalliah Whyte,https://fr.wikipedia.org/?curid=12804042,https://fr.wikipedia.org/wiki/Natalliah Whyte,Article \u00e0 illustrer Athl\u00e8te
Wadeline Jonathas,https://fr.wikipedia.org/?curid=12804113,https://fr.wikipedia.org/wiki/Wadeline Jonathas,Article utilisant une Infobox
Hawi Feysa,https://fr.wikipedia.org/?curid=12803049,https://fr.wikipedia.org/wiki/Hawi Feysa,Wikip\u00e9dia:\u00e9bauche athl\u00e8te \u00e9thiopien
Gr\u00e9ta Kerekes,https://fr.wikipedia.org/?curid=12802679,https://fr.wikipedia.org/wiki/Gr\u00e9ta Kerekes,Wikip\u00e9dia:\u00e9bauche athl\u00e8te hongrois
Vanessa Clerveaux,https://fr.wikipedia.org/?curid=12802721,https://fr.wikipedia.org/wiki/Vanessa Clerveaux,Wikip\u00e9dia:\u00e9bauche athl\u00e8te
Asuka Terada,https://fr.wikipedia.org/?curid=12802733,https://fr.wikipedia.org/wiki/Asuka Terada,Wikip\u00e9dia:\u00e9bauche athl\u00e8te japonais
Irina Velihanova,https://fr.wikipedia.org/?curid=12802819,https://fr.wikipedia.org/wiki/Irina Velihanova,Wikip\u00e9dia:\u00e9bauche athl\u00e8te
Roneisha McGregor,https://fr.wikipedia.org/?curid=12789903,https://fr.wikipedia.org/wiki/Roneisha McGregor,Wikip\u00e9dia:\u00e9bauche athl\u00e8te jama\u00efcain
Carole Caldwell Graebner,https://fr.wikipedia.org/?curid=1279293,https://fr.wikipedia.org/wiki/Carole Caldwell Graebner,Article utilisant une Infobox
Brooke Andersen,https://fr.wikipedia.org/?curid=12791314,https://fr.wikipedia.org/wiki/Brooke Andersen,Wikip\u00e9dia:\u00e9bauche athl\u00e8te am\u00e9ricain
Sasha Gollish,https://fr.wikipedia.org/?curid=12791353,https://fr.wikipedia.org/wiki/Sasha Gollish,Wikip\u00e9dia:\u00e9bauche athl\u00e8te canadien
Paola P\u00e9rez (natation),https://fr.wikipedia.org/?curid=12791420,https://fr.wikipedia.org/wiki/Paola P\u00e9rez (natation),Wikip\u00e9dia:\u00e9bauche natation
Edda Buding,https://fr.wikipedia.org/?curid=1279406,https://fr.wikipedia.org/wiki/Edda Buding,Article utilisant une Infobox
Olga Kozlova,https://fr.wikipedia.org/?curid=12794166,https://fr.wikipedia.org/wiki/Olga Kozlova,Wikip\u00e9dia:\u00e9bauche sportif sovi\u00e9tique
"Yuka Sato (athl\u00e9tisme, 1981)",https://fr.wikipedia.org/?curid=12794297,"https://fr.wikipedia.org/wiki/Yuka Sato (athl\u00e9tisme, 1981)",Wikip\u00e9dia:\u00e9bauche athl\u00e8te japonais
"Yuka Sato (athl\u00e9tisme, 1992)",https://fr.wikipedia.org/?curid=12794306,"https://fr.wikipedia.org/wiki/Yuka Sato (athl\u00e9tisme, 1992)",Wikip\u00e9dia:\u00e9bauche athl\u00e8te japonais
Svetlana Paniutina,https://fr.wikipedia.org/?curid=12794313,https://fr.wikipedia.org/wiki/Svetlana Paniutina,Wikip\u00e9dia:\u00e9bauche biathlon
Twanisha Terry,https://fr.wikipedia.org/?curid=12790979,https://fr.wikipedia.org/wiki/Twanisha Terry,Wikip\u00e9dia:\u00e9bauche athl\u00e8te am\u00e9ricain
Liste des comtesses de Hollande,https://fr.wikipedia.org/?curid=12771005,https://fr.wikipedia.org/wiki/Liste des comtesses de Hollande,Portail:Pays-Bas/Articles li\u00e9s
Jasmine Paolini,https://fr.wikipedia.org/?curid=12771366,https://fr.wikipedia.org/wiki/Jasmine Paolini,Article utilisant une Infobox
Ida Moberg,https://fr.wikipedia.org/?curid=12818142,https://fr.wikipedia.org/wiki/Ida Moberg,Page utilisant P569
Rodolphe von Berg,https://fr.wikipedia.org/?curid=12816040,https://fr.wikipedia.org/wiki/Rodolphe von Berg,Article \u00e0 illustrer Sportif
Ryoko Takahashi,https://fr.wikipedia.org/?curid=12817281,https://fr.wikipedia.org/wiki/Ryoko Takahashi,Wikip\u00e9dia:\u00e9bauche biathlon
Mercy Ntia-Obong,https://fr.wikipedia.org/?curid=12817333,https://fr.wikipedia.org/wiki/Mercy Ntia-Obong,Wikip\u00e9dia:\u00e9bauche athl\u00e9tisme
Madison de Rozario,https://fr.wikipedia.org/?curid=12814000,https://fr.wikipedia.org/wiki/Madison de Rozario,Article utilisant une Infobox
Dulce Garc\u00eda,https://fr.wikipedia.org/?curid=12765771,https://fr.wikipedia.org/wiki/Dulce Garc\u00eda,Wikip\u00e9dia:\u00e9bauche athl\u00e9tisme
Valentina Belotti,https://fr.wikipedia.org/?curid=12786093,https://fr.wikipedia.org/wiki/Valentina Belotti,Article utilisant une Infobox
Kerryn Pethybridge-Rim,https://fr.wikipedia.org/?curid=12820816,https://fr.wikipedia.org/wiki/Kerryn Pethybridge-Rim,Wikip\u00e9dia:\u00e9bauche biathlon
Alice Smith,https://fr.wikipedia.org/?curid=12763918,https://fr.wikipedia.org/wiki/Alice Smith,Page utilisant P569
Signe Trosten,https://fr.wikipedia.org/?curid=12782731,https://fr.wikipedia.org/wiki/Signe Trosten,Wikip\u00e9dia:\u00e9bauche biathlon
Jihyo,https://fr.wikipedia.org/?curid=12778486,https://fr.wikipedia.org/wiki/Jihyo,Article utilisant une Infobox
Silvana Blogoeva,https://fr.wikipedia.org/?curid=12778956,https://fr.wikipedia.org/wiki/Silvana Blogoeva,Wikip\u00e9dia:\u00e9bauche biathlon
Jeongyeon,https://fr.wikipedia.org/?curid=12852109,https://fr.wikipedia.org/wiki/Jeongyeon,Article utilisant une Infobox
Annie Conway,https://fr.wikipedia.org/?curid=12852449,https://fr.wikipedia.org/wiki/Annie Conway,Wikip\u00e9dia:\u00e9bauche sport
Mina Myoui,https://fr.wikipedia.org/?curid=12861788,https://fr.wikipedia.org/wiki/Mina Myoui,Article manquant de r\u00e9f\u00e9rences depuis novembre 2019
Elna Henrikson,https://fr.wikipedia.org/?curid=12864601,https://fr.wikipedia.org/wiki/Elna Henrikson,Page utilisant P27
Elisabeth B\u00f6ckel,https://fr.wikipedia.org/?curid=12864760,https://fr.wikipedia.org/wiki/Elisabeth B\u00f6ckel,Wikip\u00e9dia:\u00e9bauche patinage artistique
Gr\u00e9goire Curmer,https://fr.wikipedia.org/?curid=12828110,https://fr.wikipedia.org/wiki/Gr\u00e9goire Curmer,Page utilisant P569
Patricia Ortega,https://fr.wikipedia.org/?curid=12827385,https://fr.wikipedia.org/wiki/Patricia Ortega,Page utilisant P569
Yalemzerf Yehualaw,https://fr.wikipedia.org/?curid=12829898,https://fr.wikipedia.org/wiki/Yalemzerf Yehualaw,Wikip\u00e9dia:\u00e9bauche athl\u00e9tisme
Vanice Kerubo Nyagisera,https://fr.wikipedia.org/?curid=12829906,https://fr.wikipedia.org/wiki/Vanice Kerubo Nyagisera,Wikip\u00e9dia:\u00e9bauche athl\u00e9tisme
Mekides Abebe,https://fr.wikipedia.org/?curid=12829921,https://fr.wikipedia.org/wiki/Mekides Abebe,Wikip\u00e9dia:\u00e9bauche athl\u00e9tisme
Degitu Azimeraw,https://fr.wikipedia.org/?curid=12829929,https://fr.wikipedia.org/wiki/Degitu Azimeraw,Wikip\u00e9dia:\u00e9bauche athl\u00e9tisme
Liste des \u00e9pouses et compagnes des pr\u00e9sidents de la R\u00e9publique de Guin\u00e9e,https://fr.wikipedia.org/?curid=12833278,https://fr.wikipedia.org/wiki/Liste des \u00e9pouses et compagnes des pr\u00e9sidents de la R\u00e9publique de Guin\u00e9e,Article \u00e0 illustrer Poste politique
Andr\u00e9a Maria Pereira,https://fr.wikipedia.org/?curid=12830098,https://fr.wikipedia.org/wiki/Andr\u00e9a Maria Pereira,Wikip\u00e9dia:\u00e9bauche athl\u00e9tisme
Natalia Sokolova (biathlon),https://fr.wikipedia.org/?curid=1283059,https://fr.wikipedia.org/wiki/Natalia Sokolova (biathlon),Wikip\u00e9dia:\u00e9bauche biathlon
Sorn (chanteuse),https://fr.wikipedia.org/?curid=12834700,https://fr.wikipedia.org/wiki/Sorn (chanteuse),Article utilisant une Infobox
Hanna Tserakh,https://fr.wikipedia.org/?curid=12766780,https://fr.wikipedia.org/wiki/Hanna Tserakh,Page utilisant P1813
JoJo Siwa,https://fr.wikipedia.org/?curid=12775420,https://fr.wikipedia.org/wiki/JoJo Siwa,Article contenant un lien mort
Brigitta Po\u00f3r,https://fr.wikipedia.org/?curid=12858593,https://fr.wikipedia.org/wiki/Brigitta Po\u00f3r,Wikip\u00e9dia:\u00e9bauche triathl\u00e8te
Marie Laurencin,https://fr.wikipedia.org/?curid=128586,https://fr.wikipedia.org/wiki/Marie Laurencin,Article \u00e0 r\u00e9f\u00e9rence n\u00e9cessaire
Camila Osorio,https://fr.wikipedia.org/?curid=12857900,https://fr.wikipedia.org/wiki/Camila Osorio,Article utilisant une Infobox
Angelina (chanteuse),https://fr.wikipedia.org/?curid=12833644,https://fr.wikipedia.org/wiki/Angelina (chanteuse),Article utilisant une Infobox
Ashford & Simpson,https://fr.wikipedia.org/?curid=1285561,https://fr.wikipedia.org/wiki/Ashford & Simpson,Page utilisant P2031
Victoria Justice,https://fr.wikipedia.org/?curid=1285574,https://fr.wikipedia.org/wiki/Victoria Justice,Article utilisant une Infobox
Lou Jean,https://fr.wikipedia.org/?curid=12855774,https://fr.wikipedia.org/wiki/Lou Jean,Article manquant de r\u00e9f\u00e9rences depuis octobre 2021
Reira Iwabuchi,https://fr.wikipedia.org/?curid=14564026,https://fr.wikipedia.org/wiki/Reira Iwabuchi,Wikip\u00e9dia:\u00e9bauche snowboard
Yin Menglu,https://fr.wikipedia.org/?curid=14564340,https://fr.wikipedia.org/wiki/Yin Menglu,Wikip\u00e9dia:\u00e9bauche sportif chinois
Xu Tingting,https://fr.wikipedia.org/?curid=14569983,https://fr.wikipedia.org/wiki/Xu Tingting,Wikip\u00e9dia:\u00e9bauche sportif chinois
