Name,URL1,URL2,First Category
Ania Monica Caill,https://fr.wikipedia.org/?curid=12616913,https://fr.wikipedia.org/wiki/Ania Monica Caill,Article \u00e0 illustrer Sportif
Melissa Vargas,https://fr.wikipedia.org/?curid=12616488,https://fr.wikipedia.org/wiki/Melissa Vargas,Article \u00e0 illustrer Joueur de volley-ball
Veronika Velez Zuzulov\u00e1,https://fr.wikipedia.org/?curid=1260189,https://fr.wikipedia.org/wiki/Veronika Velez Zuzulov\u00e1,Article utilisant une Infobox
Emma Lunder,https://fr.wikipedia.org/?curid=12627355,https://fr.wikipedia.org/wiki/Emma Lunder,Article utilisant une Infobox
Joanne Reid,https://fr.wikipedia.org/?curid=12627548,https://fr.wikipedia.org/wiki/Joanne Reid,Article utilisant une Infobox
Daniela Klemenschits,https://fr.wikipedia.org/?curid=1262537,https://fr.wikipedia.org/wiki/Daniela Klemenschits,Article \u00e0 illustrer Joueur de tennis
Simona H\u00f6sl,https://fr.wikipedia.org/?curid=12625813,https://fr.wikipedia.org/wiki/Simona H\u00f6sl,Wikip\u00e9dia:\u00e9bauche ski alpin
Sandra Klemenschits,https://fr.wikipedia.org/?curid=1262609,https://fr.wikipedia.org/wiki/Sandra Klemenschits,Article contenant un lien mort
Birgit Carlst\u00e9n,https://fr.wikipedia.org/?curid=12600181,https://fr.wikipedia.org/wiki/Birgit Carlst\u00e9n,Article contenant un lien mort
Haruna Ishikawa,https://fr.wikipedia.org/?curid=12600293,https://fr.wikipedia.org/wiki/Haruna Ishikawa,Wikip\u00e9dia:\u00e9bauche ski alpin
Bradley Weiss,https://fr.wikipedia.org/?curid=12601108,https://fr.wikipedia.org/wiki/Bradley Weiss,Wikip\u00e9dia:\u00e9bauche triathlon
Sha'Carri Richardson,https://fr.wikipedia.org/?curid=12600905,https://fr.wikipedia.org/wiki/Sha'Carri Richardson,Article utilisant une Infobox
Kailen Sheridan,https://fr.wikipedia.org/?curid=12604449,https://fr.wikipedia.org/wiki/Kailen Sheridan,Article contenant un lien mort
Nicole Gius,https://fr.wikipedia.org/?curid=1260175,https://fr.wikipedia.org/wiki/Nicole Gius,Wikip\u00e9dia:\u00e9bauche ski alpin
Penny Johnson (tennis),https://fr.wikipedia.org/?curid=1260859,https://fr.wikipedia.org/wiki/Penny Johnson (tennis),Article \u00e0 illustrer Joueur de tennis
Pilar V\u00e1squez,https://fr.wikipedia.org/?curid=1260791,https://fr.wikipedia.org/wiki/Pilar V\u00e1squez,Article \u00e0 illustrer Joueur de tennis
Ivona Fialkov\u00e1,https://fr.wikipedia.org/?curid=12609198,https://fr.wikipedia.org/wiki/Ivona Fialkov\u00e1,Wikip\u00e9dia:\u00e9bauche biathlon
Jules LeBlanc,https://fr.wikipedia.org/?curid=12609315,https://fr.wikipedia.org/wiki/Jules LeBlanc,Article \u00e0 wikifier depuis octobre 2021
Valentina Cernoia,https://fr.wikipedia.org/?curid=12609811,https://fr.wikipedia.org/wiki/Valentina Cernoia,Article utilisant une Infobox
Bi Xiaolin,https://fr.wikipedia.org/?curid=12609837,https://fr.wikipedia.org/wiki/Bi Xiaolin,Article \u00e0 illustrer Footballeur
Lin Yuping,https://fr.wikipedia.org/?curid=12609848,https://fr.wikipedia.org/wiki/Lin Yuping,Article \u00e0 illustrer Footballeur
Wang Ying (football),https://fr.wikipedia.org/?curid=12609887,https://fr.wikipedia.org/wiki/Wang Ying (football),Article \u00e0 illustrer Footballeur
Wang Yan (football),https://fr.wikipedia.org/?curid=12609936,https://fr.wikipedia.org/wiki/Wang Yan (football),Article \u00e0 illustrer Footballeur
Farida Amrani,https://fr.wikipedia.org/?curid=12591021,https://fr.wikipedia.org/wiki/Farida Amrani,Article utilisant une Infobox
Daniela Sabatino,https://fr.wikipedia.org/?curid=12600023,https://fr.wikipedia.org/wiki/Daniela Sabatino,Article utilisant une Infobox
Ze\u0107ira Mu\u0161ovi\u0107,https://fr.wikipedia.org/?curid=12587499,https://fr.wikipedia.org/wiki/Ze\u0107ira Mu\u0161ovi\u0107,Article contenant un appel \u00e0 traduction en anglais
Tomori Kusunoki,https://fr.wikipedia.org/?curid=12598782,https://fr.wikipedia.org/wiki/Tomori Kusunoki,Wikip\u00e9dia:\u00e9bauche acteur japonais
Blandine L'Hirondel,https://fr.wikipedia.org/?curid=12598904,https://fr.wikipedia.org/wiki/Blandine L'Hirondel,Page utilisant P569
Cathy Reed,https://fr.wikipedia.org/?curid=12599148,https://fr.wikipedia.org/wiki/Cathy Reed,Wikip\u00e9dia:\u00e9bauche patinage artistique
Barbara Bonansea,https://fr.wikipedia.org/?curid=12599215,https://fr.wikipedia.org/wiki/Barbara Bonansea,Wikip\u00e9dia:\u00e9bauche footballeuse
Leylah Fernandez,https://fr.wikipedia.org/?curid=12596962,https://fr.wikipedia.org/wiki/Leylah Fernandez,Article utilisant une Infobox
Audrey Tautou,https://fr.wikipedia.org/?curid=1259818,https://fr.wikipedia.org/wiki/Audrey Tautou,Article utilisant une Infobox
Eroica Spiess,https://fr.wikipedia.org/?curid=12598500,https://fr.wikipedia.org/wiki/Eroica Spiess,Wikip\u00e9dia:\u00e9bauche athl\u00e8te suisse
Rachel Daly,https://fr.wikipedia.org/?curid=12595289,https://fr.wikipedia.org/wiki/Rachel Daly,Article contenant un lien mort
Mareen Hufe,https://fr.wikipedia.org/?curid=12595333,https://fr.wikipedia.org/wiki/Mareen Hufe,Wikip\u00e9dia:\u00e9bauche triathl\u00e8te
Linda Dallmann,https://fr.wikipedia.org/?curid=12595819,https://fr.wikipedia.org/wiki/Linda Dallmann,Article utilisant une Infobox
Zo\u00e9 De Grand Maison,https://fr.wikipedia.org/?curid=12504666,https://fr.wikipedia.org/wiki/Zo\u00e9 De Grand Maison,Article \u00e0 illustrer Personnalit\u00e9 du cin\u00e9ma
Sandra Kleinov\u00e1,https://fr.wikipedia.org/?curid=1250242,https://fr.wikipedia.org/wiki/Sandra Kleinov\u00e1,Article \u00e0 illustrer Joueur de tennis
Anna Hofer,https://fr.wikipedia.org/?curid=12584570,https://fr.wikipedia.org/wiki/Anna Hofer,Page utilisant P569
Lotta Udnes Weng,https://fr.wikipedia.org/?curid=12591969,https://fr.wikipedia.org/wiki/Lotta Udnes Weng,Wikip\u00e9dia:\u00e9bauche ski de fond
Lauriane Genest,https://fr.wikipedia.org/?curid=12756588,https://fr.wikipedia.org/wiki/Lauriane Genest,Page utilisant P569
Pauline Macabies,https://fr.wikipedia.org/?curid=1277808,https://fr.wikipedia.org/wiki/Pauline Macabies,Wikip\u00e9dia:\u00e9bauche biathlon
Gabriela Suvov\u00e1,https://fr.wikipedia.org/?curid=12782712,https://fr.wikipedia.org/wiki/Gabriela Suvov\u00e1,Wikip\u00e9dia:\u00e9bauche biathlon
Liste des reines de Navarre,https://fr.wikipedia.org/?curid=12783280,https://fr.wikipedia.org/wiki/Liste des reines de Navarre,Portail:Navarre/Articles li\u00e9s
Fanny Quenot,https://fr.wikipedia.org/?curid=12781413,https://fr.wikipedia.org/wiki/Fanny Quenot,Page utilisant P569
Nicole Grether,https://fr.wikipedia.org/?curid=12776232,https://fr.wikipedia.org/wiki/Nicole Grether,Page utilisant P569
Soyeon Lee,https://fr.wikipedia.org/?curid=12776522,https://fr.wikipedia.org/wiki/Soyeon Lee,Page utilisant P569
Jun Woong-tae,https://fr.wikipedia.org/?curid=12753192,https://fr.wikipedia.org/wiki/Jun Woong-tae,Wikip\u00e9dia:\u00e9bauche personnalit\u00e9 sud-cor\u00e9enne
Lauren Daigle,https://fr.wikipedia.org/?curid=12753521,https://fr.wikipedia.org/wiki/Lauren Daigle,Article utilisant une Infobox
Teja Belak,https://fr.wikipedia.org/?curid=12757409,https://fr.wikipedia.org/wiki/Teja Belak,Wikip\u00e9dia:\u00e9bauche gymnastique
La Thune (chanson),https://fr.wikipedia.org/?curid=12764269,https://fr.wikipedia.org/wiki/La Thune (chanson),Article contenant un lien mort
Don't Call Me Angel,https://fr.wikipedia.org/?curid=12762114,https://fr.wikipedia.org/wiki/Don't Call Me Angel,Article utilisant une Infobox
Edna Savage,https://fr.wikipedia.org/?curid=12765986,https://fr.wikipedia.org/wiki/Edna Savage,Article utilisant une Infobox
Anita Ganeri,https://fr.wikipedia.org/?curid=12767660,https://fr.wikipedia.org/wiki/Anita Ganeri,Page utilisant P569
Liu Jinfeng,https://fr.wikipedia.org/?curid=12771007,https://fr.wikipedia.org/wiki/Liu Jinfeng,Wikip\u00e9dia:\u00e9bauche biathlon
Natalia Murshchakina,https://fr.wikipedia.org/?curid=12771045,https://fr.wikipedia.org/wiki/Natalia Murshchakina,Wikip\u00e9dia:\u00e9bauche biathlon
Fanny Pruvost,https://fr.wikipedia.org/?curid=12769029,https://fr.wikipedia.org/wiki/Fanny Pruvost,Wikip\u00e9dia:\u00e9bauche athl\u00e8te fran\u00e7ais
Gudrun Pfl\u00fcger,https://fr.wikipedia.org/?curid=12771688,https://fr.wikipedia.org/wiki/Gudrun Pfl\u00fcger,Article \u00e0 illustrer Sportif
Liste des duchesses de Lorraine,https://fr.wikipedia.org/?curid=12748865,https://fr.wikipedia.org/wiki/Liste des duchesses de Lorraine,Portail:Duch\u00e9 de Lorraine/Articles li\u00e9s
Basmla Elsalamoney,https://fr.wikipedia.org/?curid=12754466,https://fr.wikipedia.org/wiki/Basmla Elsalamoney,Article utilisant une Infobox
Sara Hanouti,https://fr.wikipedia.org/?curid=12751357,https://fr.wikipedia.org/wiki/Sara Hanouti,Wikip\u00e9dia:\u00e9bauche karat\u00e9
Bassant Hemida,https://fr.wikipedia.org/?curid=12737091,https://fr.wikipedia.org/wiki/Bassant Hemida,Article \u00e0 illustrer Athl\u00e8te
Aminata Charl\u00e8ne Traor\u00e9,https://fr.wikipedia.org/?curid=12749651,https://fr.wikipedia.org/wiki/Aminata Charl\u00e8ne Traor\u00e9,Wikip\u00e9dia:\u00e9bauche sportif ivoirien
Kelsey Mitchell (cyclisme),https://fr.wikipedia.org/?curid=12748057,https://fr.wikipedia.org/wiki/Kelsey Mitchell (cyclisme),Page utilisant P1477
B\u00e1rbara Timo,https://fr.wikipedia.org/?curid=12739845,https://fr.wikipedia.org/wiki/B\u00e1rbara Timo,Wikip\u00e9dia:\u00e9bauche sportif portugais
Sarah-L\u00e9onie Cysique,https://fr.wikipedia.org/?curid=12739858,https://fr.wikipedia.org/wiki/Sarah-L\u00e9onie Cysique,Article \u00e0 illustrer Judoka
Catherine Lallemand,https://fr.wikipedia.org/?curid=12742198,https://fr.wikipedia.org/wiki/Catherine Lallemand,Article utilisant une Infobox
Flou (chanson),https://fr.wikipedia.org/?curid=12738847,https://fr.wikipedia.org/wiki/Flou (chanson),Article utilisant une Infobox
Idalmis Bonne,https://fr.wikipedia.org/?curid=12733179,https://fr.wikipedia.org/wiki/Idalmis Bonne,Wikip\u00e9dia:\u00e9bauche athl\u00e9tisme
Graciela Mendoza,https://fr.wikipedia.org/?curid=12732873,https://fr.wikipedia.org/wiki/Graciela Mendoza,Wikip\u00e9dia:\u00e9bauche athl\u00e9tisme
Liste des princesses de Soubise,https://fr.wikipedia.org/?curid=12732875,https://fr.wikipedia.org/wiki/Liste des princesses de Soubise,Portail:Histoire/Articles li\u00e9s
Julia Kowalczyk,https://fr.wikipedia.org/?curid=12735440,https://fr.wikipedia.org/wiki/Julia Kowalczyk,Wikip\u00e9dia:\u00e9bauche judo
Miho Kaneda,https://fr.wikipedia.org/?curid=12701997,https://fr.wikipedia.org/wiki/Miho Kaneda,Wikip\u00e9dia:\u00e9bauche footballeuse
Masuyo Shiraishi,https://fr.wikipedia.org/?curid=12702002,https://fr.wikipedia.org/wiki/Masuyo Shiraishi,Wikip\u00e9dia:\u00e9bauche footballeuse
Nobuko Kondo,https://fr.wikipedia.org/?curid=12702004,https://fr.wikipedia.org/wiki/Nobuko Kondo,Wikip\u00e9dia:\u00e9bauche footballeuse
Yuriko Shima,https://fr.wikipedia.org/?curid=12702031,https://fr.wikipedia.org/wiki/Yuriko Shima,Wikip\u00e9dia:\u00e9bauche footballeuse
Maho Shimizu,https://fr.wikipedia.org/?curid=12702043,https://fr.wikipedia.org/wiki/Maho Shimizu,Wikip\u00e9dia:\u00e9bauche footballeuse
Did It On'em,https://fr.wikipedia.org/?curid=12717234,https://fr.wikipedia.org/wiki/Did It On'em,Article contenant un lien mort
Roman's Revenge,https://fr.wikipedia.org/?curid=12717480,https://fr.wikipedia.org/wiki/Roman's Revenge,Article utilisant une Infobox
Johanna Matintalo,https://fr.wikipedia.org/?curid=12718011,https://fr.wikipedia.org/wiki/Johanna Matintalo,Article utilisant une Infobox
Ivan Iakimouchkine,https://fr.wikipedia.org/?curid=12718528,https://fr.wikipedia.org/wiki/Ivan Iakimouchkine,Wikip\u00e9dia:\u00e9bauche ski de fond
Charlotte et Laura Tremble,https://fr.wikipedia.org/?curid=12722470,https://fr.wikipedia.org/wiki/Charlotte et Laura Tremble,Article \u00e0 illustrer Sportif
Seppe Odeyn,https://fr.wikipedia.org/?curid=12721691,https://fr.wikipedia.org/wiki/Seppe Odeyn,Wikip\u00e9dia:\u00e9bauche triathl\u00e8te
Fiona Docherty,https://fr.wikipedia.org/?curid=12721725,https://fr.wikipedia.org/wiki/Fiona Docherty,Wikip\u00e9dia:\u00e9bauche triathl\u00e8te
Dodie Clark,https://fr.wikipedia.org/?curid=12723379,https://fr.wikipedia.org/wiki/Dodie Clark,Article utilisant une Infobox
Ielena Prokhorova,https://fr.wikipedia.org/?curid=1272647,https://fr.wikipedia.org/wiki/Ielena Prokhorova,Wikip\u00e9dia:\u00e9bauche athl\u00e8te russe
Ulrike Schwalbe,https://fr.wikipedia.org/?curid=12729938,https://fr.wikipedia.org/wiki/Ulrike Schwalbe,Wikip\u00e9dia:\u00e9bauche triathl\u00e8te
J\u00falia Lemmertz,https://fr.wikipedia.org/?curid=12727212,https://fr.wikipedia.org/wiki/J\u00falia Lemmertz,Page utilisant P106
Carolin Hennecke,https://fr.wikipedia.org/?curid=12697077,https://fr.wikipedia.org/wiki/Carolin Hennecke,Article utilisant une Infobox
Monique Berlioux,https://fr.wikipedia.org/?curid=1271104,https://fr.wikipedia.org/wiki/Monique Berlioux,Wikip\u00e9dia:\u00e9bauche natation
Brandy Erholtz,https://fr.wikipedia.org/?curid=12710061,https://fr.wikipedia.org/wiki/Brandy Erholtz,Article utilisant une Infobox
Galina Nechkasova,https://fr.wikipedia.org/?curid=12709687,https://fr.wikipedia.org/wiki/Galina Nechkasova,Wikip\u00e9dia:\u00e9bauche sportif russe
Annimari Korte,https://fr.wikipedia.org/?curid=12694211,https://fr.wikipedia.org/wiki/Annimari Korte,Article contenant un lien mort
Grete Gaim,https://fr.wikipedia.org/?curid=12694229,https://fr.wikipedia.org/wiki/Grete Gaim,Wikip\u00e9dia:\u00e9bauche biathlon
Gladys Tejeda,https://fr.wikipedia.org/?curid=12694275,https://fr.wikipedia.org/wiki/Gladys Tejeda,Wikip\u00e9dia:\u00e9bauche athl\u00e8te p\u00e9ruvien
Sakina Ouzraoui Diki,https://fr.wikipedia.org/?curid=12693793,https://fr.wikipedia.org/wiki/Sakina Ouzraoui Diki,Page utilisant des arguments dupliqu\u00e9s dans les appels de mod\u00e8le
Miwa Yonetsu,https://fr.wikipedia.org/?curid=12704884,https://fr.wikipedia.org/wiki/Miwa Yonetsu,Wikip\u00e9dia:\u00e9bauche footballeuse
Manami Nakano,https://fr.wikipedia.org/?curid=12704915,https://fr.wikipedia.org/wiki/Manami Nakano,Wikip\u00e9dia:\u00e9bauche footballeuse
Kana Osafune,https://fr.wikipedia.org/?curid=12704925,https://fr.wikipedia.org/wiki/Kana Osafune,Wikip\u00e9dia:\u00e9bauche footballeuse
Natsuko Hara,https://fr.wikipedia.org/?curid=12704946,https://fr.wikipedia.org/wiki/Natsuko Hara,Wikip\u00e9dia:\u00e9bauche footballeuse
Yuri Kawamura,https://fr.wikipedia.org/?curid=12704963,https://fr.wikipedia.org/wiki/Yuri Kawamura,Wikip\u00e9dia:\u00e9bauche footballeuse
Sawako Yasumoto,https://fr.wikipedia.org/?curid=12704993,https://fr.wikipedia.org/wiki/Sawako Yasumoto,Wikip\u00e9dia:\u00e9bauche footballeuse
Asako Ideue,https://fr.wikipedia.org/?curid=12704996,https://fr.wikipedia.org/wiki/Asako Ideue,Wikip\u00e9dia:\u00e9bauche footballeuse
Mai Kyokawa,https://fr.wikipedia.org/?curid=12705055,https://fr.wikipedia.org/wiki/Mai Kyokawa,Wikip\u00e9dia:\u00e9bauche footballeuse
Yumi Uetsuji,https://fr.wikipedia.org/?curid=12705060,https://fr.wikipedia.org/wiki/Yumi Uetsuji,Wikip\u00e9dia:\u00e9bauche footballeuse
Tuuli Tomingas,https://fr.wikipedia.org/?curid=12703923,https://fr.wikipedia.org/wiki/Tuuli Tomingas,Wikip\u00e9dia:\u00e9bauche biathlon
Emi Yamamoto,https://fr.wikipedia.org/?curid=12704386,https://fr.wikipedia.org/wiki/Emi Yamamoto,Wikip\u00e9dia:\u00e9bauche footballeuse
Aya Shimokozuru,https://fr.wikipedia.org/?curid=12704509,https://fr.wikipedia.org/wiki/Aya Shimokozuru,Wikip\u00e9dia:\u00e9bauche footballeuse
Ayako Kitamoto,https://fr.wikipedia.org/?curid=12704530,https://fr.wikipedia.org/wiki/Ayako Kitamoto,Wikip\u00e9dia:\u00e9bauche footballeuse
Mami Yamaguchi,https://fr.wikipedia.org/?curid=12704622,https://fr.wikipedia.org/wiki/Mami Yamaguchi,Wikip\u00e9dia:\u00e9bauche footballeuse
Hot Girl Summer,https://fr.wikipedia.org/?curid=12705174,https://fr.wikipedia.org/wiki/Hot Girl Summer,Article contenant un lien mort
Dominique Gisin,https://fr.wikipedia.org/?curid=1270732,https://fr.wikipedia.org/wiki/Dominique Gisin,Article utilisant une Infobox
Mari Kawamura,https://fr.wikipedia.org/?curid=12706166,https://fr.wikipedia.org/wiki/Mari Kawamura,Wikip\u00e9dia:\u00e9bauche footballeuse
Fubuki Kuno,https://fr.wikipedia.org/?curid=12706172,https://fr.wikipedia.org/wiki/Fubuki Kuno,Wikip\u00e9dia:\u00e9bauche footballeuse
Kana Kitahara,https://fr.wikipedia.org/?curid=12706180,https://fr.wikipedia.org/wiki/Kana Kitahara,Wikip\u00e9dia:\u00e9bauche footballeuse
Saori Arimachi,https://fr.wikipedia.org/?curid=12706188,https://fr.wikipedia.org/wiki/Saori Arimachi,Wikip\u00e9dia:\u00e9bauche footballeuse
Ryoko Takara,https://fr.wikipedia.org/?curid=12706194,https://fr.wikipedia.org/wiki/Ryoko Takara,Wikip\u00e9dia:\u00e9bauche footballeuse
Hikari Nakade,https://fr.wikipedia.org/?curid=12706205,https://fr.wikipedia.org/wiki/Hikari Nakade,Wikip\u00e9dia:\u00e9bauche footballeuse
Yuria Obara,https://fr.wikipedia.org/?curid=12706227,https://fr.wikipedia.org/wiki/Yuria Obara,Wikip\u00e9dia:\u00e9bauche footballeuse
Shiho Kohata,https://fr.wikipedia.org/?curid=12706229,https://fr.wikipedia.org/wiki/Shiho Kohata,Wikip\u00e9dia:\u00e9bauche footballeuse
Ami Sugita,https://fr.wikipedia.org/?curid=12706235,https://fr.wikipedia.org/wiki/Ami Sugita,Wikip\u00e9dia:\u00e9bauche footballeuse
Rie Usui,https://fr.wikipedia.org/?curid=12706244,https://fr.wikipedia.org/wiki/Rie Usui,Wikip\u00e9dia:\u00e9bauche footballeuse
Hisui Haza,https://fr.wikipedia.org/?curid=12706255,https://fr.wikipedia.org/wiki/Hisui Haza,Wikip\u00e9dia:\u00e9bauche footballeuse
Ayaka Yamashita,https://fr.wikipedia.org/?curid=12706280,https://fr.wikipedia.org/wiki/Ayaka Yamashita,Wikip\u00e9dia:\u00e9bauche footballeuse
Sonoko Chiba,https://fr.wikipedia.org/?curid=12706353,https://fr.wikipedia.org/wiki/Sonoko Chiba,Wikip\u00e9dia:\u00e9bauche footballeuse
Yuka Momiki,https://fr.wikipedia.org/?curid=12706385,https://fr.wikipedia.org/wiki/Yuka Momiki,Wikip\u00e9dia:\u00e9bauche footballeuse
Hikaru Kitagawa,https://fr.wikipedia.org/?curid=12706393,https://fr.wikipedia.org/wiki/Hikaru Kitagawa,Wikip\u00e9dia:\u00e9bauche footballeuse
Kaede Nakamura,https://fr.wikipedia.org/?curid=12706398,https://fr.wikipedia.org/wiki/Kaede Nakamura,Wikip\u00e9dia:\u00e9bauche footballeuse
Nana Ichise,https://fr.wikipedia.org/?curid=12706423,https://fr.wikipedia.org/wiki/Nana Ichise,Wikip\u00e9dia:\u00e9bauche footballeuse
Riho Sakamoto,https://fr.wikipedia.org/?curid=12706452,https://fr.wikipedia.org/wiki/Riho Sakamoto,Wikip\u00e9dia:\u00e9bauche footballeuse
Moeno Sakaguchi,https://fr.wikipedia.org/?curid=12706461,https://fr.wikipedia.org/wiki/Moeno Sakaguchi,Wikip\u00e9dia:\u00e9bauche footballeuse
Narumi Miura,https://fr.wikipedia.org/?curid=12706467,https://fr.wikipedia.org/wiki/Narumi Miura,Wikip\u00e9dia:\u00e9bauche footballeuse
Mayo Doko,https://fr.wikipedia.org/?curid=12706488,https://fr.wikipedia.org/wiki/Mayo Doko,Wikip\u00e9dia:\u00e9bauche footballeuse
Chika Hirao,https://fr.wikipedia.org/?curid=12706494,https://fr.wikipedia.org/wiki/Chika Hirao,Wikip\u00e9dia:\u00e9bauche footballeuse
Sara Svendsen,https://fr.wikipedia.org/?curid=12706567,https://fr.wikipedia.org/wiki/Sara Svendsen,Wikip\u00e9dia:\u00e9bauche ski de fond
Mari Miyamoto,https://fr.wikipedia.org/?curid=12703147,https://fr.wikipedia.org/wiki/Mari Miyamoto,Wikip\u00e9dia:\u00e9bauche footballeuse
Yuka Yamazaki,https://fr.wikipedia.org/?curid=12703152,https://fr.wikipedia.org/wiki/Yuka Yamazaki,Wikip\u00e9dia:\u00e9bauche footballeuse
Mio Otani (football),https://fr.wikipedia.org/?curid=12703166,https://fr.wikipedia.org/wiki/Mio Otani (football),Wikip\u00e9dia:\u00e9bauche footballeuse
Harue Sato,https://fr.wikipedia.org/?curid=12703169,https://fr.wikipedia.org/wiki/Harue Sato,Wikip\u00e9dia:\u00e9bauche footballeuse
Eriko Arakawa,https://fr.wikipedia.org/?curid=12703177,https://fr.wikipedia.org/wiki/Eriko Arakawa,Wikip\u00e9dia:\u00e9bauche footballeuse
Megumi Ogawa,https://fr.wikipedia.org/?curid=12703187,https://fr.wikipedia.org/wiki/Megumi Ogawa,Wikip\u00e9dia:\u00e9bauche footballeuse
Kanako Ito,https://fr.wikipedia.org/?curid=12703237,https://fr.wikipedia.org/wiki/Kanako Ito,Wikip\u00e9dia:\u00e9bauche footballeuse
Yuki Tsuchihashi,https://fr.wikipedia.org/?curid=12703264,https://fr.wikipedia.org/wiki/Yuki Tsuchihashi,Wikip\u00e9dia:\u00e9bauche footballeuse
Nao Shikata,https://fr.wikipedia.org/?curid=12703268,https://fr.wikipedia.org/wiki/Nao Shikata,Wikip\u00e9dia:\u00e9bauche footballeuse
Ievguenia Sedova,https://fr.wikipedia.org/?curid=12696341,https://fr.wikipedia.org/wiki/Ievguenia Sedova,Wikip\u00e9dia:\u00e9bauche sportif russe
Rhonda Vincent,https://fr.wikipedia.org/?curid=12690628,https://fr.wikipedia.org/wiki/Rhonda Vincent,Article contenant un lien mort
Yumi Watanabe,https://fr.wikipedia.org/?curid=12702830,https://fr.wikipedia.org/wiki/Yumi Watanabe,Wikip\u00e9dia:\u00e9bauche footballeuse
Tomoko Matsunaga,https://fr.wikipedia.org/?curid=12702832,https://fr.wikipedia.org/wiki/Tomoko Matsunaga,Wikip\u00e9dia:\u00e9bauche footballeuse
Kyoko Kuroda,https://fr.wikipedia.org/?curid=12702848,https://fr.wikipedia.org/wiki/Kyoko Kuroda,Wikip\u00e9dia:\u00e9bauche footballeuse
Noriko Ishibashi,https://fr.wikipedia.org/?curid=12702850,https://fr.wikipedia.org/wiki/Noriko Ishibashi,Wikip\u00e9dia:\u00e9bauche footballeuse
Megumi Sakata,https://fr.wikipedia.org/?curid=12702852,https://fr.wikipedia.org/wiki/Megumi Sakata,Wikip\u00e9dia:\u00e9bauche footballeuse
Yumi Obe,https://fr.wikipedia.org/?curid=12702872,https://fr.wikipedia.org/wiki/Yumi Obe,Wikip\u00e9dia:\u00e9bauche footballeuse
Junko Ozawa,https://fr.wikipedia.org/?curid=12702891,https://fr.wikipedia.org/wiki/Junko Ozawa,Wikip\u00e9dia:\u00e9bauche footballeuse
Rie Yamaki,https://fr.wikipedia.org/?curid=12702898,https://fr.wikipedia.org/wiki/Rie Yamaki,Wikip\u00e9dia:\u00e9bauche footballeuse
Yumi Tomei,https://fr.wikipedia.org/?curid=12702906,https://fr.wikipedia.org/wiki/Yumi Tomei,Wikip\u00e9dia:\u00e9bauche footballeuse
Nami Otake,https://fr.wikipedia.org/?curid=12702957,https://fr.wikipedia.org/wiki/Nami Otake,Wikip\u00e9dia:\u00e9bauche footballeuse
Tsuru Morimoto,https://fr.wikipedia.org/?curid=12702958,https://fr.wikipedia.org/wiki/Tsuru Morimoto,Wikip\u00e9dia:\u00e9bauche footballeuse
Terumi Nagae,https://fr.wikipedia.org/?curid=12702960,https://fr.wikipedia.org/wiki/Terumi Nagae,Wikip\u00e9dia:\u00e9bauche footballeuse
Yuki Fushimi,https://fr.wikipedia.org/?curid=12702961,https://fr.wikipedia.org/wiki/Yuki Fushimi,Wikip\u00e9dia:\u00e9bauche footballeuse
Minako Takashima,https://fr.wikipedia.org/?curid=12702972,https://fr.wikipedia.org/wiki/Minako Takashima,Wikip\u00e9dia:\u00e9bauche footballeuse
Shiho Onodera,https://fr.wikipedia.org/?curid=12702986,https://fr.wikipedia.org/wiki/Shiho Onodera,Wikip\u00e9dia:\u00e9bauche footballeuse
Miyuki Izumi,https://fr.wikipedia.org/?curid=12703033,https://fr.wikipedia.org/wiki/Miyuki Izumi,Wikip\u00e9dia:\u00e9bauche footballeuse
Mayumi Omatsu,https://fr.wikipedia.org/?curid=12703053,https://fr.wikipedia.org/wiki/Mayumi Omatsu,Wikip\u00e9dia:\u00e9bauche footballeuse
Kaoru Nagadome,https://fr.wikipedia.org/?curid=12703060,https://fr.wikipedia.org/wiki/Kaoru Nagadome,Wikip\u00e9dia:\u00e9bauche footballeuse
Tomomi Fujimura,https://fr.wikipedia.org/?curid=12703063,https://fr.wikipedia.org/wiki/Tomomi Fujimura,Wikip\u00e9dia:\u00e9bauche footballeuse
Miyuki Yanagita,https://fr.wikipedia.org/?curid=12703066,https://fr.wikipedia.org/wiki/Miyuki Yanagita,Wikip\u00e9dia:\u00e9bauche footballeuse
Miki Sugawara,https://fr.wikipedia.org/?curid=12703077,https://fr.wikipedia.org/wiki/Miki Sugawara,Wikip\u00e9dia:\u00e9bauche footballeuse
Ayumi Hara,https://fr.wikipedia.org/?curid=12703081,https://fr.wikipedia.org/wiki/Ayumi Hara,Wikip\u00e9dia:\u00e9bauche footballeuse
Megumi Torigoe,https://fr.wikipedia.org/?curid=12703132,https://fr.wikipedia.org/wiki/Megumi Torigoe,Wikip\u00e9dia:\u00e9bauche footballeuse
Chieko Hase,https://fr.wikipedia.org/?curid=12702734,https://fr.wikipedia.org/wiki/Chieko Hase,Wikip\u00e9dia:\u00e9bauche footballeuse
Junko Ishida,https://fr.wikipedia.org/?curid=12702735,https://fr.wikipedia.org/wiki/Junko Ishida,Wikip\u00e9dia:\u00e9bauche footballeuse
Akemi Iwata,https://fr.wikipedia.org/?curid=12702737,https://fr.wikipedia.org/wiki/Akemi Iwata,Wikip\u00e9dia:\u00e9bauche footballeuse
Sanae Mishima,https://fr.wikipedia.org/?curid=12702738,https://fr.wikipedia.org/wiki/Sanae Mishima,Wikip\u00e9dia:\u00e9bauche footballeuse
Sayuri Yamaguchi,https://fr.wikipedia.org/?curid=12702742,https://fr.wikipedia.org/wiki/Sayuri Yamaguchi,Wikip\u00e9dia:\u00e9bauche footballeuse
Nobuko Jashima,https://fr.wikipedia.org/?curid=12702743,https://fr.wikipedia.org/wiki/Nobuko Jashima,Wikip\u00e9dia:\u00e9bauche footballeuse
Michiko Matsuda,https://fr.wikipedia.org/?curid=12702746,https://fr.wikipedia.org/wiki/Michiko Matsuda,Wikip\u00e9dia:\u00e9bauche footballeuse
Mayumi Kaji,https://fr.wikipedia.org/?curid=12702747,https://fr.wikipedia.org/wiki/Mayumi Kaji,Wikip\u00e9dia:\u00e9bauche footballeuse
Emiko Kubo,https://fr.wikipedia.org/?curid=12702748,https://fr.wikipedia.org/wiki/Emiko Kubo,Wikip\u00e9dia:\u00e9bauche footballeuse
Keiko Saito,https://fr.wikipedia.org/?curid=12702776,https://fr.wikipedia.org/wiki/Keiko Saito,Wikip\u00e9dia:\u00e9bauche footballeuse
Kimiko Shiratori,https://fr.wikipedia.org/?curid=12702778,https://fr.wikipedia.org/wiki/Kimiko Shiratori,Wikip\u00e9dia:\u00e9bauche footballeuse
Kaori Nagamine,https://fr.wikipedia.org/?curid=12702793,https://fr.wikipedia.org/wiki/Kaori Nagamine,Wikip\u00e9dia:\u00e9bauche footballeuse
Masae Suzuki,https://fr.wikipedia.org/?curid=12702802,https://fr.wikipedia.org/wiki/Masae Suzuki,Wikip\u00e9dia:\u00e9bauche footballeuse
Yoko Takahagi,https://fr.wikipedia.org/?curid=12702812,https://fr.wikipedia.org/wiki/Yoko Takahagi,Wikip\u00e9dia:\u00e9bauche footballeuse
Takako Tezuka,https://fr.wikipedia.org/?curid=12702816,https://fr.wikipedia.org/wiki/Takako Tezuka,Wikip\u00e9dia:\u00e9bauche footballeuse
Sh\u014dko Hamada,https://fr.wikipedia.org/?curid=12702818,https://fr.wikipedia.org/wiki/Sh\u014dko Hamada,Wikip\u00e9dia:\u00e9bauche footballeuse
Liste des dames et duchesses de Milan,https://fr.wikipedia.org/?curid=12701707,https://fr.wikipedia.org/wiki/Liste des dames et duchesses de Milan,Portail:Politique en Italie/Articles li\u00e9s
Etsuko Handa,https://fr.wikipedia.org/?curid=12701971,https://fr.wikipedia.org/wiki/Etsuko Handa,Wikip\u00e9dia:\u00e9bauche footballeuse
Futaba Kioka,https://fr.wikipedia.org/?curid=12701988,https://fr.wikipedia.org/wiki/Futaba Kioka,Wikip\u00e9dia:\u00e9bauche footballeuse
Nadiia Bielkina,https://fr.wikipedia.org/?curid=12701095,https://fr.wikipedia.org/wiki/Nadiia Bielkina,Wikip\u00e9dia:\u00e9bauche biathlon
Lamia Eddinari,https://fr.wikipedia.org/?curid=12714657,https://fr.wikipedia.org/wiki/Lamia Eddinari,Wikip\u00e9dia:\u00e9bauche judo
Allie McLaughlin,https://fr.wikipedia.org/?curid=12713465,https://fr.wikipedia.org/wiki/Allie McLaughlin,Article utilisant une Infobox
Annika Knoll,https://fr.wikipedia.org/?curid=12695911,https://fr.wikipedia.org/wiki/Annika Knoll,Article utilisant une Infobox
Unelle Snyman,https://fr.wikipedia.org/?curid=12692011,https://fr.wikipedia.org/wiki/Unelle Snyman,Wikip\u00e9dia:\u00e9bauche sportif sud-africain
Alaa Hamed,https://fr.wikipedia.org/?curid=12692022,https://fr.wikipedia.org/wiki/Alaa Hamed,Wikip\u00e9dia:\u00e9bauche sportif \u00e9gyptien
Mayu Matsumoto,https://fr.wikipedia.org/?curid=11942551,https://fr.wikipedia.org/wiki/Mayu Matsumoto,Wikip\u00e9dia:\u00e9bauche badminton
Wakana Nagahara,https://fr.wikipedia.org/?curid=11942719,https://fr.wikipedia.org/wiki/Wakana Nagahara,Wikip\u00e9dia:\u00e9bauche badminton
Lee Duk-hee,https://fr.wikipedia.org/?curid=1193765,https://fr.wikipedia.org/wiki/Lee Duk-hee,Article \u00e0 illustrer Joueur de tennis
Patricia Coleman,https://fr.wikipedia.org/?curid=1192774,https://fr.wikipedia.org/wiki/Patricia Coleman,Article \u00e0 illustrer Joueur de tennis
Elmore Leonard,https://fr.wikipedia.org/?curid=1169647,https://fr.wikipedia.org/wiki/Elmore Leonard,Article utilisant une Infobox
Caroline Chepkoech Kipkirui,https://fr.wikipedia.org/?curid=11699656,https://fr.wikipedia.org/wiki/Caroline Chepkoech Kipkirui,Wikip\u00e9dia:\u00e9bauche athl\u00e8te kazakh
Sangon\u00e9 Kandji,https://fr.wikipedia.org/?curid=11698521,https://fr.wikipedia.org/wiki/Sangon\u00e9 Kandji,Article utilisant une Infobox
Prix Mainichi de la meilleure actrice,https://fr.wikipedia.org/?curid=11703972,https://fr.wikipedia.org/wiki/Prix Mainichi de la meilleure actrice,Article contenant un appel \u00e0 traduction en anglais
Kaja Juvan,https://fr.wikipedia.org/?curid=12100425,https://fr.wikipedia.org/wiki/Kaja Juvan,Article utilisant une Infobox
Ewa D\u0142ugo\u0142\u0119cka,https://fr.wikipedia.org/?curid=12113541,https://fr.wikipedia.org/wiki/Ewa D\u0142ugo\u0142\u0119cka,Wikip\u00e9dia:\u00e9bauche athl\u00e8te polonais
Christine Matison,https://fr.wikipedia.org/?curid=1211597,https://fr.wikipedia.org/wiki/Christine Matison,Article \u00e0 illustrer Joueur de tennis
Greet Minnen,https://fr.wikipedia.org/?curid=12119168,https://fr.wikipedia.org/wiki/Greet Minnen,Article utilisant une Infobox
Anneliese Seonbuchner,https://fr.wikipedia.org/?curid=12095524,https://fr.wikipedia.org/wiki/Anneliese Seonbuchner,Wikip\u00e9dia:\u00e9bauche athl\u00e9tisme
Mary-Ann Eisel,https://fr.wikipedia.org/?curid=1209561,https://fr.wikipedia.org/wiki/Mary-Ann Eisel,Article utilisant une Infobox
Minori Hayakari,https://fr.wikipedia.org/?curid=12094624,https://fr.wikipedia.org/wiki/Minori Hayakari,Wikip\u00e9dia:\u00e9bauche athl\u00e9tisme
Malia Hosaka,https://fr.wikipedia.org/?curid=12095171,https://fr.wikipedia.org/wiki/Malia Hosaka,Page utilisant P27
Helena Takalo,https://fr.wikipedia.org/?curid=1209820,https://fr.wikipedia.org/wiki/Helena Takalo,Wikip\u00e9dia:\u00e9bauche ski de fond
Clara Burel,https://fr.wikipedia.org/?curid=12098251,https://fr.wikipedia.org/wiki/Clara Burel,Article utilisant une Infobox
Yoko Ono (judo),https://fr.wikipedia.org/?curid=12053853,https://fr.wikipedia.org/wiki/Yoko Ono (judo),Wikip\u00e9dia:\u00e9bauche sportif japonais
Martyna Trajdos,https://fr.wikipedia.org/?curid=12063561,https://fr.wikipedia.org/wiki/Martyna Trajdos,Wikip\u00e9dia:\u00e9bauche sportif allemand
Chun In-gee,https://fr.wikipedia.org/?curid=12070990,https://fr.wikipedia.org/wiki/Chun In-gee,Article utilisant une Infobox
Amy Yang,https://fr.wikipedia.org/?curid=12071257,https://fr.wikipedia.org/wiki/Amy Yang,Article utilisant une Infobox
Caroline Masson,https://fr.wikipedia.org/?curid=12077511,https://fr.wikipedia.org/wiki/Caroline Masson,Article utilisant une Infobox
Ghada Shouaa,https://fr.wikipedia.org/?curid=1207908,https://fr.wikipedia.org/wiki/Ghada Shouaa,Article \u00e0 illustrer Athl\u00e8te
Brigid Kosgei,https://fr.wikipedia.org/?curid=12080272,https://fr.wikipedia.org/wiki/Brigid Kosgei,Article utilisant une Infobox
Elspeth Hay,https://fr.wikipedia.org/?curid=12083301,https://fr.wikipedia.org/wiki/Elspeth Hay,Wikip\u00e9dia:\u00e9bauche athl\u00e8te britannique
Diego Van Looy,https://fr.wikipedia.org/?curid=12085626,https://fr.wikipedia.org/wiki/Diego Van Looy,Article utilisant une Infobox
Chelsea Green,https://fr.wikipedia.org/?curid=12082263,https://fr.wikipedia.org/wiki/Chelsea Green,Article \u00e0 recycler/Liste compl\u00e8te
Joss Stone,https://fr.wikipedia.org/?curid=1208528,https://fr.wikipedia.org/wiki/Joss Stone,Wikip\u00e9dia:\u00e9bauche chanteur britannique
Guusje Steenhuis,https://fr.wikipedia.org/?curid=12056136,https://fr.wikipedia.org/wiki/Guusje Steenhuis,Wikip\u00e9dia:\u00e9bauche sportif n\u00e9erlandais
Manal Kamilia Hadj Sa\u00efd,https://fr.wikipedia.org/?curid=12060687,https://fr.wikipedia.org/wiki/Manal Kamilia Hadj Sa\u00efd,Wikip\u00e9dia:\u00e9bauche karat\u00e9
Valerie Ziegenfuss,https://fr.wikipedia.org/?curid=1206801,https://fr.wikipedia.org/wiki/Valerie Ziegenfuss,Article utilisant une Infobox
Vicky Berner,https://fr.wikipedia.org/?curid=1210990,https://fr.wikipedia.org/wiki/Vicky Berner,Article \u00e0 illustrer Joueur de tennis
Stacy Margolin,https://fr.wikipedia.org/?curid=1211009,https://fr.wikipedia.org/wiki/Stacy Margolin,Article \u00e0 illustrer Joueur de tennis
A Star Is Born (album),https://fr.wikipedia.org/?curid=12110095,https://fr.wikipedia.org/wiki/A Star Is Born (album),Article utilisant une Infobox
Catrin Jexell,https://fr.wikipedia.org/?curid=1211065,https://fr.wikipedia.org/wiki/Catrin Jexell,Article \u00e0 illustrer Joueur de tennis
Mariana Simionescu,https://fr.wikipedia.org/?curid=1210911,https://fr.wikipedia.org/wiki/Mariana Simionescu,Article utilisant une Infobox
Mervana Jugi\u0107-Salki\u0107,https://fr.wikipedia.org/?curid=1205181,https://fr.wikipedia.org/wiki/Mervana Jugi\u0107-Salki\u0107,Article utilisant une Infobox
Liste des reines de J\u00e9rusalem,https://fr.wikipedia.org/?curid=12058909,https://fr.wikipedia.org/wiki/Liste des reines de J\u00e9rusalem,Portail:Moyen \u00c2ge/Articles li\u00e9s
\u00c9milise Lessard-Therrien,https://fr.wikipedia.org/?curid=12061635,https://fr.wikipedia.org/wiki/\u00c9milise Lessard-Therrien,Article utilisant une Infobox
Shori Hamada,https://fr.wikipedia.org/?curid=12055579,https://fr.wikipedia.org/wiki/Shori Hamada,Wikip\u00e9dia:\u00e9bauche sportif japonais
Liv Morgan,https://fr.wikipedia.org/?curid=11713851,https://fr.wikipedia.org/wiki/Liv Morgan,Article \u00e0 recycler/Liste compl\u00e8te
Lilian Kasait Rengeruk,https://fr.wikipedia.org/?curid=11718021,https://fr.wikipedia.org/wiki/Lilian Kasait Rengeruk,Wikip\u00e9dia:\u00e9bauche athl\u00e8te k\u00e9nyan
She-Ra et les Princesses au pouvoir,https://fr.wikipedia.org/?curid=11716178,https://fr.wikipedia.org/wiki/She-Ra et les Princesses au pouvoir,Article utilisant une Infobox
Diana Klimova,https://fr.wikipedia.org/?curid=11967308,https://fr.wikipedia.org/wiki/Diana Klimova,Page utilisant P1559
The Night Is Still Young,https://fr.wikipedia.org/?curid=11983921,https://fr.wikipedia.org/wiki/The Night Is Still Young,Article contenant un lien mort
Khushbir Kaur,https://fr.wikipedia.org/?curid=11984528,https://fr.wikipedia.org/wiki/Khushbir Kaur,Wikip\u00e9dia:\u00e9bauche athl\u00e8te indien
Barbie Dreams,https://fr.wikipedia.org/?curid=11982084,https://fr.wikipedia.org/wiki/Barbie Dreams,Article contenant un lien mort
Andreas Schilling,https://fr.wikipedia.org/?curid=11982515,https://fr.wikipedia.org/wiki/Andreas Schilling,Wikip\u00e9dia:\u00e9bauche triathlon
"Titanic (film, 1997)",https://fr.wikipedia.org/?curid=119698,"https://fr.wikipedia.org/wiki/Titanic (film, 1997)",Page en semi-protection \u00e9tendue
Lee Hye-in,https://fr.wikipedia.org/?curid=11868818,https://fr.wikipedia.org/wiki/Lee Hye-in,Article \u00e0 illustrer Escrimeur
Margrit Klinger,https://fr.wikipedia.org/?curid=11866761,https://fr.wikipedia.org/wiki/Margrit Klinger,Wikip\u00e9dia:\u00e9bauche athl\u00e9tisme
Kathrin Menzinger,https://fr.wikipedia.org/?curid=11865652,https://fr.wikipedia.org/wiki/Kathrin Menzinger,Article utilisant une Infobox
Aleksandra Nacheva,https://fr.wikipedia.org/?curid=11846973,https://fr.wikipedia.org/wiki/Aleksandra Nacheva,Wikip\u00e9dia:\u00e9bauche athl\u00e8te bulgare
Mimi Wikstedt,https://fr.wikipedia.org/?curid=1185098,https://fr.wikipedia.org/wiki/Mimi Wikstedt,Article \u00e0 illustrer Joueur de tennis
Iga \u015awi\u0105tek,https://fr.wikipedia.org/?curid=11846381,https://fr.wikipedia.org/wiki/Iga \u015awi\u0105tek,Article utilisant une Infobox
Ra Mi-ran,https://fr.wikipedia.org/?curid=11979311,https://fr.wikipedia.org/wiki/Ra Mi-ran,Article utilisant une Infobox
Julie Harrington,https://fr.wikipedia.org/?curid=1197837,https://fr.wikipedia.org/wiki/Julie Harrington,Article \u00e0 illustrer Joueur de tennis
Susan Mascarin,https://fr.wikipedia.org/?curid=1198111,https://fr.wikipedia.org/wiki/Susan Mascarin,Article \u00e0 illustrer Joueur de tennis
Alexa Guarachi,https://fr.wikipedia.org/?curid=11950148,https://fr.wikipedia.org/wiki/Alexa Guarachi,Article utilisant une Infobox
Premi\u00e8re dame d'Azerba\u00efdjan,https://fr.wikipedia.org/?curid=11949075,https://fr.wikipedia.org/wiki/Premi\u00e8re dame d'Azerba\u00efdjan,Article utilisant une Infobox
Imani-Lara Lansiquot,https://fr.wikipedia.org/?curid=11948828,https://fr.wikipedia.org/wiki/Imani-Lara Lansiquot,Wikip\u00e9dia:\u00e9bauche athl\u00e8te britannique
Huang Yaqiong,https://fr.wikipedia.org/?curid=11945118,https://fr.wikipedia.org/wiki/Huang Yaqiong,Wikip\u00e9dia:\u00e9bauche badminton
Liliana C\u00e1,https://fr.wikipedia.org/?curid=11945589,https://fr.wikipedia.org/wiki/Liliana C\u00e1,Wikip\u00e9dia:\u00e9bauche athl\u00e8te portugais
Lisa-Marie Kwayie,https://fr.wikipedia.org/?curid=11950543,https://fr.wikipedia.org/wiki/Lisa-Marie Kwayie,Wikip\u00e9dia:\u00e9bauche athl\u00e8te allemand
Camille Laus,https://fr.wikipedia.org/?curid=11948416,https://fr.wikipedia.org/wiki/Camille Laus,Wikip\u00e9dia:\u00e9bauche athl\u00e8te belge
Al\u017ebeta Ba\u010d\u00edkov\u00e1,https://fr.wikipedia.org/?curid=11968637,https://fr.wikipedia.org/wiki/Al\u017ebeta Ba\u010d\u00edkov\u00e1,Page utilisant P569
Virginie Lafargue,https://fr.wikipedia.org/?curid=11968642,https://fr.wikipedia.org/wiki/Virginie Lafargue,Article \u00e0 illustrer Cycliste
Elizabeth Hepple,https://fr.wikipedia.org/?curid=11968646,https://fr.wikipedia.org/wiki/Elizabeth Hepple,Page utilisant P569
Michelle Kelly,https://fr.wikipedia.org/?curid=1197233,https://fr.wikipedia.org/wiki/Michelle Kelly,Wikip\u00e9dia:\u00e9bauche skeleton
Magdalena Gwizdo\u0144,https://fr.wikipedia.org/?curid=1190351,https://fr.wikipedia.org/wiki/Magdalena Gwizdo\u0144,Article utilisant une Infobox
Annette Van Zyl,https://fr.wikipedia.org/?curid=1190359,https://fr.wikipedia.org/wiki/Annette Van Zyl,Article utilisant une Infobox
Jessica Inchude,https://fr.wikipedia.org/?curid=11962861,https://fr.wikipedia.org/wiki/Jessica Inchude,Wikip\u00e9dia:\u00e9bauche athl\u00e9tisme
Marise Kruger,https://fr.wikipedia.org/?curid=1169405,https://fr.wikipedia.org/wiki/Marise Kruger,Article \u00e0 illustrer Joueur de tennis
Vanessa Henke,https://fr.wikipedia.org/?curid=1169297,https://fr.wikipedia.org/wiki/Vanessa Henke,Article \u00e0 illustrer Joueur de tennis
Girl in Red,https://fr.wikipedia.org/?curid=11693083,https://fr.wikipedia.org/wiki/Girl in Red,Article utilisant une Infobox
Abby Ryder Fortson,https://fr.wikipedia.org/?curid=11693353,https://fr.wikipedia.org/wiki/Abby Ryder Fortson,Wikip\u00e9dia:\u00e9bauche acteur am\u00e9ricain
Marie Sch\u00f6lzel,https://fr.wikipedia.org/?curid=11767460,https://fr.wikipedia.org/wiki/Marie Sch\u00f6lzel,Article utilisant une Infobox
Amanda Simard,https://fr.wikipedia.org/?curid=11766383,https://fr.wikipedia.org/wiki/Amanda Simard,Wikip\u00e9dia:\u00e9bauche personnalit\u00e9 politique canadienne
Ida Nilsson,https://fr.wikipedia.org/?curid=11705751,https://fr.wikipedia.org/wiki/Ida Nilsson,Page utilisant P569
Ragna Debats,https://fr.wikipedia.org/?curid=11710677,https://fr.wikipedia.org/wiki/Ragna Debats,Page utilisant P569
Arantxa Echevarr\u00eda,https://fr.wikipedia.org/?curid=11708778,https://fr.wikipedia.org/wiki/Arantxa Echevarr\u00eda,Wikip\u00e9dia:\u00e9bauche r\u00e9alisateur espagnol
Flaviana Matata,https://fr.wikipedia.org/?curid=11754249,https://fr.wikipedia.org/wiki/Flaviana Matata,Article contenant un lien mort
Csilla Bartos,https://fr.wikipedia.org/?curid=1175440,https://fr.wikipedia.org/wiki/Csilla Bartos,Article \u00e0 illustrer Joueur de tennis
Wendy Overton,https://fr.wikipedia.org/?curid=1175313,https://fr.wikipedia.org/wiki/Wendy Overton,Article \u00e0 illustrer Joueur de tennis
Barbara Hallquist,https://fr.wikipedia.org/?curid=1175324,https://fr.wikipedia.org/wiki/Barbara Hallquist,Article \u00e0 illustrer Joueur de tennis
Lonah Chemtai Salpeter,https://fr.wikipedia.org/?curid=11755265,https://fr.wikipedia.org/wiki/Lonah Chemtai Salpeter,Wikip\u00e9dia:\u00e9bauche Isra\u00ebl
Diane Evers,https://fr.wikipedia.org/?curid=1175478,https://fr.wikipedia.org/wiki/Diane Evers,Article utilisant une Infobox
G\u00e9nesis Romero,https://fr.wikipedia.org/?curid=11797245,https://fr.wikipedia.org/wiki/G\u00e9nesis Romero,Wikip\u00e9dia:\u00e9bauche athl\u00e8te v\u00e9n\u00e9zu\u00e9lien
Mary Carter Reitano,https://fr.wikipedia.org/?curid=1178082,https://fr.wikipedia.org/wiki/Mary Carter Reitano,Article \u00e0 illustrer Joueur de tennis
Marguerite Wake,https://fr.wikipedia.org/?curid=11801976,https://fr.wikipedia.org/wiki/Marguerite Wake,Article \u00e0 illustrer R\u00f4le monarchique
Sofia Pozdniakova,https://fr.wikipedia.org/?curid=11798742,https://fr.wikipedia.org/wiki/Sofia Pozdniakova,Article utilisant une Infobox
Amina Belkadi,https://fr.wikipedia.org/?curid=11816427,https://fr.wikipedia.org/wiki/Amina Belkadi,Wikip\u00e9dia:\u00e9bauche sportif alg\u00e9rien
Juliet Itoya,https://fr.wikipedia.org/?curid=11812345,https://fr.wikipedia.org/wiki/Juliet Itoya,Wikip\u00e9dia:\u00e9bauche athl\u00e8te espagnol
K\u0131v\u0131lc\u0131m Kaya,https://fr.wikipedia.org/?curid=11812379,https://fr.wikipedia.org/wiki/K\u0131v\u0131lc\u0131m Kaya,Wikip\u00e9dia:\u00e9bauche athl\u00e8te turc
Luminosa Bogliolo,https://fr.wikipedia.org/?curid=11813384,https://fr.wikipedia.org/wiki/Luminosa Bogliolo,Wikip\u00e9dia:\u00e9bauche athl\u00e8te italien
Sara Dossena,https://fr.wikipedia.org/?curid=11815189,https://fr.wikipedia.org/wiki/Sara Dossena,Wikip\u00e9dia:\u00e9bauche sportif italien
Ruth Croft,https://fr.wikipedia.org/?curid=11816941,https://fr.wikipedia.org/wiki/Ruth Croft,Page utilisant P569
Joseph Essombe,https://fr.wikipedia.org/?curid=11816590,https://fr.wikipedia.org/wiki/Joseph Essombe,Wikip\u00e9dia:\u00e9bauche lutte
Holly Page,https://fr.wikipedia.org/?curid=11804762,https://fr.wikipedia.org/wiki/Holly Page,Page utilisant P569
Hillary Allen,https://fr.wikipedia.org/?curid=11806094,https://fr.wikipedia.org/wiki/Hillary Allen,Page utilisant P569
Sara Gomer,https://fr.wikipedia.org/?curid=1180627,https://fr.wikipedia.org/wiki/Sara Gomer,Article \u00e0 illustrer Joueur de tennis
Rebecca Parris,https://fr.wikipedia.org/?curid=11795634,https://fr.wikipedia.org/wiki/Rebecca Parris,Wikip\u00e9dia:\u00e9bauche chanteur am\u00e9ricain
Beata Po\u017aniak,https://fr.wikipedia.org/?curid=11796059,https://fr.wikipedia.org/wiki/Beata Po\u017aniak,Page utilisant P569
Waje,https://fr.wikipedia.org/?curid=11794046,https://fr.wikipedia.org/wiki/Waje,Page utilisant P569
Oana Nechiti,https://fr.wikipedia.org/?curid=11796264,https://fr.wikipedia.org/wiki/Oana Nechiti,Traduction \u00e0 revoir
L\u00e9opard de la meilleure interpr\u00e9tation f\u00e9minine,https://fr.wikipedia.org/?curid=11747512,https://fr.wikipedia.org/wiki/L\u00e9opard de la meilleure interpr\u00e9tation f\u00e9minine,Article contenant un appel \u00e0 traduction en anglais
Kelly Liggan,https://fr.wikipedia.org/?curid=1205048,https://fr.wikipedia.org/wiki/Kelly Liggan,Article \u00e0 illustrer Joueur de tennis
Liv-Kjersti Bergman,https://fr.wikipedia.org/?curid=1203254,https://fr.wikipedia.org/wiki/Liv-Kjersti Bergman,Wikip\u00e9dia:\u00e9bauche biathlon
K.Flay,https://fr.wikipedia.org/?curid=12048051,https://fr.wikipedia.org/wiki/K.Flay,Article contenant un lien mort
Juul Franssen,https://fr.wikipedia.org/?curid=12043961,https://fr.wikipedia.org/wiki/Juul Franssen,Wikip\u00e9dia:\u00e9bauche sportif n\u00e9erlandais
Paulina Dudek,https://fr.wikipedia.org/?curid=12046202,https://fr.wikipedia.org/wiki/Paulina Dudek,Article contenant un appel \u00e0 traduction en anglais
Wang Xiyu,https://fr.wikipedia.org/?curid=12010413,https://fr.wikipedia.org/wiki/Wang Xiyu,Article utilisant une Infobox
Jackie Fayter-Hough,https://fr.wikipedia.org/?curid=1202358,https://fr.wikipedia.org/wiki/Jackie Fayter-Hough,Article \u00e0 illustrer Joueur de tennis
Sofia Kenin,https://fr.wikipedia.org/?curid=12023853,https://fr.wikipedia.org/wiki/Sofia Kenin,Article utilisant une Infobox
Regret in Your Tears,https://fr.wikipedia.org/?curid=12017122,https://fr.wikipedia.org/wiki/Regret in Your Tears,Article utilisant une Infobox
Steven Spielberg,https://fr.wikipedia.org/?curid=12014,https://fr.wikipedia.org/wiki/Steven Spielberg,Page utilisant P569
Zina Kocher,https://fr.wikipedia.org/?curid=1203121,https://fr.wikipedia.org/wiki/Zina Kocher,Wikip\u00e9dia:\u00e9bauche biathlon
Magda Andersson,https://fr.wikipedia.org/?curid=12031978,https://fr.wikipedia.org/wiki/Magda Andersson,Article utilisant une Infobox
Uta Abe,https://fr.wikipedia.org/?curid=12038556,https://fr.wikipedia.org/wiki/Uta Abe,Article \u00e0 illustrer Judoka
Theresa Stoll,https://fr.wikipedia.org/?curid=12038634,https://fr.wikipedia.org/wiki/Theresa Stoll,Wikip\u00e9dia:\u00e9bauche sportif allemand
Emilie Siegenthaler,https://fr.wikipedia.org/?curid=12041242,https://fr.wikipedia.org/wiki/Emilie Siegenthaler,Wikip\u00e9dia:\u00e9bauche coureur cycliste suisse
Lesley Charles,https://fr.wikipedia.org/?curid=1202441,https://fr.wikipedia.org/wiki/Lesley Charles,Article \u00e0 illustrer Joueur de tennis
Julie Anthony,https://fr.wikipedia.org/?curid=1199684,https://fr.wikipedia.org/wiki/Julie Anthony,Article \u00e0 illustrer Joueur de tennis
Winnie Shaw,https://fr.wikipedia.org/?curid=1199745,https://fr.wikipedia.org/wiki/Winnie Shaw,Article \u00e0 illustrer Joueur de tennis
The Quintessential Quintuplets,https://fr.wikipedia.org/?curid=11995952,https://fr.wikipedia.org/wiki/The Quintessential Quintuplets,Article utilisant une Infobox
Jung Eun-woo,https://fr.wikipedia.org/?curid=11995966,https://fr.wikipedia.org/wiki/Jung Eun-woo,Article utilisant une Infobox
Bryanne Stewart,https://fr.wikipedia.org/?curid=1199607,https://fr.wikipedia.org/wiki/Bryanne Stewart,Article utilisant une Infobox
Charlotte Ritchie,https://fr.wikipedia.org/?curid=14250130,https://fr.wikipedia.org/wiki/Charlotte Ritchie,Article \u00e0 illustrer Personnalit\u00e9 du cin\u00e9ma
Kirstie Marshall,https://fr.wikipedia.org/?curid=14247342,https://fr.wikipedia.org/wiki/Kirstie Marshall,Wikip\u00e9dia:\u00e9bauche personnalit\u00e9 australienne
Sandra Dodet,https://fr.wikipedia.org/?curid=14247650,https://fr.wikipedia.org/wiki/Sandra Dodet,Wikip\u00e9dia:\u00e9bauche triathl\u00e8te
Greta Onieogou,https://fr.wikipedia.org/?curid=14129657,https://fr.wikipedia.org/wiki/Greta Onieogou,Article manquant de r\u00e9f\u00e9rences depuis janvier 2023
Bre-Z,https://fr.wikipedia.org/?curid=14129711,https://fr.wikipedia.org/wiki/Bre-Z,Article \u00e0 wikifier depuis juin 2021
Saira Banu,https://fr.wikipedia.org/?curid=14155098,https://fr.wikipedia.org/wiki/Saira Banu,Page utilisant P569
Sophia Popov,https://fr.wikipedia.org/?curid=14152713,https://fr.wikipedia.org/wiki/Sophia Popov,Article \u00e0 r\u00e9f\u00e9rence insuffisante
Marcela Va\u0161\u00ednov\u00e1,https://fr.wikipedia.org/?curid=14239644,https://fr.wikipedia.org/wiki/Marcela Va\u0161\u00ednov\u00e1,Article \u00e0 illustrer Athl\u00e8te
Marie-Jeanne Larriv\u00e9e Lemi\u00e8re,https://fr.wikipedia.org/?curid=14239742,https://fr.wikipedia.org/wiki/Marie-Jeanne Larriv\u00e9e Lemi\u00e8re,Page utilisant P569
M\u00f2nica Ardid,https://fr.wikipedia.org/?curid=14236548,https://fr.wikipedia.org/wiki/M\u00f2nica Ardid,Article \u00e0 illustrer Athl\u00e8te
Linda Noskov\u00e1,https://fr.wikipedia.org/?curid=14190616,https://fr.wikipedia.org/wiki/Linda Noskov\u00e1,Article utilisant une Infobox
Carla D\u00edaz,https://fr.wikipedia.org/?curid=14218073,https://fr.wikipedia.org/wiki/Carla D\u00edaz,Article \u00e0 illustrer Personnalit\u00e9 du cin\u00e9ma
Rkia Mazrouai,https://fr.wikipedia.org/?curid=14187511,https://fr.wikipedia.org/wiki/Rkia Mazrouai,Article \u00e0 illustrer Footballeur
Tom Evans (athl\u00e9tisme),https://fr.wikipedia.org/?curid=14187583,https://fr.wikipedia.org/wiki/Tom Evans (athl\u00e9tisme),Article \u00e0 illustrer Athl\u00e8te
"Les Mille et Une Nuits (film, 1974)",https://fr.wikipedia.org/?curid=1419534,"https://fr.wikipedia.org/wiki/Les Mille et Une Nuits (film, 1974)",Article utilisant une Infobox
Liste des m\u00e9daill\u00e9s olympiques mixtes en natation,https://fr.wikipedia.org/?curid=14196204,https://fr.wikipedia.org/wiki/Liste des m\u00e9daill\u00e9s olympiques mixtes en natation,Portail:Natation/Articles li\u00e9s
Tatiana Volosozhar,https://fr.wikipedia.org/?curid=1420045,https://fr.wikipedia.org/wiki/Tatiana Volosozhar,Wikip\u00e9dia:\u00e9bauche personnalit\u00e9 russe
Julia Tolofua,https://fr.wikipedia.org/?curid=14203896,https://fr.wikipedia.org/wiki/Julia Tolofua,Wikip\u00e9dia:\u00e9bauche judo
Priscilla Gagn\u00e9,https://fr.wikipedia.org/?curid=14404700,https://fr.wikipedia.org/wiki/Priscilla Gagn\u00e9,Article \u00e0 illustrer Judoka
Jo Yu-ri,https://fr.wikipedia.org/?curid=14462970,https://fr.wikipedia.org/wiki/Jo Yu-ri,Article utilisant une Infobox
Aisling Bea,https://fr.wikipedia.org/?curid=14465258,https://fr.wikipedia.org/wiki/Aisling Bea,Page utilisant P569
Chu Ka Mong,https://fr.wikipedia.org/?curid=14462822,https://fr.wikipedia.org/wiki/Chu Ka Mong,Article \u00e0 illustrer Escrimeur
Christine Mboma,https://fr.wikipedia.org/?curid=14225571,https://fr.wikipedia.org/wiki/Christine Mboma,Article \u00e0 illustrer Athl\u00e8te
Alice Roy,https://fr.wikipedia.org/?curid=1424248,https://fr.wikipedia.org/wiki/Alice Roy,Article utilisant une Infobox
Pia Skrzyszowska,https://fr.wikipedia.org/?curid=14252964,https://fr.wikipedia.org/wiki/Pia Skrzyszowska,Wikip\u00e9dia:\u00e9bauche athl\u00e9tisme
Imane Chebel,https://fr.wikipedia.org/?curid=14252996,https://fr.wikipedia.org/wiki/Imane Chebel,Article \u00e0 illustrer Footballeur
Leslie Grace,https://fr.wikipedia.org/?curid=14255668,https://fr.wikipedia.org/wiki/Leslie Grace,Page utilisant P569
Jeanne Carpenter,https://fr.wikipedia.org/?curid=14253322,https://fr.wikipedia.org/wiki/Jeanne Carpenter,Article utilisant une Infobox
Liste de sportifs n\u00e9erlandais,https://fr.wikipedia.org/?curid=1425457,https://fr.wikipedia.org/wiki/Liste de sportifs n\u00e9erlandais,Wikip\u00e9dia:\u00e9bauche liste
Alex Yee,https://fr.wikipedia.org/?curid=14254680,https://fr.wikipedia.org/wiki/Alex Yee,Article utilisant une Infobox
Zhou Ye,https://fr.wikipedia.org/?curid=14251694,https://fr.wikipedia.org/wiki/Zhou Ye,Article \u00e0 wikifier depuis octobre 2021
Daniel Jung,https://fr.wikipedia.org/?curid=14419650,https://fr.wikipedia.org/wiki/Daniel Jung,Wikip\u00e9dia:\u00e9bauche athl\u00e8te italien
Kajol,https://fr.wikipedia.org/?curid=144468,https://fr.wikipedia.org/wiki/Kajol,Article utilisant une Infobox
Ghizlane Chebbak,https://fr.wikipedia.org/?curid=14447237,https://fr.wikipedia.org/wiki/Ghizlane Chebbak,Article utilisant une Infobox
Oumou Diarisso,https://fr.wikipedia.org/?curid=14445287,https://fr.wikipedia.org/wiki/Oumou Diarisso,Wikip\u00e9dia:\u00e9bauche joueuse fran\u00e7aise de basket-ball
Amira Ould Braham,https://fr.wikipedia.org/?curid=14445307,https://fr.wikipedia.org/wiki/Amira Ould Braham,Article \u00e0 illustrer Footballeur
Camryn Rogers,https://fr.wikipedia.org/?curid=14275526,https://fr.wikipedia.org/wiki/Camryn Rogers,Wikip\u00e9dia:\u00e9bauche athl\u00e9tisme
Beatrice Masilingi,https://fr.wikipedia.org/?curid=14275724,https://fr.wikipedia.org/wiki/Beatrice Masilingi,Wikip\u00e9dia:\u00e9bauche athl\u00e9tisme
Christine Haigler,https://fr.wikipedia.org/?curid=14431669,https://fr.wikipedia.org/wiki/Christine Haigler,Article utilisant une Infobox
Sada Thompson,https://fr.wikipedia.org/?curid=14431977,https://fr.wikipedia.org/wiki/Sada Thompson,Page utilisant P569
Kaylin Hsieh,https://fr.wikipedia.org/?curid=14440637,https://fr.wikipedia.org/wiki/Kaylin Hsieh,Article \u00e0 illustrer Escrimeur
And\u017eelika Mitra\u0161inovi\u1e31,https://fr.wikipedia.org/?curid=14445240,https://fr.wikipedia.org/wiki/And\u017eelika Mitra\u0161inovi\u1e31,Wikip\u00e9dia:\u00e9bauche basket-ball
Hel\u00e9ne Yorke,https://fr.wikipedia.org/?curid=14441676,https://fr.wikipedia.org/wiki/Hel\u00e9ne Yorke,Article utilisant une Infobox
