Name,URL1,URL2,First Category
Jim King (ultra-trail),https://fr.wikipedia.org/?curid=9355143,https://fr.wikipedia.org/wiki/Jim King (ultra-trail),Page utilisant P569
Old\u0159i\u0161ka Mare\u0161ov\u00e1,https://fr.wikipedia.org/?curid=9355508,https://fr.wikipedia.org/wiki/Old\u0159i\u0161ka Mare\u0161ov\u00e1,Wikip\u00e9dia:\u00e9bauche athl\u00e8te tch\u00e8que
Valentyna Lyashenko,https://fr.wikipedia.org/?curid=9355552,https://fr.wikipedia.org/wiki/Valentyna Lyashenko,Wikip\u00e9dia:\u00e9bauche athl\u00e8te g\u00e9orgien
Stephanie Howe,https://fr.wikipedia.org/?curid=9352556,https://fr.wikipedia.org/wiki/Stephanie Howe,Page utilisant P569
Bariza Ghezelani,https://fr.wikipedia.org/?curid=9352682,https://fr.wikipedia.org/wiki/Bariza Ghezelani,Wikip\u00e9dia:\u00e9bauche athl\u00e8te alg\u00e9rien
Elisabet Barnes,https://fr.wikipedia.org/?curid=9351959,https://fr.wikipedia.org/wiki/Elisabet Barnes,Page utilisant P569
Cassidy Gifford,https://fr.wikipedia.org/?curid=9348812,https://fr.wikipedia.org/wiki/Cassidy Gifford,Wikip\u00e9dia:\u00e9bauche acteur am\u00e9ricain
Priscilla Frederick-Loomis,https://fr.wikipedia.org/?curid=9342782,https://fr.wikipedia.org/wiki/Priscilla Frederick-Loomis,Wikip\u00e9dia:\u00e9bauche athl\u00e8te
Ruby Muir,https://fr.wikipedia.org/?curid=9342829,https://fr.wikipedia.org/wiki/Ruby Muir,Page utilisant P569
Guilty (album de Barbra Streisand),https://fr.wikipedia.org/?curid=9346187,https://fr.wikipedia.org/wiki/Guilty (album de Barbra Streisand),Article utilisant une Infobox
Katrin Thoma,https://fr.wikipedia.org/?curid=9396867,https://fr.wikipedia.org/wiki/Katrin Thoma,Wikip\u00e9dia:\u00e9bauche aviron
Lena M\u00fcller,https://fr.wikipedia.org/?curid=9396906,https://fr.wikipedia.org/wiki/Lena M\u00fcller,Wikip\u00e9dia:\u00e9bauche aviron
Rebecca Holden,https://fr.wikipedia.org/?curid=9397174,https://fr.wikipedia.org/wiki/Rebecca Holden,Wikip\u00e9dia:\u00e9bauche acteur am\u00e9ricain
Zoe McBride,https://fr.wikipedia.org/?curid=9398160,https://fr.wikipedia.org/wiki/Zoe McBride,Wikip\u00e9dia:\u00e9bauche aviron
Julia Edward,https://fr.wikipedia.org/?curid=9398176,https://fr.wikipedia.org/wiki/Julia Edward,Wikip\u00e9dia:\u00e9bauche aviron
Grace Prendergast,https://fr.wikipedia.org/?curid=9398183,https://fr.wikipedia.org/wiki/Grace Prendergast,Wikip\u00e9dia:\u00e9bauche aviron
Kerri Gowler,https://fr.wikipedia.org/?curid=9398204,https://fr.wikipedia.org/wiki/Kerri Gowler,Wikip\u00e9dia:\u00e9bauche aviron
Anne Marie Schonk,https://fr.wikipedia.org/?curid=9399191,https://fr.wikipedia.org/wiki/Anne Marie Schonk,Wikip\u00e9dia:\u00e9bauche aviron
Mirte Kraaijkamp,https://fr.wikipedia.org/?curid=9399263,https://fr.wikipedia.org/wiki/Mirte Kraaijkamp,Wikip\u00e9dia:\u00e9bauche aviron
Liste des m\u00e9daill\u00e9s aux Jeux olympiques d'\u00e9t\u00e9 de 1980,https://fr.wikipedia.org/?curid=9326315,https://fr.wikipedia.org/wiki/Liste des m\u00e9daill\u00e9s aux Jeux olympiques d'\u00e9t\u00e9 de 1980,Page utilisant une pr\u00e9sentation en colonnes avec un nombre fixe de colonnes
Alena Vrz\u00e1\u0148ov\u00e1,https://fr.wikipedia.org/?curid=9320446,https://fr.wikipedia.org/wiki/Alena Vrz\u00e1\u0148ov\u00e1,Article utilisant une Infobox
Ksenia Paroubets,https://fr.wikipedia.org/?curid=9320728,https://fr.wikipedia.org/wiki/Ksenia Paroubets,Article utilisant une Infobox
Yvonne Godard,https://fr.wikipedia.org/?curid=9340083,https://fr.wikipedia.org/wiki/Yvonne Godard,Article utilisant une Infobox
Joan Chen,https://fr.wikipedia.org/?curid=933885,https://fr.wikipedia.org/wiki/Joan Chen,Wikip\u00e9dia:\u00e9bauche acteur am\u00e9ricain
Natasha Morrison,https://fr.wikipedia.org/?curid=9370064,https://fr.wikipedia.org/wiki/Natasha Morrison,Wikip\u00e9dia:\u00e9bauche athl\u00e8te jama\u00efcain
Roseline Chepngetich,https://fr.wikipedia.org/?curid=9370547,https://fr.wikipedia.org/wiki/Roseline Chepngetich,Wikip\u00e9dia:\u00e9bauche athl\u00e8te k\u00e9nyan
\u00c9rica de Sena,https://fr.wikipedia.org/?curid=9379390,https://fr.wikipedia.org/wiki/\u00c9rica de Sena,Article \u00e0 illustrer Athl\u00e8te
Laura Garc\u00eda-Caro,https://fr.wikipedia.org/?curid=9378412,https://fr.wikipedia.org/wiki/Laura Garc\u00eda-Caro,Wikip\u00e9dia:\u00e9bauche athl\u00e8te espagnol
Kim Seol-hyun,https://fr.wikipedia.org/?curid=9381698,https://fr.wikipedia.org/wiki/Kim Seol-hyun,Article utilisant une Infobox
Khalifa St. Fort,https://fr.wikipedia.org/?curid=9381853,https://fr.wikipedia.org/wiki/Khalifa St. Fort,Wikip\u00e9dia:\u00e9bauche athl\u00e8te trinidadien
Jun Hyoseong,https://fr.wikipedia.org/?curid=9381966,https://fr.wikipedia.org/wiki/Jun Hyoseong,Article contenant un lien mort
Mariana Di Gir\u00f3lamo,https://fr.wikipedia.org/?curid=9380695,https://fr.wikipedia.org/wiki/Mariana Di Gir\u00f3lamo,Wikip\u00e9dia:\u00e9bauche acteur chilien
Irina Tchernia\u00efeva,https://fr.wikipedia.org/?curid=9368995,https://fr.wikipedia.org/wiki/Irina Tchernia\u00efeva,Wikip\u00e9dia:\u00e9bauche patinage artistique
Nana (chanteuse),https://fr.wikipedia.org/?curid=9369284,https://fr.wikipedia.org/wiki/Nana (chanteuse),Article utilisant une Infobox
Johanna Konta,https://fr.wikipedia.org/?curid=9395239,https://fr.wikipedia.org/wiki/Johanna Konta,Article utilisant une Infobox
Ulrike Sarvari,https://fr.wikipedia.org/?curid=9393194,https://fr.wikipedia.org/wiki/Ulrike Sarvari,Article \u00e0 illustrer Athl\u00e8te
Anett Kontaveit,https://fr.wikipedia.org/?curid=9395733,https://fr.wikipedia.org/wiki/Anett Kontaveit,Article utilisant une Infobox
Aura Garrido,https://fr.wikipedia.org/?curid=9395949,https://fr.wikipedia.org/wiki/Aura Garrido,Wikip\u00e9dia:\u00e9bauche acteur espagnol
T.M. Scorzafava,https://fr.wikipedia.org/?curid=9396083,https://fr.wikipedia.org/wiki/T.M. Scorzafava,Wikip\u00e9dia:\u00e9bauche r\u00e9alisateur am\u00e9ricain
Dinara Fakhritdinova,https://fr.wikipedia.org/?curid=9394291,https://fr.wikipedia.org/wiki/Dinara Fakhritdinova,Article utilisant une Infobox
Un homme et une femme,https://fr.wikipedia.org/?curid=94038,https://fr.wikipedia.org/wiki/Un homme et une femme,Article utilisant une Infobox
Sof\u00eda Asouman\u00e1ki,https://fr.wikipedia.org/?curid=9403296,https://fr.wikipedia.org/wiki/Sof\u00eda Asouman\u00e1ki,Wikip\u00e9dia:\u00e9bauche aviron
Elisabeth Woerner,https://fr.wikipedia.org/?curid=9403329,https://fr.wikipedia.org/wiki/Elisabeth Woerner,Wikip\u00e9dia:\u00e9bauche aviron
Holly Norton,https://fr.wikipedia.org/?curid=9405480,https://fr.wikipedia.org/wiki/Holly Norton,Wikip\u00e9dia:\u00e9bauche aviron
Ruth Walczak,https://fr.wikipedia.org/?curid=9405499,https://fr.wikipedia.org/wiki/Ruth Walczak,Wikip\u00e9dia:\u00e9bauche aviron
Eleanor Piggott,https://fr.wikipedia.org/?curid=9405511,https://fr.wikipedia.org/wiki/Eleanor Piggott,Wikip\u00e9dia:\u00e9bauche aviron
Peter Wiersum,https://fr.wikipedia.org/?curid=9403038,https://fr.wikipedia.org/wiki/Peter Wiersum,Wikip\u00e9dia:\u00e9bauche aviron
Ratchanok Intanon,https://fr.wikipedia.org/?curid=9370867,https://fr.wikipedia.org/wiki/Ratchanok Intanon,Wikip\u00e9dia:\u00e9bauche badminton
Filmographie de Brigitte Bardot,https://fr.wikipedia.org/?curid=9372229,https://fr.wikipedia.org/wiki/Filmographie de Brigitte Bardot,Portail:Cin\u00e9ma fran\u00e7ais/Articles li\u00e9s
Amara (chanteuse),https://fr.wikipedia.org/?curid=9372473,https://fr.wikipedia.org/wiki/Amara (chanteuse),Article utilisant une Infobox
Dominique Deniaud,https://fr.wikipedia.org/?curid=9367309,https://fr.wikipedia.org/wiki/Dominique Deniaud,Article utilisant une Infobox
Melissa Bishop,https://fr.wikipedia.org/?curid=9367690,https://fr.wikipedia.org/wiki/Melissa Bishop,Wikip\u00e9dia:\u00e9bauche athl\u00e8te canadien
Catherine Siachoque,https://fr.wikipedia.org/?curid=9684267,https://fr.wikipedia.org/wiki/Catherine Siachoque,Article contenant un appel \u00e0 traduction en anglais
Sarah Silverman,https://fr.wikipedia.org/?curid=968448,https://fr.wikipedia.org/wiki/Sarah Silverman,Article utilisant une Infobox
Rebekah Kochan,https://fr.wikipedia.org/?curid=9682721,https://fr.wikipedia.org/wiki/Rebekah Kochan,Article manquant de r\u00e9f\u00e9rences depuis janvier 2016
Miss C\u00f4te d'Ivoire 2015,https://fr.wikipedia.org/?curid=9700374,https://fr.wikipedia.org/wiki/Miss C\u00f4te d'Ivoire 2015,Article \u00e0 illustrer Miss
Leslie (chanteuse),https://fr.wikipedia.org/?curid=969266,https://fr.wikipedia.org/wiki/Leslie (chanteuse),Article utilisant une Infobox
Gala (chanteuse),https://fr.wikipedia.org/?curid=968912,https://fr.wikipedia.org/wiki/Gala (chanteuse),Article contenant un lien mort
Lucie Charv\u00e1tov\u00e1,https://fr.wikipedia.org/?curid=9697232,https://fr.wikipedia.org/wiki/Lucie Charv\u00e1tov\u00e1,Wikip\u00e9dia:\u00e9bauche biathlon
Misaki Shigeno,https://fr.wikipedia.org/?curid=9699005,https://fr.wikipedia.org/wiki/Misaki Shigeno,Wikip\u00e9dia:\u00e9bauche sportif japonais
Darya Klimina,https://fr.wikipedia.org/?curid=9699036,https://fr.wikipedia.org/wiki/Darya Klimina,Wikip\u00e9dia:\u00e9bauche biathlon
Ana Bucik,https://fr.wikipedia.org/?curid=9694709,https://fr.wikipedia.org/wiki/Ana Bucik,Page utilisant P569
Kamala Khan,https://fr.wikipedia.org/?curid=9698301,https://fr.wikipedia.org/wiki/Kamala Khan,Article utilisant une Infobox
Susanna Zorzi,https://fr.wikipedia.org/?curid=9695907,https://fr.wikipedia.org/wiki/Susanna Zorzi,Page utilisant P569
Anastasiya Barannikova,https://fr.wikipedia.org/?curid=9697905,https://fr.wikipedia.org/wiki/Anastasiya Barannikova,Wikip\u00e9dia:\u00e9bauche sportif russe
Elisabeth Raudaschl,https://fr.wikipedia.org/?curid=9698020,https://fr.wikipedia.org/wiki/Elisabeth Raudaschl,Article utilisant une Infobox
Shay Murphy,https://fr.wikipedia.org/?curid=9696462,https://fr.wikipedia.org/wiki/Shay Murphy,Article utilisant une Infobox
Hui Ruoqi,https://fr.wikipedia.org/?curid=9673879,https://fr.wikipedia.org/wiki/Hui Ruoqi,Article utilisant une Infobox
Cassie (chanteuse),https://fr.wikipedia.org/?curid=967322,https://fr.wikipedia.org/wiki/Cassie (chanteuse),Article manquant de r\u00e9f\u00e9rences depuis juillet 2022
Anita Treyens,https://fr.wikipedia.org/?curid=9678135,https://fr.wikipedia.org/wiki/Anita Treyens,Wikip\u00e9dia:\u00e9bauche acteur fran\u00e7ais
Laura G\u00f3mez Ropi\u00f1\u00f3n,https://fr.wikipedia.org/?curid=9680562,https://fr.wikipedia.org/wiki/Laura G\u00f3mez Ropi\u00f1\u00f3n,Page utilisant P569
Miss Belgique 2014,https://fr.wikipedia.org/?curid=9676077,https://fr.wikipedia.org/wiki/Miss Belgique 2014,Article \u00e0 illustrer Miss
\u00c1ngela Leyva,https://fr.wikipedia.org/?curid=9678941,https://fr.wikipedia.org/wiki/\u00c1ngela Leyva,Article \u00e0 illustrer Joueur de volley-ball
Rosie Brennan,https://fr.wikipedia.org/?curid=9668792,https://fr.wikipedia.org/wiki/Rosie Brennan,Article utilisant une Infobox
C\u00e9cile Caulier,https://fr.wikipedia.org/?curid=9663306,https://fr.wikipedia.org/wiki/C\u00e9cile Caulier,Page utilisant P569
Le Myst\u00e8re Silkwood,https://fr.wikipedia.org/?curid=966129,https://fr.wikipedia.org/wiki/Le Myst\u00e8re Silkwood,Article utilisant une Infobox
Silje \u00d8yre Slind,https://fr.wikipedia.org/?curid=9661379,https://fr.wikipedia.org/wiki/Silje \u00d8yre Slind,Wikip\u00e9dia:\u00e9bauche ski de fond
Ami Himesaki,https://fr.wikipedia.org/?curid=9661395,https://fr.wikipedia.org/wiki/Ami Himesaki,Article utilisant une Infobox
Alina Li,https://fr.wikipedia.org/?curid=9656065,https://fr.wikipedia.org/wiki/Alina Li,Page utilisant P569
Vanessa Crone,https://fr.wikipedia.org/?curid=9657008,https://fr.wikipedia.org/wiki/Vanessa Crone,Article utilisant une Infobox
Barbi Benton,https://fr.wikipedia.org/?curid=9660343,https://fr.wikipedia.org/wiki/Barbi Benton,Article utilisant une Infobox
Jacqueline Fernandez,https://fr.wikipedia.org/?curid=9711561,https://fr.wikipedia.org/wiki/Jacqueline Fernandez,Page utilisant P569
Stephanie McMahon-Levesque,https://fr.wikipedia.org/?curid=948353,https://fr.wikipedia.org/wiki/Stephanie McMahon-Levesque,Article contenant un lien mort
Aurore Mongel,https://fr.wikipedia.org/?curid=948298,https://fr.wikipedia.org/wiki/Aurore Mongel,Wikip\u00e9dia:\u00e9bauche natation
Fuko,https://fr.wikipedia.org/?curid=9483099,https://fr.wikipedia.org/wiki/Fuko,Article contenant un lien mort
Jadyn Wong,https://fr.wikipedia.org/?curid=9486258,https://fr.wikipedia.org/wiki/Jadyn Wong,Article utilisant une Infobox
Aiko Yamaide,https://fr.wikipedia.org/?curid=9486269,https://fr.wikipedia.org/wiki/Aiko Yamaide,Article utilisant une Infobox
Virginie Jouve,https://fr.wikipedia.org/?curid=9486304,https://fr.wikipedia.org/wiki/Virginie Jouve,Article \u00e0 illustrer Sportif
Yohann Vincent,https://fr.wikipedia.org/?curid=9486426,https://fr.wikipedia.org/wiki/Yohann Vincent,Article \u00e0 illustrer Sportif
Coralie Redelsperger,https://fr.wikipedia.org/?curid=9485925,https://fr.wikipedia.org/wiki/Coralie Redelsperger,Article \u00e0 illustrer Sportif
Morgane Riou,https://fr.wikipedia.org/?curid=9485933,https://fr.wikipedia.org/wiki/Morgane Riou,Article utilisant une Infobox
Saki \u014cga,https://fr.wikipedia.org/?curid=9486159,https://fr.wikipedia.org/wiki/Saki \u014cga,Article manquant de r\u00e9f\u00e9rences depuis octobre 2015
Sean McMahon,https://fr.wikipedia.org/?curid=9485644,https://fr.wikipedia.org/wiki/Sean McMahon,Article utilisant une Infobox
Cool for the Summer,https://fr.wikipedia.org/?curid=9472846,https://fr.wikipedia.org/wiki/Cool for the Summer,Wikip\u00e9dia:\u00e9bauche chanson
Marta Mend\u00eda,https://fr.wikipedia.org/?curid=9472353,https://fr.wikipedia.org/wiki/Marta Mend\u00eda,Wikip\u00e9dia:\u00e9bauche athl\u00e8te espagnol
Alexandra Kondracke,https://fr.wikipedia.org/?curid=9466272,https://fr.wikipedia.org/wiki/Alexandra Kondracke,Wikip\u00e9dia:\u00e9bauche r\u00e9alisateur am\u00e9ricain
Lena Lotzen,https://fr.wikipedia.org/?curid=9461727,https://fr.wikipedia.org/wiki/Lena Lotzen,Wikip\u00e9dia:\u00e9bauche footballeuse allemande
Joanna Halls,https://fr.wikipedia.org/?curid=9461762,https://fr.wikipedia.org/wiki/Joanna Halls,Wikip\u00e9dia:\u00e9bauche escrimeuse
Salwa Eid Naser,https://fr.wikipedia.org/?curid=9465793,https://fr.wikipedia.org/wiki/Salwa Eid Naser,Article utilisant une Infobox
Saki Shirai,https://fr.wikipedia.org/?curid=9474152,https://fr.wikipedia.org/wiki/Saki Shirai,Article utilisant une Infobox
Johanna Daumas,https://fr.wikipedia.org/?curid=9507245,https://fr.wikipedia.org/wiki/Johanna Daumas,Article \u00e0 illustrer Sportif
Lydie Reuz\u00e9,https://fr.wikipedia.org/?curid=9478722,https://fr.wikipedia.org/wiki/Lydie Reuz\u00e9,Article \u00e0 illustrer Sportif
Iveta Moukoutchian,https://fr.wikipedia.org/?curid=9479588,https://fr.wikipedia.org/wiki/Iveta Moukoutchian,Article utilisant une Infobox
Gail Kim,https://fr.wikipedia.org/?curid=948825,https://fr.wikipedia.org/wiki/Gail Kim,Article \u00e0 recycler/Liste compl\u00e8te
Emma Pallant,https://fr.wikipedia.org/?curid=9490181,https://fr.wikipedia.org/wiki/Emma Pallant,Article utilisant une Infobox
Heo Young-ji,https://fr.wikipedia.org/?curid=9501694,https://fr.wikipedia.org/wiki/Heo Young-ji,Article utilisant une Infobox
Ruslana,https://fr.wikipedia.org/?curid=95028,https://fr.wikipedia.org/wiki/Ruslana,Article utilisant une Infobox
Sandrine B\u00e9ranger,https://fr.wikipedia.org/?curid=9500655,https://fr.wikipedia.org/wiki/Sandrine B\u00e9ranger,Wikip\u00e9dia:\u00e9bauche ultra-trail
Mashona Washington,https://fr.wikipedia.org/?curid=946047,https://fr.wikipedia.org/wiki/Mashona Washington,Article utilisant une Infobox
Lina Krasnoroutska\u00efa,https://fr.wikipedia.org/?curid=946087,https://fr.wikipedia.org/wiki/Lina Krasnoroutska\u00efa,Article \u00e0 illustrer Joueur de tennis
Maurren Maggi,https://fr.wikipedia.org/?curid=946243,https://fr.wikipedia.org/wiki/Maurren Maggi,Article utilisant une Infobox
Sweet Saraya,https://fr.wikipedia.org/?curid=9463917,https://fr.wikipedia.org/wiki/Sweet Saraya,Page utilisant P27
Susanne Sach\u00dfe,https://fr.wikipedia.org/?curid=9412452,https://fr.wikipedia.org/wiki/Susanne Sach\u00dfe,Wikip\u00e9dia:\u00e9bauche acteur allemand
Tracy Eisser,https://fr.wikipedia.org/?curid=9409731,https://fr.wikipedia.org/wiki/Tracy Eisser,Wikip\u00e9dia:\u00e9bauche aviron
Grace Luczak,https://fr.wikipedia.org/?curid=9409753,https://fr.wikipedia.org/wiki/Grace Luczak,Wikip\u00e9dia:\u00e9bauche aviron
Amanda Polk,https://fr.wikipedia.org/?curid=9409822,https://fr.wikipedia.org/wiki/Amanda Polk,Wikip\u00e9dia:\u00e9bauche aviron
Bang Min-ah,https://fr.wikipedia.org/?curid=9412078,https://fr.wikipedia.org/wiki/Bang Min-ah,Article utilisant une Infobox
Zhu Ting (volley-ball),https://fr.wikipedia.org/?curid=9411627,https://fr.wikipedia.org/wiki/Zhu Ting (volley-ball),Article utilisant une Infobox
J\u00falia Tak\u00e1cs,https://fr.wikipedia.org/?curid=9408320,https://fr.wikipedia.org/wiki/J\u00falia Tak\u00e1cs,Wikip\u00e9dia:\u00e9bauche athl\u00e8te espagnol
Grace Latz,https://fr.wikipedia.org/?curid=9409266,https://fr.wikipedia.org/wiki/Grace Latz,Wikip\u00e9dia:\u00e9bauche aviron
Krista Vansant,https://fr.wikipedia.org/?curid=9264255,https://fr.wikipedia.org/wiki/Krista Vansant,Wikip\u00e9dia:\u00e9bauche joueuse am\u00e9ricaine de volley-ball
Anna Maliszewska,https://fr.wikipedia.org/?curid=9264380,https://fr.wikipedia.org/wiki/Anna Maliszewska,Wikip\u00e9dia:\u00e9bauche sportif polonais
Muriel Leroy,https://fr.wikipedia.org/?curid=9266649,https://fr.wikipedia.org/wiki/Muriel Leroy,Wikip\u00e9dia:\u00e9bauche athl\u00e8te fran\u00e7ais
Carole Nelson,https://fr.wikipedia.org/?curid=9266660,https://fr.wikipedia.org/wiki/Carole Nelson,Wikip\u00e9dia:\u00e9bauche athl\u00e8te fran\u00e7ais
C\u00e9cile Lignot,https://fr.wikipedia.org/?curid=9266676,https://fr.wikipedia.org/wiki/C\u00e9cile Lignot,Wikip\u00e9dia:\u00e9bauche athl\u00e8te fran\u00e7ais
Anne Renaud,https://fr.wikipedia.org/?curid=9266701,https://fr.wikipedia.org/wiki/Anne Renaud,Wikip\u00e9dia:\u00e9bauche auteur fran\u00e7ais de bande dessin\u00e9e
Jo\u00eblle De Brouwer,https://fr.wikipedia.org/?curid=9266827,https://fr.wikipedia.org/wiki/Jo\u00eblle De Brouwer,Article \u00e0 illustrer Athl\u00e8te
Ghislaine Barnay,https://fr.wikipedia.org/?curid=9266930,https://fr.wikipedia.org/wiki/Ghislaine Barnay,Article \u00e0 illustrer Athl\u00e8te
Gerry Sorensen,https://fr.wikipedia.org/?curid=942422,https://fr.wikipedia.org/wiki/Gerry Sorensen,Article \u00e0 illustrer Sportif
Alice Aprot,https://fr.wikipedia.org/?curid=9424573,https://fr.wikipedia.org/wiki/Alice Aprot,Wikip\u00e9dia:\u00e9bauche athl\u00e8te k\u00e9nyan
Jennifer Batu,https://fr.wikipedia.org/?curid=9423282,https://fr.wikipedia.org/wiki/Jennifer Batu,Article manquant de r\u00e9f\u00e9rences depuis d\u00e9cembre 2018
Miss Belgique 2012,https://fr.wikipedia.org/?curid=9641403,https://fr.wikipedia.org/wiki/Miss Belgique 2012,Article \u00e0 illustrer Miss
Helena Javornik,https://fr.wikipedia.org/?curid=9641600,https://fr.wikipedia.org/wiki/Helena Javornik,Wikip\u00e9dia:\u00e9bauche athl\u00e8te slov\u00e8ne
Dalma G\u00e1lfi,https://fr.wikipedia.org/?curid=9648740,https://fr.wikipedia.org/wiki/Dalma G\u00e1lfi,Article utilisant une Infobox
Pia Wurtzbach,https://fr.wikipedia.org/?curid=9648868,https://fr.wikipedia.org/wiki/Pia Wurtzbach,Article utilisant une Infobox
Pia Cramling,https://fr.wikipedia.org/?curid=965195,https://fr.wikipedia.org/wiki/Pia Cramling,Wikip\u00e9dia:\u00e9bauche \u00e9checs
Sa\u0161a Fari\u010d,https://fr.wikipedia.org/?curid=9652323,https://fr.wikipedia.org/wiki/Sa\u0161a Fari\u010d,Wikip\u00e9dia:\u00e9bauche ski acrobatique
Liste des m\u00e9daill\u00e9s olympiques en curling,https://fr.wikipedia.org/?curid=9649856,https://fr.wikipedia.org/wiki/Liste des m\u00e9daill\u00e9s olympiques en curling,Portail:Sports d'hiver/Articles li\u00e9s
Derval O'Rourke,https://fr.wikipedia.org/?curid=961805,https://fr.wikipedia.org/wiki/Derval O'Rourke,Wikip\u00e9dia:\u00e9bauche athl\u00e8te irlandais
Maitland Ward,https://fr.wikipedia.org/?curid=9609942,https://fr.wikipedia.org/wiki/Maitland Ward,Article utilisant une Infobox
Lesli Kay,https://fr.wikipedia.org/?curid=9609964,https://fr.wikipedia.org/wiki/Lesli Kay,Wikip\u00e9dia:\u00e9bauche acteur am\u00e9ricain
Polona Batagelj,https://fr.wikipedia.org/?curid=9642970,https://fr.wikipedia.org/wiki/Polona Batagelj,Page utilisant P569
Myl\u00e8ne Farmer,https://fr.wikipedia.org/?curid=960528,https://fr.wikipedia.org/wiki/Myl\u00e8ne Farmer,Article \u00e0 r\u00e9f\u00e9rence insuffisante
Miss Belgique 2013,https://fr.wikipedia.org/?curid=9644421,https://fr.wikipedia.org/wiki/Miss Belgique 2013,Article \u00e0 illustrer Miss
Future Now Tour,https://fr.wikipedia.org/?curid=9647508,https://fr.wikipedia.org/wiki/Future Now Tour,Article contenant un lien mort
Antony Costes,https://fr.wikipedia.org/?curid=9633136,https://fr.wikipedia.org/wiki/Antony Costes,Article \u00e0 illustrer Sportif
Denis Chevrot,https://fr.wikipedia.org/?curid=9633239,https://fr.wikipedia.org/wiki/Denis Chevrot,Article utilisant une Infobox
Marion Borras,https://fr.wikipedia.org/?curid=9633313,https://fr.wikipedia.org/wiki/Marion Borras,Page utilisant P569
Judith Dibar,https://fr.wikipedia.org/?curid=9629882,https://fr.wikipedia.org/wiki/Judith Dibar,Article \u00e0 illustrer Joueur de tennis
Natasha Chmyreva,https://fr.wikipedia.org/?curid=9630231,https://fr.wikipedia.org/wiki/Natasha Chmyreva,Article \u00e0 illustrer Joueur de tennis
Ketleyn Quadros,https://fr.wikipedia.org/?curid=9634186,https://fr.wikipedia.org/wiki/Ketleyn Quadros,Wikip\u00e9dia:\u00e9bauche judo
Fahriye Evcen,https://fr.wikipedia.org/?curid=9636767,https://fr.wikipedia.org/wiki/Fahriye Evcen,Article \u00e0 illustrer Personnalit\u00e9 du cin\u00e9ma
Nozomi Okuhara,https://fr.wikipedia.org/?curid=9637634,https://fr.wikipedia.org/wiki/Nozomi Okuhara,Wikip\u00e9dia:\u00e9bauche badminton
Maritza Rodr\u00edguez,https://fr.wikipedia.org/?curid=9637791,https://fr.wikipedia.org/wiki/Maritza Rodr\u00edguez,Article manquant de r\u00e9f\u00e9rences depuis d\u00e9cembre 2015
Undertale,https://fr.wikipedia.org/?curid=9604354,https://fr.wikipedia.org/wiki/Undertale,Article contenant un lien mort
Petra Lammert,https://fr.wikipedia.org/?curid=962104,https://fr.wikipedia.org/wiki/Petra Lammert,Wikip\u00e9dia:\u00e9bauche athl\u00e8te allemand
Tamara Tippler,https://fr.wikipedia.org/?curid=9625565,https://fr.wikipedia.org/wiki/Tamara Tippler,Wikip\u00e9dia:\u00e9bauche ski alpin
Anaisis Hern\u00e1ndez,https://fr.wikipedia.org/?curid=9619810,https://fr.wikipedia.org/wiki/Anaisis Hern\u00e1ndez,Wikip\u00e9dia:\u00e9bauche judo
Kornelia Moskwa,https://fr.wikipedia.org/?curid=9625203,https://fr.wikipedia.org/wiki/Kornelia Moskwa,Article utilisant une Infobox
Siv Br\u00e5ten Lunde,https://fr.wikipedia.org/?curid=9616610,https://fr.wikipedia.org/wiki/Siv Br\u00e5ten Lunde,Wikip\u00e9dia:\u00e9bauche biathlon
Lian Ross,https://fr.wikipedia.org/?curid=9616131,https://fr.wikipedia.org/wiki/Lian Ross,Page utilisant P569
Alina Sode,https://fr.wikipedia.org/?curid=9618685,https://fr.wikipedia.org/wiki/Alina Sode,Article \u00e0 illustrer Joueur de volley-ball
Vania Stambolova,https://fr.wikipedia.org/?curid=960890,https://fr.wikipedia.org/wiki/Vania Stambolova,Article utilisant une Infobox
Miss Liban,https://fr.wikipedia.org/?curid=960714,https://fr.wikipedia.org/wiki/Miss Liban,Article manquant de r\u00e9f\u00e9rences depuis janvier 2018
Nercely Soto,https://fr.wikipedia.org/?curid=9226133,https://fr.wikipedia.org/wiki/Nercely Soto,Wikip\u00e9dia:\u00e9bauche athl\u00e8te v\u00e9n\u00e9zu\u00e9lien
Biljana Petrovi\u0107,https://fr.wikipedia.org/?curid=9226229,https://fr.wikipedia.org/wiki/Biljana Petrovi\u0107,Wikip\u00e9dia:\u00e9bauche athl\u00e8te yougoslave
Yulimar Rojas,https://fr.wikipedia.org/?curid=9226233,https://fr.wikipedia.org/wiki/Yulimar Rojas,Article utilisant une Infobox
Emma Oudiou,https://fr.wikipedia.org/?curid=9229495,https://fr.wikipedia.org/wiki/Emma Oudiou,Wikip\u00e9dia:\u00e9bauche athl\u00e8te fran\u00e7ais
A\u00efda Nikola\u00eftchouk,https://fr.wikipedia.org/?curid=9229740,https://fr.wikipedia.org/wiki/A\u00efda Nikola\u00eftchouk,Wikip\u00e9dia:\u00e9bauche Ukraine
Becky Lynch,https://fr.wikipedia.org/?curid=9230684,https://fr.wikipedia.org/wiki/Becky Lynch,Article \u00e0 recycler/Liste compl\u00e8te
Martine B\u00e8gue,https://fr.wikipedia.org/?curid=9264966,https://fr.wikipedia.org/wiki/Martine B\u00e8gue,Wikip\u00e9dia:\u00e9bauche athl\u00e8te fran\u00e7ais
C\u00e9cile Cin\u00e9lu,https://fr.wikipedia.org/?curid=9265061,https://fr.wikipedia.org/wiki/C\u00e9cile Cin\u00e9lu,Wikip\u00e9dia:\u00e9bauche athl\u00e8te fran\u00e7ais
Catherine Delachanal,https://fr.wikipedia.org/?curid=9268277,https://fr.wikipedia.org/wiki/Catherine Delachanal,Wikip\u00e9dia:\u00e9bauche athl\u00e8te fran\u00e7ais
Sophie Malbranque,https://fr.wikipedia.org/?curid=9268299,https://fr.wikipedia.org/wiki/Sophie Malbranque,Wikip\u00e9dia:\u00e9bauche athl\u00e8te fran\u00e7ais
Corinne H\u00e9rigault,https://fr.wikipedia.org/?curid=9268314,https://fr.wikipedia.org/wiki/Corinne H\u00e9rigault,Wikip\u00e9dia:\u00e9bauche athl\u00e8te fran\u00e7ais
Carole Sinoquet,https://fr.wikipedia.org/?curid=9268327,https://fr.wikipedia.org/wiki/Carole Sinoquet,Wikip\u00e9dia:\u00e9bauche athl\u00e8te fran\u00e7ais
Haruko Momoi,https://fr.wikipedia.org/?curid=926838,https://fr.wikipedia.org/wiki/Haruko Momoi,Article utilisant une Infobox
Lucy Buckingham,https://fr.wikipedia.org/?curid=9272896,https://fr.wikipedia.org/wiki/Lucy Buckingham,Article utilisant une Infobox
Angela Petty,https://fr.wikipedia.org/?curid=9271572,https://fr.wikipedia.org/wiki/Angela Petty,Wikip\u00e9dia:\u00e9bauche athl\u00e8te n\u00e9o-z\u00e9landais
Xiaohan (artiste),https://fr.wikipedia.org/?curid=9273291,https://fr.wikipedia.org/wiki/Xiaohan (artiste),Wikip\u00e9dia:\u00e9bauche \u00e9crivain
Lisa Blam\u00e8ble,https://fr.wikipedia.org/?curid=9273380,https://fr.wikipedia.org/wiki/Lisa Blam\u00e8ble,Wikip\u00e9dia:\u00e9bauche athl\u00e8te fran\u00e7ais
Haoua Kessely,https://fr.wikipedia.org/?curid=9274320,https://fr.wikipedia.org/wiki/Haoua Kessely,Wikip\u00e9dia:\u00e9bauche athl\u00e8te fran\u00e7ais
\u00c9milie Tissot,https://fr.wikipedia.org/?curid=9271836,https://fr.wikipedia.org/wiki/\u00c9milie Tissot,Wikip\u00e9dia:\u00e9bauche athl\u00e8te fran\u00e7ais
Anne-Ga\u00eblle Retout,https://fr.wikipedia.org/?curid=9271847,https://fr.wikipedia.org/wiki/Anne-Ga\u00eblle Retout,Wikip\u00e9dia:\u00e9bauche athl\u00e8te fran\u00e7ais
Ashley Key,https://fr.wikipedia.org/?curid=9283689,https://fr.wikipedia.org/wiki/Ashley Key,Article \u00e0 illustrer Joueur de basket-ball
Hanna Skydan,https://fr.wikipedia.org/?curid=9283181,https://fr.wikipedia.org/wiki/Hanna Skydan,Wikip\u00e9dia:\u00e9bauche athl\u00e8te azerba\u00efdjanais
Mayuko Hagiwara,https://fr.wikipedia.org/?curid=9283509,https://fr.wikipedia.org/wiki/Mayuko Hagiwara,Page utilisant P1559
Aarthi Agarwal,https://fr.wikipedia.org/?curid=9217602,https://fr.wikipedia.org/wiki/Aarthi Agarwal,Page utilisant P569
Nina Morozova,https://fr.wikipedia.org/?curid=9230906,https://fr.wikipedia.org/wiki/Nina Morozova,Wikip\u00e9dia:\u00e9bauche athl\u00e8te russe
Elvira Barbey,https://fr.wikipedia.org/?curid=9336117,https://fr.wikipedia.org/wiki/Elvira Barbey,Page utilisant P570
Aita Gasparin,https://fr.wikipedia.org/?curid=9336296,https://fr.wikipedia.org/wiki/Aita Gasparin,Wikip\u00e9dia:\u00e9bauche biathlon
Britt Bongaerts,https://fr.wikipedia.org/?curid=9334007,https://fr.wikipedia.org/wiki/Britt Bongaerts,Article \u00e0 illustrer Joueur de volley-ball
Thierry Chambry,https://fr.wikipedia.org/?curid=9334185,https://fr.wikipedia.org/wiki/Thierry Chambry,Wikip\u00e9dia:\u00e9bauche ultra-trail
Paulette Veste,https://fr.wikipedia.org/?curid=9266959,https://fr.wikipedia.org/wiki/Paulette Veste,Wikip\u00e9dia:\u00e9bauche athl\u00e8te fran\u00e7ais
Stuart Hayes,https://fr.wikipedia.org/?curid=9280779,https://fr.wikipedia.org/wiki/Stuart Hayes,Article utilisant une Infobox
Theresa Weld-Blanchard,https://fr.wikipedia.org/?curid=9280368,https://fr.wikipedia.org/wiki/Theresa Weld-Blanchard,Wikip\u00e9dia:\u00e9bauche patinage artistique
Andrea K\u00e9kessy,https://fr.wikipedia.org/?curid=9280590,https://fr.wikipedia.org/wiki/Andrea K\u00e9kessy,Wikip\u00e9dia:\u00e9bauche patinage artistique
Margot Glockshuber,https://fr.wikipedia.org/?curid=9280634,https://fr.wikipedia.org/wiki/Margot Glockshuber,Wikip\u00e9dia:\u00e9bauche patinage artistique
Maja Mihalinec Zidar,https://fr.wikipedia.org/?curid=9327171,https://fr.wikipedia.org/wiki/Maja Mihalinec Zidar,Wikip\u00e9dia:\u00e9bauche athl\u00e8te slov\u00e8ne
Yurie Nabeya,https://fr.wikipedia.org/?curid=9324729,https://fr.wikipedia.org/wiki/Yurie Nabeya,Article utilisant une Infobox
Hriso\u00fala Anagnostopo\u00falou,https://fr.wikipedia.org/?curid=9327720,https://fr.wikipedia.org/wiki/Hriso\u00fala Anagnostopo\u00falou,Wikip\u00e9dia:\u00e9bauche athl\u00e8te grec
Vashti Cunningham,https://fr.wikipedia.org/?curid=9331326,https://fr.wikipedia.org/wiki/Vashti Cunningham,Article utilisant une Infobox
Alexey Molchanov,https://fr.wikipedia.org/?curid=9331348,https://fr.wikipedia.org/wiki/Alexey Molchanov,Article utilisant une Infobox
Modesta V\u017eesniauskait\u0117,https://fr.wikipedia.org/?curid=9330197,https://fr.wikipedia.org/wiki/Modesta V\u017eesniauskait\u0117,Page utilisant P1813
Susannah Cheetham,https://fr.wikipedia.org/?curid=9274112,https://fr.wikipedia.org/wiki/Susannah Cheetham,Wikip\u00e9dia:\u00e9bauche triathl\u00e8te
Laura Neiva,https://fr.wikipedia.org/?curid=9319798,https://fr.wikipedia.org/wiki/Laura Neiva,Article utilisant une Infobox
Tracy Garneau,https://fr.wikipedia.org/?curid=9324541,https://fr.wikipedia.org/wiki/Tracy Garneau,Page utilisant P569
Bjorg Austrheim-Smith,https://fr.wikipedia.org/?curid=9324575,https://fr.wikipedia.org/wiki/Bjorg Austrheim-Smith,Page utilisant P569
Tori Kelly,https://fr.wikipedia.org/?curid=9323209,https://fr.wikipedia.org/wiki/Tori Kelly,Article utilisant une Infobox
Aki Takase,https://fr.wikipedia.org/?curid=9322560,https://fr.wikipedia.org/wiki/Aki Takase,Page utilisant P569
Christine Gibbons,https://fr.wikipedia.org/?curid=9323892,https://fr.wikipedia.org/wiki/Christine Gibbons,Page utilisant P569
Martha Swatt-Robison,https://fr.wikipedia.org/?curid=9323919,https://fr.wikipedia.org/wiki/Martha Swatt-Robison,Page utilisant P569
Kathy D'Onofrio-Wood,https://fr.wikipedia.org/?curid=9324019,https://fr.wikipedia.org/wiki/Kathy D'Onofrio-Wood,Page utilisant P569
Ana Paula Caetano de Oliveira,https://fr.wikipedia.org/?curid=9226594,https://fr.wikipedia.org/wiki/Ana Paula Caetano de Oliveira,Wikip\u00e9dia:\u00e9bauche athl\u00e8te br\u00e9silien
Miss Br\u00e9sil 1954,https://fr.wikipedia.org/?curid=9747568,https://fr.wikipedia.org/wiki/Miss Br\u00e9sil 1954,Article utilisant une Infobox
Lena H\u00e4cki-Gross,https://fr.wikipedia.org/?curid=9743429,https://fr.wikipedia.org/wiki/Lena H\u00e4cki-Gross,Article utilisant une Infobox
Evgenia Medvedeva (patinage artistique),https://fr.wikipedia.org/?curid=9744087,https://fr.wikipedia.org/wiki/Evgenia Medvedeva (patinage artistique),Article utilisant une Infobox
Lanny Barnes,https://fr.wikipedia.org/?curid=9744187,https://fr.wikipedia.org/wiki/Lanny Barnes,Wikip\u00e9dia:\u00e9bauche biathlon
Megan Gerety,https://fr.wikipedia.org/?curid=9744454,https://fr.wikipedia.org/wiki/Megan Gerety,Article \u00e0 illustrer Sportif
Trude Gimle,https://fr.wikipedia.org/?curid=9744469,https://fr.wikipedia.org/wiki/Trude Gimle,Article \u00e0 illustrer Sportif
Bettina Gruber,https://fr.wikipedia.org/?curid=9734337,https://fr.wikipedia.org/wiki/Bettina Gruber,Article utilisant une Infobox
Jonna Sundling,https://fr.wikipedia.org/?curid=9734450,https://fr.wikipedia.org/wiki/Jonna Sundling,Article contenant un appel \u00e0 traduction en anglais
Miss Belgique 2015,https://fr.wikipedia.org/?curid=9729735,https://fr.wikipedia.org/wiki/Miss Belgique 2015,Article utilisant une Infobox
Alena Sannikova,https://fr.wikipedia.org/?curid=9733513,https://fr.wikipedia.org/wiki/Alena Sannikova,Wikip\u00e9dia:\u00e9bauche ski de fond
Lucero (chanteuse),https://fr.wikipedia.org/?curid=973402,https://fr.wikipedia.org/wiki/Lucero (chanteuse),Wikip\u00e9dia:\u00e9bauche acteur mexicain
Lea Einfalt,https://fr.wikipedia.org/?curid=9737085,https://fr.wikipedia.org/wiki/Lea Einfalt,Wikip\u00e9dia:\u00e9bauche sportif slov\u00e8ne
Roberta Fiandino,https://fr.wikipedia.org/?curid=9738085,https://fr.wikipedia.org/wiki/Roberta Fiandino,Article \u00e0 illustrer Sportif
Madilyn Bailey,https://fr.wikipedia.org/?curid=9712794,https://fr.wikipedia.org/wiki/Madilyn Bailey,Article contenant un lien mort
Maren Wiesler,https://fr.wikipedia.org/?curid=9720954,https://fr.wikipedia.org/wiki/Maren Wiesler,Page du mod\u00e8le Lien web comportant une erreur
Katarina Lavtar,https://fr.wikipedia.org/?curid=9718129,https://fr.wikipedia.org/wiki/Katarina Lavtar,Page utilisant P569
Jacqueline Wiles,https://fr.wikipedia.org/?curid=9718265,https://fr.wikipedia.org/wiki/Jacqueline Wiles,Wikip\u00e9dia:\u00e9bauche ski alpin
Anastasia Zagoruiko,https://fr.wikipedia.org/?curid=9731285,https://fr.wikipedia.org/wiki/Anastasia Zagoruiko,Wikip\u00e9dia:\u00e9bauche sportif russe
Megan McJames,https://fr.wikipedia.org/?curid=9715445,https://fr.wikipedia.org/wiki/Megan McJames,Wikip\u00e9dia:\u00e9bauche ski alpin
Wilma Murto,https://fr.wikipedia.org/?curid=9748075,https://fr.wikipedia.org/wiki/Wilma Murto,Article contenant un lien mort
Muna Jabir Adam,https://fr.wikipedia.org/?curid=9717082,https://fr.wikipedia.org/wiki/Muna Jabir Adam,Wikip\u00e9dia:\u00e9bauche athl\u00e8te soudanais
Han Xinyun,https://fr.wikipedia.org/?curid=9717117,https://fr.wikipedia.org/wiki/Han Xinyun,Article utilisant une Infobox
Christiane Mitterwallner,https://fr.wikipedia.org/?curid=9717492,https://fr.wikipedia.org/wiki/Christiane Mitterwallner,Article \u00e0 illustrer Sportif
Mandana Karimi,https://fr.wikipedia.org/?curid=9726541,https://fr.wikipedia.org/wiki/Mandana Karimi,Wikip\u00e9dia:\u00e9bauche acteur iranien
Miss Canada 1988,https://fr.wikipedia.org/?curid=9726711,https://fr.wikipedia.org/wiki/Miss Canada 1988,Article manquant de r\u00e9f\u00e9rences depuis janvier 2019
Greta Small,https://fr.wikipedia.org/?curid=9723554,https://fr.wikipedia.org/wiki/Greta Small,Page utilisant P569
Janet Devlin,https://fr.wikipedia.org/?curid=9724290,https://fr.wikipedia.org/wiki/Janet Devlin,Article utilisant une Infobox
Elli Terwiel,https://fr.wikipedia.org/?curid=9723501,https://fr.wikipedia.org/wiki/Elli Terwiel,Page utilisant P569
Elena Berlato,https://fr.wikipedia.org/?curid=9736725,https://fr.wikipedia.org/wiki/Elena Berlato,Page utilisant P569
Chiara Pierobon,https://fr.wikipedia.org/?curid=9736882,https://fr.wikipedia.org/wiki/Chiara Pierobon,Page utilisant P569
Magdalena Fj\u00e4llstr\u00f6m,https://fr.wikipedia.org/?curid=9741967,https://fr.wikipedia.org/wiki/Magdalena Fj\u00e4llstr\u00f6m,Page utilisant P569
Nadia Pariss,https://fr.wikipedia.org/?curid=9741022,https://fr.wikipedia.org/wiki/Nadia Pariss,Wikip\u00e9dia:\u00e9bauche actrice pornographique am\u00e9ricaine
Diane Nukuri,https://fr.wikipedia.org/?curid=9739385,https://fr.wikipedia.org/wiki/Diane Nukuri,Wikip\u00e9dia:\u00e9bauche athl\u00e8te
Evelina Settlin,https://fr.wikipedia.org/?curid=9741316,https://fr.wikipedia.org/wiki/Evelina Settlin,Wikip\u00e9dia:\u00e9bauche sportif su\u00e9dois
Gabre Gabric,https://fr.wikipedia.org/?curid=9741516,https://fr.wikipedia.org/wiki/Gabre Gabric,Wikip\u00e9dia:\u00e9bauche athl\u00e8te italien
Tang Jialin,https://fr.wikipedia.org/?curid=9707812,https://fr.wikipedia.org/wiki/Tang Jialin,Wikip\u00e9dia:\u00e9bauche biathlon
Annelies Cook,https://fr.wikipedia.org/?curid=9707826,https://fr.wikipedia.org/wiki/Annelies Cook,Wikip\u00e9dia:\u00e9bauche biathlon
Galina Vishnevskaya (biathlon),https://fr.wikipedia.org/?curid=9707852,https://fr.wikipedia.org/wiki/Galina Vishnevskaya (biathlon),Article utilisant une Infobox
\u00c9preuves par \u00e9quipes aux Jeux olympiques (athl\u00e9tisme),https://fr.wikipedia.org/?curid=9708207,https://fr.wikipedia.org/wiki/\u00c9preuves par \u00e9quipes aux Jeux olympiques (athl\u00e9tisme),Article utilisant une Infobox
Tina Hermann,https://fr.wikipedia.org/?curid=9713208,https://fr.wikipedia.org/wiki/Tina Hermann,Wikip\u00e9dia:\u00e9bauche personnalit\u00e9 allemande
Sophie Lefranc-Duvillard,https://fr.wikipedia.org/?curid=9713445,https://fr.wikipedia.org/wiki/Sophie Lefranc-Duvillard,Article \u00e0 illustrer Sportif
Yvonne Curtet,https://fr.wikipedia.org/?curid=9708537,https://fr.wikipedia.org/wiki/Yvonne Curtet,Wikip\u00e9dia:\u00e9bauche athl\u00e8te fran\u00e7ais
Julia Ford,https://fr.wikipedia.org/?curid=9758160,https://fr.wikipedia.org/wiki/Julia Ford,Page utilisant P569
Amina Rizk,https://fr.wikipedia.org/?curid=9758496,https://fr.wikipedia.org/wiki/Amina Rizk,Page utilisant P569
Alissa Johnson,https://fr.wikipedia.org/?curid=9530594,https://fr.wikipedia.org/wiki/Alissa Johnson,Wikip\u00e9dia:\u00e9bauche saut \u00e0 ski
Yoshiko Yoshiizumi,https://fr.wikipedia.org/?curid=9530390,https://fr.wikipedia.org/wiki/Yoshiko Yoshiizumi,Wikip\u00e9dia:\u00e9bauche saut \u00e0 ski
Alexandra Roxo,https://fr.wikipedia.org/?curid=9550318,https://fr.wikipedia.org/wiki/Alexandra Roxo,Wikip\u00e9dia:\u00e9bauche acteur am\u00e9ricain
Lisa Aschan,https://fr.wikipedia.org/?curid=9550322,https://fr.wikipedia.org/wiki/Lisa Aschan,Wikip\u00e9dia:\u00e9bauche r\u00e9alisateur su\u00e9dois
Park Sojin,https://fr.wikipedia.org/?curid=9549777,https://fr.wikipedia.org/wiki/Park Sojin,Article utilisant une Infobox
Karol\u00edna Erbanov\u00e1,https://fr.wikipedia.org/?curid=9556504,https://fr.wikipedia.org/wiki/Karol\u00edna Erbanov\u00e1,Wikip\u00e9dia:\u00e9bauche personnalit\u00e9 tch\u00e8que
Shelly Cole,https://fr.wikipedia.org/?curid=9554979,https://fr.wikipedia.org/wiki/Shelly Cole,Page utilisant P569
Magdalena Iljans,https://fr.wikipedia.org/?curid=9554264,https://fr.wikipedia.org/wiki/Magdalena Iljans,Wikip\u00e9dia:\u00e9bauche personnalit\u00e9 su\u00e9doise
Natalie Bible',https://fr.wikipedia.org/?curid=9545791,https://fr.wikipedia.org/wiki/Natalie Bible',Wikip\u00e9dia:\u00e9bauche r\u00e9alisateur am\u00e9ricain
Fernando Alarza,https://fr.wikipedia.org/?curid=9512208,https://fr.wikipedia.org/wiki/Fernando Alarza,Article utilisant une Infobox
Fran\u00e7oise D\u00fcrr,https://fr.wikipedia.org/?curid=951316,https://fr.wikipedia.org/wiki/Fran\u00e7oise D\u00fcrr,Article utilisant une Infobox
Serge Lecrique,https://fr.wikipedia.org/?curid=9517504,https://fr.wikipedia.org/wiki/Serge Lecrique,Article contenant un lien mort
Miss Oklahoma USA,https://fr.wikipedia.org/?curid=9517535,https://fr.wikipedia.org/wiki/Miss Oklahoma USA,Article contenant un appel \u00e0 traduction en anglais
Rebekah Keat,https://fr.wikipedia.org/?curid=9517952,https://fr.wikipedia.org/wiki/Rebekah Keat,Article \u00e0 illustrer Sportif
Tan Zhongyi,https://fr.wikipedia.org/?curid=9519802,https://fr.wikipedia.org/wiki/Tan Zhongyi,Page utilisant P569
Laurie Colbert,https://fr.wikipedia.org/?curid=9542461,https://fr.wikipedia.org/wiki/Laurie Colbert,Wikip\u00e9dia:\u00e9bauche r\u00e9alisateur canadien
Dominique Cardona,https://fr.wikipedia.org/?curid=9542471,https://fr.wikipedia.org/wiki/Dominique Cardona,Wikip\u00e9dia:\u00e9bauche r\u00e9alisateur alg\u00e9rien
Alexandra Daum,https://fr.wikipedia.org/?curid=9544259,https://fr.wikipedia.org/wiki/Alexandra Daum,Wikip\u00e9dia:\u00e9bauche ski alpin
Simonne Mathieu,https://fr.wikipedia.org/?curid=954278,https://fr.wikipedia.org/wiki/Simonne Mathieu,Article utilisant une Infobox
Kelly Sotherton,https://fr.wikipedia.org/?curid=953775,https://fr.wikipedia.org/wiki/Kelly Sotherton,Article utilisant une Infobox
Ivet Lalova-Collio,https://fr.wikipedia.org/?curid=954182,https://fr.wikipedia.org/wiki/Ivet Lalova-Collio,Article utilisant une Infobox
Josiah Middaugh,https://fr.wikipedia.org/?curid=9541869,https://fr.wikipedia.org/wiki/Josiah Middaugh,Wikip\u00e9dia:\u00e9bauche triathlon
Madeline Merritt,https://fr.wikipedia.org/?curid=9551709,https://fr.wikipedia.org/wiki/Madeline Merritt,Article \u00e0 illustrer Personnalit\u00e9 du cin\u00e9ma
Deborah Kampmeier,https://fr.wikipedia.org/?curid=9532730,https://fr.wikipedia.org/wiki/Deborah Kampmeier,Wikip\u00e9dia:\u00e9bauche r\u00e9alisateur am\u00e9ricain
Son Na-eun,https://fr.wikipedia.org/?curid=9533664,https://fr.wikipedia.org/wiki/Son Na-eun,Article utilisant l'infobox Biographie2
Leigh Donovan,https://fr.wikipedia.org/?curid=9529095,https://fr.wikipedia.org/wiki/Leigh Donovan,Wikip\u00e9dia:\u00e9bauche coureur cycliste am\u00e9ricain
Louise Wadley,https://fr.wikipedia.org/?curid=9533265,https://fr.wikipedia.org/wiki/Louise Wadley,Wikip\u00e9dia:\u00e9bauche r\u00e9alisateur isra\u00e9lien
Arnaud Guilloux,https://fr.wikipedia.org/?curid=9527982,https://fr.wikipedia.org/wiki/Arnaud Guilloux,Article utilisant une Infobox
Tang Jinhua,https://fr.wikipedia.org/?curid=9523307,https://fr.wikipedia.org/wiki/Tang Jinhua,Wikip\u00e9dia:\u00e9bauche badminton
Vera Hohlfeld,https://fr.wikipedia.org/?curid=9509726,https://fr.wikipedia.org/wiki/Vera Hohlfeld,Page utilisant P569
Carrie Underwood,https://fr.wikipedia.org/?curid=976158,https://fr.wikipedia.org/wiki/Carrie Underwood,Article contenant un lien mort
Chelsea Marshall,https://fr.wikipedia.org/?curid=9772002,https://fr.wikipedia.org/wiki/Chelsea Marshall,Wikip\u00e9dia:\u00e9bauche ski alpin
Li Huirong,https://fr.wikipedia.org/?curid=9772197,https://fr.wikipedia.org/wiki/Li Huirong,Wikip\u00e9dia:\u00e9bauche athl\u00e8te chinois
Madison Hubbell,https://fr.wikipedia.org/?curid=9770045,https://fr.wikipedia.org/wiki/Madison Hubbell,Page utilisant des donn\u00e9es de Wikidata \u00e0 traduire de l'anglais
Dominique Young Unique,https://fr.wikipedia.org/?curid=9773487,https://fr.wikipedia.org/wiki/Dominique Young Unique,Article utilisant une Infobox
Kang Seul-gi,https://fr.wikipedia.org/?curid=9794368,https://fr.wikipedia.org/wiki/Kang Seul-gi,Article utilisant une Infobox
Lumini\u021ba Pi\u0219coran,https://fr.wikipedia.org/?curid=9812629,https://fr.wikipedia.org/wiki/Lumini\u021ba Pi\u0219coran,Article utilisant une Infobox
Lee Chae-won,https://fr.wikipedia.org/?curid=9807145,https://fr.wikipedia.org/wiki/Lee Chae-won,Wikip\u00e9dia:\u00e9bauche sportif sud-cor\u00e9en
Barbora Tome\u0161ov\u00e1,https://fr.wikipedia.org/?curid=9813383,https://fr.wikipedia.org/wiki/Barbora Tome\u0161ov\u00e1,Article utilisant une Infobox
Nina Kralji\u0107,https://fr.wikipedia.org/?curid=9810646,https://fr.wikipedia.org/wiki/Nina Kralji\u0107,Article utilisant une Infobox
Laura Spector,https://fr.wikipedia.org/?curid=9822795,https://fr.wikipedia.org/wiki/Laura Spector,Article \u00e0 illustrer Sportif
Sarah Habel,https://fr.wikipedia.org/?curid=9820952,https://fr.wikipedia.org/wiki/Sarah Habel,Article utilisant une Infobox
D\u00f3ra Szinet\u00e1r,https://fr.wikipedia.org/?curid=9827791,https://fr.wikipedia.org/wiki/D\u00f3ra Szinet\u00e1r,Wikip\u00e9dia:\u00e9bauche chanteur hongrois
Dunja Zdouc,https://fr.wikipedia.org/?curid=9826094,https://fr.wikipedia.org/wiki/Dunja Zdouc,Article utilisant une Infobox
Emilia Yordanova,https://fr.wikipedia.org/?curid=9828334,https://fr.wikipedia.org/wiki/Emilia Yordanova,Wikip\u00e9dia:\u00e9bauche sportif bulgare
Linn Persson,https://fr.wikipedia.org/?curid=9836180,https://fr.wikipedia.org/wiki/Linn Persson,Wikip\u00e9dia:\u00e9bauche biathlon
Martina Dubovsk\u00e1,https://fr.wikipedia.org/?curid=9837085,https://fr.wikipedia.org/wiki/Martina Dubovsk\u00e1,Article utilisant une Infobox
Mike Aigroz,https://fr.wikipedia.org/?curid=9837130,https://fr.wikipedia.org/wiki/Mike Aigroz,Article utilisant une Infobox
Yuju,https://fr.wikipedia.org/?curid=9779863,https://fr.wikipedia.org/wiki/Yuju,Article utilisant une Infobox
Barei,https://fr.wikipedia.org/?curid=9779939,https://fr.wikipedia.org/wiki/Barei,Article utilisant une Infobox
Anna Rupprecht,https://fr.wikipedia.org/?curid=9790682,https://fr.wikipedia.org/wiki/Anna Rupprecht,Article utilisant une Infobox
Marcela Pavkov\u010dekov\u00e1,https://fr.wikipedia.org/?curid=9768076,https://fr.wikipedia.org/wiki/Marcela Pavkov\u010dekov\u00e1,Wikip\u00e9dia:\u00e9bauche biathlon
Vanja Brodnik,https://fr.wikipedia.org/?curid=9768181,https://fr.wikipedia.org/wiki/Vanja Brodnik,Wikip\u00e9dia:\u00e9bauche ski alpin
Holly Earl,https://fr.wikipedia.org/?curid=9753976,https://fr.wikipedia.org/wiki/Holly Earl,Article \u00e0 illustrer Personnalit\u00e9 du cin\u00e9ma
Selina Chirchir,https://fr.wikipedia.org/?curid=9755727,https://fr.wikipedia.org/wiki/Selina Chirchir,Wikip\u00e9dia:\u00e9bauche athl\u00e8te k\u00e9nyan
Carina Witth\u00f6ft,https://fr.wikipedia.org/?curid=9768754,https://fr.wikipedia.org/wiki/Carina Witth\u00f6ft,Article utilisant une Infobox
Dior Hall,https://fr.wikipedia.org/?curid=9809266,https://fr.wikipedia.org/wiki/Dior Hall,Wikip\u00e9dia:\u00e9bauche athl\u00e8te am\u00e9ricain
Rahel Kopp,https://fr.wikipedia.org/?curid=9819094,https://fr.wikipedia.org/wiki/Rahel Kopp,Wikip\u00e9dia:\u00e9bauche ski alpin
Katharina Truppe,https://fr.wikipedia.org/?curid=9818418,https://fr.wikipedia.org/wiki/Katharina Truppe,Article utilisant une Infobox
Paola Pliego,https://fr.wikipedia.org/?curid=9818466,https://fr.wikipedia.org/wiki/Paola Pliego,Article utilisant une Infobox
Lexa (chanteuse),https://fr.wikipedia.org/?curid=9814776,https://fr.wikipedia.org/wiki/Lexa (chanteuse),Article utilisant une Infobox
Qin Yiyuan,https://fr.wikipedia.org/?curid=9815002,https://fr.wikipedia.org/wiki/Qin Yiyuan,Article \u00e0 illustrer Joueur de badminton
Agnete,https://fr.wikipedia.org/?curid=9815022,https://fr.wikipedia.org/wiki/Agnete,Wikip\u00e9dia:\u00e9bauche chanteur norv\u00e9gien
Hou Yifan,https://fr.wikipedia.org/?curid=981864,https://fr.wikipedia.org/wiki/Hou Yifan,Article contenant un lien mort
Joana H\u00e4hlen,https://fr.wikipedia.org/?curid=9806209,https://fr.wikipedia.org/wiki/Joana H\u00e4hlen,Wikip\u00e9dia:\u00e9bauche ski alpin
Stefanie B\u00f6hler,https://fr.wikipedia.org/?curid=980248,https://fr.wikipedia.org/wiki/Stefanie B\u00f6hler,Wikip\u00e9dia:\u00e9bauche ski de fond
Heidi Widmer,https://fr.wikipedia.org/?curid=9803722,https://fr.wikipedia.org/wiki/Heidi Widmer,Wikip\u00e9dia:\u00e9bauche ski de fond
Ronnie Schildknecht,https://fr.wikipedia.org/?curid=9931537,https://fr.wikipedia.org/wiki/Ronnie Schildknecht,Wikip\u00e9dia:\u00e9bauche triathlon
Amanda Marshall,https://fr.wikipedia.org/?curid=9930473,https://fr.wikipedia.org/wiki/Amanda Marshall,Page utilisant P569
Angela Naeth,https://fr.wikipedia.org/?curid=9930697,https://fr.wikipedia.org/wiki/Angela Naeth,Article \u00e0 illustrer Sportif
Sofie Goos,https://fr.wikipedia.org/?curid=9930746,https://fr.wikipedia.org/wiki/Sofie Goos,Wikip\u00e9dia:\u00e9bauche triathl\u00e8te
Alejandra Ben\u00edtez,https://fr.wikipedia.org/?curid=9930930,https://fr.wikipedia.org/wiki/Alejandra Ben\u00edtez,Article utilisant une Infobox
Miss Cameroun 2015,https://fr.wikipedia.org/?curid=9931733,https://fr.wikipedia.org/wiki/Miss Cameroun 2015,Article utilisant une Infobox
Julie Norman Leth,https://fr.wikipedia.org/?curid=9931829,https://fr.wikipedia.org/wiki/Julie Norman Leth,Page utilisant P1477
Miss Cameroun 2014,https://fr.wikipedia.org/?curid=9932330,https://fr.wikipedia.org/wiki/Miss Cameroun 2014,Article \u00e0 illustrer Miss
Pratyusha Banerjee,https://fr.wikipedia.org/?curid=9928548,https://fr.wikipedia.org/wiki/Pratyusha Banerjee,Article utilisant une Infobox
Silvia Felt,https://fr.wikipedia.org/?curid=9917053,https://fr.wikipedia.org/wiki/Silvia Felt,Article utilisant une Infobox
Ga\u00eblle Barlet,https://fr.wikipedia.org/?curid=9911890,https://fr.wikipedia.org/wiki/Ga\u00eblle Barlet,Wikip\u00e9dia:\u00e9bauche coureur cycliste
Sacha Valleau,https://fr.wikipedia.org/?curid=9926115,https://fr.wikipedia.org/wiki/Sacha Valleau,Article utilisant une Infobox
Fantine Lesaffre,https://fr.wikipedia.org/?curid=9924784,https://fr.wikipedia.org/wiki/Fantine Lesaffre,Article utilisant une Infobox
Dua Lipa,https://fr.wikipedia.org/?curid=9936126,https://fr.wikipedia.org/wiki/Dua Lipa,Article utilisant une Infobox
Andreas Svanebo,https://fr.wikipedia.org/?curid=9913514,https://fr.wikipedia.org/wiki/Andreas Svanebo,Wikip\u00e9dia:\u00e9bauche triathlon
Svetlana Lapina,https://fr.wikipedia.org/?curid=991378,https://fr.wikipedia.org/wiki/Svetlana Lapina,Wikip\u00e9dia:\u00e9bauche athl\u00e8te russe
Johana Moreno,https://fr.wikipedia.org/?curid=9916445,https://fr.wikipedia.org/wiki/Johana Moreno,Wikip\u00e9dia:\u00e9bauche athl\u00e8te colombien
Robert de la meilleure actrice,https://fr.wikipedia.org/?curid=9916460,https://fr.wikipedia.org/wiki/Robert de la meilleure actrice,Article contenant un appel \u00e0 traduction en anglais
Marie-Charlotte L\u00e9ger,https://fr.wikipedia.org/?curid=9904904,https://fr.wikipedia.org/wiki/Marie-Charlotte L\u00e9ger,Article \u00e0 illustrer Footballeur
Daniella Perez,https://fr.wikipedia.org/?curid=9908588,https://fr.wikipedia.org/wiki/Daniella Perez,\u00c0 illustrer
Kseniya Pantelyeyeva,https://fr.wikipedia.org/?curid=9908705,https://fr.wikipedia.org/wiki/Kseniya Pantelyeyeva,Wikip\u00e9dia:\u00e9bauche escrimeuse
Seabelo Senatla,https://fr.wikipedia.org/?curid=9909407,https://fr.wikipedia.org/wiki/Seabelo Senatla,Article utilisant une Infobox
Stephanie Venier,https://fr.wikipedia.org/?curid=9756773,https://fr.wikipedia.org/wiki/Stephanie Venier,Wikip\u00e9dia:\u00e9bauche ski alpin
Adore Delano,https://fr.wikipedia.org/?curid=9761092,https://fr.wikipedia.org/wiki/Adore Delano,Article utilisant une Infobox
Mireia Guti\u00e9rrez,https://fr.wikipedia.org/?curid=9757694,https://fr.wikipedia.org/wiki/Mireia Guti\u00e9rrez,Wikip\u00e9dia:\u00e9bauche ski alpin
Mirjam Puchner,https://fr.wikipedia.org/?curid=9757817,https://fr.wikipedia.org/wiki/Mirjam Puchner,Article utilisant une Infobox
Dirk Aschmoneit,https://fr.wikipedia.org/?curid=9847896,https://fr.wikipedia.org/wiki/Dirk Aschmoneit,Article utilisant une Infobox
Fiona Hayvice,https://fr.wikipedia.org/?curid=9846814,https://fr.wikipedia.org/wiki/Fiona Hayvice,Page utilisant P569
Mariska Kramer-Postma,https://fr.wikipedia.org/?curid=9842410,https://fr.wikipedia.org/wiki/Mariska Kramer-Postma,Wikip\u00e9dia:\u00e9bauche triathlon
Miss Gabon 2015,https://fr.wikipedia.org/?curid=9902987,https://fr.wikipedia.org/wiki/Miss Gabon 2015,Article \u00e0 illustrer Miss
Carina Wasle,https://fr.wikipedia.org/?curid=9903143,https://fr.wikipedia.org/wiki/Carina Wasle,Wikip\u00e9dia:\u00e9bauche triathl\u00e8te
Sigrid Mutscheller,https://fr.wikipedia.org/?curid=9903198,https://fr.wikipedia.org/wiki/Sigrid Mutscheller,Wikip\u00e9dia:\u00e9bauche triathl\u00e8te
Renata Bucher,https://fr.wikipedia.org/?curid=9903537,https://fr.wikipedia.org/wiki/Renata Bucher,Wikip\u00e9dia:\u00e9bauche triathl\u00e8te
Miss Gabon 2014,https://fr.wikipedia.org/?curid=9903767,https://fr.wikipedia.org/wiki/Miss Gabon 2014,Article \u00e0 illustrer Miss
Anastasiya Kapachinskaya,https://fr.wikipedia.org/?curid=990989,https://fr.wikipedia.org/wiki/Anastasiya Kapachinskaya,Article utilisant une Infobox
Marek Jask\u00f3\u0142ka,https://fr.wikipedia.org/?curid=9795942,https://fr.wikipedia.org/wiki/Marek Jask\u00f3\u0142ka,Wikip\u00e9dia:\u00e9bauche triathl\u00e8te
Madeleine Malonga,https://fr.wikipedia.org/?curid=9801389,https://fr.wikipedia.org/wiki/Madeleine Malonga,Article utilisant une Infobox
Maja Dahlqvist,https://fr.wikipedia.org/?curid=9798272,https://fr.wikipedia.org/wiki/Maja Dahlqvist,Article utilisant une Infobox
Alice on the Roof,https://fr.wikipedia.org/?curid=9794711,https://fr.wikipedia.org/wiki/Alice on the Roof,Wikip\u00e9dia:\u00e9bauche chanteur belge
Val\u00e9rie Grenier,https://fr.wikipedia.org/?curid=9795512,https://fr.wikipedia.org/wiki/Val\u00e9rie Grenier,Article \u00e0 illustrer Sportif
