Name,URL1,URL2,First Category
L. Stokes,https://fr.wikipedia.org/?curid=3747799,https://fr.wikipedia.org/wiki/L. Stokes,Article \u00e0 illustrer Joueur de tennis
Cha\u00efne Staelens,https://fr.wikipedia.org/?curid=3747979,https://fr.wikipedia.org/wiki/Cha\u00efne Staelens,Article utilisant une Infobox
Ezgi Asaro\u011flu,https://fr.wikipedia.org/?curid=3747315,https://fr.wikipedia.org/wiki/Ezgi Asaro\u011flu,Article utilisant une Infobox
\u00c9milie Aubry (snowboard),https://fr.wikipedia.org/?curid=3752103,https://fr.wikipedia.org/wiki/\u00c9milie Aubry (snowboard),Wikip\u00e9dia:\u00e9bauche sports d'hiver
Ksenia Palkina,https://fr.wikipedia.org/?curid=3759018,https://fr.wikipedia.org/wiki/Ksenia Palkina,Article utilisant une Infobox
Marie-Chantal Toupin,https://fr.wikipedia.org/?curid=3759902,https://fr.wikipedia.org/wiki/Marie-Chantal Toupin,Page utilisant P569
Yoko Tsuno,https://fr.wikipedia.org/?curid=376026,https://fr.wikipedia.org/wiki/Yoko Tsuno,Article utilisant une Infobox
Sahar Zakaria,https://fr.wikipedia.org/?curid=3765962,https://fr.wikipedia.org/wiki/Sahar Zakaria,Page utilisant P569
Ana\u00efs Caradeux,https://fr.wikipedia.org/?curid=3758231,https://fr.wikipedia.org/wiki/Ana\u00efs Caradeux,Article utilisant une Infobox
Frida Eldebrink,https://fr.wikipedia.org/?curid=3765281,https://fr.wikipedia.org/wiki/Frida Eldebrink,Article \u00e0 illustrer Joueur de basket-ball
Elin Eldebrink,https://fr.wikipedia.org/?curid=3765293,https://fr.wikipedia.org/wiki/Elin Eldebrink,Article utilisant une Infobox
RoBERT,https://fr.wikipedia.org/?curid=376410,https://fr.wikipedia.org/wiki/RoBERT,Article manquant de r\u00e9f\u00e9rences depuis octobre 2014
Kaarle McCulloch,https://fr.wikipedia.org/?curid=3745459,https://fr.wikipedia.org/wiki/Kaarle McCulloch,Page utilisant P569
Maryna Marchenko,https://fr.wikipedia.org/?curid=3745897,https://fr.wikipedia.org/wiki/Maryna Marchenko,Article utilisant une Infobox
Marie Dorin-Habert,https://fr.wikipedia.org/?curid=3744251,https://fr.wikipedia.org/wiki/Marie Dorin-Habert,Article utilisant une Infobox
Margaret Hunnewell,https://fr.wikipedia.org/?curid=3744321,https://fr.wikipedia.org/wiki/Margaret Hunnewell,Wikip\u00e9dia:\u00e9bauche tennis
Helen Chapman,https://fr.wikipedia.org/?curid=3740731,https://fr.wikipedia.org/wiki/Helen Chapman,Article \u00e0 illustrer Joueur de tennis
Discographie de Demi Lovato,https://fr.wikipedia.org/?curid=3539718,https://fr.wikipedia.org/wiki/Discographie de Demi Lovato,Article contenant un lien mort
Ren\u00e1ta Kole\u0148\u00e1kov\u00e1,https://fr.wikipedia.org/?curid=3543037,https://fr.wikipedia.org/wiki/Ren\u00e1ta Kole\u0148\u00e1kov\u00e1,Article \u00e0 illustrer Joueur de volley-ball
Jana Gogolov\u00e1,https://fr.wikipedia.org/?curid=3543166,https://fr.wikipedia.org/wiki/Jana Gogolov\u00e1,Article \u00e0 illustrer Joueur de volley-ball
"Beautiful, Dirty, Rich",https://fr.wikipedia.org/?curid=3540484,"https://fr.wikipedia.org/wiki/Beautiful, Dirty, Rich",Article utilisant une Infobox
Slumdog Millionaire,https://fr.wikipedia.org/?curid=3581804,https://fr.wikipedia.org/wiki/Slumdog Millionaire,Article utilisant une Infobox
Kristina Mladenovic,https://fr.wikipedia.org/?curid=3581812,https://fr.wikipedia.org/wiki/Kristina Mladenovic,Article utilisant une Infobox
Anna Pyatykh,https://fr.wikipedia.org/?curid=358189,https://fr.wikipedia.org/wiki/Anna Pyatykh,Article utilisant une Infobox
Yipsi Moreno,https://fr.wikipedia.org/?curid=358434,https://fr.wikipedia.org/wiki/Yipsi Moreno,Article \u00e0 illustrer Athl\u00e8te
Peyton Roi List,https://fr.wikipedia.org/?curid=3582507,https://fr.wikipedia.org/wiki/Peyton Roi List,Wikip\u00e9dia:\u00e9bauche acteur am\u00e9ricain
Hannah Kearney,https://fr.wikipedia.org/?curid=3573404,https://fr.wikipedia.org/wiki/Hannah Kearney,Wikip\u00e9dia:\u00e9bauche ski acrobatique
Sanya Richards-Ross,https://fr.wikipedia.org/?curid=357240,https://fr.wikipedia.org/wiki/Sanya Richards-Ross,Article utilisant une Infobox
Tatyana Kotova,https://fr.wikipedia.org/?curid=357245,https://fr.wikipedia.org/wiki/Tatyana Kotova,Wikip\u00e9dia:\u00e9bauche athl\u00e8te russe
Sandra Keith,https://fr.wikipedia.org/?curid=3570940,https://fr.wikipedia.org/wiki/Sandra Keith,Wikip\u00e9dia:\u00e9bauche biathlon
Jenna Jameson,https://fr.wikipedia.org/?curid=357447,https://fr.wikipedia.org/wiki/Jenna Jameson,Article contenant un lien mort
Kurumi Morishita,https://fr.wikipedia.org/?curid=3559459,https://fr.wikipedia.org/wiki/Kurumi Morishita,Article utilisant une Infobox
Adrie Visser,https://fr.wikipedia.org/?curid=3548342,https://fr.wikipedia.org/wiki/Adrie Visser,Page utilisant P569
Lotta Schelin,https://fr.wikipedia.org/?curid=3553223,https://fr.wikipedia.org/wiki/Lotta Schelin,Article avec source \u00e0 lier
Tereza Fiedlerov\u00e1,https://fr.wikipedia.org/?curid=3546821,https://fr.wikipedia.org/wiki/Tereza Fiedlerov\u00e1,Article \u00e0 illustrer Joueur de volley-ball
Shailene Woodley,https://fr.wikipedia.org/?curid=3580377,https://fr.wikipedia.org/wiki/Shailene Woodley,Article utilisant une Infobox
H\u00e9l\u00e8ne S\u00e9gara,https://fr.wikipedia.org/?curid=358063,https://fr.wikipedia.org/wiki/H\u00e9l\u00e8ne S\u00e9gara,Article contenant un lien mort
Venus Williams,https://fr.wikipedia.org/?curid=209639,https://fr.wikipedia.org/wiki/Venus Williams,Article utilisant une Infobox
Jillian Hall,https://fr.wikipedia.org/?curid=2096986,https://fr.wikipedia.org/wiki/Jillian Hall,Page utilisant P27
Primo Levi,https://fr.wikipedia.org/?curid=20970,https://fr.wikipedia.org/wiki/Primo Levi,Article utilisant une Infobox
Kristy Pigeon,https://fr.wikipedia.org/?curid=2074822,https://fr.wikipedia.org/wiki/Kristy Pigeon,Wikip\u00e9dia:\u00e9bauche tennis
Classe tous risques (film),https://fr.wikipedia.org/?curid=223712,https://fr.wikipedia.org/wiki/Classe tous risques (film),Wikip\u00e9dia:\u00e9bauche film fran\u00e7ais
Robyn,https://fr.wikipedia.org/?curid=2301255,https://fr.wikipedia.org/wiki/Robyn,Article manquant de r\u00e9f\u00e9rences depuis d\u00e9cembre 2020
Bettina Bunge,https://fr.wikipedia.org/?curid=231339,https://fr.wikipedia.org/wiki/Bettina Bunge,Article \u00e0 illustrer Joueur de tennis
Annika S\u00f6renstam,https://fr.wikipedia.org/?curid=231366,https://fr.wikipedia.org/wiki/Annika S\u00f6renstam,Article utilisant une Infobox
Alanis Morissette,https://fr.wikipedia.org/?curid=242295,https://fr.wikipedia.org/wiki/Alanis Morissette,Article utilisant une Infobox
Hayao Miyazaki,https://fr.wikipedia.org/?curid=24020,https://fr.wikipedia.org/wiki/Hayao Miyazaki,Article contenant un lien mort
C\u00e9sar de la meilleure actrice,https://fr.wikipedia.org/?curid=25547,https://fr.wikipedia.org/wiki/C\u00e9sar de la meilleure actrice,Portail:Cin\u00e9ma fran\u00e7ais/Articles li\u00e9s
Alicia Keys,https://fr.wikipedia.org/?curid=257471,https://fr.wikipedia.org/wiki/Alicia Keys,Page utilisant P569
Dannii Minogue,https://fr.wikipedia.org/?curid=261098,https://fr.wikipedia.org/wiki/Dannii Minogue,Wikip\u00e9dia:\u00e9bauche chanteur australien
Liste des m\u00e9daill\u00e9s olympiques en plongeon,https://fr.wikipedia.org/?curid=2614469,https://fr.wikipedia.org/wiki/Liste des m\u00e9daill\u00e9s olympiques en plongeon,Portail:Jeux olympiques/Articles li\u00e9s
Jean-Luc Godard,https://fr.wikipedia.org/?curid=26290,https://fr.wikipedia.org/wiki/Jean-Luc Godard,Article \u00e0 r\u00e9f\u00e9rence n\u00e9cessaire
Cl\u00e9mentine d'Orl\u00e9ans,https://fr.wikipedia.org/?curid=265054,https://fr.wikipedia.org/wiki/Cl\u00e9mentine d'Orl\u00e9ans,Article utilisant une Infobox
Alison Moyet,https://fr.wikipedia.org/?curid=265789,https://fr.wikipedia.org/wiki/Alison Moyet,Article manquant de r\u00e9f\u00e9rences depuis d\u00e9cembre 2022
Donna Mills,https://fr.wikipedia.org/?curid=2635480,https://fr.wikipedia.org/wiki/Donna Mills,Article manquant de r\u00e9f\u00e9rences depuis novembre 2022
Burzum,https://fr.wikipedia.org/?curid=25519,https://fr.wikipedia.org/wiki/Burzum,Article utilisant une Infobox
Alexandra Dulgheru,https://fr.wikipedia.org/?curid=3861939,https://fr.wikipedia.org/wiki/Alexandra Dulgheru,Article utilisant une Infobox
Valeriya Korotenko,https://fr.wikipedia.org/?curid=3861980,https://fr.wikipedia.org/wiki/Valeriya Korotenko,Article utilisant une Infobox
Kitty Winn,https://fr.wikipedia.org/?curid=3866432,https://fr.wikipedia.org/wiki/Kitty Winn,Wikip\u00e9dia:\u00e9bauche acteur am\u00e9ricain
Velvet (chanteuse),https://fr.wikipedia.org/?curid=3866685,https://fr.wikipedia.org/wiki/Velvet (chanteuse),Article manquant de r\u00e9f\u00e9rences depuis avril 2019
Lin Chi-ling,https://fr.wikipedia.org/?curid=3802320,https://fr.wikipedia.org/wiki/Lin Chi-ling,Article \u00e0 wikifier depuis septembre 2021
Paola Gustave Dit Duflo,https://fr.wikipedia.org/?curid=3800925,https://fr.wikipedia.org/wiki/Paola Gustave Dit Duflo,Wikip\u00e9dia:\u00e9bauche joueuse fran\u00e7aise de volley-ball
Marielle Alteirac,https://fr.wikipedia.org/?curid=3800942,https://fr.wikipedia.org/wiki/Marielle Alteirac,Wikip\u00e9dia:\u00e9bauche joueuse fran\u00e7aise de volley-ball
Valentina Borrelli,https://fr.wikipedia.org/?curid=3803457,https://fr.wikipedia.org/wiki/Valentina Borrelli,Wikip\u00e9dia:\u00e9bauche joueuse italienne de volley-ball
Olga Krasteva,https://fr.wikipedia.org/?curid=3803499,https://fr.wikipedia.org/wiki/Olga Krasteva,Article \u00e0 illustrer Joueur de volley-ball
Kaisa Nyman,https://fr.wikipedia.org/?curid=3803510,https://fr.wikipedia.org/wiki/Kaisa Nyman,Article utilisant une Infobox
Marion Marquet,https://fr.wikipedia.org/?curid=3803520,https://fr.wikipedia.org/wiki/Marion Marquet,Article \u00e0 illustrer Joueur de volley-ball
Heather Small,https://fr.wikipedia.org/?curid=3844278,https://fr.wikipedia.org/wiki/Heather Small,Article utilisant une Infobox
Sally Pearson,https://fr.wikipedia.org/?curid=3847550,https://fr.wikipedia.org/wiki/Sally Pearson,Article utilisant une Infobox
Gis\u00e8le Halimi,https://fr.wikipedia.org/?curid=383573,https://fr.wikipedia.org/wiki/Gis\u00e8le Halimi,Article contenant un lien mort
Taiana T\u00e9r\u00e9,https://fr.wikipedia.org/?curid=3846087,https://fr.wikipedia.org/wiki/Taiana T\u00e9r\u00e9,Wikip\u00e9dia:\u00e9bauche joueuse fran\u00e7aise de volley-ball
Bonnie Wright,https://fr.wikipedia.org/?curid=3842688,https://fr.wikipedia.org/wiki/Bonnie Wright,Article contenant un lien mort
LoveGame,https://fr.wikipedia.org/?curid=3832683,https://fr.wikipedia.org/wiki/LoveGame,Article utilisant une Infobox
Meselech Melkamu,https://fr.wikipedia.org/?curid=3778572,https://fr.wikipedia.org/wiki/Meselech Melkamu,Wikip\u00e9dia:\u00e9bauche athl\u00e8te \u00e9thiopien
S\u0153ur Sourire,https://fr.wikipedia.org/?curid=3816535,https://fr.wikipedia.org/wiki/S\u0153ur Sourire,Article utilisant une Infobox
Liste des championnes de tennis vainqueurs en Grand Chelem en double,https://fr.wikipedia.org/?curid=3799040,https://fr.wikipedia.org/wiki/Liste des championnes de tennis vainqueurs en Grand Chelem en double,Portail:Tennis/Articles li\u00e9s
Irina Baranova,https://fr.wikipedia.org/?curid=3797652,https://fr.wikipedia.org/wiki/Irina Baranova,Page utilisant P569
Susan Boyle,https://fr.wikipedia.org/?curid=3782224,https://fr.wikipedia.org/wiki/Susan Boyle,Article contenant un lien mort
Gra\u017cyna Rabsztyn,https://fr.wikipedia.org/?curid=3778228,https://fr.wikipedia.org/wiki/Gra\u017cyna Rabsztyn,Article utilisant une Infobox
Bat for Lashes,https://fr.wikipedia.org/?curid=3778421,https://fr.wikipedia.org/wiki/Bat for Lashes,Article utilisant une Infobox
\u00c9lisabeth Davin,https://fr.wikipedia.org/?curid=3791937,https://fr.wikipedia.org/wiki/\u00c9lisabeth Davin,Wikip\u00e9dia:\u00e9bauche athl\u00e8te belge
S\u00e9verine Szewczyk,https://fr.wikipedia.org/?curid=3815653,https://fr.wikipedia.org/wiki/S\u00e9verine Szewczyk,Article \u00e0 illustrer Joueur de volley-ball
Padma Lakshmi,https://fr.wikipedia.org/?curid=3771144,https://fr.wikipedia.org/wiki/Padma Lakshmi,Article contenant un lien mort
Jessica Wahls,https://fr.wikipedia.org/?curid=3784962,https://fr.wikipedia.org/wiki/Jessica Wahls,Article utilisant une Infobox
J\u00f3hanna Gu\u00f0r\u00fan J\u00f3nsd\u00f3ttir,https://fr.wikipedia.org/?curid=3787991,https://fr.wikipedia.org/wiki/J\u00f3hanna Gu\u00f0r\u00fan J\u00f3nsd\u00f3ttir,Article utilisant une Infobox
Tatyana Kazankina,https://fr.wikipedia.org/?curid=382198,https://fr.wikipedia.org/wiki/Tatyana Kazankina,Article utilisant une Infobox
Yoon Mi-rae,https://fr.wikipedia.org/?curid=3823171,https://fr.wikipedia.org/wiki/Yoon Mi-rae,Article utilisant une Infobox
Sophie P\u00e9ron,https://fr.wikipedia.org/?curid=3772469,https://fr.wikipedia.org/wiki/Sophie P\u00e9ron,Article utilisant une Infobox
Mallory Caleyron,https://fr.wikipedia.org/?curid=3772534,https://fr.wikipedia.org/wiki/Mallory Caleyron,Article utilisant une Infobox
St\u00e9phanie Volle,https://fr.wikipedia.org/?curid=3772702,https://fr.wikipedia.org/wiki/St\u00e9phanie Volle,Article \u00e0 illustrer Joueur de volley-ball
Amandine Mauricette,https://fr.wikipedia.org/?curid=3594776,https://fr.wikipedia.org/wiki/Amandine Mauricette,Article utilisant une Infobox
Hassiba Boulmerka,https://fr.wikipedia.org/?curid=359339,https://fr.wikipedia.org/wiki/Hassiba Boulmerka,Article \u00e0 illustrer Athl\u00e8te
Liste des m\u00e9daill\u00e9es olympiques en gymnastique rythmique,https://fr.wikipedia.org/?curid=3595468,https://fr.wikipedia.org/wiki/Liste des m\u00e9daill\u00e9es olympiques en gymnastique rythmique,Portail:Gymnastique/Articles li\u00e9s
Finale hommes au sol des Jeux olympiques d'\u00e9t\u00e9,https://fr.wikipedia.org/?curid=3599483,https://fr.wikipedia.org/wiki/Finale hommes au sol des Jeux olympiques d'\u00e9t\u00e9,Portail:Gymnastique/Articles li\u00e9s
Finale hommes au saut de cheval des Jeux olympiques d'\u00e9t\u00e9,https://fr.wikipedia.org/?curid=3599500,https://fr.wikipedia.org/wiki/Finale hommes au saut de cheval des Jeux olympiques d'\u00e9t\u00e9,Portail:Gymnastique/Articles li\u00e9s
Val\u00e9ria H\u00e9jjas,https://fr.wikipedia.org/?curid=3594028,https://fr.wikipedia.org/wiki/Val\u00e9ria H\u00e9jjas,Article \u00e0 illustrer Joueur de volley-ball
Liste des m\u00e9daill\u00e9es olympiques f\u00e9minines en gymnastique artistique,https://fr.wikipedia.org/?curid=3594433,https://fr.wikipedia.org/wiki/Liste des m\u00e9daill\u00e9es olympiques f\u00e9minines en gymnastique artistique,Portail:Gymnastique/Articles li\u00e9s
Elvan Abeylegesse,https://fr.wikipedia.org/?curid=359382,https://fr.wikipedia.org/wiki/Elvan Abeylegesse,Article utilisant une Infobox
Meseret Defar,https://fr.wikipedia.org/?curid=359204,https://fr.wikipedia.org/wiki/Meseret Defar,Article manquant de r\u00e9f\u00e9rences depuis d\u00e9cembre 2022
Sarah Churchill,https://fr.wikipedia.org/?curid=3589335,https://fr.wikipedia.org/wiki/Sarah Churchill,Page utilisant P119
Eva Korpela,https://fr.wikipedia.org/?curid=3604481,https://fr.wikipedia.org/wiki/Eva Korpela,Wikip\u00e9dia:\u00e9bauche biathlon
Liisa Savijarvi,https://fr.wikipedia.org/?curid=3586021,https://fr.wikipedia.org/wiki/Liisa Savijarvi,Article utilisant une Infobox
Mary McDonnell,https://fr.wikipedia.org/?curid=358851,https://fr.wikipedia.org/wiki/Mary McDonnell,Wikip\u00e9dia:\u00e9bauche acteur am\u00e9ricain
Marielle Bousquet,https://fr.wikipedia.org/?curid=3605133,https://fr.wikipedia.org/wiki/Marielle Bousquet,Wikip\u00e9dia:\u00e9bauche joueuse fran\u00e7aise de volley-ball
100 m\u00e8tres aux Jeux olympiques,https://fr.wikipedia.org/?curid=3613555,https://fr.wikipedia.org/wiki/100 m\u00e8tres aux Jeux olympiques,Article utilisant une Infobox
200 m\u00e8tres aux Jeux olympiques,https://fr.wikipedia.org/?curid=3613560,https://fr.wikipedia.org/wiki/200 m\u00e8tres aux Jeux olympiques,Article utilisant une Infobox
800 m\u00e8tres aux Jeux olympiques,https://fr.wikipedia.org/?curid=3613564,https://fr.wikipedia.org/wiki/800 m\u00e8tres aux Jeux olympiques,Article utilisant une Infobox
1 500 m\u00e8tres aux Jeux olympiques,https://fr.wikipedia.org/?curid=3613566,https://fr.wikipedia.org/wiki/1 500 m\u00e8tres aux Jeux olympiques,Article utilisant une Infobox
5 000 m\u00e8tres aux Jeux olympiques,https://fr.wikipedia.org/?curid=3613571,https://fr.wikipedia.org/wiki/5 000 m\u00e8tres aux Jeux olympiques,Article utilisant une Infobox
Nadia Petrova,https://fr.wikipedia.org/?curid=466223,https://fr.wikipedia.org/wiki/Nadia Petrova,Article utilisant une Infobox
Marina Stepanova,https://fr.wikipedia.org/?curid=4660407,https://fr.wikipedia.org/wiki/Marina Stepanova,Article \u00e0 illustrer Athl\u00e8te
Bette Porter,https://fr.wikipedia.org/?curid=4660513,https://fr.wikipedia.org/wiki/Bette Porter,Article utilisant une Infobox
Tina Kennard,https://fr.wikipedia.org/?curid=4660523,https://fr.wikipedia.org/wiki/Tina Kennard,Article utilisant une Infobox
Erika Hess,https://fr.wikipedia.org/?curid=465569,https://fr.wikipedia.org/wiki/Erika Hess,Article utilisant une Infobox
Corina-Isabela Peptan,https://fr.wikipedia.org/?curid=4656268,https://fr.wikipedia.org/wiki/Corina-Isabela Peptan,Page utilisant P569
Diana Vickers,https://fr.wikipedia.org/?curid=4664618,https://fr.wikipedia.org/wiki/Diana Vickers,Article contenant un lien mort
Vida Anim,https://fr.wikipedia.org/?curid=4666458,https://fr.wikipedia.org/wiki/Vida Anim,Article utilisant une Infobox
Gwennyn,https://fr.wikipedia.org/?curid=4647121,https://fr.wikipedia.org/wiki/Gwennyn,Article utilisant une Infobox
Hayley Atwell,https://fr.wikipedia.org/?curid=4647630,https://fr.wikipedia.org/wiki/Hayley Atwell,Article contenant un lien mort
Emmie Charayron,https://fr.wikipedia.org/?curid=4421722,https://fr.wikipedia.org/wiki/Emmie Charayron,Article utilisant une Infobox
Madhuri Dixit,https://fr.wikipedia.org/?curid=442025,https://fr.wikipedia.org/wiki/Madhuri Dixit,Article utilisant une Infobox
Isabelle Adjani,https://fr.wikipedia.org/?curid=44279,https://fr.wikipedia.org/wiki/Isabelle Adjani,Article utilisant une Infobox
Miss Suisse,https://fr.wikipedia.org/?curid=442538,https://fr.wikipedia.org/wiki/Miss Suisse,Wikip\u00e9dia:\u00e9bauche concours de beaut\u00e9
Anay Tejeda,https://fr.wikipedia.org/?curid=4370376,https://fr.wikipedia.org/wiki/Anay Tejeda,Article utilisant une Infobox
H\u1ed3 Xu\u00e2n H\u01b0\u01a1ng,https://fr.wikipedia.org/?curid=4381853,https://fr.wikipedia.org/wiki/H\u1ed3 Xu\u00e2n H\u01b0\u01a1ng,Page utilisant P569
Monster (chanson de Lady Gaga),https://fr.wikipedia.org/?curid=4375443,https://fr.wikipedia.org/wiki/Monster (chanson de Lady Gaga),Article utilisant une Infobox
Alejandro (chanson),https://fr.wikipedia.org/?curid=4372838,https://fr.wikipedia.org/wiki/Alejandro (chanson),Article contenant un lien mort
The Cherrytree Sessions,https://fr.wikipedia.org/?curid=4373780,https://fr.wikipedia.org/wiki/The Cherrytree Sessions,Article utilisant une Infobox
Maicel Malone-Wallace,https://fr.wikipedia.org/?curid=4362903,https://fr.wikipedia.org/wiki/Maicel Malone-Wallace,Article \u00e0 illustrer Athl\u00e8te
Kim Graham,https://fr.wikipedia.org/?curid=4363012,https://fr.wikipedia.org/wiki/Kim Graham,Wikip\u00e9dia:\u00e9bauche athl\u00e8te am\u00e9ricain
Krysten Ritter,https://fr.wikipedia.org/?curid=4369095,https://fr.wikipedia.org/wiki/Krysten Ritter,Article utilisant une Infobox
Liste des distinctions de Lady Gaga,https://fr.wikipedia.org/?curid=4351469,https://fr.wikipedia.org/wiki/Liste des distinctions de Lady Gaga,Article utilisant une Infobox
Esther Jones,https://fr.wikipedia.org/?curid=4363692,https://fr.wikipedia.org/wiki/Esther Jones,Wikip\u00e9dia:\u00e9bauche athl\u00e8te am\u00e9ricain
Miss Limbourg,https://fr.wikipedia.org/?curid=4371987,https://fr.wikipedia.org/wiki/Miss Limbourg,Wikip\u00e9dia:\u00e9bauche concours de beaut\u00e9
Simona Meiler,https://fr.wikipedia.org/?curid=4379563,https://fr.wikipedia.org/wiki/Simona Meiler,Wikip\u00e9dia:\u00e9bauche snowboard
Alexa Loo,https://fr.wikipedia.org/?curid=4379584,https://fr.wikipedia.org/wiki/Alexa Loo,Wikip\u00e9dia:\u00e9bauche snowboard
Samantha Fox,https://fr.wikipedia.org/?curid=437778,https://fr.wikipedia.org/wiki/Samantha Fox,Article manquant de r\u00e9f\u00e9rences depuis janvier 2015
Kelsey Serwa,https://fr.wikipedia.org/?curid=4378164,https://fr.wikipedia.org/wiki/Kelsey Serwa,Article utilisant une Infobox
Lydia Lassila,https://fr.wikipedia.org/?curid=4378468,https://fr.wikipedia.org/wiki/Lydia Lassila,Wikip\u00e9dia:\u00e9bauche ski acrobatique
Heather McPhie,https://fr.wikipedia.org/?curid=4380770,https://fr.wikipedia.org/wiki/Heather McPhie,Wikip\u00e9dia:\u00e9bauche ski acrobatique
Deirdre Demet-Barry,https://fr.wikipedia.org/?curid=4352325,https://fr.wikipedia.org/wiki/Deirdre Demet-Barry,Page utilisant P19
Xenia Stad-de Jong,https://fr.wikipedia.org/?curid=4357824,https://fr.wikipedia.org/wiki/Xenia Stad-de Jong,Article utilisant une Infobox
Yves Robert (r\u00e9alisateur),https://fr.wikipedia.org/?curid=44141,https://fr.wikipedia.org/wiki/Yves Robert (r\u00e9alisateur),Article utilisant une Infobox
Sabine John,https://fr.wikipedia.org/?curid=4399575,https://fr.wikipedia.org/wiki/Sabine John,Article utilisant une Infobox
Nathalie P\u00e9chalat,https://fr.wikipedia.org/?curid=4408891,https://fr.wikipedia.org/wiki/Nathalie P\u00e9chalat,Article manquant de r\u00e9f\u00e9rences depuis janvier 2023
Kineke Alexander,https://fr.wikipedia.org/?curid=4408950,https://fr.wikipedia.org/wiki/Kineke Alexander,Wikip\u00e9dia:\u00e9bauche athl\u00e8te
Daria Korczy\u0144ska,https://fr.wikipedia.org/?curid=4409015,https://fr.wikipedia.org/wiki/Daria Korczy\u0144ska,Page utilisant P569
Barbara Pierre,https://fr.wikipedia.org/?curid=4432550,https://fr.wikipedia.org/wiki/Barbara Pierre,Article utilisant une Infobox
M\u00e9lissa Laveaux,https://fr.wikipedia.org/?curid=4423026,https://fr.wikipedia.org/wiki/M\u00e9lissa Laveaux,Page utilisant P569
Angelica Bella,https://fr.wikipedia.org/?curid=4423414,https://fr.wikipedia.org/wiki/Angelica Bella,Article utilisant une Infobox
Ana Fern\u00e1ndez (volley-ball),https://fr.wikipedia.org/?curid=4483707,https://fr.wikipedia.org/wiki/Ana Fern\u00e1ndez (volley-ball),Article \u00e0 illustrer Joueur de volley-ball
Natasha Kaiser-Brown,https://fr.wikipedia.org/?curid=4419465,https://fr.wikipedia.org/wiki/Natasha Kaiser-Brown,Article \u00e0 illustrer Athl\u00e8te
Julia Mancuso,https://fr.wikipedia.org/?curid=447355,https://fr.wikipedia.org/wiki/Julia Mancuso,Article utilisant une Infobox
Line Haddad,https://fr.wikipedia.org/?curid=4479986,https://fr.wikipedia.org/wiki/Line Haddad,Article \u00e0 illustrer Patineur artistique
Rita K\u00fchne,https://fr.wikipedia.org/?curid=4477449,https://fr.wikipedia.org/wiki/Rita K\u00fchne,Wikip\u00e9dia:\u00e9bauche athl\u00e8te allemand
Marguerite-Marie Dubois,https://fr.wikipedia.org/?curid=4478306,https://fr.wikipedia.org/wiki/Marguerite-Marie Dubois,Article contenant un lien mort
Gu Jun,https://fr.wikipedia.org/?curid=4479741,https://fr.wikipedia.org/wiki/Gu Jun,Article \u00e0 illustrer Joueur de badminton
Miss Canada,https://fr.wikipedia.org/?curid=4478689,https://fr.wikipedia.org/wiki/Miss Canada,Article utilisant une Infobox
Anastasia Kuzmina,https://fr.wikipedia.org/?curid=4480514,https://fr.wikipedia.org/wiki/Anastasia Kuzmina,Article contenant un appel \u00e0 traduction en slovaque
Lucia Recchia,https://fr.wikipedia.org/?curid=447326,https://fr.wikipedia.org/wiki/Lucia Recchia,Wikip\u00e9dia:\u00e9bauche ski alpin
Demetria Washington,https://fr.wikipedia.org/?curid=4463816,https://fr.wikipedia.org/wiki/Demetria Washington,Page utilisant P569
Joyce Jonathan,https://fr.wikipedia.org/?curid=4440678,https://fr.wikipedia.org/wiki/Joyce Jonathan,Article manquant de r\u00e9f\u00e9rences depuis avril 2022
Wilhelmina von Bremen,https://fr.wikipedia.org/?curid=4439048,https://fr.wikipedia.org/wiki/Wilhelmina von Bremen,Wikip\u00e9dia:\u00e9bauche athl\u00e8te am\u00e9ricain
Sherri Howard,https://fr.wikipedia.org/?curid=4440111,https://fr.wikipedia.org/wiki/Sherri Howard,Wikip\u00e9dia:\u00e9bauche athl\u00e8te am\u00e9ricain
Nelly Moenne-Loccoz,https://fr.wikipedia.org/?curid=4447997,https://fr.wikipedia.org/wiki/Nelly Moenne-Loccoz,Wikip\u00e9dia:\u00e9bauche snowboard
Mae Faggs,https://fr.wikipedia.org/?curid=4454231,https://fr.wikipedia.org/wiki/Mae Faggs,Article \u00e0 illustrer Athl\u00e8te
Harriet Bland,https://fr.wikipedia.org/?curid=4456285,https://fr.wikipedia.org/wiki/Harriet Bland,Wikip\u00e9dia:\u00e9bauche athl\u00e8te am\u00e9ricain
Mireille Darc,https://fr.wikipedia.org/?curid=44310,https://fr.wikipedia.org/wiki/Mireille Darc,Article utilisant une Infobox
Sheila Echols,https://fr.wikipedia.org/?curid=4439280,https://fr.wikipedia.org/wiki/Sheila Echols,Article \u00e0 illustrer Athl\u00e8te
Karin Dreijer,https://fr.wikipedia.org/?curid=4437919,https://fr.wikipedia.org/wiki/Karin Dreijer,Article contenant un appel \u00e0 traduction en anglais
Brandi Chastain,https://fr.wikipedia.org/?curid=4436719,https://fr.wikipedia.org/wiki/Brandi Chastain,Wikip\u00e9dia:\u00e9bauche joueuse am\u00e9ricaine de soccer
Patty et Selma Bouvier,https://fr.wikipedia.org/?curid=43669,https://fr.wikipedia.org/wiki/Patty et Selma Bouvier,Article utilisant une Infobox
Nadja Jnglin-Kamer,https://fr.wikipedia.org/?curid=4367909,https://fr.wikipedia.org/wiki/Nadja Jnglin-Kamer,Article manquant de r\u00e9f\u00e9rences depuis mars 2022
Tatsiana Sharakova,https://fr.wikipedia.org/?curid=4608797,https://fr.wikipedia.org/wiki/Tatsiana Sharakova,Page utilisant P1559
The Remix,https://fr.wikipedia.org/?curid=4637828,https://fr.wikipedia.org/wiki/The Remix,Article utilisant une Infobox
\u00c9velyne \u00c9lien,https://fr.wikipedia.org/?curid=4634368,https://fr.wikipedia.org/wiki/\u00c9velyne \u00c9lien,Article \u00e0 illustrer Athl\u00e8te
When I Look at You,https://fr.wikipedia.org/?curid=4631326,https://fr.wikipedia.org/wiki/When I Look at You,Article utilisant une Infobox
Mariana Duque Mari\u00f1o,https://fr.wikipedia.org/?curid=4630775,https://fr.wikipedia.org/wiki/Mariana Duque Mari\u00f1o,Article utilisant une Infobox
Wonder World Tour,https://fr.wikipedia.org/?curid=4629136,https://fr.wikipedia.org/wiki/Wonder World Tour,Article manquant de r\u00e9f\u00e9rences depuis octobre 2016
Magali Di Marco,https://fr.wikipedia.org/?curid=462435,https://fr.wikipedia.org/wiki/Magali Di Marco,Article utilisant une Infobox
Lynn Anderson,https://fr.wikipedia.org/?curid=4624593,https://fr.wikipedia.org/wiki/Lynn Anderson,Article utilisant une Infobox
Francine Landre,https://fr.wikipedia.org/?curid=4612517,https://fr.wikipedia.org/wiki/Francine Landre,Article \u00e0 illustrer Athl\u00e8te
Le Jour le plus long,https://fr.wikipedia.org/?curid=46180,https://fr.wikipedia.org/wiki/Le Jour le plus long,Article utilisant une Infobox
Liste des championnes du monde de football,https://fr.wikipedia.org/?curid=4618967,https://fr.wikipedia.org/wiki/Liste des championnes du monde de football,Portail:Football/Articles li\u00e9s
Emily Chebet,https://fr.wikipedia.org/?curid=4607359,https://fr.wikipedia.org/wiki/Emily Chebet,Wikip\u00e9dia:\u00e9bauche athl\u00e8te k\u00e9nyan
Cecilia Nina Cavendish-Bentinck,https://fr.wikipedia.org/?curid=4606314,https://fr.wikipedia.org/wiki/Cecilia Nina Cavendish-Bentinck,Article manquant de r\u00e9f\u00e9rences depuis mai 2020
Miss Univers Croatie,https://fr.wikipedia.org/?curid=4608238,https://fr.wikipedia.org/wiki/Miss Univers Croatie,Portail:Croatie/Articles li\u00e9s
Lyudmila Rogachova,https://fr.wikipedia.org/?curid=4608311,https://fr.wikipedia.org/wiki/Lyudmila Rogachova,Article \u00e0 illustrer Athl\u00e8te
Nikola Sudov\u00e1,https://fr.wikipedia.org/?curid=4348067,https://fr.wikipedia.org/wiki/Nikola Sudov\u00e1,Wikip\u00e9dia:\u00e9bauche ski acrobatique
Miki Ito,https://fr.wikipedia.org/?curid=4348084,https://fr.wikipedia.org/wiki/Miki Ito,Wikip\u00e9dia:\u00e9bauche ski acrobatique
Ellen DeGeneres,https://fr.wikipedia.org/?curid=434507,https://fr.wikipedia.org/wiki/Ellen DeGeneres,Recension temporaire pour le mod\u00e8le Ouvrage
Stefanie Sieger,https://fr.wikipedia.org/?curid=4353865,https://fr.wikipedia.org/wiki/Stefanie Sieger,Wikip\u00e9dia:\u00e9bauche luge
James Blake (tennis),https://fr.wikipedia.org/?curid=471778,https://fr.wikipedia.org/wiki/James Blake (tennis),Article utilisant une Infobox
Tom\u00e1\u0161 Berdych,https://fr.wikipedia.org/?curid=471789,https://fr.wikipedia.org/wiki/Tom\u00e1\u0161 Berdych,Article contenant un lien mort
Paola Croce,https://fr.wikipedia.org/?curid=4723966,https://fr.wikipedia.org/wiki/Paola Croce,Wikip\u00e9dia:\u00e9bauche joueuse italienne de volley-ball
La La Land (chanson de Demi Lovato),https://fr.wikipedia.org/?curid=4723253,https://fr.wikipedia.org/wiki/La La Land (chanson de Demi Lovato),Article utilisant une Infobox
B\u00e9b\u00e9 Lilly,https://fr.wikipedia.org/?curid=4725393,https://fr.wikipedia.org/wiki/B\u00e9b\u00e9 Lilly,Article manquant de r\u00e9f\u00e9rences depuis juin 2010
Zarine Khan,https://fr.wikipedia.org/?curid=4689655,https://fr.wikipedia.org/wiki/Zarine Khan,Page utilisant P569
Nikki Yanofsky,https://fr.wikipedia.org/?curid=4720941,https://fr.wikipedia.org/wiki/Nikki Yanofsky,Article utilisant une Infobox
Olga Markova,https://fr.wikipedia.org/?curid=4717183,https://fr.wikipedia.org/wiki/Olga Markova,Wikip\u00e9dia:\u00e9bauche patinage artistique
Theresa May,https://fr.wikipedia.org/?curid=4708807,https://fr.wikipedia.org/wiki/Theresa May,Article utilisant une Infobox
Sonam Kapoor,https://fr.wikipedia.org/?curid=4708990,https://fr.wikipedia.org/wiki/Sonam Kapoor,Article utilisant une Infobox
Kumiko Okawa,https://fr.wikipedia.org/?curid=4710632,https://fr.wikipedia.org/wiki/Kumiko Okawa,Wikip\u00e9dia:\u00e9bauche patinage artistique
Jo-Wilfried Tsonga,https://fr.wikipedia.org/?curid=4691519,https://fr.wikipedia.org/wiki/Jo-Wilfried Tsonga,Article utilisant une Infobox
Katherine Jenkins,https://fr.wikipedia.org/?curid=4691741,https://fr.wikipedia.org/wiki/Katherine Jenkins,Page utilisant P27
\u0160\u00e1rka Strachov\u00e1,https://fr.wikipedia.org/?curid=469380,https://fr.wikipedia.org/wiki/\u0160\u00e1rka Strachov\u00e1,Wikip\u00e9dia:\u00e9bauche ski alpin
Anthony Le Duey,https://fr.wikipedia.org/?curid=4696649,https://fr.wikipedia.org/wiki/Anthony Le Duey,Article \u00e0 illustrer Sportif
Siham Hilali,https://fr.wikipedia.org/?curid=4715510,https://fr.wikipedia.org/wiki/Siham Hilali,Wikip\u00e9dia:\u00e9bauche athl\u00e8te marocain
Emi Watanabe,https://fr.wikipedia.org/?curid=4711379,https://fr.wikipedia.org/wiki/Emi Watanabe,Article \u00e0 illustrer Patineur artistique
Elena Likhovtseva,https://fr.wikipedia.org/?curid=470850,https://fr.wikipedia.org/wiki/Elena Likhovtseva,Article utilisant une Infobox
Tatyana Dektyareva,https://fr.wikipedia.org/?curid=4805026,https://fr.wikipedia.org/wiki/Tatyana Dektyareva,Wikip\u00e9dia:\u00e9bauche athl\u00e8te russe
Sylwia Ejdys,https://fr.wikipedia.org/?curid=4805275,https://fr.wikipedia.org/wiki/Sylwia Ejdys,Wikip\u00e9dia:\u00e9bauche athl\u00e8te polonais
Ksenia Aksionova,https://fr.wikipedia.org/?curid=4803697,https://fr.wikipedia.org/wiki/Ksenia Aksionova,Wikip\u00e9dia:\u00e9bauche athl\u00e8te russe
Mietta,https://fr.wikipedia.org/?curid=4803487,https://fr.wikipedia.org/wiki/Mietta,Wikip\u00e9dia:\u00e9bauche chanteur italien
Carolina Costagrande,https://fr.wikipedia.org/?curid=4804839,https://fr.wikipedia.org/wiki/Carolina Costagrande,Wikip\u00e9dia:\u00e9bauche joueuse italienne de volley-ball
Caroline Wensink,https://fr.wikipedia.org/?curid=4799313,https://fr.wikipedia.org/wiki/Caroline Wensink,Article utilisant une Infobox
Ingrid Visser,https://fr.wikipedia.org/?curid=4783257,https://fr.wikipedia.org/wiki/Ingrid Visser,Article utilisant une Infobox
Maggie Castle,https://fr.wikipedia.org/?curid=4784437,https://fr.wikipedia.org/wiki/Maggie Castle,Wikip\u00e9dia:\u00e9bauche acteur canadien
Hayley Peirsol,https://fr.wikipedia.org/?curid=4785853,https://fr.wikipedia.org/wiki/Hayley Peirsol,Article \u00e0 illustrer Nageur
Elena Liashenko,https://fr.wikipedia.org/?curid=4783962,https://fr.wikipedia.org/wiki/Elena Liashenko,Wikip\u00e9dia:\u00e9bauche patinage artistique
Jayne Torvill,https://fr.wikipedia.org/?curid=4791560,https://fr.wikipedia.org/wiki/Jayne Torvill,Article manquant de r\u00e9f\u00e9rences depuis juin 2019
Sara Anzanello,https://fr.wikipedia.org/?curid=479119,https://fr.wikipedia.org/wiki/Sara Anzanello,Wikip\u00e9dia:\u00e9bauche joueuse italienne de volley-ball
Corina Ssuschke,https://fr.wikipedia.org/?curid=4775684,https://fr.wikipedia.org/wiki/Corina Ssuschke,Article utilisant une Infobox
Olga Fate\u00efeva,https://fr.wikipedia.org/?curid=4781430,https://fr.wikipedia.org/wiki/Olga Fate\u00efeva,Article utilisant une Infobox
Valentina Arrighetti,https://fr.wikipedia.org/?curid=4779450,https://fr.wikipedia.org/wiki/Valentina Arrighetti,Article utilisant une Infobox
Tourn\u00e9es de concerts de Jane Birkin,https://fr.wikipedia.org/?curid=4773326,https://fr.wikipedia.org/wiki/Tourn\u00e9es de concerts de Jane Birkin,Article manquant de r\u00e9f\u00e9rences depuis f\u00e9vrier 2019
Lucia Bosetti,https://fr.wikipedia.org/?curid=4788730,https://fr.wikipedia.org/wiki/Lucia Bosetti,Article utilisant une Infobox
Alice Blom,https://fr.wikipedia.org/?curid=4788750,https://fr.wikipedia.org/wiki/Alice Blom,Article utilisant une Infobox
Sandrine Gruda,https://fr.wikipedia.org/?curid=478880,https://fr.wikipedia.org/wiki/Sandrine Gruda,Article utilisant une Infobox
Sabrina Lefran\u00e7ois,https://fr.wikipedia.org/?curid=4789425,https://fr.wikipedia.org/wiki/Sabrina Lefran\u00e7ois,Article \u00e0 illustrer Patineur artistique
Vedrana Grgin-Fonseca,https://fr.wikipedia.org/?curid=478705,https://fr.wikipedia.org/wiki/Vedrana Grgin-Fonseca,Wikip\u00e9dia:\u00e9bauche basket-ball
Lina Jacques-S\u00e9bastien,https://fr.wikipedia.org/?curid=4787180,https://fr.wikipedia.org/wiki/Lina Jacques-S\u00e9bastien,Article utilisant une Infobox
Slobodanka Tuvi\u0107,https://fr.wikipedia.org/?curid=478730,https://fr.wikipedia.org/wiki/Slobodanka Tuvi\u0107,Article \u00e0 illustrer Joueur de basket-ball
Kaci Battaglia,https://fr.wikipedia.org/?curid=4774132,https://fr.wikipedia.org/wiki/Kaci Battaglia,Article \u00e0 recycler/Liste compl\u00e8te
Marina Babechina,https://fr.wikipedia.org/?curid=4796117,https://fr.wikipedia.org/wiki/Marina Babechina,Article utilisant une Infobox
Vesna \u010citakovi\u0107,https://fr.wikipedia.org/?curid=4768397,https://fr.wikipedia.org/wiki/Vesna \u010citakovi\u0107,Article utilisant une Infobox
Ioulia Merkoulova,https://fr.wikipedia.org/?curid=4777548,https://fr.wikipedia.org/wiki/Ioulia Merkoulova,Article utilisant une Infobox
Stacy Sykora,https://fr.wikipedia.org/?curid=4773816,https://fr.wikipedia.org/wiki/Stacy Sykora,Wikip\u00e9dia:\u00e9bauche joueuse am\u00e9ricaine de volley-ball
Nata\u0161a Krsmanovi\u0107,https://fr.wikipedia.org/?curid=4768761,https://fr.wikipedia.org/wiki/Nata\u0161a Krsmanovi\u0107,Article utilisant une Infobox
Yui Ichikawa,https://fr.wikipedia.org/?curid=3825427,https://fr.wikipedia.org/wiki/Yui Ichikawa,Article manquant de r\u00e9f\u00e9rences depuis mai 2014
Monika Pyrek,https://fr.wikipedia.org/?curid=382457,https://fr.wikipedia.org/wiki/Monika Pyrek,Article utilisant une Infobox
Femke Heemskerk,https://fr.wikipedia.org/?curid=3977208,https://fr.wikipedia.org/wiki/Femke Heemskerk,Article utilisant une Infobox
Anna Rogowska,https://fr.wikipedia.org/?curid=397372,https://fr.wikipedia.org/wiki/Anna Rogowska,Article utilisant une Infobox
Fran\u00e7oise Mbango Etone,https://fr.wikipedia.org/?curid=397388,https://fr.wikipedia.org/wiki/Fran\u00e7oise Mbango Etone,Article \u00e0 illustrer Athl\u00e8te
Diam's,https://fr.wikipedia.org/?curid=4146759,https://fr.wikipedia.org/wiki/Diam's,Page en semi-protection longue
Antonina Krivoshapka,https://fr.wikipedia.org/?curid=3979323,https://fr.wikipedia.org/wiki/Antonina Krivoshapka,Article utilisant une Infobox
Lena Sch\u00f6neborn,https://fr.wikipedia.org/?curid=4925539,https://fr.wikipedia.org/wiki/Lena Sch\u00f6neborn,Article utilisant une Infobox
Gustavo Rodr\u00edguez (cyclisme),https://fr.wikipedia.org/?curid=4928299,https://fr.wikipedia.org/wiki/Gustavo Rodr\u00edguez (cyclisme),Page utilisant P569
Jordan Larson,https://fr.wikipedia.org/?curid=4927575,https://fr.wikipedia.org/wiki/Jordan Larson,Wikip\u00e9dia:\u00e9bauche joueuse am\u00e9ricaine de volley-ball
Aurea Cruz,https://fr.wikipedia.org/?curid=4926166,https://fr.wikipedia.org/wiki/Aurea Cruz,Article utilisant une Infobox
Katarzyna Gajga\u0142,https://fr.wikipedia.org/?curid=4830669,https://fr.wikipedia.org/wiki/Katarzyna Gajga\u0142,Article utilisant une Infobox
Anita Wachter,https://fr.wikipedia.org/?curid=482927,https://fr.wikipedia.org/wiki/Anita Wachter,Article utilisant une Infobox
Marianna Nagy (patinage artistique),https://fr.wikipedia.org/?curid=4832837,https://fr.wikipedia.org/wiki/Marianna Nagy (patinage artistique),Article utilisant une Infobox
Eilidh Doyle,https://fr.wikipedia.org/?curid=4895979,https://fr.wikipedia.org/wiki/Eilidh Doyle,Article utilisant une Infobox
Michela Figini,https://fr.wikipedia.org/?curid=491590,https://fr.wikipedia.org/wiki/Michela Figini,Article manquant de r\u00e9f\u00e9rences depuis mai 2019
Liste des joueuses de l'\u00e9quipe de France f\u00e9minine de football,https://fr.wikipedia.org/?curid=4925131,https://fr.wikipedia.org/wiki/Liste des joueuses de l'\u00e9quipe de France f\u00e9minine de football,Page utilisant plus de deux colonnes de r\u00e9f\u00e9rences
Ruddy Zang-Milama,https://fr.wikipedia.org/?curid=4936419,https://fr.wikipedia.org/wiki/Ruddy Zang-Milama,Article utilisant une Infobox
Christina Scherwin,https://fr.wikipedia.org/?curid=4927334,https://fr.wikipedia.org/wiki/Christina Scherwin,Wikip\u00e9dia:\u00e9bauche athl\u00e8te danois
Elina Svitolina,https://fr.wikipedia.org/?curid=4930297,https://fr.wikipedia.org/wiki/Elina Svitolina,Article utilisant une Infobox
Marina Tumas,https://fr.wikipedia.org/?curid=4931582,https://fr.wikipedia.org/wiki/Marina Tumas,Article utilisant une Infobox
Mar\u00eda Fern\u00e1ndez,https://fr.wikipedia.org/?curid=4931606,https://fr.wikipedia.org/wiki/Mar\u00eda Fern\u00e1ndez,Article utilisant une Infobox
Wang Xin (badminton),https://fr.wikipedia.org/?curid=4929377,https://fr.wikipedia.org/wiki/Wang Xin (badminton),Article utilisant une Infobox
Katarina Barun,https://fr.wikipedia.org/?curid=4929510,https://fr.wikipedia.org/wiki/Katarina Barun,Article utilisant une Infobox
Sirena Irwin,https://fr.wikipedia.org/?curid=4929521,https://fr.wikipedia.org/wiki/Sirena Irwin,Page utilisant P569
Patricia Djat\u00e9-Taillard,https://fr.wikipedia.org/?curid=490739,https://fr.wikipedia.org/wiki/Patricia Djat\u00e9-Taillard,Wikip\u00e9dia:\u00e9bauche athl\u00e8te fran\u00e7ais
Jean-Pascal Barraque,https://fr.wikipedia.org/?curid=4920319,https://fr.wikipedia.org/wiki/Jean-Pascal Barraque,Article utilisant une Infobox
Jan \u0158ehula,https://fr.wikipedia.org/?curid=4920537,https://fr.wikipedia.org/wiki/Jan \u0158ehula,Wikip\u00e9dia:\u00e9bauche triathlon
Oksana Kurt,https://fr.wikipedia.org/?curid=4923980,https://fr.wikipedia.org/wiki/Oksana Kurt,Article utilisant une Infobox
Kimberley Mickle,https://fr.wikipedia.org/?curid=4924474,https://fr.wikipedia.org/wiki/Kimberley Mickle,Article utilisant une Infobox
Merve Dalbeler,https://fr.wikipedia.org/?curid=4921018,https://fr.wikipedia.org/wiki/Merve Dalbeler,Article \u00e0 illustrer Joueur de volley-ball
Minna Nikkanen,https://fr.wikipedia.org/?curid=4944143,https://fr.wikipedia.org/wiki/Minna Nikkanen,Wikip\u00e9dia:\u00e9bauche athl\u00e8te finlandais
Elaine Winter,https://fr.wikipedia.org/?curid=4908472,https://fr.wikipedia.org/wiki/Elaine Winter,Page utilisant P570
Alexia Sedykh,https://fr.wikipedia.org/?curid=4908478,https://fr.wikipedia.org/wiki/Alexia Sedykh,Wikip\u00e9dia:\u00e9bauche athl\u00e8te fran\u00e7ais
Thea Frenssen,https://fr.wikipedia.org/?curid=4908528,https://fr.wikipedia.org/wiki/Thea Frenssen,Article utilisant une Infobox
Irina Tebenikhina,https://fr.wikipedia.org/?curid=4907214,https://fr.wikipedia.org/wiki/Irina Tebenikhina,Article \u00e0 illustrer Joueur de volley-ball
Wang Lin,https://fr.wikipedia.org/?curid=4914666,https://fr.wikipedia.org/wiki/Wang Lin,Article \u00e0 illustrer Joueur de badminton
Tine Baun,https://fr.wikipedia.org/?curid=4916820,https://fr.wikipedia.org/wiki/Tine Baun,Article utilisant une Infobox
Kerstin Tzscherlich,https://fr.wikipedia.org/?curid=4933157,https://fr.wikipedia.org/wiki/Kerstin Tzscherlich,Article utilisant une Infobox
Jennifer Nettles,https://fr.wikipedia.org/?curid=4906712,https://fr.wikipedia.org/wiki/Jennifer Nettles,Wikip\u00e9dia:\u00e9bauche chanteur am\u00e9ricain
Hayley Kiyoko,https://fr.wikipedia.org/?curid=4934094,https://fr.wikipedia.org/wiki/Hayley Kiyoko,Article utilisant une Infobox
Tereza Rossi,https://fr.wikipedia.org/?curid=4933184,https://fr.wikipedia.org/wiki/Tereza Rossi,Article utilisant une Infobox
Hannah Montana Forever (bande originale),https://fr.wikipedia.org/?curid=4881997,https://fr.wikipedia.org/wiki/Hannah Montana Forever (bande originale),Article utilisant une Infobox
Katinka Hossz\u00fa,https://fr.wikipedia.org/?curid=4882179,https://fr.wikipedia.org/wiki/Katinka Hossz\u00fa,Article utilisant une Infobox
Park Gyuri,https://fr.wikipedia.org/?curid=4877842,https://fr.wikipedia.org/wiki/Park Gyuri,Article utilisant une Infobox
Isabelle Guillot,https://fr.wikipedia.org/?curid=487808,https://fr.wikipedia.org/wiki/Isabelle Guillot,Article \u00e0 illustrer Athl\u00e8te
Cozi Costi,https://fr.wikipedia.org/?curid=4884440,https://fr.wikipedia.org/wiki/Cozi Costi,Article sans source depuis juin 2020
Daniela Samulski,https://fr.wikipedia.org/?curid=4881922,https://fr.wikipedia.org/wiki/Daniela Samulski,Wikip\u00e9dia:\u00e9bauche natation
Ministre charg\u00e9 des Droits des femmes,https://fr.wikipedia.org/?curid=4822747,https://fr.wikipedia.org/wiki/Ministre charg\u00e9 des Droits des femmes,Article utilisant une Infobox
Elyzaveta Bryzhina,https://fr.wikipedia.org/?curid=4827652,https://fr.wikipedia.org/wiki/Elyzaveta Bryzhina,Article utilisant une Infobox
Natalia Loupou,https://fr.wikipedia.org/?curid=4827694,https://fr.wikipedia.org/wiki/Natalia Loupou,Article contenant un appel \u00e0 traduction en polonais
Iekaterina Oulanova,https://fr.wikipedia.org/?curid=4825307,https://fr.wikipedia.org/wiki/Iekaterina Oulanova,Article \u00e0 illustrer Joueur de volley-ball
Erika Bella,https://fr.wikipedia.org/?curid=4828720,https://fr.wikipedia.org/wiki/Erika Bella,Wikip\u00e9dia:\u00e9bauche actrice pornographique hongroise
Neli Marinova,https://fr.wikipedia.org/?curid=4828809,https://fr.wikipedia.org/wiki/Neli Marinova,Article utilisant une Infobox
Yasmina Hern\u00e1ndez,https://fr.wikipedia.org/?curid=4828826,https://fr.wikipedia.org/wiki/Yasmina Hern\u00e1ndez,Article utilisant une Infobox
China Zorrilla,https://fr.wikipedia.org/?curid=4864565,https://fr.wikipedia.org/wiki/China Zorrilla,Article utilisant une Infobox
Anastasiya Shvedova,https://fr.wikipedia.org/?curid=4866264,https://fr.wikipedia.org/wiki/Anastasiya Shvedova,Page utilisant P569
Nataliya Pohrebnyak,https://fr.wikipedia.org/?curid=4866303,https://fr.wikipedia.org/wiki/Nataliya Pohrebnyak,Wikip\u00e9dia:\u00e9bauche athl\u00e8te ukrainien
Naura El Gargati,https://fr.wikipedia.org/?curid=4865328,https://fr.wikipedia.org/wiki/Naura El Gargati,Article utilisant une Infobox
Antoinette de Monaco,https://fr.wikipedia.org/?curid=486375,https://fr.wikipedia.org/wiki/Antoinette de Monaco,Article utilisant une Infobox
Kathleen MacLeod,https://fr.wikipedia.org/?curid=4865366,https://fr.wikipedia.org/wiki/Kathleen MacLeod,Wikip\u00e9dia:\u00e9bauche basket-ball
Julie Anne Page,https://fr.wikipedia.org/?curid=4865478,https://fr.wikipedia.org/wiki/Julie Anne Page,Wikip\u00e9dia:\u00e9bauche basket-ball
Weronika Wedler,https://fr.wikipedia.org/?curid=4865574,https://fr.wikipedia.org/wiki/Weronika Wedler,Wikip\u00e9dia:\u00e9bauche athl\u00e8te polonais
Hilda Kibet,https://fr.wikipedia.org/?curid=4870272,https://fr.wikipedia.org/wiki/Hilda Kibet,Wikip\u00e9dia:\u00e9bauche athl\u00e8te n\u00e9erlandais
Silke Lippok,https://fr.wikipedia.org/?curid=4900129,https://fr.wikipedia.org/wiki/Silke Lippok,Wikip\u00e9dia:\u00e9bauche natation
Anastasia Chaun,https://fr.wikipedia.org/?curid=4899519,https://fr.wikipedia.org/wiki/Anastasia Chaun,Wikip\u00e9dia:\u00e9bauche natation
Kim In-kyung,https://fr.wikipedia.org/?curid=4901798,https://fr.wikipedia.org/wiki/Kim In-kyung,Wikip\u00e9dia:\u00e9bauche golf
Enrica Merlo,https://fr.wikipedia.org/?curid=4899412,https://fr.wikipedia.org/wiki/Enrica Merlo,Wikip\u00e9dia:\u00e9bauche joueuse italienne de volley-ball
Ximena Navarrete,https://fr.wikipedia.org/?curid=4902235,https://fr.wikipedia.org/wiki/Ximena Navarrete,Article utilisant une Infobox
Margrethe Renstr\u00f8m,https://fr.wikipedia.org/?curid=4852098,https://fr.wikipedia.org/wiki/Margrethe Renstr\u00f8m,Wikip\u00e9dia:\u00e9bauche athl\u00e8te norv\u00e9gien
Fabienne Kohlmann,https://fr.wikipedia.org/?curid=4866930,https://fr.wikipedia.org/wiki/Fabienne Kohlmann,Wikip\u00e9dia:\u00e9bauche athl\u00e8te allemand
Esther Cremer,https://fr.wikipedia.org/?curid=4867053,https://fr.wikipedia.org/wiki/Esther Cremer,Wikip\u00e9dia:\u00e9bauche athl\u00e8te allemand
Linsy Heister,https://fr.wikipedia.org/?curid=4869156,https://fr.wikipedia.org/wiki/Linsy Heister,Wikip\u00e9dia:\u00e9bauche natation
Ivana \u0110erisilo,https://fr.wikipedia.org/?curid=4806572,https://fr.wikipedia.org/wiki/Ivana \u0110erisilo,Article utilisant une Infobox
Annerys Vargas,https://fr.wikipedia.org/?curid=4806610,https://fr.wikipedia.org/wiki/Annerys Vargas,Wikip\u00e9dia:\u00e9bauche joueuse dominicaine de volley-ball
Jana Novotn\u00e1,https://fr.wikipedia.org/?curid=482291,https://fr.wikipedia.org/wiki/Jana Novotn\u00e1,Article utilisant une Infobox
Mikaela Ingberg,https://fr.wikipedia.org/?curid=4898651,https://fr.wikipedia.org/wiki/Mikaela Ingberg,Wikip\u00e9dia:\u00e9bauche athl\u00e8te finlandais
Bianca Thomas,https://fr.wikipedia.org/?curid=4897507,https://fr.wikipedia.org/wiki/Bianca Thomas,Wikip\u00e9dia:\u00e9bauche basket-ball
Sharon Fichman,https://fr.wikipedia.org/?curid=4897553,https://fr.wikipedia.org/wiki/Sharon Fichman,Article utilisant une Infobox
Olga Dvirna,https://fr.wikipedia.org/?curid=4898157,https://fr.wikipedia.org/wiki/Olga Dvirna,Wikip\u00e9dia:\u00e9bauche athl\u00e8te russe
Jennifer Dahlgren,https://fr.wikipedia.org/?curid=4898344,https://fr.wikipedia.org/wiki/Jennifer Dahlgren,Wikip\u00e9dia:\u00e9bauche athl\u00e8te argentin
Renata Scant,https://fr.wikipedia.org/?curid=4896441,https://fr.wikipedia.org/wiki/Renata Scant,Wikip\u00e9dia:\u00e9bauche acteur fran\u00e7ais
Bunny Luv,https://fr.wikipedia.org/?curid=4889159,https://fr.wikipedia.org/wiki/Bunny Luv,Article utilisant une Infobox
Alexia Kusion,https://fr.wikipedia.org/?curid=4880882,https://fr.wikipedia.org/wiki/Alexia Kusion,Wikip\u00e9dia:\u00e9bauche basket-ball
Liste des joueuses des Flammes Carolo basket,https://fr.wikipedia.org/?curid=4880904,https://fr.wikipedia.org/wiki/Liste des joueuses des Flammes Carolo basket,Article contenant un lien mort
Darline Nsoki,https://fr.wikipedia.org/?curid=4880931,https://fr.wikipedia.org/wiki/Darline Nsoki,Wikip\u00e9dia:\u00e9bauche basket-ball
Jelena Dubljevi\u0107,https://fr.wikipedia.org/?curid=4880947,https://fr.wikipedia.org/wiki/Jelena Dubljevi\u0107,Article utilisant une Infobox
Nat\u00e1lia Pereira,https://fr.wikipedia.org/?curid=4892516,https://fr.wikipedia.org/wiki/Nat\u00e1lia Pereira,Article utilisant une Infobox
C\u00e9line Distel-Bonnet,https://fr.wikipedia.org/?curid=4892612,https://fr.wikipedia.org/wiki/C\u00e9line Distel-Bonnet,Article utilisant une Infobox
Nelly Banco,https://fr.wikipedia.org/?curid=4892655,https://fr.wikipedia.org/wiki/Nelly Banco,Wikip\u00e9dia:\u00e9bauche athl\u00e8te fran\u00e7ais
Giulia Rondon,https://fr.wikipedia.org/?curid=4894342,https://fr.wikipedia.org/wiki/Giulia Rondon,Wikip\u00e9dia:\u00e9bauche joueuse italienne de volley-ball
Isabelle Strunc,https://fr.wikipedia.org/?curid=4893534,https://fr.wikipedia.org/wiki/Isabelle Strunc,Article utilisant une Infobox
Ellen Brockh\u00f6ft,https://fr.wikipedia.org/?curid=4895501,https://fr.wikipedia.org/wiki/Ellen Brockh\u00f6ft,Article utilisant une Infobox
Elitsa Vasileva,https://fr.wikipedia.org/?curid=4887815,https://fr.wikipedia.org/wiki/Elitsa Vasileva,Article utilisant une Infobox
Manuela Leggeri,https://fr.wikipedia.org/?curid=4887839,https://fr.wikipedia.org/wiki/Manuela Leggeri,Wikip\u00e9dia:\u00e9bauche joueuse italienne de volley-ball
Catherine Joens,https://fr.wikipedia.org/?curid=4885156,https://fr.wikipedia.org/wiki/Catherine Joens,Article utilisant une Infobox
Marion Laborde,https://fr.wikipedia.org/?curid=4884973,https://fr.wikipedia.org/wiki/Marion Laborde,Article utilisant une Infobox
Bineta Diouf,https://fr.wikipedia.org/?curid=4885009,https://fr.wikipedia.org/wiki/Bineta Diouf,Wikip\u00e9dia:\u00e9bauche joueuse de basket-ball
Jennifer Humphrey,https://fr.wikipedia.org/?curid=4885070,https://fr.wikipedia.org/wiki/Jennifer Humphrey,Article \u00e0 illustrer Joueur de basket-ball
Zsuzsanna Jakabos,https://fr.wikipedia.org/?curid=4886897,https://fr.wikipedia.org/wiki/Zsuzsanna Jakabos,Wikip\u00e9dia:\u00e9bauche natation
Wang Yihan,https://fr.wikipedia.org/?curid=4903655,https://fr.wikipedia.org/wiki/Wang Yihan,Wikip\u00e9dia:\u00e9bauche badminton
Hanni Wenzel,https://fr.wikipedia.org/?curid=490481,https://fr.wikipedia.org/wiki/Hanni Wenzel,Article manquant de r\u00e9f\u00e9rences depuis mai 2019
Marie-Theres Nadig,https://fr.wikipedia.org/?curid=490507,https://fr.wikipedia.org/wiki/Marie-Theres Nadig,Wikip\u00e9dia:\u00e9bauche personnalit\u00e9 suisse
Agata Sawicka,https://fr.wikipedia.org/?curid=5350486,https://fr.wikipedia.org/wiki/Agata Sawicka,Article utilisant une Infobox
Izabela Hohn,https://fr.wikipedia.org/?curid=5340128,https://fr.wikipedia.org/wiki/Izabela Hohn,Article utilisant une Infobox
Yamila Nizetich,https://fr.wikipedia.org/?curid=5343055,https://fr.wikipedia.org/wiki/Yamila Nizetich,Article utilisant une Infobox
Emily Brydon,https://fr.wikipedia.org/?curid=534174,https://fr.wikipedia.org/wiki/Emily Brydon,Article utilisant une Infobox
Christina Schwanitz,https://fr.wikipedia.org/?curid=5327206,https://fr.wikipedia.org/wiki/Christina Schwanitz,Article utilisant une Infobox
Simon Lessing,https://fr.wikipedia.org/?curid=5324787,https://fr.wikipedia.org/wiki/Simon Lessing,Article utilisant une Infobox
Helen Clitheroe,https://fr.wikipedia.org/?curid=5340846,https://fr.wikipedia.org/wiki/Helen Clitheroe,Wikip\u00e9dia:\u00e9bauche athl\u00e8te britannique
Marie Gayot,https://fr.wikipedia.org/?curid=5340233,https://fr.wikipedia.org/wiki/Marie Gayot,Article utilisant une Infobox
Yuliya Pidluzhnaya,https://fr.wikipedia.org/?curid=5340282,https://fr.wikipedia.org/wiki/Yuliya Pidluzhnaya,Wikip\u00e9dia:\u00e9bauche athl\u00e8te russe
Elena Runggaldier,https://fr.wikipedia.org/?curid=5340593,https://fr.wikipedia.org/wiki/Elena Runggaldier,Article utilisant une Infobox
Marina Maryukhnich,https://fr.wikipedia.org/?curid=5337317,https://fr.wikipedia.org/wiki/Marina Maryukhnich,Article utilisant une Infobox
Marta Swiechowska,https://fr.wikipedia.org/?curid=5337382,https://fr.wikipedia.org/wiki/Marta Swiechowska,Article utilisant une Infobox
Sharon Arms Doucet,https://fr.wikipedia.org/?curid=5427061,https://fr.wikipedia.org/wiki/Sharon Arms Doucet,Wikip\u00e9dia:\u00e9bauche \u00e9crivain am\u00e9ricain
Dany Rigoulot,https://fr.wikipedia.org/?curid=5427388,https://fr.wikipedia.org/wiki/Dany Rigoulot,Article \u00e0 illustrer Patineur artistique
Anna Pligounova,https://fr.wikipedia.org/?curid=5406595,https://fr.wikipedia.org/wiki/Anna Pligounova,Article \u00e0 illustrer Joueur de volley-ball
Inna Matveyeva,https://fr.wikipedia.org/?curid=5402503,https://fr.wikipedia.org/wiki/Inna Matveyeva,Article utilisant une Infobox
Liliana N\u0103stase,https://fr.wikipedia.org/?curid=5402692,https://fr.wikipedia.org/wiki/Liliana N\u0103stase,Wikip\u00e9dia:\u00e9bauche athl\u00e8te roumain
Bae Jong-ok,https://fr.wikipedia.org/?curid=5412976,https://fr.wikipedia.org/wiki/Bae Jong-ok,Wikip\u00e9dia:\u00e9bauche acteur sud-cor\u00e9en
Natalia Rogatcheva,https://fr.wikipedia.org/?curid=5411909,https://fr.wikipedia.org/wiki/Natalia Rogatcheva,Article \u00e0 illustrer Joueur de volley-ball
Larisa Mikhalchenko,https://fr.wikipedia.org/?curid=5404921,https://fr.wikipedia.org/wiki/Larisa Mikhalchenko,Wikip\u00e9dia:\u00e9bauche athl\u00e8te sovi\u00e9tique
Rosario Murcia-Gangloff,https://fr.wikipedia.org/?curid=5398984,https://fr.wikipedia.org/wiki/Rosario Murcia-Gangloff,Wikip\u00e9dia:\u00e9bauche athl\u00e8te fran\u00e7ais
Irina-Camelia Begu,https://fr.wikipedia.org/?curid=5410653,https://fr.wikipedia.org/wiki/Irina-Camelia Begu,Article utilisant une Infobox
Nataliya Hryhoryeva,https://fr.wikipedia.org/?curid=5409354,https://fr.wikipedia.org/wiki/Nataliya Hryhoryeva,Wikip\u00e9dia:\u00e9bauche athl\u00e8te sovi\u00e9tique
