Name,URL1,URL2,First Category
Jessica Pardin,https://fr.wikipedia.org/?curid=13257892,https://fr.wikipedia.org/wiki/Jessica Pardin,Article utilisant une Infobox
Izabela Campos,https://fr.wikipedia.org/?curid=13139480,https://fr.wikipedia.org/wiki/Izabela Campos,Article utilisant une Infobox
Denisa Dragomir,https://fr.wikipedia.org/?curid=13152939,https://fr.wikipedia.org/wiki/Denisa Dragomir,Article \u00e0 illustrer Athl\u00e8te
Sonja Morgenstern,https://fr.wikipedia.org/?curid=1315090,https://fr.wikipedia.org/wiki/Sonja Morgenstern,Wikip\u00e9dia:\u00e9bauche patinage artistique
Fabienne Wohlwend,https://fr.wikipedia.org/?curid=13150628,https://fr.wikipedia.org/wiki/Fabienne Wohlwend,Page utilisant P569
Wendy Jans,https://fr.wikipedia.org/?curid=13167031,https://fr.wikipedia.org/wiki/Wendy Jans,Article utilisant une Infobox
Fatma Lanouar,https://fr.wikipedia.org/?curid=13164989,https://fr.wikipedia.org/wiki/Fatma Lanouar,Wikip\u00e9dia:\u00e9bauche athl\u00e8te tunisien
Michala Banas,https://fr.wikipedia.org/?curid=13116472,https://fr.wikipedia.org/wiki/Michala Banas,Article \u00e0 illustrer Personnalit\u00e9 du cin\u00e9ma
Melissa Gonz\u00e1lez,https://fr.wikipedia.org/?curid=13114483,https://fr.wikipedia.org/wiki/Melissa Gonz\u00e1lez,Wikip\u00e9dia:\u00e9bauche athl\u00e8te colombien
Chiara Iezzi,https://fr.wikipedia.org/?curid=13115078,https://fr.wikipedia.org/wiki/Chiara Iezzi,Page utilisant P569
Shel\u00e9a,https://fr.wikipedia.org/?curid=13082866,https://fr.wikipedia.org/wiki/Shel\u00e9a,Page utilisant P106
Harriet Dart,https://fr.wikipedia.org/?curid=13081757,https://fr.wikipedia.org/wiki/Harriet Dart,Article utilisant une Infobox
Malou Prytz,https://fr.wikipedia.org/?curid=13104098,https://fr.wikipedia.org/wiki/Malou Prytz,Page utilisant P569
Ellen Roosevelt,https://fr.wikipedia.org/?curid=1310516,https://fr.wikipedia.org/wiki/Ellen Roosevelt,Article utilisant une Infobox
Marion Jones (tennis),https://fr.wikipedia.org/?curid=1310593,https://fr.wikipedia.org/wiki/Marion Jones (tennis),Article utilisant une Infobox
Only You (chanson de Yazoo),https://fr.wikipedia.org/?curid=11531802,https://fr.wikipedia.org/wiki/Only You (chanson de Yazoo),Article contenant un appel \u00e0 traduction en anglais
Fantu Worku,https://fr.wikipedia.org/?curid=11531449,https://fr.wikipedia.org/wiki/Fantu Worku,Wikip\u00e9dia:\u00e9bauche athl\u00e9tisme
Adriana Ger\u0161i,https://fr.wikipedia.org/?curid=1151990,https://fr.wikipedia.org/wiki/Adriana Ger\u0161i,Article \u00e0 illustrer Joueur de tennis
Millie Knight,https://fr.wikipedia.org/?curid=11543414,https://fr.wikipedia.org/wiki/Millie Knight,Wikip\u00e9dia:\u00e9bauche ski alpin
Anna Schaffelhuber,https://fr.wikipedia.org/?curid=11540447,https://fr.wikipedia.org/wiki/Anna Schaffelhuber,Wikip\u00e9dia:\u00e9bauche ski alpin
Hannah Williams,https://fr.wikipedia.org/?curid=11538595,https://fr.wikipedia.org/wiki/Hannah Williams,Wikip\u00e9dia:\u00e9bauche athl\u00e8te britannique
Amy Allcock,https://fr.wikipedia.org/?curid=11538598,https://fr.wikipedia.org/wiki/Amy Allcock,Wikip\u00e9dia:\u00e9bauche athl\u00e8te britannique
Anna-Lena Forster,https://fr.wikipedia.org/?curid=11542758,https://fr.wikipedia.org/wiki/Anna-Lena Forster,Wikip\u00e9dia:\u00e9bauche ski alpin
Anna Jochemsen,https://fr.wikipedia.org/?curid=11543279,https://fr.wikipedia.org/wiki/Anna Jochemsen,Wikip\u00e9dia:\u00e9bauche ski alpin
Laura Lu\u00eds,https://fr.wikipedia.org/?curid=11525016,https://fr.wikipedia.org/wiki/Laura Lu\u00eds,Wikip\u00e9dia:\u00e9bauche footballeuse
Mary Kate Schellhardt,https://fr.wikipedia.org/?curid=11526941,https://fr.wikipedia.org/wiki/Mary Kate Schellhardt,Article manquant de r\u00e9f\u00e9rences depuis mars 2018
Madeleine Egle,https://fr.wikipedia.org/?curid=11499441,https://fr.wikipedia.org/wiki/Madeleine Egle,Wikip\u00e9dia:\u00e9bauche luge
Kimberley Bos,https://fr.wikipedia.org/?curid=11499586,https://fr.wikipedia.org/wiki/Kimberley Bos,Article utilisant une Infobox
Jane Jamieson,https://fr.wikipedia.org/?curid=11499660,https://fr.wikipedia.org/wiki/Jane Jamieson,Wikip\u00e9dia:\u00e9bauche athl\u00e8te australien
Julia Pereira de Sousa Mabileau,https://fr.wikipedia.org/?curid=11497037,https://fr.wikipedia.org/wiki/Julia Pereira de Sousa Mabileau,Wikip\u00e9dia:\u00e9bauche sportif fran\u00e7ais
Ewa Wasilewska,https://fr.wikipedia.org/?curid=11509956,https://fr.wikipedia.org/wiki/Ewa Wasilewska,Wikip\u00e9dia:\u00e9bauche patinage de vitesse
Ewelina Marcisz,https://fr.wikipedia.org/?curid=11489504,https://fr.wikipedia.org/wiki/Ewelina Marcisz,Wikip\u00e9dia:\u00e9bauche ski de fond
Martyna Galewicz,https://fr.wikipedia.org/?curid=11489579,https://fr.wikipedia.org/wiki/Martyna Galewicz,Wikip\u00e9dia:\u00e9bauche ski de fond
Yekaterina Aydova,https://fr.wikipedia.org/?curid=11501602,https://fr.wikipedia.org/wiki/Yekaterina Aydova,Wikip\u00e9dia:\u00e9bauche patinage de vitesse
Hege B\u00f8kko,https://fr.wikipedia.org/?curid=11501619,https://fr.wikipedia.org/wiki/Hege B\u00f8kko,Wikip\u00e9dia:\u00e9bauche patinage de vitesse
Liste des grandes-duchesses et des princesses de Russie,https://fr.wikipedia.org/?curid=11500274,https://fr.wikipedia.org/wiki/Liste des grandes-duchesses et des princesses de Russie,Portail:Empire russe/Articles li\u00e9s
Kim Vanreusel,https://fr.wikipedia.org/?curid=11503672,https://fr.wikipedia.org/wiki/Kim Vanreusel,Wikip\u00e9dia:\u00e9bauche personnalit\u00e9 belge
Laura G\u00f3mez (patinage de vitesse),https://fr.wikipedia.org/?curid=11500619,https://fr.wikipedia.org/wiki/Laura G\u00f3mez (patinage de vitesse),Wikip\u00e9dia:\u00e9bauche personnalit\u00e9 colombienne
Magdalena Czyszczo\u0144,https://fr.wikipedia.org/?curid=11512111,https://fr.wikipedia.org/wiki/Magdalena Czyszczo\u0144,Wikip\u00e9dia:\u00e9bauche patinage de vitesse
Aleksandra Kr\u00f3l,https://fr.wikipedia.org/?curid=11512138,https://fr.wikipedia.org/wiki/Aleksandra Kr\u00f3l,Wikip\u00e9dia:\u00e9bauche personnalit\u00e9 polonaise
Lauren Gibbs,https://fr.wikipedia.org/?curid=11512182,https://fr.wikipedia.org/wiki/Lauren Gibbs,Wikip\u00e9dia:\u00e9bauche sportif am\u00e9ricain
Choi Da-bin,https://fr.wikipedia.org/?curid=11512588,https://fr.wikipedia.org/wiki/Choi Da-bin,Wikip\u00e9dia:\u00e9bauche patinage artistique
Ayaka Kikuchi (patinage de vitesse),https://fr.wikipedia.org/?curid=11512606,https://fr.wikipedia.org/wiki/Ayaka Kikuchi (patinage de vitesse),Wikip\u00e9dia:\u00e9bauche patinage de vitesse
Karen Chen,https://fr.wikipedia.org/?curid=11512642,https://fr.wikipedia.org/wiki/Karen Chen,Wikip\u00e9dia:\u00e9bauche patinage artistique
Alexia Paganini,https://fr.wikipedia.org/?curid=11512664,https://fr.wikipedia.org/wiki/Alexia Paganini,Article utilisant une Infobox
Mariama Jamanka,https://fr.wikipedia.org/?curid=11511699,https://fr.wikipedia.org/wiki/Mariama Jamanka,Wikip\u00e9dia:\u00e9bauche bobsleigh
Lisa Buckwitz,https://fr.wikipedia.org/?curid=11511769,https://fr.wikipedia.org/wiki/Lisa Buckwitz,Wikip\u00e9dia:\u00e9bauche bobsleigh
Hanna Huskova,https://fr.wikipedia.org/?curid=11497818,https://fr.wikipedia.org/wiki/Hanna Huskova,Wikip\u00e9dia:\u00e9bauche personnalit\u00e9 bi\u00e9lorusse
Drikus Coetzee,https://fr.wikipedia.org/?curid=11498638,https://fr.wikipedia.org/wiki/Drikus Coetzee,Wikip\u00e9dia:\u00e9bauche coureur cycliste namibien
Anna Surkova,https://fr.wikipedia.org/?curid=11499913,https://fr.wikipedia.org/wiki/Anna Surkova,Wikip\u00e9dia:\u00e9bauche ski de fond
Zehra G\u00fcne\u015f,https://fr.wikipedia.org/?curid=11500025,https://fr.wikipedia.org/wiki/Zehra G\u00fcne\u015f,Article utilisant une Infobox
Maggie Ewen,https://fr.wikipedia.org/?curid=11498246,https://fr.wikipedia.org/wiki/Maggie Ewen,Wikip\u00e9dia:\u00e9bauche athl\u00e8te am\u00e9ricain
Kim Hyun-yung,https://fr.wikipedia.org/?curid=11498375,https://fr.wikipedia.org/wiki/Kim Hyun-yung,Wikip\u00e9dia:\u00e9bauche patinage de vitesse
Lenka N\u011bme\u010dkov\u00e1,https://fr.wikipedia.org/?curid=1159719,https://fr.wikipedia.org/wiki/Lenka N\u011bme\u010dkov\u00e1,Article \u00e0 illustrer Joueur de tennis
Dragana Zari\u0107,https://fr.wikipedia.org/?curid=1159757,https://fr.wikipedia.org/wiki/Dragana Zari\u0107,Article \u00e0 illustrer Joueur de tennis
Bahia Boussad,https://fr.wikipedia.org/?curid=11599205,https://fr.wikipedia.org/wiki/Bahia Boussad,Wikip\u00e9dia:\u00e9bauche athl\u00e9tisme
Ex fan des sixties (chanson),https://fr.wikipedia.org/?curid=11596474,https://fr.wikipedia.org/wiki/Ex fan des sixties (chanson),Wikip\u00e9dia:\u00e9bauche chanson fran\u00e7aise
Zella Day,https://fr.wikipedia.org/?curid=11595803,https://fr.wikipedia.org/wiki/Zella Day,Article manquant de r\u00e9f\u00e9rences depuis avril 2018
Liz Gordon,https://fr.wikipedia.org/?curid=1157682,https://fr.wikipedia.org/wiki/Liz Gordon,Article \u00e0 illustrer Joueur de tennis
Anna Maria Fern\u00e1ndez,https://fr.wikipedia.org/?curid=1157713,https://fr.wikipedia.org/wiki/Anna Maria Fern\u00e1ndez,Article \u00e0 illustrer Joueur de tennis
Dinah Jane,https://fr.wikipedia.org/?curid=11588637,https://fr.wikipedia.org/wiki/Dinah Jane,Article manquant de r\u00e9f\u00e9rences depuis mars 2018
Padmini Kolhapure,https://fr.wikipedia.org/?curid=11586914,https://fr.wikipedia.org/wiki/Padmini Kolhapure,Page utilisant P19
Zahra Lari,https://fr.wikipedia.org/?curid=11589666,https://fr.wikipedia.org/wiki/Zahra Lari,Page utilisant P569
Wakaba Higuchi,https://fr.wikipedia.org/?curid=11585416,https://fr.wikipedia.org/wiki/Wakaba Higuchi,Wikip\u00e9dia:\u00e9bauche patinage artistique
Nadiya Billova,https://fr.wikipedia.org/?curid=11568581,https://fr.wikipedia.org/wiki/Nadiya Billova,Article \u00e0 illustrer Sportif
Helen Anliot,https://fr.wikipedia.org/?curid=1157831,https://fr.wikipedia.org/wiki/Helen Anliot,Article \u00e0 illustrer Joueur de tennis
Esther Paslier,https://fr.wikipedia.org/?curid=11591443,https://fr.wikipedia.org/wiki/Esther Paslier,Article \u00e0 illustrer Sportif
G\u00e9rard Depardieu,https://fr.wikipedia.org/?curid=11576,https://fr.wikipedia.org/wiki/G\u00e9rard Depardieu,Article contenant un lien mort
Susan Leo,https://fr.wikipedia.org/?curid=1157604,https://fr.wikipedia.org/wiki/Susan Leo,Article \u00e0 illustrer Joueur de tennis
Mich\u00e8le Gurdal,https://fr.wikipedia.org/?curid=1158085,https://fr.wikipedia.org/wiki/Mich\u00e8le Gurdal,Article \u00e0 illustrer Joueur de tennis
Kumiko Okamoto,https://fr.wikipedia.org/?curid=1158420,https://fr.wikipedia.org/wiki/Kumiko Okamoto,Article \u00e0 illustrer Joueur de tennis
Brigitte Cuypers,https://fr.wikipedia.org/?curid=1158017,https://fr.wikipedia.org/wiki/Brigitte Cuypers,Article \u00e0 illustrer Joueur de tennis
Jos\u00e9phine Forni,https://fr.wikipedia.org/?curid=11584731,https://fr.wikipedia.org/wiki/Jos\u00e9phine Forni,Article \u00e0 illustrer Sportif
Maya Kidowaki,https://fr.wikipedia.org/?curid=1158371,https://fr.wikipedia.org/wiki/Maya Kidowaki,Article \u00e0 illustrer Joueur de tennis
Emily Young (ski de fond),https://fr.wikipedia.org/?curid=11579403,https://fr.wikipedia.org/wiki/Emily Young (ski de fond),Wikip\u00e9dia:\u00e9bauche ski de fond
Kathy May,https://fr.wikipedia.org/?curid=1157982,https://fr.wikipedia.org/wiki/Kathy May,Article \u00e0 illustrer Joueur de tennis
Anna Zaporozhanova,https://fr.wikipedia.org/?curid=1154428,https://fr.wikipedia.org/wiki/Anna Zaporozhanova,Article \u00e0 illustrer Joueur de tennis
Vilde Nilsen,https://fr.wikipedia.org/?curid=11571916,https://fr.wikipedia.org/wiki/Vilde Nilsen,Wikip\u00e9dia:\u00e9bauche ski de fond
Natalie Wilkie,https://fr.wikipedia.org/?curid=11567642,https://fr.wikipedia.org/wiki/Natalie Wilkie,Wikip\u00e9dia:\u00e9bauche ski de fond
Heike Eder,https://fr.wikipedia.org/?curid=11567751,https://fr.wikipedia.org/wiki/Heike Eder,Wikip\u00e9dia:\u00e9bauche ski alpin
Tara Davis-Woodhall,https://fr.wikipedia.org/?curid=11571454,https://fr.wikipedia.org/wiki/Tara Davis-Woodhall,Wikip\u00e9dia:\u00e9bauche athl\u00e9tisme
Liudmyla Liashenko,https://fr.wikipedia.org/?curid=11566644,https://fr.wikipedia.org/wiki/Liudmyla Liashenko,Wikip\u00e9dia:\u00e9bauche ski de fond
Natalia Kaczmarek,https://fr.wikipedia.org/?curid=11564414,https://fr.wikipedia.org/wiki/Natalia Kaczmarek,Wikip\u00e9dia:\u00e9bauche athl\u00e8te polonais
Thomas Audon et Sophie Allaf,https://fr.wikipedia.org/?curid=11554075,https://fr.wikipedia.org/wiki/Thomas Audon et Sophie Allaf,Wikip\u00e9dia:Tentative d'adoption en juillet 2022
Dora Bouchoucha,https://fr.wikipedia.org/?curid=11544651,https://fr.wikipedia.org/wiki/Dora Bouchoucha,Wikip\u00e9dia:\u00e9bauche producteur
Sviatlana Sakhanenka,https://fr.wikipedia.org/?curid=11554613,https://fr.wikipedia.org/wiki/Sviatlana Sakhanenka,Page utilisant P569
Ringo Shiina,https://fr.wikipedia.org/?curid=115498,https://fr.wikipedia.org/wiki/Ringo Shiina,Article contenant un lien mort
Stephani Victor,https://fr.wikipedia.org/?curid=11548113,https://fr.wikipedia.org/wiki/Stephani Victor,Wikip\u00e9dia:\u00e9bauche ski alpin
Melissa Perrine,https://fr.wikipedia.org/?curid=11548318,https://fr.wikipedia.org/wiki/Melissa Perrine,Wikip\u00e9dia:\u00e9bauche ski alpin
Kim Ho-jung,https://fr.wikipedia.org/?curid=11551040,https://fr.wikipedia.org/wiki/Kim Ho-jung,Wikip\u00e9dia:\u00e9bauche acteur sud-cor\u00e9en
Teryn Ashley,https://fr.wikipedia.org/?curid=1154563,https://fr.wikipedia.org/wiki/Teryn Ashley,Article \u00e0 illustrer Joueur de tennis
Momoka Muraoka,https://fr.wikipedia.org/?curid=11551502,https://fr.wikipedia.org/wiki/Momoka Muraoka,Wikip\u00e9dia:\u00e9bauche ski alpin
Agnia Kouznetsova,https://fr.wikipedia.org/?curid=11551533,https://fr.wikipedia.org/wiki/Agnia Kouznetsova,Wikip\u00e9dia:\u00e9bauche acteur russe
Maria Sotskova,https://fr.wikipedia.org/?curid=11551901,https://fr.wikipedia.org/wiki/Maria Sotskova,Wikip\u00e9dia:\u00e9bauche patinage artistique
Blanca Fern\u00e1ndez Ochoa,https://fr.wikipedia.org/?curid=1154891,https://fr.wikipedia.org/wiki/Blanca Fern\u00e1ndez Ochoa,Wikip\u00e9dia:\u00e9bauche ski alpin
Mollie Jepsen,https://fr.wikipedia.org/?curid=11549226,https://fr.wikipedia.org/wiki/Mollie Jepsen,Wikip\u00e9dia:\u00e9bauche ski alpin
Oksana Masters,https://fr.wikipedia.org/?curid=11550757,https://fr.wikipedia.org/wiki/Oksana Masters,Page utilisant P569
Christina Nielsen,https://fr.wikipedia.org/?curid=11547418,https://fr.wikipedia.org/wiki/Christina Nielsen,Article utilisant une Infobox
Christelle Moran\u00e7ais,https://fr.wikipedia.org/?curid=11176117,https://fr.wikipedia.org/wiki/Christelle Moran\u00e7ais,Article utilisant une Infobox
Mai Mihara,https://fr.wikipedia.org/?curid=11044616,https://fr.wikipedia.org/wiki/Mai Mihara,Wikip\u00e9dia:\u00e9bauche patinage artistique
Annabel Jankel,https://fr.wikipedia.org/?curid=11044748,https://fr.wikipedia.org/wiki/Annabel Jankel,Wikip\u00e9dia:\u00e9bauche r\u00e9alisateur britannique
Julianne S\u00e9guin,https://fr.wikipedia.org/?curid=11045393,https://fr.wikipedia.org/wiki/Julianne S\u00e9guin,Wikip\u00e9dia:\u00e9bauche patinage artistique
Heidi Bachert,https://fr.wikipedia.org/?curid=11053557,https://fr.wikipedia.org/wiki/Heidi Bachert,Article utilisant une Infobox
Am\u00e9lia Watkinson,https://fr.wikipedia.org/?curid=11056043,https://fr.wikipedia.org/wiki/Am\u00e9lia Watkinson,Wikip\u00e9dia:\u00e9bauche triathl\u00e8te
Janine Thompson,https://fr.wikipedia.org/?curid=1105772,https://fr.wikipedia.org/wiki/Janine Thompson,Article \u00e0 illustrer Joueur de tennis
Ramata Daou,https://fr.wikipedia.org/?curid=11054581,https://fr.wikipedia.org/wiki/Ramata Daou,Article \u00e0 illustrer Joueur de basket-ball
Saniya Chong,https://fr.wikipedia.org/?curid=11039438,https://fr.wikipedia.org/wiki/Saniya Chong,Article utilisant une Infobox
Liste des m\u00e9daill\u00e9s olympiques en baseball,https://fr.wikipedia.org/?curid=11031067,https://fr.wikipedia.org/wiki/Liste des m\u00e9daill\u00e9s olympiques en baseball,Article contenant un appel \u00e0 traduction en anglais
Ai Shishime,https://fr.wikipedia.org/?curid=11077704,https://fr.wikipedia.org/wiki/Ai Shishime,Wikip\u00e9dia:\u00e9bauche sportif japonais
Klaudia Kardasz,https://fr.wikipedia.org/?curid=11077860,https://fr.wikipedia.org/wiki/Klaudia Kardasz,Wikip\u00e9dia:\u00e9bauche athl\u00e8te polonais
Ann Kiyomura,https://fr.wikipedia.org/?curid=1107957,https://fr.wikipedia.org/wiki/Ann Kiyomura,Article \u00e0 illustrer Joueur de tennis
Alice Merton,https://fr.wikipedia.org/?curid=11078546,https://fr.wikipedia.org/wiki/Alice Merton,Article utilisant une Infobox
Romane Dicko,https://fr.wikipedia.org/?curid=11083354,https://fr.wikipedia.org/wiki/Romane Dicko,Article utilisant une Infobox
Javier Dominguez-Ledo,https://fr.wikipedia.org/?curid=11081562,https://fr.wikipedia.org/wiki/Javier Dominguez-Ledo,Page utilisant P569
Dianne Fromholtz,https://fr.wikipedia.org/?curid=1108178,https://fr.wikipedia.org/wiki/Dianne Fromholtz,Article utilisant une Infobox
Mar\u00eda P\u00e9rez (judo),https://fr.wikipedia.org/?curid=11082834,https://fr.wikipedia.org/wiki/Mar\u00eda P\u00e9rez (judo),Wikip\u00e9dia:\u00e9bauche sportif portoricain
Marie Pal\u00e9ologue Cantacuz\u00e8ne,https://fr.wikipedia.org/?curid=11084643,https://fr.wikipedia.org/wiki/Marie Pal\u00e9ologue Cantacuz\u00e8ne,Article utilisant une Infobox
Margaret Osborne duPont,https://fr.wikipedia.org/?curid=1108477,https://fr.wikipedia.org/wiki/Margaret Osborne duPont,Article utilisant une Infobox
Kyle Buckingham,https://fr.wikipedia.org/?curid=11093018,https://fr.wikipedia.org/wiki/Kyle Buckingham,Wikip\u00e9dia:\u00e9bauche triathl\u00e8te
Susanna Rahkamo,https://fr.wikipedia.org/?curid=11097669,https://fr.wikipedia.org/wiki/Susanna Rahkamo,Wikip\u00e9dia:\u00e9bauche patinage artistique
Timna Nelson-Levy,https://fr.wikipedia.org/?curid=11097167,https://fr.wikipedia.org/wiki/Timna Nelson-Levy,Wikip\u00e9dia:\u00e9bauche judo
Jean Mueller,https://fr.wikipedia.org/?curid=1109596,https://fr.wikipedia.org/wiki/Jean Mueller,Page utilisant P569
Cl\u00e1udia Neto,https://fr.wikipedia.org/?curid=11092758,https://fr.wikipedia.org/wiki/Cl\u00e1udia Neto,Article utilisant une Infobox
Sarah Keyes,https://fr.wikipedia.org/?curid=11109504,https://fr.wikipedia.org/wiki/Sarah Keyes,Wikip\u00e9dia:\u00e9bauche athl\u00e8te am\u00e9ricain
Lisa Borzani,https://fr.wikipedia.org/?curid=11109235,https://fr.wikipedia.org/wiki/Lisa Borzani,Wikip\u00e9dia:\u00e9bauche athl\u00e8te italien
H\u00e9lo\u00efse (abbesse),https://fr.wikipedia.org/?curid=110473,https://fr.wikipedia.org/wiki/H\u00e9lo\u00efse (abbesse),Article contenant un appel \u00e0 traduction en catalan
Glenda Morej\u00f3n,https://fr.wikipedia.org/?curid=11058869,https://fr.wikipedia.org/wiki/Glenda Morej\u00f3n,Wikip\u00e9dia:\u00e9bauche athl\u00e9tisme
Chantal Janzen,https://fr.wikipedia.org/?curid=11058882,https://fr.wikipedia.org/wiki/Chantal Janzen,Article utilisant une Infobox
Bel\u00e9n Casetta,https://fr.wikipedia.org/?curid=11035580,https://fr.wikipedia.org/wiki/Bel\u00e9n Casetta,Wikip\u00e9dia:\u00e9bauche athl\u00e8te argentin
Maru\u0161a \u010cernjul,https://fr.wikipedia.org/?curid=11035923,https://fr.wikipedia.org/wiki/Maru\u0161a \u010cernjul,Article \u00e0 illustrer Athl\u00e8te
Monique Kiene,https://fr.wikipedia.org/?curid=1104350,https://fr.wikipedia.org/wiki/Monique Kiene,Article \u00e0 illustrer Joueur de tennis
Lee Yeon-hee,https://fr.wikipedia.org/?curid=11041149,https://fr.wikipedia.org/wiki/Lee Yeon-hee,Page utilisant P569
Ludmila Richterov\u00e1,https://fr.wikipedia.org/?curid=1104215,https://fr.wikipedia.org/wiki/Ludmila Richterov\u00e1,Article \u00e0 illustrer Joueur de tennis
Shakima Wimbley,https://fr.wikipedia.org/?curid=11040883,https://fr.wikipedia.org/wiki/Shakima Wimbley,Article utilisant une Infobox
Elena Makarova,https://fr.wikipedia.org/?curid=1104288,https://fr.wikipedia.org/wiki/Elena Makarova,Article \u00e0 illustrer Joueur de tennis
Martyna D\u0105browska,https://fr.wikipedia.org/?curid=11041811,https://fr.wikipedia.org/wiki/Martyna D\u0105browska,Wikip\u00e9dia:\u00e9bauche athl\u00e8te polonais
Ben Kanute,https://fr.wikipedia.org/?curid=11100418,https://fr.wikipedia.org/wiki/Ben Kanute,Wikip\u00e9dia:\u00e9bauche triathl\u00e8te
Amanda Anisimova,https://fr.wikipedia.org/?curid=11101360,https://fr.wikipedia.org/wiki/Amanda Anisimova,Article utilisant une Infobox
Ievguenia Chichkova,https://fr.wikipedia.org/?curid=11098370,https://fr.wikipedia.org/wiki/Ievguenia Chichkova,Wikip\u00e9dia:\u00e9bauche patinage artistique
Maja Matev\u017ei\u010d,https://fr.wikipedia.org/?curid=1120904,https://fr.wikipedia.org/wiki/Maja Matev\u017ei\u010d,Article \u00e0 illustrer Joueur de tennis
D\u00e1ja Bed\u00e1\u0148ov\u00e1,https://fr.wikipedia.org/?curid=1120836,https://fr.wikipedia.org/wiki/D\u00e1ja Bed\u00e1\u0148ov\u00e1,Article \u00e0 illustrer Joueur de tennis
Ann Jansson,https://fr.wikipedia.org/?curid=11194578,https://fr.wikipedia.org/wiki/Ann Jansson,Wikip\u00e9dia:\u00e9bauche athl\u00e9tisme
Annelise Damm-Olesen,https://fr.wikipedia.org/?curid=11193839,https://fr.wikipedia.org/wiki/Annelise Damm-Olesen,Wikip\u00e9dia:\u00e9bauche athl\u00e9tisme
Heather Ludloff,https://fr.wikipedia.org/?curid=1119390,https://fr.wikipedia.org/wiki/Heather Ludloff,Article \u00e0 illustrer Joueur de tennis
Terry Holladay,https://fr.wikipedia.org/?curid=1119401,https://fr.wikipedia.org/wiki/Terry Holladay,Article \u00e0 illustrer Joueur de tennis
Gabriela Navr\u00e1tilov\u00e1,https://fr.wikipedia.org/?curid=1119506,https://fr.wikipedia.org/wiki/Gabriela Navr\u00e1tilov\u00e1,Article \u00e0 illustrer Joueur de tennis
Larisa Dannis,https://fr.wikipedia.org/?curid=11203962,https://fr.wikipedia.org/wiki/Larisa Dannis,Wikip\u00e9dia:\u00e9bauche athl\u00e8te am\u00e9ricain
Diana Sujew,https://fr.wikipedia.org/?curid=11200768,https://fr.wikipedia.org/wiki/Diana Sujew,Wikip\u00e9dia:\u00e9bauche athl\u00e9tisme
Iolanda Bala\u0219,https://fr.wikipedia.org/?curid=1117298,https://fr.wikipedia.org/wiki/Iolanda Bala\u0219,Article utilisant une Infobox
Jana Kulhav\u00e1,https://fr.wikipedia.org/?curid=11174468,https://fr.wikipedia.org/wiki/Jana Kulhav\u00e1,Wikip\u00e9dia:\u00e9bauche biathlon
\u00c5se Idland,https://fr.wikipedia.org/?curid=11174599,https://fr.wikipedia.org/wiki/\u00c5se Idland,Wikip\u00e9dia:\u00e9bauche biathlon
Annemarie Worst,https://fr.wikipedia.org/?curid=11116025,https://fr.wikipedia.org/wiki/Annemarie Worst,Page utilisant P569
Mami Umeki,https://fr.wikipedia.org/?curid=11119633,https://fr.wikipedia.org/wiki/Mami Umeki,Wikip\u00e9dia:\u00e9bauche personnalit\u00e9 japonaise
Linda Gates,https://fr.wikipedia.org/?curid=1118836,https://fr.wikipedia.org/wiki/Linda Gates,Article \u00e0 illustrer Joueur de tennis
Camille Bruyas,https://fr.wikipedia.org/?curid=11188454,https://fr.wikipedia.org/wiki/Camille Bruyas,Wikip\u00e9dia:\u00e9bauche athl\u00e8te fran\u00e7ais
Lidziya Marozava,https://fr.wikipedia.org/?curid=11188525,https://fr.wikipedia.org/wiki/Lidziya Marozava,Article utilisant une Infobox
Louise Field,https://fr.wikipedia.org/?curid=1118713,https://fr.wikipedia.org/wiki/Louise Field,Article \u00e0 illustrer Joueur de tennis
Evie Dominikovic,https://fr.wikipedia.org/?curid=1118917,https://fr.wikipedia.org/wiki/Evie Dominikovic,Article \u00e0 illustrer Joueur de tennis
Beno\u00eet Girondel,https://fr.wikipedia.org/?curid=11186421,https://fr.wikipedia.org/wiki/Beno\u00eet Girondel,Wikip\u00e9dia:\u00e9bauche ultra-trail
Manon Lloyd,https://fr.wikipedia.org/?curid=11124636,https://fr.wikipedia.org/wiki/Manon Lloyd,Page utilisant P569
Jan Lehane,https://fr.wikipedia.org/?curid=1112978,https://fr.wikipedia.org/wiki/Jan Lehane,Article \u00e0 illustrer Joueur de tennis
Darya Bilodid,https://fr.wikipedia.org/?curid=11127009,https://fr.wikipedia.org/wiki/Darya Bilodid,Article utilisant une Infobox
Sanne van Dijke,https://fr.wikipedia.org/?curid=11127150,https://fr.wikipedia.org/wiki/Sanne van Dijke,Wikip\u00e9dia:\u00e9bauche personnalit\u00e9 n\u00e9erlandaise
Sarah Asahina,https://fr.wikipedia.org/?curid=11126736,https://fr.wikipedia.org/wiki/Sarah Asahina,Article \u00e0 illustrer Judoka
Mariya Nikolova,https://fr.wikipedia.org/?curid=11190455,https://fr.wikipedia.org/wiki/Mariya Nikolova,Wikip\u00e9dia:\u00e9bauche athl\u00e8te bulgare
Barbara Inkpen,https://fr.wikipedia.org/?curid=11197380,https://fr.wikipedia.org/wiki/Barbara Inkpen,Wikip\u00e9dia:\u00e9bauche athl\u00e9tisme
Chen Qingchen,https://fr.wikipedia.org/?curid=11073612,https://fr.wikipedia.org/wiki/Chen Qingchen,Wikip\u00e9dia:\u00e9bauche sportif chinois
Lucia Aniello,https://fr.wikipedia.org/?curid=11028160,https://fr.wikipedia.org/wiki/Lucia Aniello,Article \u00e0 illustrer Personnalit\u00e9 du cin\u00e9ma
Cecilia Flori,https://fr.wikipedia.org/?curid=11028601,https://fr.wikipedia.org/wiki/Cecilia Flori,Wikip\u00e9dia:\u00e9bauche athl\u00e8te italien
Hanna Klein,https://fr.wikipedia.org/?curid=11030381,https://fr.wikipedia.org/wiki/Hanna Klein,Wikip\u00e9dia:\u00e9bauche athl\u00e8te allemand
Neele Eckhardt-Noack,https://fr.wikipedia.org/?curid=11032109,https://fr.wikipedia.org/wiki/Neele Eckhardt-Noack,Wikip\u00e9dia:\u00e9bauche athl\u00e8te allemand
Emily Sisson,https://fr.wikipedia.org/?curid=11032241,https://fr.wikipedia.org/wiki/Emily Sisson,Wikip\u00e9dia:\u00e9bauche athl\u00e8te am\u00e9ricain
Liste des m\u00e9daill\u00e9s olympiques en combin\u00e9 nordique,https://fr.wikipedia.org/?curid=11027825,https://fr.wikipedia.org/wiki/Liste des m\u00e9daill\u00e9s olympiques en combin\u00e9 nordique,Article avec une section vide ou incompl\u00e8te
Olga Mullina,https://fr.wikipedia.org/?curid=11026329,https://fr.wikipedia.org/wiki/Olga Mullina,Wikip\u00e9dia:\u00e9bauche athl\u00e8te russe
Veronica Gianmoena,https://fr.wikipedia.org/?curid=12377472,https://fr.wikipedia.org/wiki/Veronica Gianmoena,Wikip\u00e9dia:\u00e9bauche saut \u00e0 ski
Franziska Gritsch,https://fr.wikipedia.org/?curid=12382055,https://fr.wikipedia.org/wiki/Franziska Gritsch,Article utilisant une Infobox
Lisa Hirner,https://fr.wikipedia.org/?curid=12390300,https://fr.wikipedia.org/wiki/Lisa Hirner,Wikip\u00e9dia:\u00e9bauche combin\u00e9 nordique
Shari Bossuyt,https://fr.wikipedia.org/?curid=12410133,https://fr.wikipedia.org/wiki/Shari Bossuyt,Page utilisant P569
Franziska Brau\u00dfe,https://fr.wikipedia.org/?curid=12419709,https://fr.wikipedia.org/wiki/Franziska Brau\u00dfe,Page utilisant P569
Liu Cuiqing,https://fr.wikipedia.org/?curid=12418973,https://fr.wikipedia.org/wiki/Liu Cuiqing,Wikip\u00e9dia:\u00e9bauche athl\u00e8te chinois
Tessa Prendergast,https://fr.wikipedia.org/?curid=12420250,https://fr.wikipedia.org/wiki/Tessa Prendergast,Wikip\u00e9dia:\u00e9bauche acteur jama\u00efcain
F\u00e1tima Diame,https://fr.wikipedia.org/?curid=12417990,https://fr.wikipedia.org/wiki/F\u00e1tima Diame,Wikip\u00e9dia:\u00e9bauche athl\u00e8te espagnol
Moon Ga-young,https://fr.wikipedia.org/?curid=12327897,https://fr.wikipedia.org/wiki/Moon Ga-young,Article utilisant une Infobox
Zota,https://fr.wikipedia.org/?curid=12430666,https://fr.wikipedia.org/wiki/Zota,Wikip\u00e9dia:\u00e9bauche danseur
Ewa Durska,https://fr.wikipedia.org/?curid=12430260,https://fr.wikipedia.org/wiki/Ewa Durska,Article \u00e0 illustrer Athl\u00e8te
Pok\u00e9mon \u00c9p\u00e9e et Bouclier,https://fr.wikipedia.org/?curid=12403467,https://fr.wikipedia.org/wiki/Pok\u00e9mon \u00c9p\u00e9e et Bouclier,Article \u00e0 illustrer
Martine Vandeville,https://fr.wikipedia.org/?curid=12403954,https://fr.wikipedia.org/wiki/Martine Vandeville,Article utilisant une Infobox
Vittoria Guazzini,https://fr.wikipedia.org/?curid=12409770,https://fr.wikipedia.org/wiki/Vittoria Guazzini,Page utilisant P1477
Madeleine Chirat,https://fr.wikipedia.org/?curid=12398695,https://fr.wikipedia.org/wiki/Madeleine Chirat,Article \u00e0 illustrer Sportif
Ester Peony,https://fr.wikipedia.org/?curid=12398230,https://fr.wikipedia.org/wiki/Ester Peony,Article utilisant une Infobox
Mike Levin,https://fr.wikipedia.org/?curid=12435573,https://fr.wikipedia.org/wiki/Mike Levin,Article utilisant une Infobox
Annika Drazek,https://fr.wikipedia.org/?curid=12434712,https://fr.wikipedia.org/wiki/Annika Drazek,Wikip\u00e9dia:\u00e9bauche bobsleigh
Jo Ractliffe,https://fr.wikipedia.org/?curid=12387815,https://fr.wikipedia.org/wiki/Jo Ractliffe,Page utilisant P569
Hilary Kpatcha,https://fr.wikipedia.org/?curid=12383283,https://fr.wikipedia.org/wiki/Hilary Kpatcha,Article \u00e0 illustrer Athl\u00e8te
Angelica Ross,https://fr.wikipedia.org/?curid=12389476,https://fr.wikipedia.org/wiki/Angelica Ross,Article utilisant une Infobox
Mabel (chanteuse),https://fr.wikipedia.org/?curid=12422308,https://fr.wikipedia.org/wiki/Mabel (chanteuse),Article contenant un appel \u00e0 traduction en anglais
Maria Shkanova,https://fr.wikipedia.org/?curid=12422143,https://fr.wikipedia.org/wiki/Maria Shkanova,Wikip\u00e9dia:\u00e9bauche ski alpin
Breanna Clark,https://fr.wikipedia.org/?curid=12418714,https://fr.wikipedia.org/wiki/Breanna Clark,Wikip\u00e9dia:\u00e9bauche athl\u00e8te am\u00e9ricain
Aline Brosh McKenna,https://fr.wikipedia.org/?curid=12660674,https://fr.wikipedia.org/wiki/Aline Brosh McKenna,Article utilisant une Infobox
Sheila Avil\u00e9s,https://fr.wikipedia.org/?curid=12662377,https://fr.wikipedia.org/wiki/Sheila Avil\u00e9s,Page utilisant P569
Kim Da-hyun,https://fr.wikipedia.org/?curid=12661220,https://fr.wikipedia.org/wiki/Kim Da-hyun,Wikip\u00e9dia:\u00e9bauche chanteur sud-cor\u00e9en
Monika F\u00fcrholz,https://fr.wikipedia.org/?curid=12662961,https://fr.wikipedia.org/wiki/Monika F\u00fcrholz,Wikip\u00e9dia:\u00e9bauche athl\u00e8te suisse
Victoria Wilkinson,https://fr.wikipedia.org/?curid=12662983,https://fr.wikipedia.org/wiki/Victoria Wilkinson,Article utilisant une Infobox
Lin Sheng,https://fr.wikipedia.org/?curid=12667222,https://fr.wikipedia.org/wiki/Lin Sheng,Article \u00e0 illustrer Escrimeur
In My Defense,https://fr.wikipedia.org/?curid=12669842,https://fr.wikipedia.org/wiki/In My Defense,Wikip\u00e9dia:\u00e9bauche album de hip-hop
Evelise Veiga,https://fr.wikipedia.org/?curid=12656431,https://fr.wikipedia.org/wiki/Evelise Veiga,Wikip\u00e9dia:\u00e9bauche athl\u00e8te
Megan Barker,https://fr.wikipedia.org/?curid=12655788,https://fr.wikipedia.org/wiki/Megan Barker,Page utilisant P569
Kinga Zbylut,https://fr.wikipedia.org/?curid=12656039,https://fr.wikipedia.org/wiki/Kinga Zbylut,Article utilisant une Infobox
Andrea Mayr,https://fr.wikipedia.org/?curid=12657477,https://fr.wikipedia.org/wiki/Andrea Mayr,Article utilisant une Infobox
Liste des duchesses de Parme,https://fr.wikipedia.org/?curid=12637659,https://fr.wikipedia.org/wiki/Liste des duchesses de Parme,Portail:Italie/Articles li\u00e9s
Berit Aunli,https://fr.wikipedia.org/?curid=1265381,https://fr.wikipedia.org/wiki/Berit Aunli,Wikip\u00e9dia:\u00e9bauche ski de fond
Ur\u0161ka Poje,https://fr.wikipedia.org/?curid=12634969,https://fr.wikipedia.org/wiki/Ur\u0161ka Poje,Article utilisant une Infobox
Annamaija Oinas,https://fr.wikipedia.org/?curid=12638328,https://fr.wikipedia.org/wiki/Annamaija Oinas,Wikip\u00e9dia:\u00e9bauche combin\u00e9 nordique
Kimiyo Hatanaka,https://fr.wikipedia.org/?curid=1264112,https://fr.wikipedia.org/wiki/Kimiyo Hatanaka,Article \u00e0 illustrer Joueur de tennis
Mirena K\u00fcng,https://fr.wikipedia.org/?curid=12644907,https://fr.wikipedia.org/wiki/Mirena K\u00fcng,Wikip\u00e9dia:\u00e9bauche ski alpin
Liste des premi\u00e8res femmes par fonction ou titre,https://fr.wikipedia.org/?curid=12644971,https://fr.wikipedia.org/wiki/Liste des premi\u00e8res femmes par fonction ou titre,Page utilisant des arguments dupliqu\u00e9s dans les appels de mod\u00e8le
Liste de femmes milliardaires du monde,https://fr.wikipedia.org/?curid=12647836,https://fr.wikipedia.org/wiki/Liste de femmes milliardaires du monde,Article contenant un lien mort
Jocelyne Carmichael,https://fr.wikipedia.org/?curid=12647024,https://fr.wikipedia.org/wiki/Jocelyne Carmichael,Page utilisant P569
Catriona Bisset,https://fr.wikipedia.org/?curid=12648591,https://fr.wikipedia.org/wiki/Catriona Bisset,Wikip\u00e9dia:\u00e9bauche sportif australien
Karyna Demidik,https://fr.wikipedia.org/?curid=12646311,https://fr.wikipedia.org/wiki/Karyna Demidik,Article \u00e0 illustrer Athl\u00e8te
Chantal Fortier,https://fr.wikipedia.org/?curid=12649307,https://fr.wikipedia.org/wiki/Chantal Fortier,Wikip\u00e9dia:\u00e9bauche coureur cycliste fran\u00e7ais
Sarah Beaudry,https://fr.wikipedia.org/?curid=12649169,https://fr.wikipedia.org/wiki/Sarah Beaudry,Wikip\u00e9dia:\u00e9bauche biathlon
Audrey Vaillancourt,https://fr.wikipedia.org/?curid=12649196,https://fr.wikipedia.org/wiki/Audrey Vaillancourt,Article \u00e0 illustrer Sportif
Laura Rus,https://fr.wikipedia.org/?curid=12686549,https://fr.wikipedia.org/wiki/Laura Rus,Wikip\u00e9dia:\u00e9bauche footballeuse roumaine
\u017danna Ju\u0161k\u0101ne,https://fr.wikipedia.org/?curid=12689960,https://fr.wikipedia.org/wiki/\u017danna Ju\u0161k\u0101ne,Article utilisant une Infobox
Ally Brooke,https://fr.wikipedia.org/?curid=12688643,https://fr.wikipedia.org/wiki/Ally Brooke,Article manquant de r\u00e9f\u00e9rences depuis ao\u00fbt 2019
Gabriela Debues-Stafford,https://fr.wikipedia.org/?curid=12673207,https://fr.wikipedia.org/wiki/Gabriela Debues-Stafford,Page utilisant P569
Chantel Jeffries,https://fr.wikipedia.org/?curid=12672679,https://fr.wikipedia.org/wiki/Chantel Jeffries,Article utilisant une Infobox
Junko Ueno,https://fr.wikipedia.org/?curid=12672078,https://fr.wikipedia.org/wiki/Junko Ueno,Article utilisant une Infobox
Anita Stenberg,https://fr.wikipedia.org/?curid=12670802,https://fr.wikipedia.org/wiki/Anita Stenberg,Page utilisant P569
Whitney Port,https://fr.wikipedia.org/?curid=12630773,https://fr.wikipedia.org/wiki/Whitney Port,Article utilisant une Infobox
Boo'd Up,https://fr.wikipedia.org/?curid=12634429,https://fr.wikipedia.org/wiki/Boo'd Up,Article contenant un appel \u00e0 traduction en anglais
Caroline H\u00e9riaud,https://fr.wikipedia.org/?curid=12634621,https://fr.wikipedia.org/wiki/Caroline H\u00e9riaud,Article utilisant une Infobox
Naa Anang,https://fr.wikipedia.org/?curid=12631312,https://fr.wikipedia.org/wiki/Naa Anang,Wikip\u00e9dia:\u00e9bauche athl\u00e8te australien
Liste des comtesses de Champagne,https://fr.wikipedia.org/?curid=12635736,https://fr.wikipedia.org/wiki/Liste des comtesses de Champagne,Portail:Royaume de France/Articles li\u00e9s
Celeste Mucci,https://fr.wikipedia.org/?curid=12632564,https://fr.wikipedia.org/wiki/Celeste Mucci,Wikip\u00e9dia:\u00e9bauche athl\u00e8te australien
Krystsina Tsimanouskaya,https://fr.wikipedia.org/?curid=12632771,https://fr.wikipedia.org/wiki/Krystsina Tsimanouskaya,Wikip\u00e9dia:\u00e9bauche athl\u00e8te bi\u00e9lorusse
Anja Er\u017een,https://fr.wikipedia.org/?curid=12629411,https://fr.wikipedia.org/wiki/Anja Er\u017een,Article utilisant une Infobox
Rellie Kaputin,https://fr.wikipedia.org/?curid=12629443,https://fr.wikipedia.org/wiki/Rellie Kaputin,Wikip\u00e9dia:\u00e9bauche athl\u00e8te
Claire Orcel,https://fr.wikipedia.org/?curid=12682071,https://fr.wikipedia.org/wiki/Claire Orcel,Wikip\u00e9dia:\u00e9bauche athl\u00e8te belge
Shonel Ferguson,https://fr.wikipedia.org/?curid=12279376,https://fr.wikipedia.org/wiki/Shonel Ferguson,Wikip\u00e9dia:\u00e9bauche athl\u00e9tisme
Esther M\u00f6ller,https://fr.wikipedia.org/?curid=12280978,https://fr.wikipedia.org/wiki/Esther M\u00f6ller,Wikip\u00e9dia:\u00e9bauche athl\u00e9tisme
Teresa Machado,https://fr.wikipedia.org/?curid=12282757,https://fr.wikipedia.org/wiki/Teresa Machado,Wikip\u00e9dia:\u00e9bauche athl\u00e9tisme
Luciana Mendes,https://fr.wikipedia.org/?curid=12282851,https://fr.wikipedia.org/wiki/Luciana Mendes,Wikip\u00e9dia:\u00e9bauche athl\u00e9tisme
C\u00e1terin Bravo Ar\u00e1nguiz,https://fr.wikipedia.org/?curid=12326131,https://fr.wikipedia.org/wiki/C\u00e1terin Bravo Ar\u00e1nguiz,Article utilisant une Infobox
Monica Beverly Hillz,https://fr.wikipedia.org/?curid=12340948,https://fr.wikipedia.org/wiki/Monica Beverly Hillz,Page utilisant P569
Amazon Eve,https://fr.wikipedia.org/?curid=12369179,https://fr.wikipedia.org/wiki/Amazon Eve,Page utilisant P569
Roni Remme,https://fr.wikipedia.org/?curid=12367319,https://fr.wikipedia.org/wiki/Roni Remme,Article \u00e0 illustrer Sportif
Fran\u00e7oise Burdet,https://fr.wikipedia.org/?curid=12368653,https://fr.wikipedia.org/wiki/Fran\u00e7oise Burdet,Wikip\u00e9dia:\u00e9bauche bobsleigh
Bianca Belair,https://fr.wikipedia.org/?curid=12366284,https://fr.wikipedia.org/wiki/Bianca Belair,Article \u00e0 recycler/Liste compl\u00e8te
Stefaniya Nadymova,https://fr.wikipedia.org/?curid=12365759,https://fr.wikipedia.org/wiki/Stefaniya Nadymova,Page utilisant P569
Diassonema Mucungui,https://fr.wikipedia.org/?curid=12356860,https://fr.wikipedia.org/wiki/Diassonema Mucungui,Wikip\u00e9dia:\u00e9bauche judo
Elizabeth Inglis,https://fr.wikipedia.org/?curid=12323458,https://fr.wikipedia.org/wiki/Elizabeth Inglis,Article contenant un appel \u00e0 traduction en anglais
Olga Bouzova,https://fr.wikipedia.org/?curid=12323571,https://fr.wikipedia.org/wiki/Olga Bouzova,Article manquant de r\u00e9f\u00e9rences depuis mars 2021
Peppermint (drag queen),https://fr.wikipedia.org/?curid=12329710,https://fr.wikipedia.org/wiki/Peppermint (drag queen),Article contenant un lien mort
Alexandra Grey,https://fr.wikipedia.org/?curid=12334262,https://fr.wikipedia.org/wiki/Alexandra Grey,Page utilisant P569
Isel L\u00f3pez,https://fr.wikipedia.org/?curid=12270474,https://fr.wikipedia.org/wiki/Isel L\u00f3pez,Wikip\u00e9dia:\u00e9bauche athl\u00e9tisme
Rosey Edeh,https://fr.wikipedia.org/?curid=12267717,https://fr.wikipedia.org/wiki/Rosey Edeh,Wikip\u00e9dia:\u00e9bauche athl\u00e9tisme
Francesca Carbone,https://fr.wikipedia.org/?curid=12267860,https://fr.wikipedia.org/wiki/Francesca Carbone,Wikip\u00e9dia:\u00e9bauche athl\u00e9tisme
Sophie Skelton,https://fr.wikipedia.org/?curid=12267938,https://fr.wikipedia.org/wiki/Sophie Skelton,Article utilisant une Infobox
Daffney (catch),https://fr.wikipedia.org/?curid=12341891,https://fr.wikipedia.org/wiki/Daffney (catch),Page utilisant P27
Yoann Richomme,https://fr.wikipedia.org/?curid=12347707,https://fr.wikipedia.org/wiki/Yoann Richomme,Wikip\u00e9dia:\u00e9bauche voile
Ryom Tae-ok,https://fr.wikipedia.org/?curid=12322324,https://fr.wikipedia.org/wiki/Ryom Tae-ok,Page utilisant P569
Magdalena Neuner,https://fr.wikipedia.org/?curid=1255401,https://fr.wikipedia.org/wiki/Magdalena Neuner,Article utilisant une Infobox
Nikki SooHoo,https://fr.wikipedia.org/?curid=12538487,https://fr.wikipedia.org/wiki/Nikki SooHoo,Article utilisant une Infobox
Elisabeth Willibald,https://fr.wikipedia.org/?curid=12565976,https://fr.wikipedia.org/wiki/Elisabeth Willibald,Page utilisant P569
Kendra Santacruz,https://fr.wikipedia.org/?curid=12545870,https://fr.wikipedia.org/wiki/Kendra Santacruz,Article contenant un lien mort
Deborah Warner,https://fr.wikipedia.org/?curid=12558593,https://fr.wikipedia.org/wiki/Deborah Warner,Page utilisant P569
Karoline Pichler (ski alpin),https://fr.wikipedia.org/?curid=12555301,https://fr.wikipedia.org/wiki/Karoline Pichler (ski alpin),Page utilisant P569
Caroline Weir,https://fr.wikipedia.org/?curid=12572347,https://fr.wikipedia.org/wiki/Caroline Weir,Article utilisant une Infobox
Aur\u00e9lia Beigneux,https://fr.wikipedia.org/?curid=12572412,https://fr.wikipedia.org/wiki/Aur\u00e9lia Beigneux,Wikip\u00e9dia:\u00e9bauche personnalit\u00e9 politique fran\u00e7aise
Svetlana Demidenko,https://fr.wikipedia.org/?curid=12572545,https://fr.wikipedia.org/wiki/Svetlana Demidenko,Article \u00e0 illustrer Athl\u00e8te
Lindy Etzensperger,https://fr.wikipedia.org/?curid=12571396,https://fr.wikipedia.org/wiki/Lindy Etzensperger,Article \u00e0 illustrer Sportif
Aisling Walsh,https://fr.wikipedia.org/?curid=12548248,https://fr.wikipedia.org/wiki/Aisling Walsh,Wikip\u00e9dia:\u00e9bauche r\u00e9alisateur irlandais
Elizabeth Bravo,https://fr.wikipedia.org/?curid=12550003,https://fr.wikipedia.org/wiki/Elizabeth Bravo,Wikip\u00e9dia:\u00e9bauche triathl\u00e8te
Tereza Jan\u010dov\u00e1,https://fr.wikipedia.org/?curid=12552524,https://fr.wikipedia.org/wiki/Tereza Jan\u010dov\u00e1,Article \u00e0 illustrer Sportif
Rhea Ripley,https://fr.wikipedia.org/?curid=12562478,https://fr.wikipedia.org/wiki/Rhea Ripley,Article \u00e0 recycler/Liste compl\u00e8te
Carol Heiss,https://fr.wikipedia.org/?curid=1256282,https://fr.wikipedia.org/wiki/Carol Heiss,Wikip\u00e9dia:\u00e9bauche patinage artistique
Beatrix Schuba,https://fr.wikipedia.org/?curid=1256294,https://fr.wikipedia.org/wiki/Beatrix Schuba,Wikip\u00e9dia:\u00e9bauche patinage artistique
Mathilde Moreau,https://fr.wikipedia.org/?curid=12564920,https://fr.wikipedia.org/wiki/Mathilde Moreau,Page utilisant P1559
Erin Cuthbert,https://fr.wikipedia.org/?curid=12560492,https://fr.wikipedia.org/wiki/Erin Cuthbert,Article utilisant une Infobox
Juliana Suter,https://fr.wikipedia.org/?curid=12515809,https://fr.wikipedia.org/wiki/Juliana Suter,Article utilisant une Infobox
Sydney Sweeney,https://fr.wikipedia.org/?curid=12514371,https://fr.wikipedia.org/wiki/Sydney Sweeney,Wikip\u00e9dia:\u00e9bauche acteur am\u00e9ricain
Dorothy Hamill,https://fr.wikipedia.org/?curid=1257439,https://fr.wikipedia.org/wiki/Dorothy Hamill,Wikip\u00e9dia:\u00e9bauche patinage artistique
Liste des comtesses de Hainaut,https://fr.wikipedia.org/?curid=12574988,https://fr.wikipedia.org/wiki/Liste des comtesses de Hainaut,Portail:Nord-Pas-de-Calais/Articles li\u00e9s
Ariane R\u00e4dler,https://fr.wikipedia.org/?curid=12578906,https://fr.wikipedia.org/wiki/Ariane R\u00e4dler,Wikip\u00e9dia:\u00e9bauche ski alpin
La Belle \u00c9poque (film),https://fr.wikipedia.org/?curid=12501352,https://fr.wikipedia.org/wiki/La Belle \u00c9poque (film),Article contenant un appel \u00e0 traduction en anglais
Laura Pirovano,https://fr.wikipedia.org/?curid=12497954,https://fr.wikipedia.org/wiki/Laura Pirovano,Article utilisant une Infobox
Emily Stellato,https://fr.wikipedia.org/?curid=1250721,https://fr.wikipedia.org/wiki/Emily Stellato,Article \u00e0 illustrer Joueur de tennis
Klaudia Jans,https://fr.wikipedia.org/?curid=1250787,https://fr.wikipedia.org/wiki/Klaudia Jans,Article utilisant une Infobox
C\u00e9line Bousrez,https://fr.wikipedia.org/?curid=12540343,https://fr.wikipedia.org/wiki/C\u00e9line Bousrez,Article \u00e0 illustrer Sportif
Kelli Lusk,https://fr.wikipedia.org/?curid=12540114,https://fr.wikipedia.org/wiki/Kelli Lusk,Page utilisant P569
Maria \u00d6stling,https://fr.wikipedia.org/?curid=12547464,https://fr.wikipedia.org/wiki/Maria \u00d6stling,Wikip\u00e9dia:\u00e9bauche sportif su\u00e9dois
Athena Chu,https://fr.wikipedia.org/?curid=12286089,https://fr.wikipedia.org/wiki/Athena Chu,Article utilisant une Infobox
Nami Inamori,https://fr.wikipedia.org/?curid=12313883,https://fr.wikipedia.org/wiki/Nami Inamori,Wikip\u00e9dia:\u00e9bauche judo
Adriana Mu\u00f1oz,https://fr.wikipedia.org/?curid=12274388,https://fr.wikipedia.org/wiki/Adriana Mu\u00f1oz,Wikip\u00e9dia:\u00e9bauche athl\u00e9tisme
Ewelina S\u0119towska-Dryk,https://fr.wikipedia.org/?curid=12272295,https://fr.wikipedia.org/wiki/Ewelina S\u0119towska-Dryk,Wikip\u00e9dia:\u00e9bauche athl\u00e9tisme
Femmes dans la R\u00e9sistance int\u00e9rieure fran\u00e7aise,https://fr.wikipedia.org/?curid=1225906,https://fr.wikipedia.org/wiki/Femmes dans la R\u00e9sistance int\u00e9rieure fran\u00e7aise,Portail:Femmes/Articles li\u00e9s
Bernadette Graf,https://fr.wikipedia.org/?curid=12259080,https://fr.wikipedia.org/wiki/Bernadette Graf,Wikip\u00e9dia:\u00e9bauche judo
Arielle Vandenberg,https://fr.wikipedia.org/?curid=12263723,https://fr.wikipedia.org/wiki/Arielle Vandenberg,Article contenant un lien mort
Ana Isabel Alonso,https://fr.wikipedia.org/?curid=12265809,https://fr.wikipedia.org/wiki/Ana Isabel Alonso,Wikip\u00e9dia:\u00e9bauche athl\u00e9tisme
Yuriko Kobayashi,https://fr.wikipedia.org/?curid=12265878,https://fr.wikipedia.org/wiki/Yuriko Kobayashi,Wikip\u00e9dia:\u00e9bauche athl\u00e9tisme
Alison Wyeth,https://fr.wikipedia.org/?curid=12264550,https://fr.wikipedia.org/wiki/Alison Wyeth,Wikip\u00e9dia:\u00e9bauche athl\u00e9tisme
Jeon Mi-ra,https://fr.wikipedia.org/?curid=1228829,https://fr.wikipedia.org/wiki/Jeon Mi-ra,Article \u00e0 illustrer Joueur de tennis
Chan Yung-jan,https://fr.wikipedia.org/?curid=1228844,https://fr.wikipedia.org/wiki/Chan Yung-jan,Article utilisant une Infobox
Hsieh Su-wei,https://fr.wikipedia.org/?curid=1228853,https://fr.wikipedia.org/wiki/Hsieh Su-wei,Article utilisant une Infobox
Lulu Antariksa,https://fr.wikipedia.org/?curid=12318942,https://fr.wikipedia.org/wiki/Lulu Antariksa,Wikip\u00e9dia:\u00e9bauche acteur am\u00e9ricain
Katelyn Ohashi,https://fr.wikipedia.org/?curid=12320270,https://fr.wikipedia.org/wiki/Katelyn Ohashi,Image locale correspondant \u00e0 celle de Wikidata
Moon Chae-won,https://fr.wikipedia.org/?curid=12319550,https://fr.wikipedia.org/wiki/Moon Chae-won,Page utilisant P569
Kaia Kater,https://fr.wikipedia.org/?curid=12300209,https://fr.wikipedia.org/wiki/Kaia Kater,Article utilisant une Infobox
Luciana Corsato Owsianka,https://fr.wikipedia.org/?curid=1228683,https://fr.wikipedia.org/wiki/Luciana Corsato Owsianka,Article \u00e0 illustrer Joueur de tennis
Emly Starr,https://fr.wikipedia.org/?curid=12310522,https://fr.wikipedia.org/wiki/Emly Starr,Wikip\u00e9dia:\u00e9bauche chanteur belge
Montell Douglas,https://fr.wikipedia.org/?curid=12254978,https://fr.wikipedia.org/wiki/Montell Douglas,Wikip\u00e9dia:\u00e9bauche athl\u00e9tisme
Catriona Gray,https://fr.wikipedia.org/?curid=12255058,https://fr.wikipedia.org/wiki/Catriona Gray,Page utilisant P856
Sabine Krantz,https://fr.wikipedia.org/?curid=12262179,https://fr.wikipedia.org/wiki/Sabine Krantz,Wikip\u00e9dia:\u00e9bauche athl\u00e9tisme
Anne Shelton (courtisane),https://fr.wikipedia.org/?curid=12258674,https://fr.wikipedia.org/wiki/Anne Shelton (courtisane),Article contenant un lien mort
Dakota Kai,https://fr.wikipedia.org/?curid=12258920,https://fr.wikipedia.org/wiki/Dakota Kai,Article contenant un lien mort
Georgia Taylor-Brown,https://fr.wikipedia.org/?curid=12292021,https://fr.wikipedia.org/wiki/Georgia Taylor-Brown,Article utilisant une Infobox
Charlotte Purdue,https://fr.wikipedia.org/?curid=12248668,https://fr.wikipedia.org/wiki/Charlotte Purdue,Wikip\u00e9dia:\u00e9bauche athl\u00e9tisme
Josiane Tito,https://fr.wikipedia.org/?curid=12247398,https://fr.wikipedia.org/wiki/Josiane Tito,Wikip\u00e9dia:\u00e9bauche athl\u00e9tisme
The Owl and the Pussycat (bande originale),https://fr.wikipedia.org/?curid=12255673,https://fr.wikipedia.org/wiki/The Owl and the Pussycat (bande originale),Article contenant un lien mort
Kim Ok-vin,https://fr.wikipedia.org/?curid=12256173,https://fr.wikipedia.org/wiki/Kim Ok-vin,Article contenant un lien mort
Nozomi Tanaka,https://fr.wikipedia.org/?curid=12256526,https://fr.wikipedia.org/wiki/Nozomi Tanaka,Page utilisant P569
Jessica Klimkait,https://fr.wikipedia.org/?curid=12252977,https://fr.wikipedia.org/wiki/Jessica Klimkait,Wikip\u00e9dia:\u00e9bauche sportif canadien
Kaoutar Farkoussi,https://fr.wikipedia.org/?curid=12253414,https://fr.wikipedia.org/wiki/Kaoutar Farkoussi,Wikip\u00e9dia:\u00e9bauche athl\u00e8te marocain
Vikt\u00f3ria Hrun\u010d\u00e1kov\u00e1,https://fr.wikipedia.org/?curid=12289096,https://fr.wikipedia.org/wiki/Vikt\u00f3ria Hrun\u010d\u00e1kov\u00e1,Article utilisant une Infobox
Bianca Andreescu,https://fr.wikipedia.org/?curid=12291531,https://fr.wikipedia.org/wiki/Bianca Andreescu,Article utilisant une Infobox
Laurel (chanteuse),https://fr.wikipedia.org/?curid=12473207,https://fr.wikipedia.org/wiki/Laurel (chanteuse),Article contenant un lien mort
He Cihong,https://fr.wikipedia.org/?curid=12464407,https://fr.wikipedia.org/wiki/He Cihong,Article \u00e0 illustrer Sportif
Patricia Mangan,https://fr.wikipedia.org/?curid=12478094,https://fr.wikipedia.org/wiki/Patricia Mangan,Page utilisant P569
Nina Ortlieb,https://fr.wikipedia.org/?curid=12478324,https://fr.wikipedia.org/wiki/Nina Ortlieb,Article utilisant une Infobox
Elisabetta Vignotto,https://fr.wikipedia.org/?curid=12481069,https://fr.wikipedia.org/wiki/Elisabetta Vignotto,Article \u00e0 illustrer Footballeur
Delta Goodrem,https://fr.wikipedia.org/?curid=1247938,https://fr.wikipedia.org/wiki/Delta Goodrem,Wikip\u00e9dia:\u00e9bauche chanteur australien
Sakura Miyawaki,https://fr.wikipedia.org/?curid=12449894,https://fr.wikipedia.org/wiki/Sakura Miyawaki,Article utilisant une Infobox
Marie (personnage),https://fr.wikipedia.org/?curid=12452359,https://fr.wikipedia.org/wiki/Marie (personnage),Article manquant de r\u00e9f\u00e9rences depuis mars 2019
Lilia Mejri,https://fr.wikipedia.org/?curid=12439597,https://fr.wikipedia.org/wiki/Lilia Mejri,Wikip\u00e9dia:\u00e9bauche sportif tunisien
Sara Hamdi,https://fr.wikipedia.org/?curid=12439603,https://fr.wikipedia.org/wiki/Sara Hamdi,Wikip\u00e9dia:\u00e9bauche sportif tunisien
Vern\u00e9 Lesche,https://fr.wikipedia.org/?curid=12462492,https://fr.wikipedia.org/wiki/Vern\u00e9 Lesche,Wikip\u00e9dia:\u00e9bauche patinage de vitesse
Jutta Leerdam,https://fr.wikipedia.org/?curid=12459894,https://fr.wikipedia.org/wiki/Jutta Leerdam,Wikip\u00e9dia:\u00e9bauche patinage de vitesse
Elisabeth Reisinger,https://fr.wikipedia.org/?curid=12459176,https://fr.wikipedia.org/wiki/Elisabeth Reisinger,Article \u00e0 illustrer Sportif
Nour Jeljeli,https://fr.wikipedia.org/?curid=12466288,https://fr.wikipedia.org/wiki/Nour Jeljeli,Wikip\u00e9dia:\u00e9bauche sportif tunisien
The Nicki Wrld Tour,https://fr.wikipedia.org/?curid=12376362,https://fr.wikipedia.org/wiki/The Nicki Wrld Tour,Article utilisant une Infobox
Aude Lemordant,https://fr.wikipedia.org/?curid=12383950,https://fr.wikipedia.org/wiki/Aude Lemordant,Article utilisant une Infobox
Moa Lundgren,https://fr.wikipedia.org/?curid=12438531,https://fr.wikipedia.org/wiki/Moa Lundgren,Article \u00e0 illustrer Sportif
Yasemin Allen,https://fr.wikipedia.org/?curid=12438676,https://fr.wikipedia.org/wiki/Yasemin Allen,Article \u00e0 illustrer Personnalit\u00e9 du cin\u00e9ma
Liste des conjoints des souverains d'Aragon,https://fr.wikipedia.org/?curid=12444871,https://fr.wikipedia.org/wiki/Liste des conjoints des souverains d'Aragon,Portail:Moyen \u00c2ge/Articles li\u00e9s
Alice Robinson,https://fr.wikipedia.org/?curid=12439894,https://fr.wikipedia.org/wiki/Alice Robinson,Article utilisant une Infobox
Marlene Schmotz,https://fr.wikipedia.org/?curid=12486927,https://fr.wikipedia.org/wiki/Marlene Schmotz,Page utilisant P569
Dita Hebelkov\u00e1,https://fr.wikipedia.org/?curid=12606070,https://fr.wikipedia.org/wiki/Dita Hebelkov\u00e1,Article \u00e0 illustrer Athl\u00e8te
Nelly Jepkosgei,https://fr.wikipedia.org/?curid=12615104,https://fr.wikipedia.org/wiki/Nelly Jepkosgei,Wikip\u00e9dia:\u00e9bauche athl\u00e8te k\u00e9nyan
Luana,https://fr.wikipedia.org/?curid=12613114,https://fr.wikipedia.org/wiki/Luana,Article contenant un lien mort
Federica Sosio,https://fr.wikipedia.org/?curid=12622675,https://fr.wikipedia.org/wiki/Federica Sosio,Page utilisant des donn\u00e9es de Wikidata \u00e0 traduire de l'anglais
Lola Benarroche,https://fr.wikipedia.org/?curid=12623155,https://fr.wikipedia.org/wiki/Lola Benarroche,Article \u00e0 illustrer Judoka
M\u00e9lissa H\u00e9leine,https://fr.wikipedia.org/?curid=12623208,https://fr.wikipedia.org/wiki/M\u00e9lissa H\u00e9leine,Article \u00e0 illustrer Judoka
Sachiko Kamo,https://fr.wikipedia.org/?curid=1262346,https://fr.wikipedia.org/wiki/Sachiko Kamo,Article \u00e0 illustrer Joueur de tennis
Veronica Smedh,https://fr.wikipedia.org/?curid=12624375,https://fr.wikipedia.org/wiki/Veronica Smedh,Article \u00e0 illustrer Sportif
Keyra,https://fr.wikipedia.org/?curid=12624400,https://fr.wikipedia.org/wiki/Keyra,Article \u00e0 illustrer Catch
Chiara Mair,https://fr.wikipedia.org/?curid=12623881,https://fr.wikipedia.org/wiki/Chiara Mair,Page utilisant P569
Ayumi Morita,https://fr.wikipedia.org/?curid=1262411,https://fr.wikipedia.org/wiki/Ayumi Morita,Article utilisant une Infobox
Astride Gneto,https://fr.wikipedia.org/?curid=12622559,https://fr.wikipedia.org/wiki/Astride Gneto,Wikip\u00e9dia:\u00e9bauche judo
Karin Hils,https://fr.wikipedia.org/?curid=12611159,https://fr.wikipedia.org/wiki/Karin Hils,Page utilisant P569
Ebrar Karakurt,https://fr.wikipedia.org/?curid=12618177,https://fr.wikipedia.org/wiki/Ebrar Karakurt,Article utilisant une Infobox
Christl Cranz,https://fr.wikipedia.org/?curid=126182,https://fr.wikipedia.org/wiki/Christl Cranz,Article utilisant une Infobox
Charlie Guest,https://fr.wikipedia.org/?curid=12618354,https://fr.wikipedia.org/wiki/Charlie Guest,Wikip\u00e9dia:\u00e9bauche ski alpin
Kristina Hautala,https://fr.wikipedia.org/?curid=12615694,https://fr.wikipedia.org/wiki/Kristina Hautala,Wikip\u00e9dia:\u00e9bauche chanteur finlandais
