Name,URL1,URL2,First Category
Pauline Pousse,https://fr.wikipedia.org/?curid=10107571,https://fr.wikipedia.org/wiki/Pauline Pousse,Article \u00e0 illustrer Athl\u00e8te
Resi Hammerer,https://fr.wikipedia.org/?curid=1013406,https://fr.wikipedia.org/wiki/Resi Hammerer,Article utilisant une Infobox
Antoinette Meyer,https://fr.wikipedia.org/?curid=1013409,https://fr.wikipedia.org/wiki/Antoinette Meyer,Wikip\u00e9dia:\u00e9bauche personnalit\u00e9 suisse
Lovisa Lindh,https://fr.wikipedia.org/?curid=10134116,https://fr.wikipedia.org/wiki/Lovisa Lindh,Wikip\u00e9dia:\u00e9bauche athl\u00e8te su\u00e9dois
Gritli Schaad,https://fr.wikipedia.org/?curid=1013422,https://fr.wikipedia.org/wiki/Gritli Schaad,Wikip\u00e9dia:\u00e9bauche sportif suisse
Amalie Iuel,https://fr.wikipedia.org/?curid=10134335,https://fr.wikipedia.org/wiki/Amalie Iuel,Wikip\u00e9dia:\u00e9bauche athl\u00e8te norv\u00e9gien
Laila Schou Nilsen,https://fr.wikipedia.org/?curid=1013438,https://fr.wikipedia.org/wiki/Laila Schou Nilsen,Wikip\u00e9dia:\u00e9bauche handballeuse norv\u00e9gienne
Anastasia Potapova,https://fr.wikipedia.org/?curid=10133645,https://fr.wikipedia.org/wiki/Anastasia Potapova,Article utilisant une Infobox
Ivona Dadic,https://fr.wikipedia.org/?curid=10133994,https://fr.wikipedia.org/wiki/Ivona Dadic,Article utilisant une Infobox
Evelyn Pinching,https://fr.wikipedia.org/?curid=1013610,https://fr.wikipedia.org/wiki/Evelyn Pinching,Article utilisant une Infobox
Elvira Osirnig,https://fr.wikipedia.org/?curid=1013612,https://fr.wikipedia.org/wiki/Elvira Osirnig,Wikip\u00e9dia:\u00e9bauche personnalit\u00e9 suisse
Gerda Paumgarten,https://fr.wikipedia.org/?curid=1013615,https://fr.wikipedia.org/wiki/Gerda Paumgarten,Article utilisant une Infobox
Grete Weikert,https://fr.wikipedia.org/?curid=1013616,https://fr.wikipedia.org/wiki/Grete Weikert,Article \u00e0 illustrer Sportif
Courtney Williams,https://fr.wikipedia.org/?curid=10136192,https://fr.wikipedia.org/wiki/Courtney Williams,Article utilisant une Infobox
Mwana Kupona,https://fr.wikipedia.org/?curid=10136472,https://fr.wikipedia.org/wiki/Mwana Kupona,Page utilisant P569
Daria Malyguina,https://fr.wikipedia.org/?curid=10165501,https://fr.wikipedia.org/wiki/Daria Malyguina,Article \u00e0 illustrer Joueur de volley-ball
Gwladys Lemoussu,https://fr.wikipedia.org/?curid=10183072,https://fr.wikipedia.org/wiki/Gwladys Lemoussu,Article utilisant une Infobox
Miljana Bojovi\u0107,https://fr.wikipedia.org/?curid=10181499,https://fr.wikipedia.org/wiki/Miljana Bojovi\u0107,Article utilisant une Infobox
Paulina Guba,https://fr.wikipedia.org/?curid=10182972,https://fr.wikipedia.org/wiki/Paulina Guba,Wikip\u00e9dia:\u00e9bauche athl\u00e8te polonais
Liste des m\u00e9daill\u00e9s aux Jeux olympiques d'\u00e9t\u00e9 de 2016,https://fr.wikipedia.org/?curid=10184851,https://fr.wikipedia.org/wiki/Liste des m\u00e9daill\u00e9s aux Jeux olympiques d'\u00e9t\u00e9 de 2016,Portail:Jeux olympiques/Articles li\u00e9s
Risa Hirako,https://fr.wikipedia.org/?curid=10188172,https://fr.wikipedia.org/wiki/Risa Hirako,Page utilisant P569
Gbahi Gwladys Sakoa,https://fr.wikipedia.org/?curid=10188175,https://fr.wikipedia.org/wiki/Gbahi Gwladys Sakoa,Article \u00e0 illustrer Escrimeur
Neslihan Atag\u00fcl,https://fr.wikipedia.org/?curid=10186121,https://fr.wikipedia.org/wiki/Neslihan Atag\u00fcl,Article \u00e0 illustrer Personnalit\u00e9 du cin\u00e9ma
Diana Taurasi,https://fr.wikipedia.org/?curid=1018681,https://fr.wikipedia.org/wiki/Diana Taurasi,Article utilisant une Infobox
Dilana,https://fr.wikipedia.org/?curid=10186852,https://fr.wikipedia.org/wiki/Dilana,Wikip\u00e9dia:\u00e9bauche chanteur sud-africain
Hwang Seon-a,https://fr.wikipedia.org/?curid=10192585,https://fr.wikipedia.org/wiki/Hwang Seon-a,Article \u00e0 illustrer Escrimeur
Mihiro Taniguchi,https://fr.wikipedia.org/?curid=10189459,https://fr.wikipedia.org/wiki/Mihiro Taniguchi,Article utilisant une Infobox
Otgontsetseg Galbadrakh,https://fr.wikipedia.org/?curid=10189774,https://fr.wikipedia.org/wiki/Otgontsetseg Galbadrakh,Wikip\u00e9dia:\u00e9bauche judo
Mary Higgins Clark,https://fr.wikipedia.org/?curid=1019425,https://fr.wikipedia.org/wiki/Mary Higgins Clark,Page utilisant P119
Nina Kessler,https://fr.wikipedia.org/?curid=10190882,https://fr.wikipedia.org/wiki/Nina Kessler,Wikip\u00e9dia:\u00e9bauche coureur cycliste n\u00e9erlandais
Isabelle Fernande de Bourbon,https://fr.wikipedia.org/?curid=10160757,https://fr.wikipedia.org/wiki/Isabelle Fernande de Bourbon,Article utilisant une Infobox
Sue Barker,https://fr.wikipedia.org/?curid=1016098,https://fr.wikipedia.org/wiki/Sue Barker,Article utilisant une Infobox
Ximena Esquivel,https://fr.wikipedia.org/?curid=10163551,https://fr.wikipedia.org/wiki/Ximena Esquivel,Wikip\u00e9dia:\u00e9bauche athl\u00e8te mexicain
Petra Mandula,https://fr.wikipedia.org/?curid=1016362,https://fr.wikipedia.org/wiki/Petra Mandula,Article \u00e0 illustrer Joueur de tennis
Debbie Graham,https://fr.wikipedia.org/?curid=1017438,https://fr.wikipedia.org/wiki/Debbie Graham,Article \u00e0 illustrer Joueur de tennis
Lilit Mkrtchian,https://fr.wikipedia.org/?curid=10171862,https://fr.wikipedia.org/wiki/Lilit Mkrtchian,Page utilisant P569
Jill Ellis,https://fr.wikipedia.org/?curid=10173884,https://fr.wikipedia.org/wiki/Jill Ellis,Article utilisant une Infobox
Emilia Ankiewicz,https://fr.wikipedia.org/?curid=10177870,https://fr.wikipedia.org/wiki/Emilia Ankiewicz,Wikip\u00e9dia:\u00e9bauche athl\u00e8te polonais
Darya Maslova,https://fr.wikipedia.org/?curid=10177894,https://fr.wikipedia.org/wiki/Darya Maslova,Wikip\u00e9dia:\u00e9bauche athl\u00e8te
Chris O'Neil,https://fr.wikipedia.org/?curid=1017764,https://fr.wikipedia.org/wiki/Chris O'Neil,Article \u00e0 illustrer Joueur de tennis
Wilma Lipp,https://fr.wikipedia.org/?curid=10177668,https://fr.wikipedia.org/wiki/Wilma Lipp,Page utilisant P569
Victoria Macaulay,https://fr.wikipedia.org/?curid=10175193,https://fr.wikipedia.org/wiki/Victoria Macaulay,Article \u00e0 illustrer Joueur de basket-ball
Florenta Mihai,https://fr.wikipedia.org/?curid=1016032,https://fr.wikipedia.org/wiki/Florenta Mihai,Article utilisant une Infobox
Chahinez Nasri,https://fr.wikipedia.org/?curid=10156317,https://fr.wikipedia.org/wiki/Chahinez Nasri,Wikip\u00e9dia:\u00e9bauche athl\u00e8te tunisien
Ana Ularu,https://fr.wikipedia.org/?curid=10162942,https://fr.wikipedia.org/wiki/Ana Ularu,Article utilisant une Infobox
Carla Couto,https://fr.wikipedia.org/?curid=10159381,https://fr.wikipedia.org/wiki/Carla Couto,Wikip\u00e9dia:\u00e9bauche footballeuse
Le\u00efla Kilani,https://fr.wikipedia.org/?curid=10143135,https://fr.wikipedia.org/wiki/Le\u00efla Kilani,Page utilisant P569
Yayuk Basuki,https://fr.wikipedia.org/?curid=1015712,https://fr.wikipedia.org/wiki/Yayuk Basuki,Article utilisant une Infobox
Suzanne Morrow,https://fr.wikipedia.org/?curid=1015411,https://fr.wikipedia.org/wiki/Suzanne Morrow,Page utilisant P569
Joselyn Dumas,https://fr.wikipedia.org/?curid=10154202,https://fr.wikipedia.org/wiki/Joselyn Dumas,Wikip\u00e9dia:\u00e9bauche acteur ghan\u00e9en
Carolle Zahi,https://fr.wikipedia.org/?curid=10146321,https://fr.wikipedia.org/wiki/Carolle Zahi,Article utilisant une Infobox
Uche Jombo,https://fr.wikipedia.org/?curid=10148186,https://fr.wikipedia.org/wiki/Uche Jombo,Wikip\u00e9dia:\u00e9bauche acteur nig\u00e9rian
Stella Damasus-Aboderin,https://fr.wikipedia.org/?curid=10149966,https://fr.wikipedia.org/wiki/Stella Damasus-Aboderin,Wikip\u00e9dia:\u00e9bauche acteur nig\u00e9rian
Laurence Eusden,https://fr.wikipedia.org/?curid=1015002,https://fr.wikipedia.org/wiki/Laurence Eusden,Article \u00e0 v\u00e9rifier/biographie
Suranne Jones,https://fr.wikipedia.org/?curid=10145219,https://fr.wikipedia.org/wiki/Suranne Jones,Article utilisant une Infobox
Petra Kamstra,https://fr.wikipedia.org/?curid=1081379,https://fr.wikipedia.org/wiki/Petra Kamstra,Article \u00e0 illustrer Joueur de tennis
Alexandra Burghardt,https://fr.wikipedia.org/?curid=10815022,https://fr.wikipedia.org/wiki/Alexandra Burghardt,Wikip\u00e9dia:\u00e9bauche athl\u00e8te allemand
Elsa Jean,https://fr.wikipedia.org/?curid=10856044,https://fr.wikipedia.org/wiki/Elsa Jean,Page du mod\u00e8le Lien web comportant une erreur
\u00c9l\u00e9onore Cordier,https://fr.wikipedia.org/?curid=10857626,https://fr.wikipedia.org/wiki/\u00c9l\u00e9onore Cordier,Article manquant de r\u00e9f\u00e9rences depuis mai 2017
Fat Cat (chanteuse),https://fr.wikipedia.org/?curid=10853320,https://fr.wikipedia.org/wiki/Fat Cat (chanteuse),Article contenant un lien mort
Liste des m\u00e9daill\u00e9s olympiques en water-polo,https://fr.wikipedia.org/?curid=10847492,https://fr.wikipedia.org/wiki/Liste des m\u00e9daill\u00e9s olympiques en water-polo,Article contenant un appel \u00e0 traduction en anglais
Marine Tondelier,https://fr.wikipedia.org/?curid=10847867,https://fr.wikipedia.org/wiki/Marine Tondelier,Article contenant un lien mort
Kirstie Klingenberg,https://fr.wikipedia.org/?curid=10815240,https://fr.wikipedia.org/wiki/Kirstie Klingenberg,Page utilisant P569
Michaela Drummond,https://fr.wikipedia.org/?curid=10815247,https://fr.wikipedia.org/wiki/Michaela Drummond,Page utilisant P569
Eunha,https://fr.wikipedia.org/?curid=10849505,https://fr.wikipedia.org/wiki/Eunha,Article utilisant une Infobox
Tess Ledeux,https://fr.wikipedia.org/?curid=10604353,https://fr.wikipedia.org/wiki/Tess Ledeux,Wikip\u00e9dia:\u00e9bauche ski acrobatique
Lucie Hradeck\u00e1,https://fr.wikipedia.org/?curid=1060445,https://fr.wikipedia.org/wiki/Lucie Hradeck\u00e1,Article utilisant une Infobox
Karin Viard,https://fr.wikipedia.org/?curid=105999,https://fr.wikipedia.org/wiki/Karin Viard,Article utilisant une Infobox
Alma (chanteuse fran\u00e7aise),https://fr.wikipedia.org/?curid=10630886,https://fr.wikipedia.org/wiki/Alma (chanteuse fran\u00e7aise),Wikip\u00e9dia:\u00e9bauche chanteur fran\u00e7ais
Nita Talbot,https://fr.wikipedia.org/?curid=10629054,https://fr.wikipedia.org/wiki/Nita Talbot,Article utilisant une Infobox
Jasmin W\u00f6hr,https://fr.wikipedia.org/?curid=1083440,https://fr.wikipedia.org/wiki/Jasmin W\u00f6hr,Article utilisant une Infobox
Lucile Morat,https://fr.wikipedia.org/?curid=10834673,https://fr.wikipedia.org/wiki/Lucile Morat,Wikip\u00e9dia:\u00e9bauche saut \u00e0 ski
Catherine Barclay-Reitz,https://fr.wikipedia.org/?curid=1084524,https://fr.wikipedia.org/wiki/Catherine Barclay-Reitz,Article utilisant une Infobox
Liste des m\u00e9daill\u00e9s aux Jeux olympiques d'\u00e9t\u00e9 de 1972,https://fr.wikipedia.org/?curid=10843473,https://fr.wikipedia.org/wiki/Liste des m\u00e9daill\u00e9s aux Jeux olympiques d'\u00e9t\u00e9 de 1972,Page utilisant une pr\u00e9sentation en colonnes avec un nombre fixe de colonnes
Adriana Serra Zanetti,https://fr.wikipedia.org/?curid=1084601,https://fr.wikipedia.org/wiki/Adriana Serra Zanetti,Article \u00e0 illustrer Joueur de tennis
Miss USA 2017,https://fr.wikipedia.org/?curid=10864516,https://fr.wikipedia.org/wiki/Miss USA 2017,Article contenant un lien mort
Audrey C. Delsanti,https://fr.wikipedia.org/?curid=1086016,https://fr.wikipedia.org/wiki/Audrey C. Delsanti,Wikip\u00e9dia:\u00e9bauche astronome fran\u00e7ais
Letesenbet Gidey,https://fr.wikipedia.org/?curid=10860653,https://fr.wikipedia.org/wiki/Letesenbet Gidey,Article utilisant une Infobox
Rapha\u00e8le Herbin,https://fr.wikipedia.org/?curid=10862246,https://fr.wikipedia.org/wiki/Rapha\u00e8le Herbin,Page utilisant P569
Tia Jones,https://fr.wikipedia.org/?curid=10854376,https://fr.wikipedia.org/wiki/Tia Jones,Wikip\u00e9dia:\u00e9bauche athl\u00e9tisme
Janja Garnbret,https://fr.wikipedia.org/?curid=10817186,https://fr.wikipedia.org/wiki/Janja Garnbret,Article utilisant une Infobox
Luc Besson,https://fr.wikipedia.org/?curid=10810,https://fr.wikipedia.org/wiki/Luc Besson,Article utilisant une Infobox
Sandra Na\u010duk,https://fr.wikipedia.org/?curid=1081038,https://fr.wikipedia.org/wiki/Sandra Na\u010duk,Article \u00e0 illustrer Joueur de tennis
Ariana Marie,https://fr.wikipedia.org/?curid=10825068,https://fr.wikipedia.org/wiki/Ariana Marie,Article utilisant une Infobox
Jenelle Crooks,https://fr.wikipedia.org/?curid=10839932,https://fr.wikipedia.org/wiki/Jenelle Crooks,Page utilisant P569
Yseult (chanteuse),https://fr.wikipedia.org/?curid=10840243,https://fr.wikipedia.org/wiki/Yseult (chanteuse),Page utilisant P569
Ekaterina Sysoeva,https://fr.wikipedia.org/?curid=1083569,https://fr.wikipedia.org/wiki/Ekaterina Sysoeva,Article \u00e0 illustrer Joueur de tennis
Lioubomira Batcheva,https://fr.wikipedia.org/?curid=1083585,https://fr.wikipedia.org/wiki/Lioubomira Batcheva,Article utilisant une Infobox
Bianka Lamade,https://fr.wikipedia.org/?curid=1083604,https://fr.wikipedia.org/wiki/Bianka Lamade,Article \u00e0 illustrer Joueur de tennis
Beverly Mould,https://fr.wikipedia.org/?curid=1081218,https://fr.wikipedia.org/wiki/Beverly Mould,Article \u00e0 illustrer Joueur de tennis
Helga Masthoff,https://fr.wikipedia.org/?curid=1081242,https://fr.wikipedia.org/wiki/Helga Masthoff,Article manquant de r\u00e9f\u00e9rences depuis ao\u00fbt 2023
Susan Kelechi Watson,https://fr.wikipedia.org/?curid=10821464,https://fr.wikipedia.org/wiki/Susan Kelechi Watson,Wikip\u00e9dia:\u00e9bauche acteur am\u00e9ricain
Marina Visconti,https://fr.wikipedia.org/?curid=10821741,https://fr.wikipedia.org/wiki/Marina Visconti,Article utilisant une Infobox
Romana Tedjakusuma,https://fr.wikipedia.org/?curid=1082960,https://fr.wikipedia.org/wiki/Romana Tedjakusuma,Article utilisant une Infobox
No\u00eblle van Lottum,https://fr.wikipedia.org/?curid=1081367,https://fr.wikipedia.org/wiki/No\u00eblle van Lottum,Article \u00e0 illustrer Joueur de tennis
Eva Martincov\u00e1,https://fr.wikipedia.org/?curid=1081069,https://fr.wikipedia.org/wiki/Eva Martincov\u00e1,Article \u00e0 illustrer Joueur de tennis
Beatrice Eli,https://fr.wikipedia.org/?curid=10820325,https://fr.wikipedia.org/wiki/Beatrice Eli,Article utilisant une Infobox
Ezequiel Morales,https://fr.wikipedia.org/?curid=10811787,https://fr.wikipedia.org/wiki/Ezequiel Morales,Wikip\u00e9dia:\u00e9bauche triathlon
Chelsea Hammond,https://fr.wikipedia.org/?curid=10818197,https://fr.wikipedia.org/wiki/Chelsea Hammond,Wikip\u00e9dia:\u00e9bauche athl\u00e9tisme
Lina \u0160altyt\u0117,https://fr.wikipedia.org/?curid=10890368,https://fr.wikipedia.org/wiki/Lina \u0160altyt\u0117,Article utilisant une Infobox
Ritika Singh,https://fr.wikipedia.org/?curid=10919433,https://fr.wikipedia.org/wiki/Ritika Singh,Article utilisant une Infobox
Wenke Kujala,https://fr.wikipedia.org/?curid=10919807,https://fr.wikipedia.org/wiki/Wenke Kujala,Wikip\u00e9dia:\u00e9bauche triathlon
Sage Watson,https://fr.wikipedia.org/?curid=10919917,https://fr.wikipedia.org/wiki/Sage Watson,Wikip\u00e9dia:\u00e9bauche athl\u00e8te canadien
Aliz\u00e9 Lim,https://fr.wikipedia.org/?curid=10918460,https://fr.wikipedia.org/wiki/Aliz\u00e9 Lim,Article utilisant une Infobox
Sondra Currie,https://fr.wikipedia.org/?curid=10918679,https://fr.wikipedia.org/wiki/Sondra Currie,Article \u00e0 illustrer Personnalit\u00e9 du cin\u00e9ma
Kenza Dahmani,https://fr.wikipedia.org/?curid=10918279,https://fr.wikipedia.org/wiki/Kenza Dahmani,Wikip\u00e9dia:\u00e9bauche athl\u00e8te alg\u00e9rien
Shruti Haasan,https://fr.wikipedia.org/?curid=10882736,https://fr.wikipedia.org/wiki/Shruti Haasan,Article utilisant une Infobox
Laetitia Velma,https://fr.wikipedia.org/?curid=10879046,https://fr.wikipedia.org/wiki/Laetitia Velma,Wikip\u00e9dia:Tentative d'adoption en juin 2021
Hansika Motwani,https://fr.wikipedia.org/?curid=10880282,https://fr.wikipedia.org/wiki/Hansika Motwani,Article utilisant une Infobox
Petra Ritter,https://fr.wikipedia.org/?curid=1087513,https://fr.wikipedia.org/wiki/Petra Ritter,Article \u00e0 illustrer Joueur de tennis
Eva \u0160v\u00edglerov\u00e1,https://fr.wikipedia.org/?curid=1087541,https://fr.wikipedia.org/wiki/Eva \u0160v\u00edglerov\u00e1,Article \u00e0 illustrer Joueur de tennis
Eda Tu\u011fsuz,https://fr.wikipedia.org/?curid=10872691,https://fr.wikipedia.org/wiki/Eda Tu\u011fsuz,Wikip\u00e9dia:\u00e9bauche athl\u00e8te turc
Christina Clemons,https://fr.wikipedia.org/?curid=10876526,https://fr.wikipedia.org/wiki/Christina Clemons,Wikip\u00e9dia:\u00e9bauche athl\u00e8te am\u00e9ricain
Gail Laurence,https://fr.wikipedia.org/?curid=10891351,https://fr.wikipedia.org/wiki/Gail Laurence,Wikip\u00e9dia:\u00e9bauche triathlon
Julie H\u00e9bert,https://fr.wikipedia.org/?curid=10888896,https://fr.wikipedia.org/wiki/Julie H\u00e9bert,Article utilisant une Infobox
Natalie Grandin,https://fr.wikipedia.org/?curid=1091414,https://fr.wikipedia.org/wiki/Natalie Grandin,Article utilisant une Infobox
Liste des m\u00e9daill\u00e9s aux Jeux olympiques d'\u00e9t\u00e9 de 1968,https://fr.wikipedia.org/?curid=10914911,https://fr.wikipedia.org/wiki/Liste des m\u00e9daill\u00e9s aux Jeux olympiques d'\u00e9t\u00e9 de 1968,Page utilisant une pr\u00e9sentation en colonnes avec un nombre fixe de colonnes
Miwako Okuda,https://fr.wikipedia.org/?curid=1091347,https://fr.wikipedia.org/wiki/Miwako Okuda,Article utilisant une Infobox
Jennifer Russell,https://fr.wikipedia.org/?curid=1091701,https://fr.wikipedia.org/wiki/Jennifer Russell,Article \u00e0 illustrer Joueur de tennis
Wang Shi-ting,https://fr.wikipedia.org/?curid=1089497,https://fr.wikipedia.org/wiki/Wang Shi-ting,Article utilisant une Infobox
Wynne Prakusya,https://fr.wikipedia.org/?curid=1089511,https://fr.wikipedia.org/wiki/Wynne Prakusya,Article \u00e0 illustrer Joueur de tennis
Christiane Jolissaint,https://fr.wikipedia.org/?curid=1089383,https://fr.wikipedia.org/wiki/Christiane Jolissaint,Article utilisant une Infobox
Seiko Okamoto,https://fr.wikipedia.org/?curid=1089601,https://fr.wikipedia.org/wiki/Seiko Okamoto,Article \u00e0 illustrer Joueur de tennis
Kyra Jefferson,https://fr.wikipedia.org/?curid=10892339,https://fr.wikipedia.org/wiki/Kyra Jefferson,Article \u00e0 illustrer Athl\u00e8te
Andrea Betzner,https://fr.wikipedia.org/?curid=1089699,https://fr.wikipedia.org/wiki/Andrea Betzner,Article \u00e0 illustrer Joueur de tennis
Akemi Nishiya,https://fr.wikipedia.org/?curid=1089721,https://fr.wikipedia.org/wiki/Akemi Nishiya,Article \u00e0 illustrer Joueur de tennis
Lucy Bartholomew,https://fr.wikipedia.org/?curid=10904707,https://fr.wikipedia.org/wiki/Lucy Bartholomew,Page utilisant P569
Louise Bonham,https://fr.wikipedia.org/?curid=10905009,https://fr.wikipedia.org/wiki/Louise Bonham,Wikip\u00e9dia:\u00e9bauche triathl\u00e8te
Alfre Woodard,https://fr.wikipedia.org/?curid=1090359,https://fr.wikipedia.org/wiki/Alfre Woodard,Article utilisant une Infobox
Ute Sch\u00e4fer,https://fr.wikipedia.org/?curid=10903764,https://fr.wikipedia.org/wiki/Ute Sch\u00e4fer,Wikip\u00e9dia:\u00e9bauche triathl\u00e8te
Yamina Bouchaouante,https://fr.wikipedia.org/?curid=10905691,https://fr.wikipedia.org/wiki/Yamina Bouchaouante,Wikip\u00e9dia:\u00e9bauche athl\u00e8te fran\u00e7ais
Ir\u00e8ne Donzelot,https://fr.wikipedia.org/?curid=10907894,https://fr.wikipedia.org/wiki/Ir\u00e8ne Donzelot,Wikip\u00e9dia:\u00e9bauche athl\u00e8te fran\u00e7ais
Marta Kostyuk,https://fr.wikipedia.org/?curid=10905325,https://fr.wikipedia.org/wiki/Marta Kostyuk,Article utilisant une Infobox
Lauren Barnett,https://fr.wikipedia.org/?curid=10904346,https://fr.wikipedia.org/wiki/Lauren Barnett,Wikip\u00e9dia:\u00e9bauche triathl\u00e8te
C\u00e9line Nyanga,https://fr.wikipedia.org/?curid=10906145,https://fr.wikipedia.org/wiki/C\u00e9line Nyanga,Wikip\u00e9dia:\u00e9bauche athl\u00e8te fran\u00e7ais
Ninon Chapelle,https://fr.wikipedia.org/?curid=10906243,https://fr.wikipedia.org/wiki/Ninon Chapelle,Article utilisant une Infobox
Ricarda Lisk,https://fr.wikipedia.org/?curid=10906687,https://fr.wikipedia.org/wiki/Ricarda Lisk,Wikip\u00e9dia:\u00e9bauche triathlon
Christiane Pilz,https://fr.wikipedia.org/?curid=10907552,https://fr.wikipedia.org/wiki/Christiane Pilz,Wikip\u00e9dia:\u00e9bauche triathlon
Esna (chanteuse),https://fr.wikipedia.org/?curid=10898532,https://fr.wikipedia.org/wiki/Esna (chanteuse),Article utilisant une Infobox
Teodora Kakhiani,https://fr.wikipedia.org/?curid=10923383,https://fr.wikipedia.org/wiki/Teodora Kakhiani,Article \u00e0 illustrer Escrimeur
Belle Knox,https://fr.wikipedia.org/?curid=10926488,https://fr.wikipedia.org/wiki/Belle Knox,Article contenant un lien mort
Katherine Wallace,https://fr.wikipedia.org/?curid=10926692,https://fr.wikipedia.org/wiki/Katherine Wallace,Article contenant un lien mort
Camilla Crociani,https://fr.wikipedia.org/?curid=10926770,https://fr.wikipedia.org/wiki/Camilla Crociani,Article manquant de r\u00e9f\u00e9rences depuis juin 2017
Bhumi Pednekar,https://fr.wikipedia.org/?curid=10874043,https://fr.wikipedia.org/wiki/Bhumi Pednekar,Page utilisant des donn\u00e9es de Wikidata \u00e0 traduire de l'anglais
Bian Ka,https://fr.wikipedia.org/?curid=10875837,https://fr.wikipedia.org/wiki/Bian Ka,Wikip\u00e9dia:\u00e9bauche athl\u00e9tisme
Julia Viellehner,https://fr.wikipedia.org/?curid=10881999,https://fr.wikipedia.org/wiki/Julia Viellehner,Wikip\u00e9dia:\u00e9bauche triathl\u00e8te
Kim Hye-gyong,https://fr.wikipedia.org/?curid=10880211,https://fr.wikipedia.org/wiki/Kim Hye-gyong,Wikip\u00e9dia:\u00e9bauche athl\u00e9tisme
Kim Hye-song,https://fr.wikipedia.org/?curid=10880214,https://fr.wikipedia.org/wiki/Kim Hye-song,Wikip\u00e9dia:\u00e9bauche athl\u00e9tisme
Irene (chanteuse),https://fr.wikipedia.org/?curid=10582806,https://fr.wikipedia.org/wiki/Irene (chanteuse),Article utilisant une Infobox
Katharina Gallhuber,https://fr.wikipedia.org/?curid=10583817,https://fr.wikipedia.org/wiki/Katharina Gallhuber,Article utilisant une Infobox
M\u00e9lanie Meillard,https://fr.wikipedia.org/?curid=10581989,https://fr.wikipedia.org/wiki/M\u00e9lanie Meillard,Wikip\u00e9dia:\u00e9bauche ski alpin
Rosina Schneeberger,https://fr.wikipedia.org/?curid=10581494,https://fr.wikipedia.org/wiki/Rosina Schneeberger,Article utilisant une Infobox
Siegfried Bauer,https://fr.wikipedia.org/?curid=10579771,https://fr.wikipedia.org/wiki/Siegfried Bauer,Wikip\u00e9dia:\u00e9bauche triathl\u00e8te
Audrey Sale-Barker,https://fr.wikipedia.org/?curid=1055958,https://fr.wikipedia.org/wiki/Audrey Sale-Barker,Page utilisant des arguments dupliqu\u00e9s dans les appels de mod\u00e8le
Helen Boughton-Leigh,https://fr.wikipedia.org/?curid=1055960,https://fr.wikipedia.org/wiki/Helen Boughton-Leigh,Article \u00e0 illustrer Sportif
Helen Zingg,https://fr.wikipedia.org/?curid=1055962,https://fr.wikipedia.org/wiki/Helen Zingg,Wikip\u00e9dia:\u00e9bauche personnalit\u00e9 suisse
Alina Raikova,https://fr.wikipedia.org/?curid=10566386,https://fr.wikipedia.org/wiki/Alina Raikova,Article \u00e0 illustrer Sportif
Britney Spears,https://fr.wikipedia.org/?curid=105664,https://fr.wikipedia.org/wiki/Britney Spears,Article contenant un lien mort
Olga Rypakova,https://fr.wikipedia.org/?curid=4036984,https://fr.wikipedia.org/wiki/Olga Rypakova,Article utilisant une Infobox
Ma Xuejun,https://fr.wikipedia.org/?curid=4037008,https://fr.wikipedia.org/wiki/Ma Xuejun,Wikip\u00e9dia:\u00e9bauche athl\u00e8te chinois
Sentayehu Ejigu,https://fr.wikipedia.org/?curid=4037069,https://fr.wikipedia.org/wiki/Sentayehu Ejigu,Article utilisant une Infobox
Suikoden IV,https://fr.wikipedia.org/?curid=4036181,https://fr.wikipedia.org/wiki/Suikoden IV,Wikip\u00e9dia:\u00e9bauche jeu vid\u00e9o
\u017baneta Glanc,https://fr.wikipedia.org/?curid=4037655,https://fr.wikipedia.org/wiki/\u017baneta Glanc,Wikip\u00e9dia:\u00e9bauche athl\u00e8te polonais
Dani Stevens,https://fr.wikipedia.org/?curid=4037681,https://fr.wikipedia.org/wiki/Dani Stevens,Article utilisant une Infobox
Keila Costa,https://fr.wikipedia.org/?curid=4041495,https://fr.wikipedia.org/wiki/Keila Costa,Wikip\u00e9dia:\u00e9bauche athl\u00e8te br\u00e9silien
Amber Campbell,https://fr.wikipedia.org/?curid=4039410,https://fr.wikipedia.org/wiki/Amber Campbell,Wikip\u00e9dia:\u00e9bauche athl\u00e8te am\u00e9ricain
Anisya Kirdyapkina,https://fr.wikipedia.org/?curid=4040709,https://fr.wikipedia.org/wiki/Anisya Kirdyapkina,Wikip\u00e9dia:\u00e9bauche athl\u00e8te russe
Victoria (reine),https://fr.wikipedia.org/?curid=40408,https://fr.wikipedia.org/wiki/Victoria (reine),Article utilisant une Infobox
Sarah Gronert,https://fr.wikipedia.org/?curid=4039754,https://fr.wikipedia.org/wiki/Sarah Gronert,Article \u00e0 illustrer Joueur de tennis
Kathrin Klaas,https://fr.wikipedia.org/?curid=4043065,https://fr.wikipedia.org/wiki/Kathrin Klaas,Article utilisant une Infobox
Anne Cibis,https://fr.wikipedia.org/?curid=4049790,https://fr.wikipedia.org/wiki/Anne Cibis,Wikip\u00e9dia:\u00e9bauche athl\u00e8te allemand
Kalkidan Gezahegne,https://fr.wikipedia.org/?curid=4044103,https://fr.wikipedia.org/wiki/Kalkidan Gezahegne,Article utilisant une Infobox
Nuria Fern\u00e1ndez,https://fr.wikipedia.org/?curid=4044139,https://fr.wikipedia.org/wiki/Nuria Fern\u00e1ndez,Wikip\u00e9dia:\u00e9bauche athl\u00e8te espagnol
L\u00e9a Lemare,https://fr.wikipedia.org/?curid=4029901,https://fr.wikipedia.org/wiki/L\u00e9a Lemare,Article contenant un lien mort
Candie Herbert,https://fr.wikipedia.org/?curid=4020226,https://fr.wikipedia.org/wiki/Candie Herbert,Wikip\u00e9dia:\u00e9bauche footballeuse fran\u00e7aise
Alfonso Cuar\u00f3n,https://fr.wikipedia.org/?curid=4020352,https://fr.wikipedia.org/wiki/Alfonso Cuar\u00f3n,Article utilisant une Infobox
Anna Battke,https://fr.wikipedia.org/?curid=4028660,https://fr.wikipedia.org/wiki/Anna Battke,Wikip\u00e9dia:\u00e9bauche athl\u00e8te allemand
Courtney Conlogue,https://fr.wikipedia.org/?curid=4027981,https://fr.wikipedia.org/wiki/Courtney Conlogue,Wikip\u00e9dia:\u00e9bauche surfeur am\u00e9ricain
Anita W\u0142odarczyk,https://fr.wikipedia.org/?curid=4018342,https://fr.wikipedia.org/wiki/Anita W\u0142odarczyk,Article utilisant une Infobox
Meike Kr\u00f6ger,https://fr.wikipedia.org/?curid=4018371,https://fr.wikipedia.org/wiki/Meike Kr\u00f6ger,Wikip\u00e9dia:\u00e9bauche athl\u00e8te allemand
B\u00f9i Th\u1ecb Nhung,https://fr.wikipedia.org/?curid=4018380,https://fr.wikipedia.org/wiki/B\u00f9i Th\u1ecb Nhung,Wikip\u00e9dia:\u00e9bauche athl\u00e8te
Caterine Ibarg\u00fcen,https://fr.wikipedia.org/?curid=4018447,https://fr.wikipedia.org/wiki/Caterine Ibarg\u00fcen,Article utilisant une Infobox
Mitsuko Horie,https://fr.wikipedia.org/?curid=4016469,https://fr.wikipedia.org/wiki/Mitsuko Horie,Article manquant de r\u00e9f\u00e9rences depuis mars 2021
Iryna Yatchanka,https://fr.wikipedia.org/?curid=4016473,https://fr.wikipedia.org/wiki/Iryna Yatchanka,Wikip\u00e9dia:\u00e9bauche athl\u00e8te bi\u00e9lorusse
Paraskev\u00ed Tsiam\u00edta,https://fr.wikipedia.org/?curid=4018523,https://fr.wikipedia.org/wiki/Paraskev\u00ed Tsiam\u00edta,Article \u00e0 illustrer Athl\u00e8te
Blaise Cendrars,https://fr.wikipedia.org/?curid=4021438,https://fr.wikipedia.org/wiki/Blaise Cendrars,Page utilisant P119
El\u00e9ni Fil\u00e1ndra,https://fr.wikipedia.org/?curid=4017164,https://fr.wikipedia.org/wiki/El\u00e9ni Fil\u00e1ndra,Wikip\u00e9dia:\u00e9bauche athl\u00e8te grec
Jovana Brako\u010devi\u0107,https://fr.wikipedia.org/?curid=3913934,https://fr.wikipedia.org/wiki/Jovana Brako\u010devi\u0107,Article utilisant une Infobox
Milagros Cabral,https://fr.wikipedia.org/?curid=3919412,https://fr.wikipedia.org/wiki/Milagros Cabral,Wikip\u00e9dia:\u00e9bauche joueuse dominicaine de volley-ball
Anna Alminova,https://fr.wikipedia.org/?curid=3974052,https://fr.wikipedia.org/wiki/Anna Alminova,Article utilisant une Infobox
Yamil\u00e9 Aldama,https://fr.wikipedia.org/?curid=389117,https://fr.wikipedia.org/wiki/Yamil\u00e9 Aldama,Article utilisant une Infobox
Anne Boileau,https://fr.wikipedia.org/?curid=3893508,https://fr.wikipedia.org/wiki/Anne Boileau,Article \u00e0 illustrer Sportif
Marcel Zamora P\u00e9rez,https://fr.wikipedia.org/?curid=3950874,https://fr.wikipedia.org/wiki/Marcel Zamora P\u00e9rez,Article utilisant une Infobox
Christel Robin,https://fr.wikipedia.org/?curid=3949856,https://fr.wikipedia.org/wiki/Christel Robin,Article \u00e0 illustrer Sportif
Mark Allen (triathlon),https://fr.wikipedia.org/?curid=3990079,https://fr.wikipedia.org/wiki/Mark Allen (triathlon),Article utilisant une Infobox
Francis Joyon,https://fr.wikipedia.org/?curid=398989,https://fr.wikipedia.org/wiki/Francis Joyon,Page utilisant P106
Francesca Piccinini,https://fr.wikipedia.org/?curid=398600,https://fr.wikipedia.org/wiki/Francesca Piccinini,Wikip\u00e9dia:\u00e9bauche joueuse italienne de volley-ball
Cristina Pirv,https://fr.wikipedia.org/?curid=398621,https://fr.wikipedia.org/wiki/Cristina Pirv,Article \u00e0 illustrer Joueur de volley-ball
Charlotte Bonin,https://fr.wikipedia.org/?curid=3989366,https://fr.wikipedia.org/wiki/Charlotte Bonin,Wikip\u00e9dia:\u00e9bauche triathl\u00e8te
Anna Biryukova,https://fr.wikipedia.org/?curid=3992193,https://fr.wikipedia.org/wiki/Anna Biryukova,Wikip\u00e9dia:\u00e9bauche athl\u00e8te russe
Ai Miyazato,https://fr.wikipedia.org/?curid=3992735,https://fr.wikipedia.org/wiki/Ai Miyazato,Article utilisant une Infobox
Nevin Yan\u0131t,https://fr.wikipedia.org/?curid=3959855,https://fr.wikipedia.org/wiki/Nevin Yan\u0131t,Recension temporaire pour le mod\u00e8le Article
Nikol\u00e9ta Kiriakopo\u00falou,https://fr.wikipedia.org/?curid=3959916,https://fr.wikipedia.org/wiki/Nikol\u00e9ta Kiriakopo\u00falou,Article utilisant une Infobox
Adon\u00eda Stery\u00edou,https://fr.wikipedia.org/?curid=3960061,https://fr.wikipedia.org/wiki/Adon\u00eda Stery\u00edou,Wikip\u00e9dia:\u00e9bauche athl\u00e8te grec
Burcu Y\u00fcksel,https://fr.wikipedia.org/?curid=3962891,https://fr.wikipedia.org/wiki/Burcu Y\u00fcksel,Article utilisant une Infobox
Hongyan Pi,https://fr.wikipedia.org/?curid=396507,https://fr.wikipedia.org/wiki/Hongyan Pi,Article utilisant une Infobox
Assunta Legnante,https://fr.wikipedia.org/?curid=3964241,https://fr.wikipedia.org/wiki/Assunta Legnante,Wikip\u00e9dia:\u00e9bauche athl\u00e8te italien
"Une femme libre (film, 1978)",https://fr.wikipedia.org/?curid=3962344,"https://fr.wikipedia.org/wiki/Une femme libre (film, 1978)",Article utilisant une Infobox
Hanane Ouhaddou,https://fr.wikipedia.org/?curid=3962729,https://fr.wikipedia.org/wiki/Hanane Ouhaddou,Wikip\u00e9dia:\u00e9bauche athl\u00e8te marocain
Ana Antonijevi\u0107,https://fr.wikipedia.org/?curid=3969903,https://fr.wikipedia.org/wiki/Ana Antonijevi\u0107,Article utilisant une Infobox
Olena Antonova,https://fr.wikipedia.org/?curid=3968950,https://fr.wikipedia.org/wiki/Olena Antonova,Wikip\u00e9dia:\u00e9bauche athl\u00e8te ukrainien
Priscilla Lopes-Schliep,https://fr.wikipedia.org/?curid=3968969,https://fr.wikipedia.org/wiki/Priscilla Lopes-Schliep,Article utilisant une Infobox
Irina Gordeyeva,https://fr.wikipedia.org/?curid=3970685,https://fr.wikipedia.org/wiki/Irina Gordeyeva,Wikip\u00e9dia:\u00e9bauche athl\u00e8te russe
Zheng Xingjuan,https://fr.wikipedia.org/?curid=3970712,https://fr.wikipedia.org/wiki/Zheng Xingjuan,Wikip\u00e9dia:\u00e9bauche athl\u00e8te chinois
Filmfare Award de la meilleure actrice,https://fr.wikipedia.org/?curid=3971537,https://fr.wikipedia.org/wiki/Filmfare Award de la meilleure actrice,Article avec section \u00e0 recycler
Laurianne Delabarre,https://fr.wikipedia.org/?curid=3925849,https://fr.wikipedia.org/wiki/Laurianne Delabarre,Wikip\u00e9dia:\u00e9bauche joueuse fran\u00e7aise de volley-ball
Yuliya Pakhalina,https://fr.wikipedia.org/?curid=3983679,https://fr.wikipedia.org/wiki/Yuliya Pakhalina,Wikip\u00e9dia:\u00e9bauche plongeon
Simona Rinieri,https://fr.wikipedia.org/?curid=398370,https://fr.wikipedia.org/wiki/Simona Rinieri,Wikip\u00e9dia:\u00e9bauche joueuse italienne de volley-ball
Titiyo,https://fr.wikipedia.org/?curid=3983034,https://fr.wikipedia.org/wiki/Titiyo,Wikip\u00e9dia:\u00e9bauche chanteur su\u00e9dois
Hoang Thanh Trang,https://fr.wikipedia.org/?curid=3982436,https://fr.wikipedia.org/wiki/Hoang Thanh Trang,Page utilisant P27
Amadea Durakovi\u0107,https://fr.wikipedia.org/?curid=3981055,https://fr.wikipedia.org/wiki/Amadea Durakovi\u0107,Article utilisant une Infobox
Wilhelmine-Am\u00e9lie de Brunswick-Lunebourg,https://fr.wikipedia.org/?curid=4230147,https://fr.wikipedia.org/wiki/Wilhelmine-Am\u00e9lie de Brunswick-Lunebourg,Article utilisant une Infobox
Tammy Duckworth,https://fr.wikipedia.org/?curid=4241072,https://fr.wikipedia.org/wiki/Tammy Duckworth,Article utilisant une Infobox
Silke Renk,https://fr.wikipedia.org/?curid=4325272,https://fr.wikipedia.org/wiki/Silke Renk,Article \u00e0 illustrer Athl\u00e8te
Discographie de Lady Gaga,https://fr.wikipedia.org/?curid=4325558,https://fr.wikipedia.org/wiki/Discographie de Lady Gaga,Article contenant un lien mort
Daim\u00ed Pern\u00eda,https://fr.wikipedia.org/?curid=4329532,https://fr.wikipedia.org/wiki/Daim\u00ed Pern\u00eda,Wikip\u00e9dia:\u00e9bauche athl\u00e8te cubain
C\u00e9line Dion,https://fr.wikipedia.org/?curid=4331022,https://fr.wikipedia.org/wiki/C\u00e9line Dion,Page utilisant P5395
Yanina Wickmayer,https://fr.wikipedia.org/?curid=4317050,https://fr.wikipedia.org/wiki/Yanina Wickmayer,Article utilisant une Infobox
Irina Strakhova,https://fr.wikipedia.org/?curid=4336987,https://fr.wikipedia.org/wiki/Irina Strakhova,Wikip\u00e9dia:\u00e9bauche athl\u00e8te russe
Irina Stankina,https://fr.wikipedia.org/?curid=4337193,https://fr.wikipedia.org/wiki/Irina Stankina,Wikip\u00e9dia:\u00e9bauche athl\u00e8te russe
Charde Houston,https://fr.wikipedia.org/?curid=4327741,https://fr.wikipedia.org/wiki/Charde Houston,Article utilisant une Infobox
Katia Benth,https://fr.wikipedia.org/?curid=4306483,https://fr.wikipedia.org/wiki/Katia Benth,Wikip\u00e9dia:\u00e9bauche athl\u00e8te fran\u00e7ais
Diane Lane,https://fr.wikipedia.org/?curid=430656,https://fr.wikipedia.org/wiki/Diane Lane,Article utilisant une Infobox
Magda Genuin,https://fr.wikipedia.org/?curid=4308290,https://fr.wikipedia.org/wiki/Magda Genuin,Wikip\u00e9dia:\u00e9bauche ski de fond
Tamannaah Bhatia,https://fr.wikipedia.org/?curid=4317695,https://fr.wikipedia.org/wiki/Tamannaah Bhatia,Article utilisant une Infobox
Liu Hongyu,https://fr.wikipedia.org/?curid=4341655,https://fr.wikipedia.org/wiki/Liu Hongyu,Wikip\u00e9dia:\u00e9bauche athl\u00e8te chinois
Alena Zavarzina,https://fr.wikipedia.org/?curid=4342685,https://fr.wikipedia.org/wiki/Alena Zavarzina,Wikip\u00e9dia:\u00e9bauche personnalit\u00e9 russe
Trine Schmidt,https://fr.wikipedia.org/?curid=4340756,https://fr.wikipedia.org/wiki/Trine Schmidt,Page utilisant P1477
Agn\u00e8s Gosselin,https://fr.wikipedia.org/?curid=4333309,https://fr.wikipedia.org/wiki/Agn\u00e8s Gosselin,Article \u00e0 illustrer Patineur artistique
Ta\u00efna Barioz,https://fr.wikipedia.org/?curid=4335790,https://fr.wikipedia.org/wiki/Ta\u00efna Barioz,Article utilisant une Infobox
L\u00e9na Marrocco,https://fr.wikipedia.org/?curid=4316130,https://fr.wikipedia.org/wiki/L\u00e9na Marrocco,Article utilisant une Infobox
Maiken Caspersen Falla,https://fr.wikipedia.org/?curid=4308889,https://fr.wikipedia.org/wiki/Maiken Caspersen Falla,Article utilisant une Infobox
Elsa Zylberstein,https://fr.wikipedia.org/?curid=432357,https://fr.wikipedia.org/wiki/Elsa Zylberstein,Article utilisant une Infobox
Anne-Sophie de Kristoffy,https://fr.wikipedia.org/?curid=4321067,https://fr.wikipedia.org/wiki/Anne-Sophie de Kristoffy,Article \u00e0 illustrer Patineur artistique
Preity Zinta,https://fr.wikipedia.org/?curid=432144,https://fr.wikipedia.org/wiki/Preity Zinta,Article utilisant une Infobox
Wang Liping (athl\u00e8te),https://fr.wikipedia.org/?curid=4321130,https://fr.wikipedia.org/wiki/Wang Liping (athl\u00e8te),Wikip\u00e9dia:\u00e9bauche athl\u00e8te chinois
John Banville,https://fr.wikipedia.org/?curid=430643,https://fr.wikipedia.org/wiki/John Banville,Article utilisant une Infobox
Deidre Catt,https://fr.wikipedia.org/?curid=3929285,https://fr.wikipedia.org/wiki/Deidre Catt,Wikip\u00e9dia:\u00e9bauche tennis
Liste des conjoints des souverains anglais,https://fr.wikipedia.org/?curid=3935375,https://fr.wikipedia.org/wiki/Liste des conjoints des souverains anglais,Article contenant un appel \u00e0 traduction en anglais
Maryse Ouellet,https://fr.wikipedia.org/?curid=3875925,https://fr.wikipedia.org/wiki/Maryse Ouellet,Article contenant un lien mort
Debbie Ferguson-McKenzie,https://fr.wikipedia.org/?curid=393805,https://fr.wikipedia.org/wiki/Debbie Ferguson-McKenzie,Article utilisant une Infobox
Fiona May,https://fr.wikipedia.org/?curid=393835,https://fr.wikipedia.org/wiki/Fiona May,Article utilisant une Infobox
Emilia Fahlin,https://fr.wikipedia.org/?curid=3939066,https://fr.wikipedia.org/wiki/Emilia Fahlin,Page utilisant P569
Vanessa Boslak,https://fr.wikipedia.org/?curid=393764,https://fr.wikipedia.org/wiki/Vanessa Boslak,Article utilisant une Infobox
Ekater\u00edni Th\u00e1nou,https://fr.wikipedia.org/?curid=393858,https://fr.wikipedia.org/wiki/Ekater\u00edni Th\u00e1nou,Article \u00e0 illustrer Athl\u00e8te
Karima Delli,https://fr.wikipedia.org/?curid=3897995,https://fr.wikipedia.org/wiki/Karima Delli,Article utilisant une Infobox
Michelle Wie,https://fr.wikipedia.org/?curid=391236,https://fr.wikipedia.org/wiki/Michelle Wie,Article manquant de r\u00e9f\u00e9rences depuis avril 2019
Sari Essayah,https://fr.wikipedia.org/?curid=3912360,https://fr.wikipedia.org/wiki/Sari Essayah,Wikip\u00e9dia:\u00e9bauche personnalit\u00e9 politique finlandaise
Ariane Friedrich,https://fr.wikipedia.org/?curid=3912875,https://fr.wikipedia.org/wiki/Ariane Friedrich,Article utilisant une Infobox
Brittney Reese,https://fr.wikipedia.org/?curid=3910954,https://fr.wikipedia.org/wiki/Brittney Reese,Article utilisant une Infobox
M\u00e9lanie Turgeon,https://fr.wikipedia.org/?curid=423377,https://fr.wikipedia.org/wiki/M\u00e9lanie Turgeon,Article manquant de r\u00e9f\u00e9rences depuis septembre 2019
Candice Davis,https://fr.wikipedia.org/?curid=4231483,https://fr.wikipedia.org/wiki/Candice Davis,Wikip\u00e9dia:\u00e9bauche athl\u00e8te am\u00e9ricain
David Hauss,https://fr.wikipedia.org/?curid=4257075,https://fr.wikipedia.org/wiki/David Hauss,Article utilisant une Infobox
Miss USA,https://fr.wikipedia.org/?curid=4222629,https://fr.wikipedia.org/wiki/Miss USA,Wikip\u00e9dia:\u00e9bauche \u00c9tats-Unis
Liste des dauphines de France,https://fr.wikipedia.org/?curid=4248039,https://fr.wikipedia.org/wiki/Liste des dauphines de France,Article utilisant une Infobox
Love?,https://fr.wikipedia.org/?curid=4250727,https://fr.wikipedia.org/wiki/Love?,Article contenant un lien mort
Irina Meleshina,https://fr.wikipedia.org/?curid=4251142,https://fr.wikipedia.org/wiki/Irina Meleshina,Wikip\u00e9dia:\u00e9bauche athl\u00e8te russe
Armorial des reines de France,https://fr.wikipedia.org/?curid=4247653,https://fr.wikipedia.org/wiki/Armorial des reines de France,Cat\u00e9gorie Commons avec lien local identique sur Wikidata
Susanne Riesch,https://fr.wikipedia.org/?curid=4243833,https://fr.wikipedia.org/wiki/Susanne Riesch,Wikip\u00e9dia:\u00e9bauche ski alpin
Kherington Payne,https://fr.wikipedia.org/?curid=4222384,https://fr.wikipedia.org/wiki/Kherington Payne,Page utilisant P569
Annika Becker,https://fr.wikipedia.org/?curid=4261266,https://fr.wikipedia.org/wiki/Annika Becker,Wikip\u00e9dia:\u00e9bauche athl\u00e8te allemand
Arthur et les Minimoys (film),https://fr.wikipedia.org/?curid=4207038,https://fr.wikipedia.org/wiki/Arthur et les Minimoys (film),Article utilisant une Infobox
Sabbah Meftah Saoues,https://fr.wikipedia.org/?curid=4208495,https://fr.wikipedia.org/wiki/Sabbah Meftah Saoues,Wikip\u00e9dia:\u00e9bauche footballeuse
Mega Mindy,https://fr.wikipedia.org/?curid=4205070,https://fr.wikipedia.org/wiki/Mega Mindy,Wikip\u00e9dia:\u00e9bauche s\u00e9rie t\u00e9l\u00e9vis\u00e9e belge
Sanja Gommans,https://fr.wikipedia.org/?curid=4185609,https://fr.wikipedia.org/wiki/Sanja Gommans,Article utilisant une Infobox
Miss Pologne,https://fr.wikipedia.org/?curid=4252224,https://fr.wikipedia.org/wiki/Miss Pologne,Portail:Pologne/Articles li\u00e9s
Nataliya Tobias,https://fr.wikipedia.org/?curid=3996638,https://fr.wikipedia.org/wiki/Nataliya Tobias,Article utilisant une Infobox
Nadja Higl,https://fr.wikipedia.org/?curid=4002094,https://fr.wikipedia.org/wiki/Nadja Higl,Wikip\u00e9dia:\u00e9bauche natation
Diane Bui Duyet,https://fr.wikipedia.org/?curid=4002172,https://fr.wikipedia.org/wiki/Diane Bui Duyet,Article utilisant une Infobox
Virginie De Carne,https://fr.wikipedia.org/?curid=400552,https://fr.wikipedia.org/wiki/Virginie De Carne,Article utilisant une Infobox
Ma\u0142gorzata Glinka,https://fr.wikipedia.org/?curid=400565,https://fr.wikipedia.org/wiki/Ma\u0142gorzata Glinka,Article utilisant une Infobox
Kinga Maculewicz,https://fr.wikipedia.org/?curid=400588,https://fr.wikipedia.org/wiki/Kinga Maculewicz,Article utilisant une Infobox
Rebirth (album de Jennifer Lopez),https://fr.wikipedia.org/?curid=3995307,https://fr.wikipedia.org/wiki/Rebirth (album de Jennifer Lopez),Article contenant un lien mort
Rubina Ali,https://fr.wikipedia.org/?curid=4001904,https://fr.wikipedia.org/wiki/Rubina Ali,Wikip\u00e9dia:\u00e9bauche acteur indien
Melissa M,https://fr.wikipedia.org/?curid=4001531,https://fr.wikipedia.org/wiki/Melissa M,Article utilisant une Infobox
Betsy Rue,https://fr.wikipedia.org/?curid=4008660,https://fr.wikipedia.org/wiki/Betsy Rue,Wikip\u00e9dia:\u00e9bauche acteur am\u00e9ricain
Alba Torrens,https://fr.wikipedia.org/?curid=3998622,https://fr.wikipedia.org/wiki/Alba Torrens,Article utilisant une Infobox
G\u00f6k\u00e7en Denkel,https://fr.wikipedia.org/?curid=3957800,https://fr.wikipedia.org/wiki/G\u00f6k\u00e7en Denkel,Article utilisant une Infobox
Florence Foresti,https://fr.wikipedia.org/?curid=3965810,https://fr.wikipedia.org/wiki/Florence Foresti,Article avec une r\u00e9f\u00e9rence non conforme
Tiffany Williams,https://fr.wikipedia.org/?curid=3967214,https://fr.wikipedia.org/wiki/Tiffany Williams,Wikip\u00e9dia:\u00e9bauche athl\u00e8te am\u00e9ricain
Sinta Ozoli\u0146a,https://fr.wikipedia.org/?curid=3966560,https://fr.wikipedia.org/wiki/Sinta Ozoli\u0146a,Wikip\u00e9dia:\u00e9bauche athl\u00e8te letton
Maria Kristin Yulianti,https://fr.wikipedia.org/?curid=3954468,https://fr.wikipedia.org/wiki/Maria Kristin Yulianti,Wikip\u00e9dia:\u00e9bauche badminton
Kate Ryan,https://fr.wikipedia.org/?curid=395479,https://fr.wikipedia.org/wiki/Kate Ryan,Article manquant de r\u00e9f\u00e9rences depuis octobre 2021
Ayod\u00e9l\u00e9 Ikuesan,https://fr.wikipedia.org/?curid=3961391,https://fr.wikipedia.org/wiki/Ayod\u00e9l\u00e9 Ikuesan,Article manquant de r\u00e9f\u00e9rences depuis juin 2022
Anna Incerti,https://fr.wikipedia.org/?curid=3961482,https://fr.wikipedia.org/wiki/Anna Incerti,Wikip\u00e9dia:\u00e9bauche athl\u00e8te italien
Svetlana Masterkova,https://fr.wikipedia.org/?curid=383358,https://fr.wikipedia.org/wiki/Svetlana Masterkova,Article \u00e0 illustrer Athl\u00e8te
Je t'aime\u2026 moi non plus,https://fr.wikipedia.org/?curid=4071593,https://fr.wikipedia.org/wiki/Je t'aime\u2026 moi non plus,Page comportant une illustration modifi\u00e9e par une IA
Kesha,https://fr.wikipedia.org/?curid=4063129,https://fr.wikipedia.org/wiki/Kesha,Article contenant un lien mort
Karina Bryant,https://fr.wikipedia.org/?curid=4063199,https://fr.wikipedia.org/wiki/Karina Bryant,Page utilisant P569
Liste des m\u00e9daill\u00e9s aux Jeux olympiques d'hiver de 2010,https://fr.wikipedia.org/?curid=4062214,https://fr.wikipedia.org/wiki/Liste des m\u00e9daill\u00e9s aux Jeux olympiques d'hiver de 2010,Page sans coordonn\u00e9es Wikidata
Jeanne de France (1343-1373),https://fr.wikipedia.org/?curid=407882,https://fr.wikipedia.org/wiki/Jeanne de France (1343-1373),Wikip\u00e9dia:\u00e9bauche royaume de France
Rekha,https://fr.wikipedia.org/?curid=4092861,https://fr.wikipedia.org/wiki/Rekha,Article utilisant une Infobox
Star Screen Award du meilleur espoir f\u00e9minin,https://fr.wikipedia.org/?curid=4093479,https://fr.wikipedia.org/wiki/Star Screen Award du meilleur espoir f\u00e9minin,Portail:Cin\u00e9ma indien/Articles li\u00e9s
Brenda Lee,https://fr.wikipedia.org/?curid=408941,https://fr.wikipedia.org/wiki/Brenda Lee,Wikip\u00e9dia:\u00e9bauche chanteur am\u00e9ricain
Angela Whyte,https://fr.wikipedia.org/?curid=4025088,https://fr.wikipedia.org/wiki/Angela Whyte,Wikip\u00e9dia:\u00e9bauche athl\u00e8te canadien
Song Aimin,https://fr.wikipedia.org/?curid=4025114,https://fr.wikipedia.org/wiki/Song Aimin,Wikip\u00e9dia:\u00e9bauche athl\u00e8te chinois
Ielena Godina,https://fr.wikipedia.org/?curid=401753,https://fr.wikipedia.org/wiki/Ielena Godina,Article \u00e0 illustrer Joueur de volley-ball
Alemitu Bekele,https://fr.wikipedia.org/?curid=4023146,https://fr.wikipedia.org/wiki/Alemitu Bekele,Article utilisant une Infobox
Gao Shuying,https://fr.wikipedia.org/?curid=4023733,https://fr.wikipedia.org/wiki/Gao Shuying,Wikip\u00e9dia:\u00e9bauche athl\u00e8te chinois
Mariya Abakumova,https://fr.wikipedia.org/?curid=4024057,https://fr.wikipedia.org/wiki/Mariya Abakumova,Article utilisant une Infobox
Rosanne Hodge,https://fr.wikipedia.org/?curid=4065489,https://fr.wikipedia.org/wiki/Rosanne Hodge,Wikip\u00e9dia:\u00e9bauche surfeur sud-africain
Martine Chevrier,https://fr.wikipedia.org/?curid=4294494,https://fr.wikipedia.org/wiki/Martine Chevrier,Article utilisant une Infobox
V\u00e9ronique B\u00e9liveau,https://fr.wikipedia.org/?curid=4294506,https://fr.wikipedia.org/wiki/V\u00e9ronique B\u00e9liveau,Article utilisant une Infobox
Martine St-Clair,https://fr.wikipedia.org/?curid=4294508,https://fr.wikipedia.org/wiki/Martine St-Clair,Page utilisant P569
J To Tha L-O! The Remixes,https://fr.wikipedia.org/?curid=4304119,https://fr.wikipedia.org/wiki/J To Tha L-O! The Remixes,Article utilisant une Infobox
Irene Cara,https://fr.wikipedia.org/?curid=43019,https://fr.wikipedia.org/wiki/Irene Cara,Page utilisant P569
Merete Fjeldavlie,https://fr.wikipedia.org/?curid=4303758,https://fr.wikipedia.org/wiki/Merete Fjeldavlie,Page utilisant P569
The Reel Me,https://fr.wikipedia.org/?curid=4303904,https://fr.wikipedia.org/wiki/The Reel Me,Article utilisant une Infobox
Hanna Falk,https://fr.wikipedia.org/?curid=4304891,https://fr.wikipedia.org/wiki/Hanna Falk,Article utilisant une Infobox
Vesna Fabjan,https://fr.wikipedia.org/?curid=4305428,https://fr.wikipedia.org/wiki/Vesna Fabjan,Wikip\u00e9dia:\u00e9bauche ski de fond
Telephone (chanson),https://fr.wikipedia.org/?curid=4269489,https://fr.wikipedia.org/wiki/Telephone (chanson),Article utilisant une Infobox
Darya Domracheva,https://fr.wikipedia.org/?curid=4281631,https://fr.wikipedia.org/wiki/Darya Domracheva,Article utilisant une Infobox
587e r\u00e9giment d'aviation de bombardement,https://fr.wikipedia.org/?curid=4286425,https://fr.wikipedia.org/wiki/587e r\u00e9giment d'aviation de bombardement,Wikip\u00e9dia:\u00e9bauche a\u00e9ronautique
Ayelech Worku,https://fr.wikipedia.org/?curid=4299673,https://fr.wikipedia.org/wiki/Ayelech Worku,Wikip\u00e9dia:\u00e9bauche athl\u00e8te \u00e9thiopien
Sophie Deraspe,https://fr.wikipedia.org/?curid=4279277,https://fr.wikipedia.org/wiki/Sophie Deraspe,Article utilisant une Infobox
Video Phone,https://fr.wikipedia.org/?curid=4271890,https://fr.wikipedia.org/wiki/Video Phone,Article utilisant une Infobox
Federica Brignone,https://fr.wikipedia.org/?curid=4271944,https://fr.wikipedia.org/wiki/Federica Brignone,Article utilisant une Infobox
Anna Mouzytchouk,https://fr.wikipedia.org/?curid=4270551,https://fr.wikipedia.org/wiki/Anna Mouzytchouk,Page utilisant P1559
Nicki Minaj,https://fr.wikipedia.org/?curid=4269291,https://fr.wikipedia.org/wiki/Nicki Minaj,Article \u00e0 r\u00e9f\u00e9rence insuffisante
Anju Bobby George,https://fr.wikipedia.org/?curid=4269334,https://fr.wikipedia.org/wiki/Anju Bobby George,Article utilisant une Infobox
Fabienne Serrat,https://fr.wikipedia.org/?curid=416022,https://fr.wikipedia.org/wiki/Fabienne Serrat,Article utilisant une Infobox
Jean Bourgoint,https://fr.wikipedia.org/?curid=4170215,https://fr.wikipedia.org/wiki/Jean Bourgoint,Page utilisant P569
Anne Lauvergeon,https://fr.wikipedia.org/?curid=4173042,https://fr.wikipedia.org/wiki/Anne Lauvergeon,Page utilisant des donn\u00e9es de Wikidata \u00e0 traduire de l'anglais
Prix Lumi\u00e8re (Lyon),https://fr.wikipedia.org/?curid=4173380,https://fr.wikipedia.org/wiki/Prix Lumi\u00e8re (Lyon),Wikip\u00e9dia:\u00e9bauche r\u00e9compense cin\u00e9matographique
Liste des \u00e9pouses des rois et ducs de Bretagne,https://fr.wikipedia.org/?curid=4171207,https://fr.wikipedia.org/wiki/Liste des \u00e9pouses des rois et ducs de Bretagne,Article utilisant une Infobox
Anastasiya Taranova-Potapova,https://fr.wikipedia.org/?curid=4177975,https://fr.wikipedia.org/wiki/Anastasiya Taranova-Potapova,Wikip\u00e9dia:\u00e9bauche athl\u00e8te russe
Sophie de Castellane,https://fr.wikipedia.org/?curid=417814,https://fr.wikipedia.org/wiki/Sophie de Castellane,Page utilisant P1477
Alison Dunlap,https://fr.wikipedia.org/?curid=4174118,https://fr.wikipedia.org/wiki/Alison Dunlap,Wikip\u00e9dia:\u00e9bauche coureur cycliste am\u00e9ricain
O.D.B. (catch),https://fr.wikipedia.org/?curid=4176295,https://fr.wikipedia.org/wiki/O.D.B. (catch),Article \u00e0 recycler/Liste compl\u00e8te
Mirela Deli\u0107,https://fr.wikipedia.org/?curid=4144673,https://fr.wikipedia.org/wiki/Mirela Deli\u0107,Article utilisant une Infobox
Jolanda Keizer,https://fr.wikipedia.org/?curid=4180500,https://fr.wikipedia.org/wiki/Jolanda Keizer,Wikip\u00e9dia:\u00e9bauche athl\u00e8te n\u00e9erlandais
Miesha McKelvy-Jones,https://fr.wikipedia.org/?curid=4159050,https://fr.wikipedia.org/wiki/Miesha McKelvy-Jones,Wikip\u00e9dia:\u00e9bauche athl\u00e8te am\u00e9ricain
Lina Blais,https://fr.wikipedia.org/?curid=4168721,https://fr.wikipedia.org/wiki/Lina Blais,Wikip\u00e9dia:\u00e9bauche acteur canadien
Annie Famose,https://fr.wikipedia.org/?curid=416940,https://fr.wikipedia.org/wiki/Annie Famose,Article utilisant une Infobox
Bad Romance,https://fr.wikipedia.org/?curid=4147468,https://fr.wikipedia.org/wiki/Bad Romance,Article utilisant une Infobox
Carrie Fisher,https://fr.wikipedia.org/?curid=418437,https://fr.wikipedia.org/wiki/Carrie Fisher,Article utilisant une Infobox
Kate Nash,https://fr.wikipedia.org/?curid=1895518,https://fr.wikipedia.org/wiki/Kate Nash,Article utilisant une Infobox
Nao Morooka,https://fr.wikipedia.org/?curid=1896816,https://fr.wikipedia.org/wiki/Nao Morooka,Wikip\u00e9dia:\u00e9bauche karat\u00e9ka japonais
Eimi Kurita,https://fr.wikipedia.org/?curid=1880919,https://fr.wikipedia.org/wiki/Eimi Kurita,Page utilisant P569
Lindsay Davenport,https://fr.wikipedia.org/?curid=188096,https://fr.wikipedia.org/wiki/Lindsay Davenport,Article utilisant une Infobox
Yohana S\u00e1nchez,https://fr.wikipedia.org/?curid=1880990,https://fr.wikipedia.org/wiki/Yohana S\u00e1nchez,Wikip\u00e9dia:\u00e9bauche karat\u00e9ka
Simone Facey,https://fr.wikipedia.org/?curid=1882912,https://fr.wikipedia.org/wiki/Simone Facey,Wikip\u00e9dia:\u00e9bauche athl\u00e8te jama\u00efcain
B\u00e9cassine (bande dessin\u00e9e),https://fr.wikipedia.org/?curid=188103,https://fr.wikipedia.org/wiki/B\u00e9cassine (bande dessin\u00e9e),Article utilisant une Infobox
Tomoko Araga,https://fr.wikipedia.org/?curid=1881165,https://fr.wikipedia.org/wiki/Tomoko Araga,Wikip\u00e9dia:\u00e9bauche karat\u00e9ka japonais
G\u00fclderen \u00c7elik,https://fr.wikipedia.org/?curid=1890136,https://fr.wikipedia.org/wiki/G\u00fclderen \u00c7elik,Wikip\u00e9dia:\u00e9bauche karat\u00e9ka turc
Rita Varelius,https://fr.wikipedia.org/?curid=1892072,https://fr.wikipedia.org/wiki/Rita Varelius,Wikip\u00e9dia:\u00e9bauche karat\u00e9ka finlandais
Monika Vi\u0161\u0148ovsk\u00e1,https://fr.wikipedia.org/?curid=1886188,https://fr.wikipedia.org/wiki/Monika Vi\u0161\u0148ovsk\u00e1,Wikip\u00e9dia:\u00e9bauche karat\u00e9ka
Mirna \u0160enjug,https://fr.wikipedia.org/?curid=1884174,https://fr.wikipedia.org/wiki/Mirna \u0160enjug,Page utilisant P569
Brigita Bukovec,https://fr.wikipedia.org/?curid=1883742,https://fr.wikipedia.org/wiki/Brigita Bukovec,Wikip\u00e9dia:\u00e9bauche athl\u00e8te slov\u00e8ne
Nassim Varasteh,https://fr.wikipedia.org/?curid=1883124,https://fr.wikipedia.org/wiki/Nassim Varasteh,Article contenant un lien mort
Delloreen Ennis-London,https://fr.wikipedia.org/?curid=1883146,https://fr.wikipedia.org/wiki/Delloreen Ennis-London,Article utilisant une Infobox
Saskia Burmeister,https://fr.wikipedia.org/?curid=1876664,https://fr.wikipedia.org/wiki/Saskia Burmeister,Wikip\u00e9dia:\u00e9bauche acteur australien
Yazz,https://fr.wikipedia.org/?curid=1866849,https://fr.wikipedia.org/wiki/Yazz,Wikip\u00e9dia:\u00e9bauche chanteur britannique
Allison Mack,https://fr.wikipedia.org/?curid=1871115,https://fr.wikipedia.org/wiki/Allison Mack,Wikip\u00e9dia:\u00e9bauche acteur am\u00e9ricain
"Creamy, merveilleuse Creamy",https://fr.wikipedia.org/?curid=1873112,"https://fr.wikipedia.org/wiki/Creamy, merveilleuse Creamy",Article contenant un appel \u00e0 traduction en anglais
