Name,URL1,URL2,First Category
Marja-Lewis Ryan,https://fr.wikipedia.org/?curid=11309369,https://fr.wikipedia.org/wiki/Marja-Lewis Ryan,Wikip\u00e9dia:\u00e9bauche r\u00e9alisateur am\u00e9ricain
Melissa Coates,https://fr.wikipedia.org/?curid=11309759,https://fr.wikipedia.org/wiki/Melissa Coates,Wikip\u00e9dia:\u00e9bauche sport
Annabella Zwyndila,https://fr.wikipedia.org/?curid=11313829,https://fr.wikipedia.org/wiki/Annabella Zwyndila,Page utilisant P569
Tetyana Klimchenko,https://fr.wikipedia.org/?curid=11313171,https://fr.wikipedia.org/wiki/Tetyana Klimchenko,Wikip\u00e9dia:\u00e9bauche coureur cycliste ukrainien
Alina Kabaeva,https://fr.wikipedia.org/?curid=1130435,https://fr.wikipedia.org/wiki/Alina Kabaeva,Article manquant de r\u00e9f\u00e9rences depuis octobre 2021
Ale M\u00fcller,https://fr.wikipedia.org/?curid=11311956,https://fr.wikipedia.org/wiki/Ale M\u00fcller,Article manquant de r\u00e9f\u00e9rences depuis d\u00e9cembre 2017
Sue Lloyd,https://fr.wikipedia.org/?curid=11310725,https://fr.wikipedia.org/wiki/Sue Lloyd,Page utilisant P569
Clare Egan,https://fr.wikipedia.org/?curid=11358994,https://fr.wikipedia.org/wiki/Clare Egan,Article utilisant une Infobox
Danica Dillon,https://fr.wikipedia.org/?curid=11349752,https://fr.wikipedia.org/wiki/Danica Dillon,Article utilisant une Infobox
Johanna Talih\u00e4rm,https://fr.wikipedia.org/?curid=11350270,https://fr.wikipedia.org/wiki/Johanna Talih\u00e4rm,Wikip\u00e9dia:\u00e9bauche biathlon
Mieke Suys,https://fr.wikipedia.org/?curid=10989197,https://fr.wikipedia.org/wiki/Mieke Suys,Wikip\u00e9dia:\u00e9bauche triathlon
Dirk Van Gossum,https://fr.wikipedia.org/?curid=10989257,https://fr.wikipedia.org/wiki/Dirk Van Gossum,Wikip\u00e9dia:\u00e9bauche triathl\u00e8te
Bert Jammaer,https://fr.wikipedia.org/?curid=10989328,https://fr.wikipedia.org/wiki/Bert Jammaer,Wikip\u00e9dia:\u00e9bauche triathl\u00e8te
Paris Jackson,https://fr.wikipedia.org/?curid=11020463,https://fr.wikipedia.org/wiki/Paris Jackson,Article contenant un lien mort
Du Jing,https://fr.wikipedia.org/?curid=11012068,https://fr.wikipedia.org/wiki/Du Jing,Wikip\u00e9dia:\u00e9bauche badminton
Anitta (chanteuse),https://fr.wikipedia.org/?curid=11019108,https://fr.wikipedia.org/wiki/Anitta (chanteuse),Page utilisant P569
Maor Tiyouri,https://fr.wikipedia.org/?curid=11212221,https://fr.wikipedia.org/wiki/Maor Tiyouri,Wikip\u00e9dia:\u00e9bauche athl\u00e9tisme
Naina Ravaoarisoa,https://fr.wikipedia.org/?curid=11212390,https://fr.wikipedia.org/wiki/Naina Ravaoarisoa,Article \u00e0 illustrer Judoka
Louane (album),https://fr.wikipedia.org/?curid=11258001,https://fr.wikipedia.org/wiki/Louane (album),Article utilisant une Infobox
Hoshi (chanteuse),https://fr.wikipedia.org/?curid=11656688,https://fr.wikipedia.org/wiki/Hoshi (chanteuse),Article utilisant une Infobox
Chilla,https://fr.wikipedia.org/?curid=11652418,https://fr.wikipedia.org/wiki/Chilla,Page utilisant P1477
Nicola Olyslagers,https://fr.wikipedia.org/?curid=11634481,https://fr.wikipedia.org/wiki/Nicola Olyslagers,Wikip\u00e9dia:\u00e9bauche athl\u00e8te australien
Sigourney Weaver,https://fr.wikipedia.org/?curid=116495,https://fr.wikipedia.org/wiki/Sigourney Weaver,Article utilisant une Infobox
Jemima Montag,https://fr.wikipedia.org/?curid=11622557,https://fr.wikipedia.org/wiki/Jemima Montag,Wikip\u00e9dia:\u00e9bauche athl\u00e8te
Nina Schultz,https://fr.wikipedia.org/?curid=11631993,https://fr.wikipedia.org/wiki/Nina Schultz,Wikip\u00e9dia:\u00e9bauche athl\u00e8te canadien
Niamh Emerson,https://fr.wikipedia.org/?curid=11632008,https://fr.wikipedia.org/wiki/Niamh Emerson,Wikip\u00e9dia:\u00e9bauche athl\u00e8te britannique
Isis Holt,https://fr.wikipedia.org/?curid=11631694,https://fr.wikipedia.org/wiki/Isis Holt,Article contenant un lien mort
Stacey Ndiwa,https://fr.wikipedia.org/?curid=11631043,https://fr.wikipedia.org/wiki/Stacey Ndiwa,Wikip\u00e9dia:\u00e9bauche athl\u00e8te k\u00e9nyan
Liste de femmes photographes,https://fr.wikipedia.org/?curid=11607865,https://fr.wikipedia.org/wiki/Liste de femmes photographes,Article contenant un appel \u00e0 traduction en anglais
Lara Nielsen,https://fr.wikipedia.org/?curid=11627005,https://fr.wikipedia.org/wiki/Lara Nielsen,Wikip\u00e9dia:\u00e9bauche athl\u00e8te australien
Gayon Evans,https://fr.wikipedia.org/?curid=11624325,https://fr.wikipedia.org/wiki/Gayon Evans,Wikip\u00e9dia:\u00e9bauche athl\u00e8te jama\u00efcain
Denise Boyd,https://fr.wikipedia.org/?curid=11630335,https://fr.wikipedia.org/wiki/Denise Boyd,Wikip\u00e9dia:\u00e9bauche athl\u00e8te australien
Maria Novolodskaya,https://fr.wikipedia.org/?curid=11609352,https://fr.wikipedia.org/wiki/Maria Novolodskaya,Page utilisant P1813
Invasion of Privacy,https://fr.wikipedia.org/?curid=11636465,https://fr.wikipedia.org/wiki/Invasion of Privacy,Article contenant un appel \u00e0 traduction en anglais
Glory Onome Nathaniel,https://fr.wikipedia.org/?curid=11636070,https://fr.wikipedia.org/wiki/Glory Onome Nathaniel,Wikip\u00e9dia:\u00e9bauche athl\u00e8te nig\u00e9rian
Praise Idamadudu,https://fr.wikipedia.org/?curid=11636116,https://fr.wikipedia.org/wiki/Praise Idamadudu,Wikip\u00e9dia:\u00e9bauche athl\u00e8te nig\u00e9rian
Ruth Chepngetich,https://fr.wikipedia.org/?curid=11638891,https://fr.wikipedia.org/wiki/Ruth Chepngetich,Wikip\u00e9dia:\u00e9bauche athl\u00e8te k\u00e9nyan
Diane Modahl,https://fr.wikipedia.org/?curid=11637226,https://fr.wikipedia.org/wiki/Diane Modahl,Wikip\u00e9dia:\u00e9bauche athl\u00e8te britannique
Lindsay Frost,https://fr.wikipedia.org/?curid=11635212,https://fr.wikipedia.org/wiki/Lindsay Frost,Wikip\u00e9dia:\u00e9bauche acteur am\u00e9ricain
Shy'm,https://fr.wikipedia.org/?curid=1164161,https://fr.wikipedia.org/wiki/Shy'm,Erreur d'Infobox/Image inconnue ou mal codifi\u00e9e
Jeanne Bonaparte,https://fr.wikipedia.org/?curid=1160235,https://fr.wikipedia.org/wiki/Jeanne Bonaparte,Article utilisant une Infobox
Ever 17: The Out of Infinity,https://fr.wikipedia.org/?curid=11621655,https://fr.wikipedia.org/wiki/Ever 17: The Out of Infinity,Article contenant un lien mort
Kym Howe,https://fr.wikipedia.org/?curid=11619121,https://fr.wikipedia.org/wiki/Kym Howe,Wikip\u00e9dia:\u00e9bauche athl\u00e9tisme
Valentina Shevchenko (MMA),https://fr.wikipedia.org/?curid=11114702,https://fr.wikipedia.org/wiki/Valentina Shevchenko (MMA),Wikip\u00e9dia:\u00e9bauche art martial
Lady Leshurr,https://fr.wikipedia.org/?curid=11114797,https://fr.wikipedia.org/wiki/Lady Leshurr,Page utilisant P569
Destiny Frasqueri,https://fr.wikipedia.org/?curid=11114923,https://fr.wikipedia.org/wiki/Destiny Frasqueri,Article contenant un lien mort
Giulia Casoni,https://fr.wikipedia.org/?curid=1111501,https://fr.wikipedia.org/wiki/Giulia Casoni,Article \u00e0 illustrer Joueur de tennis
Chizuru Arai,https://fr.wikipedia.org/?curid=11079162,https://fr.wikipedia.org/wiki/Chizuru Arai,Article \u00e0 illustrer Judoka
Tsukasa Yoshida,https://fr.wikipedia.org/?curid=11103187,https://fr.wikipedia.org/wiki/Tsukasa Yoshida,Article \u00e0 illustrer Judoka
Kimberly Wyatt,https://fr.wikipedia.org/?curid=1110494,https://fr.wikipedia.org/wiki/Kimberly Wyatt,Article sans source depuis novembre 2019
Blanche de Lancastre,https://fr.wikipedia.org/?curid=1110636,https://fr.wikipedia.org/wiki/Blanche de Lancastre,Article utilisant une Infobox
Nika Daalderop,https://fr.wikipedia.org/?curid=11064932,https://fr.wikipedia.org/wiki/Nika Daalderop,Article \u00e0 illustrer Joueur de volley-ball
Jo-Anne Faull,https://fr.wikipedia.org/?curid=1106619,https://fr.wikipedia.org/wiki/Jo-Anne Faull,Article \u00e0 illustrer Joueur de tennis
Marcie Louie,https://fr.wikipedia.org/?curid=1106727,https://fr.wikipedia.org/wiki/Marcie Louie,Article \u00e0 illustrer Joueur de tennis
Francisco Serrano (triathlon),https://fr.wikipedia.org/?curid=11062923,https://fr.wikipedia.org/wiki/Francisco Serrano (triathlon),Wikip\u00e9dia:\u00e9bauche triathl\u00e8te
Lise Gregory,https://fr.wikipedia.org/?curid=1106295,https://fr.wikipedia.org/wiki/Lise Gregory,Article \u00e0 illustrer Joueur de tennis
N\u00e9rilia Mond\u00e9sir,https://fr.wikipedia.org/?curid=11065831,https://fr.wikipedia.org/wiki/N\u00e9rilia Mond\u00e9sir,Article utilisant une Infobox
Lilia Osterloh,https://fr.wikipedia.org/?curid=1106671,https://fr.wikipedia.org/wiki/Lilia Osterloh,Article \u00e0 illustrer Joueur de tennis
Aya Nakamura,https://fr.wikipedia.org/?curid=11031854,https://fr.wikipedia.org/wiki/Aya Nakamura,Page utilisant P569
Yaniuvis L\u00f3pez,https://fr.wikipedia.org/?curid=11033588,https://fr.wikipedia.org/wiki/Yaniuvis L\u00f3pez,Wikip\u00e9dia:\u00e9bauche athl\u00e8te cubain
Tynia Gaither,https://fr.wikipedia.org/?curid=11037220,https://fr.wikipedia.org/wiki/Tynia Gaither,Wikip\u00e9dia:\u00e9bauche athl\u00e8te baham\u00e9en
Lauma Gr\u012bva,https://fr.wikipedia.org/?curid=11037249,https://fr.wikipedia.org/wiki/Lauma Gr\u012bva,Wikip\u00e9dia:\u00e9bauche athl\u00e8te letton
Anicka Newell,https://fr.wikipedia.org/?curid=11027610,https://fr.wikipedia.org/wiki/Anicka Newell,Wikip\u00e9dia:\u00e9bauche athl\u00e8te canadien
Alyson Dixon,https://fr.wikipedia.org/?curid=11027652,https://fr.wikipedia.org/wiki/Alyson Dixon,Wikip\u00e9dia:\u00e9bauche athl\u00e8te britannique
Dylan McNeice,https://fr.wikipedia.org/?curid=11034512,https://fr.wikipedia.org/wiki/Dylan McNeice,Wikip\u00e9dia:\u00e9bauche triathlon
Aaliyah Brown,https://fr.wikipedia.org/?curid=11039814,https://fr.wikipedia.org/wiki/Aaliyah Brown,Article utilisant une Infobox
Monica Ungureanu,https://fr.wikipedia.org/?curid=11147100,https://fr.wikipedia.org/wiki/Monica Ungureanu,Wikip\u00e9dia:\u00e9bauche personnalit\u00e9 roumaine
Kim Gevaert,https://fr.wikipedia.org/?curid=111304,https://fr.wikipedia.org/wiki/Kim Gevaert,Article utilisant une Infobox
Marianne Werdel,https://fr.wikipedia.org/?curid=1114182,https://fr.wikipedia.org/wiki/Marianne Werdel,Article \u00e0 illustrer Joueur de tennis
Ham Bong-sil,https://fr.wikipedia.org/?curid=11152746,https://fr.wikipedia.org/wiki/Ham Bong-sil,Article \u00e0 illustrer Athl\u00e8te
Carole Costa,https://fr.wikipedia.org/?curid=11134074,https://fr.wikipedia.org/wiki/Carole Costa,Wikip\u00e9dia:\u00e9bauche footballeuse
Hanna Walter,https://fr.wikipedia.org/?curid=11132091,https://fr.wikipedia.org/wiki/Hanna Walter,Page utilisant P27
Emma Norsgaard Bjerg,https://fr.wikipedia.org/?curid=11125034,https://fr.wikipedia.org/wiki/Emma Norsgaard Bjerg,Page utilisant P1559
Daria Zabawska,https://fr.wikipedia.org/?curid=11135262,https://fr.wikipedia.org/wiki/Daria Zabawska,Article manquant de r\u00e9f\u00e9rences depuis janvier 2023
Liste des chapitres de Black Jack,https://fr.wikipedia.org/?curid=11121423,https://fr.wikipedia.org/wiki/Liste des chapitres de Black Jack,Portail:Animation et bande dessin\u00e9e asiatiques/Articles li\u00e9s
Iryna Kindzerska,https://fr.wikipedia.org/?curid=11143565,https://fr.wikipedia.org/wiki/Iryna Kindzerska,Wikip\u00e9dia:\u00e9bauche personnalit\u00e9 azerba\u00efdjanaise
Michelle Hendley,https://fr.wikipedia.org/?curid=11162472,https://fr.wikipedia.org/wiki/Michelle Hendley,Page utilisant P569
Liste des m\u00e9daill\u00e9s olympiques en polo,https://fr.wikipedia.org/?curid=11158762,https://fr.wikipedia.org/wiki/Liste des m\u00e9daill\u00e9s olympiques en polo,Portail:Monde \u00e9questre/Articles li\u00e9s
Rake It Up,https://fr.wikipedia.org/?curid=11486768,https://fr.wikipedia.org/wiki/Rake It Up,Wikip\u00e9dia:\u00e9bauche single
Laura Gauch\u00e9,https://fr.wikipedia.org/?curid=11487020,https://fr.wikipedia.org/wiki/Laura Gauch\u00e9,Article utilisant une Infobox
Mirela Rahneva,https://fr.wikipedia.org/?curid=11487302,https://fr.wikipedia.org/wiki/Mirela Rahneva,Wikip\u00e9dia:\u00e9bauche personnalit\u00e9 canadienne
Jakara Anthony,https://fr.wikipedia.org/?curid=11486441,https://fr.wikipedia.org/wiki/Jakara Anthony,Wikip\u00e9dia:\u00e9bauche ski acrobatique
Kelly Wolf,https://fr.wikipedia.org/?curid=11487994,https://fr.wikipedia.org/wiki/Kelly Wolf,Page utilisant P569
Karolina Bosiek,https://fr.wikipedia.org/?curid=11484081,https://fr.wikipedia.org/wiki/Karolina Bosiek,Wikip\u00e9dia:\u00e9bauche patinage de vitesse
Antoinette de Jong,https://fr.wikipedia.org/?curid=11484455,https://fr.wikipedia.org/wiki/Antoinette de Jong,Wikip\u00e9dia:\u00e9bauche patinage de vitesse
Esther Guerrero,https://fr.wikipedia.org/?curid=11444011,https://fr.wikipedia.org/wiki/Esther Guerrero,Wikip\u00e9dia:\u00e9bauche athl\u00e8te espagnol
Emilie \u00c5gheim Kalkenberg,https://fr.wikipedia.org/?curid=11475011,https://fr.wikipedia.org/wiki/Emilie \u00c5gheim Kalkenberg,Wikip\u00e9dia:\u00e9bauche biathlon
Tarah Kayne,https://fr.wikipedia.org/?curid=11475032,https://fr.wikipedia.org/wiki/Tarah Kayne,Wikip\u00e9dia:\u00e9bauche patinage artistique
Daniela Ulbing,https://fr.wikipedia.org/?curid=11474836,https://fr.wikipedia.org/wiki/Daniela Ulbing,Wikip\u00e9dia:\u00e9bauche personnalit\u00e9 autrichienne
Peta Jensen,https://fr.wikipedia.org/?curid=11473059,https://fr.wikipedia.org/wiki/Peta Jensen,Wikip\u00e9dia:\u00e9bauche actrice pornographique am\u00e9ricaine
Raevyn Rogers,https://fr.wikipedia.org/?curid=11480883,https://fr.wikipedia.org/wiki/Raevyn Rogers,Wikip\u00e9dia:\u00e9bauche athl\u00e9tisme
Natalia Maliszewska,https://fr.wikipedia.org/?curid=11482823,https://fr.wikipedia.org/wiki/Natalia Maliszewska,Wikip\u00e9dia:\u00e9bauche personnalit\u00e9 polonaise
Isabel Atkin,https://fr.wikipedia.org/?curid=11482861,https://fr.wikipedia.org/wiki/Isabel Atkin,Article \u00e0 illustrer Sportif
Jaelin Kauf,https://fr.wikipedia.org/?curid=11482912,https://fr.wikipedia.org/wiki/Jaelin Kauf,Wikip\u00e9dia:\u00e9bauche ski acrobatique
Kali Uchis,https://fr.wikipedia.org/?curid=11470412,https://fr.wikipedia.org/wiki/Kali Uchis,Article utilisant une Infobox
Ren\u00e9e Elise Goldsberry,https://fr.wikipedia.org/?curid=11471967,https://fr.wikipedia.org/wiki/Ren\u00e9e Elise Goldsberry,Wikip\u00e9dia:\u00e9bauche acteur am\u00e9ricain
Ioulia Sourikova,https://fr.wikipedia.org/?curid=11469966,https://fr.wikipedia.org/wiki/Ioulia Sourikova,Wikip\u00e9dia:\u00e9bauche triathl\u00e8te
Sepideh Tavakoli,https://fr.wikipedia.org/?curid=11468673,https://fr.wikipedia.org/wiki/Sepideh Tavakoli,Article contenant un lien mort
Vanessa Herzog,https://fr.wikipedia.org/?curid=11469306,https://fr.wikipedia.org/wiki/Vanessa Herzog,Wikip\u00e9dia:\u00e9bauche personnalit\u00e9 autrichienne
Natalia Zabiiako,https://fr.wikipedia.org/?curid=11434699,https://fr.wikipedia.org/wiki/Natalia Zabiiako,Wikip\u00e9dia:\u00e9bauche patinage artistique
Nina Stojanovi\u0107,https://fr.wikipedia.org/?curid=11448179,https://fr.wikipedia.org/wiki/Nina Stojanovi\u0107,Article utilisant une Infobox
Simone Wild,https://fr.wikipedia.org/?curid=11451265,https://fr.wikipedia.org/wiki/Simone Wild,Wikip\u00e9dia:\u00e9bauche ski alpin
Danielle Collins,https://fr.wikipedia.org/?curid=11452540,https://fr.wikipedia.org/wiki/Danielle Collins,Article utilisant une Infobox
Shattered Galaxy,https://fr.wikipedia.org/?curid=11458167,https://fr.wikipedia.org/wiki/Shattered Galaxy,Page utilisant P856
Julieta D\u00edaz,https://fr.wikipedia.org/?curid=11458945,https://fr.wikipedia.org/wiki/Julieta D\u00edaz,Wikip\u00e9dia:\u00e9bauche acteur argentin
Liste des distinctions de Woody Allen,https://fr.wikipedia.org/?curid=11461027,https://fr.wikipedia.org/wiki/Liste des distinctions de Woody Allen,Article contenant un appel \u00e0 traduction en anglais
Petra Keppeler,https://fr.wikipedia.org/?curid=1138474,https://fr.wikipedia.org/wiki/Petra Keppeler,Article \u00e0 illustrer Joueur de tennis
Sarah McDonald,https://fr.wikipedia.org/?curid=11444056,https://fr.wikipedia.org/wiki/Sarah McDonald,Wikip\u00e9dia:\u00e9bauche athl\u00e8te britannique
Olga Poltoranina,https://fr.wikipedia.org/?curid=11444720,https://fr.wikipedia.org/wiki/Olga Poltoranina,Wikip\u00e9dia:\u00e9bauche biathlon
Chocola et Vanilla,https://fr.wikipedia.org/?curid=1143980,https://fr.wikipedia.org/wiki/Chocola et Vanilla,Article utilisant une Infobox
Sonia Lacen,https://fr.wikipedia.org/?curid=1143721,https://fr.wikipedia.org/wiki/Sonia Lacen,Article utilisant une Infobox
Laura M\u00fcller,https://fr.wikipedia.org/?curid=11443122,https://fr.wikipedia.org/wiki/Laura M\u00fcller,Wikip\u00e9dia:\u00e9bauche athl\u00e8te allemand
Kelly Raimon,https://fr.wikipedia.org/?curid=11516986,https://fr.wikipedia.org/wiki/Kelly Raimon,Article \u00e0 illustrer Joueur de basket-ball
Tiffany Zahorski,https://fr.wikipedia.org/?curid=11505949,https://fr.wikipedia.org/wiki/Tiffany Zahorski,Wikip\u00e9dia:\u00e9bauche patinage artistique
Marzia Grossi,https://fr.wikipedia.org/?curid=1150613,https://fr.wikipedia.org/wiki/Marzia Grossi,Article \u00e0 illustrer Joueur de tennis
Martina Fidanza,https://fr.wikipedia.org/?curid=11518996,https://fr.wikipedia.org/wiki/Martina Fidanza,Page utilisant P569
Nina Kennedy,https://fr.wikipedia.org/?curid=11516333,https://fr.wikipedia.org/wiki/Nina Kennedy,Wikip\u00e9dia:\u00e9bauche athl\u00e8te australien
Georgina Garc\u00eda P\u00e9rez,https://fr.wikipedia.org/?curid=11518347,https://fr.wikipedia.org/wiki/Georgina Garc\u00eda P\u00e9rez,Article utilisant une Infobox
\u013dubom\u00edra Kurhajcov\u00e1,https://fr.wikipedia.org/?curid=1151565,https://fr.wikipedia.org/wiki/\u013dubom\u00edra Kurhajcov\u00e1,Article \u00e0 illustrer Joueur de tennis
Rosa Mar\u00eda Andr\u00e9s Rodr\u00edguez,https://fr.wikipedia.org/?curid=1151608,https://fr.wikipedia.org/wiki/Rosa Mar\u00eda Andr\u00e9s Rodr\u00edguez,Article \u00e0 illustrer Joueur de tennis
Celeste (jeu vid\u00e9o),https://fr.wikipedia.org/?curid=11534850,https://fr.wikipedia.org/wiki/Celeste (jeu vid\u00e9o),Page utilisant P154
Laura Branigan,https://fr.wikipedia.org/?curid=115343,https://fr.wikipedia.org/wiki/Laura Branigan,Article \u00e0 r\u00e9f\u00e9rence n\u00e9cessaire
Xing Huina,https://fr.wikipedia.org/?curid=115344,https://fr.wikipedia.org/wiki/Xing Huina,Article \u00e0 illustrer Athl\u00e8te
Sara Luvv,https://fr.wikipedia.org/?curid=11537633,https://fr.wikipedia.org/wiki/Sara Luvv,Wikip\u00e9dia:\u00e9bauche actrice pornographique am\u00e9ricaine
Panayi\u00f3ta Tsak\u00edri,https://fr.wikipedia.org/?curid=13834248,https://fr.wikipedia.org/wiki/Panayi\u00f3ta Tsak\u00edri,Wikip\u00e9dia:\u00e9bauche sportif grec
Z\u00f6e Lucker,https://fr.wikipedia.org/?curid=13834220,https://fr.wikipedia.org/wiki/Z\u00f6e Lucker,Page utilisant P27
Dominika Stelmach,https://fr.wikipedia.org/?curid=13922857,https://fr.wikipedia.org/wiki/Dominika Stelmach,Article \u00e0 illustrer Athl\u00e8te
Mirjana \u0160egrt,https://fr.wikipedia.org/?curid=13924882,https://fr.wikipedia.org/wiki/Mirjana \u0160egrt,Article \u00e0 illustrer Nageur
Evelyn Colyer,https://fr.wikipedia.org/?curid=1393159,https://fr.wikipedia.org/wiki/Evelyn Colyer,Article utilisant une Infobox
Amandine Thomas,https://fr.wikipedia.org/?curid=13930398,https://fr.wikipedia.org/wiki/Amandine Thomas,Article \u00e0 illustrer Sportif
Yolette L\u00e9vy,https://fr.wikipedia.org/?curid=13929118,https://fr.wikipedia.org/wiki/Yolette L\u00e9vy,Article utilisant une Infobox
Anastasiia Goreeva,https://fr.wikipedia.org/?curid=13905922,https://fr.wikipedia.org/wiki/Anastasiia Goreeva,Wikip\u00e9dia:\u00e9bauche sportif russe
Laure Fourcade,https://fr.wikipedia.org/?curid=13899982,https://fr.wikipedia.org/wiki/Laure Fourcade,Article manquant de r\u00e9f\u00e9rences depuis f\u00e9vrier 2021
Arlette Laguiller,https://fr.wikipedia.org/?curid=139,https://fr.wikipedia.org/wiki/Arlette Laguiller,Article utilisant une Infobox
Carina Lilge-Leutner,https://fr.wikipedia.org/?curid=13909992,https://fr.wikipedia.org/wiki/Carina Lilge-Leutner,Article utilisant une Infobox
Alysia May,https://fr.wikipedia.org/?curid=1390795,https://fr.wikipedia.org/wiki/Alysia May,Article \u00e0 illustrer Joueur de tennis
M\u00f3nica Mendes,https://fr.wikipedia.org/?curid=13915239,https://fr.wikipedia.org/wiki/M\u00f3nica Mendes,Article contenant un appel \u00e0 traduction en anglais
Cl\u00e9a Martinez,https://fr.wikipedia.org/?curid=13923803,https://fr.wikipedia.org/wiki/Cl\u00e9a Martinez,Article \u00e0 illustrer Sportif
Ann Li,https://fr.wikipedia.org/?curid=13923943,https://fr.wikipedia.org/wiki/Ann Li,Article utilisant une Infobox
Teodora Injac,https://fr.wikipedia.org/?curid=13919848,https://fr.wikipedia.org/wiki/Teodora Injac,Page utilisant P569
Jennifer Robertson,https://fr.wikipedia.org/?curid=13937881,https://fr.wikipedia.org/wiki/Jennifer Robertson,Page utilisant P569
L\u00e9o Berg\u00e8re,https://fr.wikipedia.org/?curid=13568827,https://fr.wikipedia.org/wiki/L\u00e9o Berg\u00e8re,Page utilisant des arguments dupliqu\u00e9s dans les appels de mod\u00e8le
Yukika Teramoto,https://fr.wikipedia.org/?curid=13601743,https://fr.wikipedia.org/wiki/Yukika Teramoto,Article \u00e0 wikifier depuis d\u00e9cembre 2020
Mayar Sherif,https://fr.wikipedia.org/?curid=13602429,https://fr.wikipedia.org/wiki/Mayar Sherif,Article utilisant une Infobox
Cassandre Aguessy-Thomas,https://fr.wikipedia.org/?curid=13600801,https://fr.wikipedia.org/wiki/Cassandre Aguessy-Thomas,Article \u00e0 illustrer Athl\u00e8te
Gabrielle Leithaug,https://fr.wikipedia.org/?curid=13601177,https://fr.wikipedia.org/wiki/Gabrielle Leithaug,Article utilisant une Infobox
Fearless Nadia,https://fr.wikipedia.org/?curid=13512286,https://fr.wikipedia.org/wiki/Fearless Nadia,Page utilisant P569
Britt Baker,https://fr.wikipedia.org/?curid=13539576,https://fr.wikipedia.org/wiki/Britt Baker,Article \u00e0 recycler/Liste compl\u00e8te
Junko Yagami,https://fr.wikipedia.org/?curid=13607087,https://fr.wikipedia.org/wiki/Junko Yagami,Page utilisant P1559
Dada Chan,https://fr.wikipedia.org/?curid=13576669,https://fr.wikipedia.org/wiki/Dada Chan,Article contenant un appel \u00e0 traduction en anglais
Me Gusta,https://fr.wikipedia.org/?curid=13596897,https://fr.wikipedia.org/wiki/Me Gusta,Article utilisant une Infobox
Thunder Rosa,https://fr.wikipedia.org/?curid=13595431,https://fr.wikipedia.org/wiki/Thunder Rosa,Page utilisant P27
Poonam Pandey,https://fr.wikipedia.org/?curid=13590956,https://fr.wikipedia.org/wiki/Poonam Pandey,Page utilisant P569
Carlyn Baldwin,https://fr.wikipedia.org/?curid=13591546,https://fr.wikipedia.org/wiki/Carlyn Baldwin,Article \u00e0 illustrer Footballeur
Virginia Patton,https://fr.wikipedia.org/?curid=13594861,https://fr.wikipedia.org/wiki/Virginia Patton,Article utilisant une Infobox
Gaia Tormena,https://fr.wikipedia.org/?curid=13592173,https://fr.wikipedia.org/wiki/Gaia Tormena,Page utilisant P569
Alankrita Shrivastava,https://fr.wikipedia.org/?curid=13591372,https://fr.wikipedia.org/wiki/Alankrita Shrivastava,Page utilisant P19
St\u00e9phanie Jim\u00e9nez,https://fr.wikipedia.org/?curid=13570905,https://fr.wikipedia.org/wiki/St\u00e9phanie Jim\u00e9nez,Article utilisant une Infobox
Astrid Uhrenholdt Jacobsen,https://fr.wikipedia.org/?curid=1357715,https://fr.wikipedia.org/wiki/Astrid Uhrenholdt Jacobsen,Article utilisant une Infobox
Alexia C\u0103ru\u021ba\u0219u,https://fr.wikipedia.org/?curid=13586593,https://fr.wikipedia.org/wiki/Alexia C\u0103ru\u021ba\u0219u,Article \u00e0 illustrer Joueur de volley-ball
Sokhna Lacoste,https://fr.wikipedia.org/?curid=13585353,https://fr.wikipedia.org/wiki/Sokhna Lacoste,Article utilisant une Infobox
Lieke Klaver,https://fr.wikipedia.org/?curid=13588794,https://fr.wikipedia.org/wiki/Lieke Klaver,Wikip\u00e9dia:\u00e9bauche athl\u00e8te n\u00e9erlandais
Lisa Marie Varon,https://fr.wikipedia.org/?curid=1358891,https://fr.wikipedia.org/wiki/Lisa Marie Varon,Article contenant un lien mort
Vivian Fung,https://fr.wikipedia.org/?curid=13573980,https://fr.wikipedia.org/wiki/Vivian Fung,Page utilisant P569
Lynda Lemay,https://fr.wikipedia.org/?curid=135704,https://fr.wikipedia.org/wiki/Lynda Lemay,Article utilisant une Infobox
Sandrine Dusang,https://fr.wikipedia.org/?curid=1356211,https://fr.wikipedia.org/wiki/Sandrine Dusang,Article utilisant une Infobox
Laura Georges,https://fr.wikipedia.org/?curid=1356244,https://fr.wikipedia.org/wiki/Laura Georges,Article utilisant une Infobox
War and Peace: 1796\u20131815,https://fr.wikipedia.org/?curid=1355698,https://fr.wikipedia.org/wiki/War and Peace: 1796\u20131815,Wikip\u00e9dia:\u00e9bauche jeu vid\u00e9o
Peggy Provost,https://fr.wikipedia.org/?curid=1356094,https://fr.wikipedia.org/wiki/Peggy Provost,Wikip\u00e9dia:\u00e9bauche footballeuse fran\u00e7aise
Anna Serra,https://fr.wikipedia.org/?curid=13567455,https://fr.wikipedia.org/wiki/Anna Serra,Article \u00e0 illustrer Sportif
Diarra Sylla,https://fr.wikipedia.org/?curid=13558847,https://fr.wikipedia.org/wiki/Diarra Sylla,Traduction \u00e0 revoir
Wendy Wood,https://fr.wikipedia.org/?curid=1355898,https://fr.wikipedia.org/wiki/Wendy Wood,Article utilisant une Infobox
Jennifer Goodling,https://fr.wikipedia.org/?curid=1355915,https://fr.wikipedia.org/wiki/Jennifer Goodling,Article \u00e0 illustrer Joueur de tennis
Ginger Coyote,https://fr.wikipedia.org/?curid=13559183,https://fr.wikipedia.org/wiki/Ginger Coyote,Article \u00e0 wikifier depuis septembre 2020
Aigul Gareeva,https://fr.wikipedia.org/?curid=13563463,https://fr.wikipedia.org/wiki/Aigul Gareeva,Page utilisant P1813
Laure Lepailleur,https://fr.wikipedia.org/?curid=1356394,https://fr.wikipedia.org/wiki/Laure Lepailleur,Article utilisant une Infobox
WAP (chanson),https://fr.wikipedia.org/?curid=13563953,https://fr.wikipedia.org/wiki/WAP (chanson),Wikip\u00e9dia:\u00e9bauche chanson
Hikaru no go,https://fr.wikipedia.org/?curid=1374,https://fr.wikipedia.org/wiki/Hikaru no go,Article utilisant une Infobox
Pirjo Muranen,https://fr.wikipedia.org/?curid=1374405,https://fr.wikipedia.org/wiki/Pirjo Muranen,Article utilisant une Infobox
Judith Scott (artiste),https://fr.wikipedia.org/?curid=13744381,https://fr.wikipedia.org/wiki/Judith Scott (artiste),Page utilisant P569
Alicia Blagg,https://fr.wikipedia.org/?curid=13741675,https://fr.wikipedia.org/wiki/Alicia Blagg,Article utilisant une Infobox
Analia Pigr\u00e9e,https://fr.wikipedia.org/?curid=13760035,https://fr.wikipedia.org/wiki/Analia Pigr\u00e9e,Article \u00e0 illustrer Nageur
Hong Ji-min,https://fr.wikipedia.org/?curid=13758065,https://fr.wikipedia.org/wiki/Hong Ji-min,Article contenant un appel \u00e0 traduction en anglais
Donne-moi ton c\u0153ur,https://fr.wikipedia.org/?curid=13697871,https://fr.wikipedia.org/wiki/Donne-moi ton c\u0153ur,Wikip\u00e9dia:\u00e9bauche chanson fran\u00e7aise
Lena Rice,https://fr.wikipedia.org/?curid=1369555,https://fr.wikipedia.org/wiki/Lena Rice,Article utilisant une Infobox
Bouchra Zboured,https://fr.wikipedia.org/?curid=13695664,https://fr.wikipedia.org/wiki/Bouchra Zboured,Wikip\u00e9dia:\u00e9bauche athl\u00e8te marocain
Edith Austin,https://fr.wikipedia.org/?curid=1374736,https://fr.wikipedia.org/wiki/Edith Austin,Article \u00e0 illustrer Joueur de tennis
Helen Jackson,https://fr.wikipedia.org/?curid=1374749,https://fr.wikipedia.org/wiki/Helen Jackson,Article \u00e0 illustrer Joueur de tennis
Teo Nie Ching,https://fr.wikipedia.org/?curid=13730145,https://fr.wikipedia.org/wiki/Teo Nie Ching,Page utilisant des donn\u00e9es de Wikidata \u00e0 traduire de l'anglais
Africa Movie Academy Award de la meilleure photographie,https://fr.wikipedia.org/?curid=13738191,https://fr.wikipedia.org/wiki/Africa Movie Academy Award de la meilleure photographie,Article contenant un appel \u00e0 traduction en anglais
Fahmida Riaz,https://fr.wikipedia.org/?curid=13739165,https://fr.wikipedia.org/wiki/Fahmida Riaz,Page utilisant P569
Kathrin G\u00f6tz,https://fr.wikipedia.org/?curid=13731348,https://fr.wikipedia.org/wiki/Kathrin G\u00f6tz,Article \u00e0 illustrer Athl\u00e8te
Ng\u00f4 Thanh V\u00e2n,https://fr.wikipedia.org/?curid=13731444,https://fr.wikipedia.org/wiki/Ng\u00f4 Thanh V\u00e2n,Article utilisant une Infobox
Chelsea Surpris,https://fr.wikipedia.org/?curid=13722563,https://fr.wikipedia.org/wiki/Chelsea Surpris,Article contenant un appel \u00e0 traduction en anglais
Jeon Soo-kyung,https://fr.wikipedia.org/?curid=13728887,https://fr.wikipedia.org/wiki/Jeon Soo-kyung,Article contenant un appel \u00e0 traduction en anglais
Kaylee McKeown,https://fr.wikipedia.org/?curid=13721647,https://fr.wikipedia.org/wiki/Kaylee McKeown,Article utilisant une Infobox
Mais je t'aime,https://fr.wikipedia.org/?curid=13761627,https://fr.wikipedia.org/wiki/Mais je t'aime,Article utilisant une Infobox
Kim Dobson,https://fr.wikipedia.org/?curid=13482816,https://fr.wikipedia.org/wiki/Kim Dobson,Article utilisant une Infobox
Megan Lund,https://fr.wikipedia.org/?curid=13479526,https://fr.wikipedia.org/wiki/Megan Lund,Article utilisant une Infobox
Wejdene,https://fr.wikipedia.org/?curid=13479692,https://fr.wikipedia.org/wiki/Wejdene,Page utilisant P569
Sofia Guellati,https://fr.wikipedia.org/?curid=13431489,https://fr.wikipedia.org/wiki/Sofia Guellati,Article \u00e0 illustrer Footballeur
Elena Klokatchiova,https://fr.wikipedia.org/?curid=13434273,https://fr.wikipedia.org/wiki/Elena Klokatchiova,Page utilisant P569
Phillipa Soo,https://fr.wikipedia.org/?curid=13485178,https://fr.wikipedia.org/wiki/Phillipa Soo,Article \u00e0 wikifier depuis juillet 2020
Keri Nelson,https://fr.wikipedia.org/?curid=13486622,https://fr.wikipedia.org/wiki/Keri Nelson,Article \u00e0 illustrer Sportif
Corinna Everson,https://fr.wikipedia.org/?curid=13488450,https://fr.wikipedia.org/wiki/Corinna Everson,Page utilisant P27
Alla Kudryavtseva,https://fr.wikipedia.org/?curid=1348482,https://fr.wikipedia.org/wiki/Alla Kudryavtseva,Article utilisant une Infobox
Alica Schmidt,https://fr.wikipedia.org/?curid=13490557,https://fr.wikipedia.org/wiki/Alica Schmidt,Wikip\u00e9dia:\u00e9bauche athl\u00e8te allemand
Brigitte Acton,https://fr.wikipedia.org/?curid=1349381,https://fr.wikipedia.org/wiki/Brigitte Acton,Wikip\u00e9dia:\u00e9bauche ski alpin
L\u00e9onore Moncond'huy,https://fr.wikipedia.org/?curid=13446829,https://fr.wikipedia.org/wiki/L\u00e9onore Moncond'huy,Article utilisant une Infobox
Ann Kristin Flatland,https://fr.wikipedia.org/?curid=1345236,https://fr.wikipedia.org/wiki/Ann Kristin Flatland,Article \u00e0 illustrer Sportif
\u00c9lodie Thomis,https://fr.wikipedia.org/?curid=1347071,https://fr.wikipedia.org/wiki/\u00c9lodie Thomis,Wikip\u00e9dia:\u00e9bauche footballeuse fran\u00e7aise
Louisa Necib,https://fr.wikipedia.org/?curid=1347007,https://fr.wikipedia.org/wiki/Louisa Necib,Article utilisant une Infobox
\u00c9lodie Ramos,https://fr.wikipedia.org/?curid=1347293,https://fr.wikipedia.org/wiki/\u00c9lodie Ramos,Article utilisant une Infobox
Ludivine Diguelman,https://fr.wikipedia.org/?curid=1346228,https://fr.wikipedia.org/wiki/Ludivine Diguelman,Article utilisant une Infobox
Ximena Rinc\u00f3n,https://fr.wikipedia.org/?curid=13462667,https://fr.wikipedia.org/wiki/Ximena Rinc\u00f3n,Article utilisant une Infobox
Evelin Hagoel,https://fr.wikipedia.org/?curid=13465450,https://fr.wikipedia.org/wiki/Evelin Hagoel,Wikip\u00e9dia:\u00e9bauche acteur isra\u00e9lien
Sally Goldsmith,https://fr.wikipedia.org/?curid=13444872,https://fr.wikipedia.org/wiki/Sally Goldsmith,Article \u00e0 illustrer Athl\u00e8te
Rochelle Perts,https://fr.wikipedia.org/?curid=13446220,https://fr.wikipedia.org/wiki/Rochelle Perts,Article \u00e0 wikifier depuis juin 2020
Emma Clayton (athl\u00e9tisme),https://fr.wikipedia.org/?curid=13414000,https://fr.wikipedia.org/wiki/Emma Clayton (athl\u00e9tisme),Article utilisant une Infobox
Neisha Bernard-Thomas,https://fr.wikipedia.org/?curid=13415699,https://fr.wikipedia.org/wiki/Neisha Bernard-Thomas,Article \u00e0 illustrer Athl\u00e8te
Ingeborg Mello,https://fr.wikipedia.org/?curid=13409380,https://fr.wikipedia.org/wiki/Ingeborg Mello,Article utilisant une Infobox
Karla Jaramillo,https://fr.wikipedia.org/?curid=13411452,https://fr.wikipedia.org/wiki/Karla Jaramillo,Article \u00e0 illustrer Athl\u00e8te
Jenny Holl,https://fr.wikipedia.org/?curid=13417271,https://fr.wikipedia.org/wiki/Jenny Holl,Page utilisant P569
Tamara Dronova,https://fr.wikipedia.org/?curid=13417312,https://fr.wikipedia.org/wiki/Tamara Dronova,Page utilisant P1477
Lee Joo-young,https://fr.wikipedia.org/?curid=13412954,https://fr.wikipedia.org/wiki/Lee Joo-young,Wikip\u00e9dia:\u00e9bauche acteur sud-cor\u00e9en
Josie Knight,https://fr.wikipedia.org/?curid=13417178,https://fr.wikipedia.org/wiki/Josie Knight,Page utilisant P569
Lonneke Uneken,https://fr.wikipedia.org/?curid=13548062,https://fr.wikipedia.org/wiki/Lonneke Uneken,Wikip\u00e9dia:\u00e9bauche coureur cycliste n\u00e9erlandais
Carolina Loureiro,https://fr.wikipedia.org/?curid=13550497,https://fr.wikipedia.org/wiki/Carolina Loureiro,Article \u00e0 wikifier depuis ao\u00fbt 2020
Lene Maria Christensen,https://fr.wikipedia.org/?curid=13516112,https://fr.wikipedia.org/wiki/Lene Maria Christensen,Wikip\u00e9dia:\u00e9bauche acteur danois
Paula Cabrerizo,https://fr.wikipedia.org/?curid=13516155,https://fr.wikipedia.org/wiki/Paula Cabrerizo,Article \u00e0 illustrer Athl\u00e8te
Janine Tischer,https://fr.wikipedia.org/?curid=13506395,https://fr.wikipedia.org/wiki/Janine Tischer,Wikip\u00e9dia:\u00e9bauche bobsleigh
Sarah Boberg,https://fr.wikipedia.org/?curid=13506497,https://fr.wikipedia.org/wiki/Sarah Boberg,Wikip\u00e9dia:\u00e9bauche acteur danois
Wang Yiren,https://fr.wikipedia.org/?curid=13521569,https://fr.wikipedia.org/wiki/Wang Yiren,Article utilisant une Infobox
Zoe Wees,https://fr.wikipedia.org/?curid=13525062,https://fr.wikipedia.org/wiki/Zoe Wees,Page utilisant P569
Sara Berner,https://fr.wikipedia.org/?curid=13538997,https://fr.wikipedia.org/wiki/Sara Berner,Page utilisant P569
Jemma Reekie,https://fr.wikipedia.org/?curid=13541699,https://fr.wikipedia.org/wiki/Jemma Reekie,Wikip\u00e9dia:\u00e9bauche athl\u00e8te britannique
Ng On-yee,https://fr.wikipedia.org/?curid=13535067,https://fr.wikipedia.org/wiki/Ng On-yee,Article utilisant une Infobox
Ma\u00eblle Philippe,https://fr.wikipedia.org/?curid=13535204,https://fr.wikipedia.org/wiki/Ma\u00eblle Philippe,Article utilisant une Infobox
Yolanda Fern\u00e1ndez,https://fr.wikipedia.org/?curid=13503871,https://fr.wikipedia.org/wiki/Yolanda Fern\u00e1ndez,Article utilisant une Infobox
Sanni Leinonen,https://fr.wikipedia.org/?curid=1350040,https://fr.wikipedia.org/wiki/Sanni Leinonen,Wikip\u00e9dia:\u00e9bauche ski alpin
Daniela Merighetti,https://fr.wikipedia.org/?curid=1350054,https://fr.wikipedia.org/wiki/Daniela Merighetti,Wikip\u00e9dia:\u00e9bauche ski alpin
Chiara Costazza,https://fr.wikipedia.org/?curid=1350063,https://fr.wikipedia.org/wiki/Chiara Costazza,Wikip\u00e9dia:\u00e9bauche ski alpin
Louise Bickerton,https://fr.wikipedia.org/?curid=1350065,https://fr.wikipedia.org/wiki/Louise Bickerton,Article utilisant une Infobox
Chae Soo-bin,https://fr.wikipedia.org/?curid=13500887,https://fr.wikipedia.org/wiki/Chae Soo-bin,Article utilisant une Infobox
Lous and the Yakuza,https://fr.wikipedia.org/?curid=13513501,https://fr.wikipedia.org/wiki/Lous and the Yakuza,Article utilisant une Infobox
Hana Sugisaki,https://fr.wikipedia.org/?curid=13519926,https://fr.wikipedia.org/wiki/Hana Sugisaki,Article utilisant une Infobox
Meghna Gulzar,https://fr.wikipedia.org/?curid=13519342,https://fr.wikipedia.org/wiki/Meghna Gulzar,Page utilisant P569
Beryl Penrose,https://fr.wikipedia.org/?curid=1352130,https://fr.wikipedia.org/wiki/Beryl Penrose,Article \u00e0 illustrer Joueur de tennis
Veronika Machyniakov\u00e1,https://fr.wikipedia.org/?curid=13520933,https://fr.wikipedia.org/wiki/Veronika Machyniakov\u00e1,Wikip\u00e9dia:\u00e9bauche biathlon
Karishma Sharma,https://fr.wikipedia.org/?curid=13515530,https://fr.wikipedia.org/wiki/Karishma Sharma,Wikip\u00e9dia:\u00e9bauche acteur indien
Helen Clark,https://fr.wikipedia.org/?curid=135132,https://fr.wikipedia.org/wiki/Helen Clark,Article contenant un lien mort
Katrine Greis-Rosenthal,https://fr.wikipedia.org/?curid=13507827,https://fr.wikipedia.org/wiki/Katrine Greis-Rosenthal,Wikip\u00e9dia:\u00e9bauche acteur danois
C\u00e9line Deville,https://fr.wikipedia.org/?curid=1346090,https://fr.wikipedia.org/wiki/C\u00e9line Deville,Article utilisant une Infobox
Brigitte Klinkert,https://fr.wikipedia.org/?curid=13462073,https://fr.wikipedia.org/wiki/Brigitte Klinkert,Article utilisant une Infobox
Suzanna Wibowo,https://fr.wikipedia.org/?curid=1345013,https://fr.wikipedia.org/wiki/Suzanna Wibowo,Article \u00e0 illustrer Joueur de tennis
Ludmilla (chanteuse),https://fr.wikipedia.org/?curid=13441982,https://fr.wikipedia.org/wiki/Ludmilla (chanteuse),Page utilisant P569
Jack Maitland,https://fr.wikipedia.org/?curid=13441988,https://fr.wikipedia.org/wiki/Jack Maitland,Article \u00e0 illustrer Athl\u00e8te
Keely Cashman,https://fr.wikipedia.org/?curid=13976630,https://fr.wikipedia.org/wiki/Keely Cashman,Article \u00e0 illustrer Sportif
Monica Zanoner,https://fr.wikipedia.org/?curid=13976665,https://fr.wikipedia.org/wiki/Monica Zanoner,Wikip\u00e9dia:\u00e9bauche sportif italien
Lena Wechner,https://fr.wikipedia.org/?curid=13990205,https://fr.wikipedia.org/wiki/Lena Wechner,Wikip\u00e9dia:\u00e9bauche sportif autrichien
Magdalena Kappaurer,https://fr.wikipedia.org/?curid=13990219,https://fr.wikipedia.org/wiki/Magdalena Kappaurer,Wikip\u00e9dia:\u00e9bauche sportif autrichien
Caroline Dusseault,https://fr.wikipedia.org/?curid=13991515,https://fr.wikipedia.org/wiki/Caroline Dusseault,Page utilisant P569
Moa Bostr\u00f6m M\u00fcssener,https://fr.wikipedia.org/?curid=13994792,https://fr.wikipedia.org/wiki/Moa Bostr\u00f6m M\u00fcssener,Wikip\u00e9dia:\u00e9bauche sportif su\u00e9dois
Helene Marie Fossesholm,https://fr.wikipedia.org/?curid=13992943,https://fr.wikipedia.org/wiki/Helene Marie Fossesholm,Article \u00e0 illustrer Sportif
Mayu Iwatani,https://fr.wikipedia.org/?curid=13993177,https://fr.wikipedia.org/wiki/Mayu Iwatani,Page utilisant P27
Nikol Ku\u010derov\u00e1,https://fr.wikipedia.org/?curid=13994237,https://fr.wikipedia.org/wiki/Nikol Ku\u010derov\u00e1,Wikip\u00e9dia:\u00e9bauche ski acrobatique
Marjorie Cox Crawford,https://fr.wikipedia.org/?curid=1399128,https://fr.wikipedia.org/wiki/Marjorie Cox Crawford,Article utilisant une Infobox
Magdalena Egger,https://fr.wikipedia.org/?curid=13976024,https://fr.wikipedia.org/wiki/Magdalena Egger,Article contenant un appel \u00e0 traduction en allemand
Lisa Grill,https://fr.wikipedia.org/?curid=13976051,https://fr.wikipedia.org/wiki/Lisa Grill,Article \u00e0 illustrer Sportif
Sofia Nadyrshina,https://fr.wikipedia.org/?curid=13976078,https://fr.wikipedia.org/wiki/Sofia Nadyrshina,Wikip\u00e9dia:\u00e9bauche snowboard
Marion Posch,https://fr.wikipedia.org/?curid=13976151,https://fr.wikipedia.org/wiki/Marion Posch,Wikip\u00e9dia:\u00e9bauche snowboard
Monika Dumermuth,https://fr.wikipedia.org/?curid=13976172,https://fr.wikipedia.org/wiki/Monika Dumermuth,Article \u00e0 illustrer Sportif
Raquel Fernandes,https://fr.wikipedia.org/?curid=13989335,https://fr.wikipedia.org/wiki/Raquel Fernandes,Article utilisant une Infobox
Eva Kurf\u00fcrstov\u00e1,https://fr.wikipedia.org/?curid=13988701,https://fr.wikipedia.org/wiki/Eva Kurf\u00fcrstov\u00e1,Wikip\u00e9dia:\u00e9bauche sportif tch\u00e8que
Keely Hodgkinson,https://fr.wikipedia.org/?curid=13988983,https://fr.wikipedia.org/wiki/Keely Hodgkinson,Article utilisant une Infobox
Katarzyna Karasi\u0144ska,https://fr.wikipedia.org/?curid=13989197,https://fr.wikipedia.org/wiki/Katarzyna Karasi\u0144ska,Wikip\u00e9dia:\u00e9bauche ski alpin
\u00c9lise Vanderelst,https://fr.wikipedia.org/?curid=13986895,https://fr.wikipedia.org/wiki/\u00c9lise Vanderelst,Article utilisant une Infobox
Jovana de la Cruz,https://fr.wikipedia.org/?curid=13987248,https://fr.wikipedia.org/wiki/Jovana de la Cruz,Article utilisant une Infobox
Martina Peterlini,https://fr.wikipedia.org/?curid=13986493,https://fr.wikipedia.org/wiki/Martina Peterlini,Article \u00e0 illustrer Sportif
Lou Jeanmonnot,https://fr.wikipedia.org/?curid=13986582,https://fr.wikipedia.org/wiki/Lou Jeanmonnot,Article utilisant une Infobox
Ankita Raina,https://fr.wikipedia.org/?curid=13986795,https://fr.wikipedia.org/wiki/Ankita Raina,Article utilisant une Infobox
Ali Nullmeyer,https://fr.wikipedia.org/?curid=13986807,https://fr.wikipedia.org/wiki/Ali Nullmeyer,Article utilisant une Infobox
Yurie Tanaka,https://fr.wikipedia.org/?curid=13971469,https://fr.wikipedia.org/wiki/Yurie Tanaka,Wikip\u00e9dia:\u00e9bauche ski de fond
Amee,https://fr.wikipedia.org/?curid=13971693,https://fr.wikipedia.org/wiki/Amee,Article \u00e0 wikifier depuis f\u00e9vrier 2021
Louise \u00d8rnstedt,https://fr.wikipedia.org/?curid=13974897,https://fr.wikipedia.org/wiki/Louise \u00d8rnstedt,Article \u00e0 illustrer Nageur
Elsa H\u00e5kansson-Fermb\u00e4ck,https://fr.wikipedia.org/?curid=13978752,https://fr.wikipedia.org/wiki/Elsa H\u00e5kansson-Fermb\u00e4ck,Wikip\u00e9dia:\u00e9bauche sportif su\u00e9dois
Lotta Kemppinen,https://fr.wikipedia.org/?curid=13992485,https://fr.wikipedia.org/wiki/Lotta Kemppinen,Article utilisant une Infobox
Hanna Aronsson Elfman,https://fr.wikipedia.org/?curid=13992609,https://fr.wikipedia.org/wiki/Hanna Aronsson Elfman,Article utilisant une Infobox
Froukje Veenstra,https://fr.wikipedia.org/?curid=13997241,https://fr.wikipedia.org/wiki/Froukje Veenstra,Article \u00e0 wikifier depuis mars 2021
Christel Hiel,https://fr.wikipedia.org/?curid=13995120,https://fr.wikipedia.org/wiki/Christel Hiel,Article \u00e0 illustrer Sportif
Andreja Slokar,https://fr.wikipedia.org/?curid=13984103,https://fr.wikipedia.org/wiki/Andreja Slokar,Article utilisant une Infobox
Mizue Hoshi,https://fr.wikipedia.org/?curid=13979889,https://fr.wikipedia.org/wiki/Mizue Hoshi,Wikip\u00e9dia:\u00e9bauche ski alpin
Stephanie Jenal,https://fr.wikipedia.org/?curid=13980483,https://fr.wikipedia.org/wiki/Stephanie Jenal,Wikip\u00e9dia:\u00e9bauche sportif suisse
Riikka Honkanen,https://fr.wikipedia.org/?curid=13980513,https://fr.wikipedia.org/wiki/Riikka Honkanen,Article \u00e0 illustrer Sportif
Veronika Franz et Severin Fiala,https://fr.wikipedia.org/?curid=13982614,https://fr.wikipedia.org/wiki/Veronika Franz et Severin Fiala,Article contenant un appel \u00e0 traduction en allemand
Camille Cerutti,https://fr.wikipedia.org/?curid=13982821,https://fr.wikipedia.org/wiki/Camille Cerutti,Article utilisant une Infobox
Maria Kirkova,https://fr.wikipedia.org/?curid=13982951,https://fr.wikipedia.org/wiki/Maria Kirkova,Wikip\u00e9dia:\u00e9bauche ski alpin
Alla Ghilenko,https://fr.wikipedia.org/?curid=13983019,https://fr.wikipedia.org/wiki/Alla Ghilenko,Wikip\u00e9dia:\u00e9bauche biathlon
Ann Battelle,https://fr.wikipedia.org/?curid=13970936,https://fr.wikipedia.org/wiki/Ann Battelle,Article \u00e0 illustrer Sportif
Ukaleq Slettemark,https://fr.wikipedia.org/?curid=13972442,https://fr.wikipedia.org/wiki/Ukaleq Slettemark,Article utilisant une Infobox
Daniela Kadeva,https://fr.wikipedia.org/?curid=13970468,https://fr.wikipedia.org/wiki/Daniela Kadeva,Wikip\u00e9dia:\u00e9bauche sportif bulgare
\u00c9velyne Viens,https://fr.wikipedia.org/?curid=13960500,https://fr.wikipedia.org/wiki/\u00c9velyne Viens,Article utilisant une Infobox
Anastasia Shevchenko,https://fr.wikipedia.org/?curid=13904518,https://fr.wikipedia.org/wiki/Anastasia Shevchenko,Wikip\u00e9dia:\u00e9bauche sportif russe
Alexandra Eala,https://fr.wikipedia.org/?curid=13899314,https://fr.wikipedia.org/wiki/Alexandra Eala,Article utilisant une Infobox
Weruche Opia,https://fr.wikipedia.org/?curid=13894309,https://fr.wikipedia.org/wiki/Weruche Opia,Article utilisant une Infobox
Park Guy-lim,https://fr.wikipedia.org/?curid=13954397,https://fr.wikipedia.org/wiki/Park Guy-lim,Wikip\u00e9dia:\u00e9bauche saut \u00e0 ski
L\u00e9na Kandissounon,https://fr.wikipedia.org/?curid=13955462,https://fr.wikipedia.org/wiki/L\u00e9na Kandissounon,Wikip\u00e9dia:\u00e9bauche athl\u00e8te fran\u00e7ais
Thea Minyan Bj\u00f8rseth,https://fr.wikipedia.org/?curid=13955802,https://fr.wikipedia.org/wiki/Thea Minyan Bj\u00f8rseth,Wikip\u00e9dia:\u00e9bauche saut \u00e0 ski
C\u00e9lia Perron,https://fr.wikipedia.org/?curid=13956221,https://fr.wikipedia.org/wiki/C\u00e9lia Perron,Wikip\u00e9dia:\u00e9bauche athl\u00e8te fran\u00e7ais
Nadia Moser,https://fr.wikipedia.org/?curid=13968700,https://fr.wikipedia.org/wiki/Nadia Moser,Article utilisant une Infobox
Yana Kirpichenko,https://fr.wikipedia.org/?curid=14030438,https://fr.wikipedia.org/wiki/Yana Kirpichenko,Wikip\u00e9dia:\u00e9bauche ski de fond
Discographie d'Ariane Moffatt,https://fr.wikipedia.org/?curid=14032744,https://fr.wikipedia.org/wiki/Discographie d'Ariane Moffatt,Article utilisant une Infobox
Sarah Stratigakis,https://fr.wikipedia.org/?curid=14034668,https://fr.wikipedia.org/wiki/Sarah Stratigakis,Wikip\u00e9dia:\u00e9bauche footballeuse
Jasmi Joensuu,https://fr.wikipedia.org/?curid=14033410,https://fr.wikipedia.org/wiki/Jasmi Joensuu,Article \u00e0 illustrer Sportif
Ayari Aoyama,https://fr.wikipedia.org/?curid=14033560,https://fr.wikipedia.org/wiki/Ayari Aoyama,Article \u00e0 illustrer Nageur
The Japanese House,https://fr.wikipedia.org/?curid=14032452,https://fr.wikipedia.org/wiki/The Japanese House,Article utilisant une Infobox
Nadezhda Sergeeva,https://fr.wikipedia.org/?curid=14031318,https://fr.wikipedia.org/wiki/Nadezhda Sergeeva,Wikip\u00e9dia:\u00e9bauche sportif russe
Alison Bell,https://fr.wikipedia.org/?curid=14029162,https://fr.wikipedia.org/wiki/Alison Bell,Page utilisant P569
Agnieszka Chyli\u0144ska,https://fr.wikipedia.org/?curid=14013092,https://fr.wikipedia.org/wiki/Agnieszka Chyli\u0144ska,Wikip\u00e9dia:\u00e9bauche chanteur polonais
Rebecca Passler,https://fr.wikipedia.org/?curid=14037699,https://fr.wikipedia.org/wiki/Rebecca Passler,Wikip\u00e9dia:\u00e9bauche biathlon
Piera Hudson,https://fr.wikipedia.org/?curid=14040589,https://fr.wikipedia.org/wiki/Piera Hudson,Article \u00e0 illustrer Sportif
Carolina Ram\u00edrez,https://fr.wikipedia.org/?curid=14004370,https://fr.wikipedia.org/wiki/Carolina Ram\u00edrez,Article utilisant une Infobox
Les Grandes Heures d'Anne de Bretagne,https://fr.wikipedia.org/?curid=1402417,https://fr.wikipedia.org/wiki/Les Grandes Heures d'Anne de Bretagne,Page utilisant P170
Salom\u00e9 B\u00e1ncora,https://fr.wikipedia.org/?curid=14026636,https://fr.wikipedia.org/wiki/Salom\u00e9 B\u00e1ncora,Wikip\u00e9dia:\u00e9bauche ski alpin
Zoe Atkin,https://fr.wikipedia.org/?curid=14022469,https://fr.wikipedia.org/wiki/Zoe Atkin,Wikip\u00e9dia:\u00e9bauche ski acrobatique
Kalpana Lajmi,https://fr.wikipedia.org/?curid=14020320,https://fr.wikipedia.org/wiki/Kalpana Lajmi,Page utilisant P569
Am\u00e9lie Klopfenstein,https://fr.wikipedia.org/?curid=14025164,https://fr.wikipedia.org/wiki/Am\u00e9lie Klopfenstein,Wikip\u00e9dia:\u00e9bauche Suisse
Samantha Boscarino,https://fr.wikipedia.org/?curid=14056303,https://fr.wikipedia.org/wiki/Samantha Boscarino,Article \u00e0 wikifier depuis avril 2021
Brigitte Eustache,https://fr.wikipedia.org/?curid=14052913,https://fr.wikipedia.org/wiki/Brigitte Eustache,Article \u00e0 illustrer Athl\u00e8te
Bautista Ezcurra,https://fr.wikipedia.org/?curid=14055035,https://fr.wikipedia.org/wiki/Bautista Ezcurra,Article utilisant une Infobox
Pilar Pulgar Fraile,https://fr.wikipedia.org/?curid=14044484,https://fr.wikipedia.org/wiki/Pilar Pulgar Fraile,Page utilisant P569
Emma Aicher,https://fr.wikipedia.org/?curid=14048064,https://fr.wikipedia.org/wiki/Emma Aicher,Article \u00e0 illustrer Sportif
Zuleyka Rivera,https://fr.wikipedia.org/?curid=1401460,https://fr.wikipedia.org/wiki/Zuleyka Rivera,Wikip\u00e9dia:\u00e9bauche personnalit\u00e9 portoricaine
Fritzi L\u00f6wy,https://fr.wikipedia.org/?curid=14020653,https://fr.wikipedia.org/wiki/Fritzi L\u00f6wy,Article utilisant une Infobox
Pauline Sillett,https://fr.wikipedia.org/?curid=14020888,https://fr.wikipedia.org/wiki/Pauline Sillett,Article utilisant une Infobox
Kathleen Le Messurier,https://fr.wikipedia.org/?curid=1405157,https://fr.wikipedia.org/wiki/Kathleen Le Messurier,Article \u00e0 illustrer Joueur de tennis
Choi Ye-na,https://fr.wikipedia.org/?curid=14007772,https://fr.wikipedia.org/wiki/Choi Ye-na,Article utilisant une Infobox
Yuri Yoshizumi,https://fr.wikipedia.org/?curid=14017148,https://fr.wikipedia.org/wiki/Yuri Yoshizumi,Article \u00e0 illustrer Athl\u00e8te
Gu Ailing,https://fr.wikipedia.org/?curid=14004921,https://fr.wikipedia.org/wiki/Gu Ailing,Article utilisant une Infobox
Yuen Qiu,https://fr.wikipedia.org/?curid=14004441,https://fr.wikipedia.org/wiki/Yuen Qiu,Article \u00e0 illustrer Personnalit\u00e9 du cin\u00e9ma
Surya Bonaly,https://fr.wikipedia.org/?curid=138008,https://fr.wikipedia.org/wiki/Surya Bonaly,Article contenant un appel \u00e0 traduction en anglais
Kaela Kimura,https://fr.wikipedia.org/?curid=1380422,https://fr.wikipedia.org/wiki/Kaela Kimura,Article utilisant une Infobox
Catarina Macario,https://fr.wikipedia.org/?curid=13862648,https://fr.wikipedia.org/wiki/Catarina Macario,Article utilisant une Infobox
Fung Bo-bo,https://fr.wikipedia.org/?curid=13858598,https://fr.wikipedia.org/wiki/Fung Bo-bo,Article utilisant une Infobox
Sara Bottarelli,https://fr.wikipedia.org/?curid=13874372,https://fr.wikipedia.org/wiki/Sara Bottarelli,Article \u00e0 illustrer Athl\u00e8te
Francesca Jones,https://fr.wikipedia.org/?curid=13866534,https://fr.wikipedia.org/wiki/Francesca Jones,Article utilisant une Infobox
Joana Martins,https://fr.wikipedia.org/?curid=13868929,https://fr.wikipedia.org/wiki/Joana Martins,Article \u00e0 illustrer Footballeur
Matilde Ravizza,https://fr.wikipedia.org/?curid=13871968,https://fr.wikipedia.org/wiki/Matilde Ravizza,Wikip\u00e9dia:\u00e9bauche athl\u00e8te italien
Sieglinde Winkler,https://fr.wikipedia.org/?curid=13871202,https://fr.wikipedia.org/wiki/Sieglinde Winkler,Wikip\u00e9dia:\u00e9bauche ski alpin
D\u00e9bora Andollo,https://fr.wikipedia.org/?curid=1388250,https://fr.wikipedia.org/wiki/D\u00e9bora Andollo,Wikip\u00e9dia:\u00e9bauche natation
Sigrun Kleinrath,https://fr.wikipedia.org/?curid=13882610,https://fr.wikipedia.org/wiki/Sigrun Kleinrath,Wikip\u00e9dia:\u00e9bauche combin\u00e9 nordique
Angela Pan,https://fr.wikipedia.org/?curid=13866816,https://fr.wikipedia.org/wiki/Angela Pan,Article \u00e0 illustrer Personnalit\u00e9 du cin\u00e9ma
Yvonne Pr\u00e9vost,https://fr.wikipedia.org/?curid=1386363,https://fr.wikipedia.org/wiki/Yvonne Pr\u00e9vost,Article utilisant une Infobox
Max Spring,https://fr.wikipedia.org/?curid=13864000,https://fr.wikipedia.org/wiki/Max Spring,Article utilisant une Infobox
Dignity (album),https://fr.wikipedia.org/?curid=1386778,https://fr.wikipedia.org/wiki/Dignity (album),Article utilisant une Infobox
Marie Risby,https://fr.wikipedia.org/?curid=13867322,https://fr.wikipedia.org/wiki/Marie Risby,Wikip\u00e9dia:\u00e9bauche ski de fond
Marie Johansson,https://fr.wikipedia.org/?curid=13867355,https://fr.wikipedia.org/wiki/Marie Johansson,Wikip\u00e9dia:\u00e9bauche ski de fond
Astrid Sandvik,https://fr.wikipedia.org/?curid=13868331,https://fr.wikipedia.org/wiki/Astrid Sandvik,Wikip\u00e9dia:\u00e9bauche sportif norv\u00e9gien
Borghild Niskin,https://fr.wikipedia.org/?curid=13868396,https://fr.wikipedia.org/wiki/Borghild Niskin,Wikip\u00e9dia:\u00e9bauche sportif norv\u00e9gien
Kathrin Lang,https://fr.wikipedia.org/?curid=1388927,https://fr.wikipedia.org/wiki/Kathrin Lang,Article utilisant une Infobox
Golda Rosheuvel,https://fr.wikipedia.org/?curid=13886503,https://fr.wikipedia.org/wiki/Golda Rosheuvel,Article \u00e0 illustrer Personnalit\u00e9 du cin\u00e9ma
Tony Award du meilleur second r\u00f4le f\u00e9minin dans une pi\u00e8ce,https://fr.wikipedia.org/?curid=13842451,https://fr.wikipedia.org/wiki/Tony Award du meilleur second r\u00f4le f\u00e9minin dans une pi\u00e8ce,Portail:Th\u00e9\u00e2tre/Articles li\u00e9s
Maggie Lindemann,https://fr.wikipedia.org/?curid=13856342,https://fr.wikipedia.org/wiki/Maggie Lindemann,Page utilisant P569
Peggy Schwarz,https://fr.wikipedia.org/?curid=13857274,https://fr.wikipedia.org/wiki/Peggy Schwarz,Wikip\u00e9dia:\u00e9bauche patinage artistique
Jenni Meno,https://fr.wikipedia.org/?curid=13857299,https://fr.wikipedia.org/wiki/Jenni Meno,Wikip\u00e9dia:\u00e9bauche patinage artistique
