Name,URL1,URL2,First Category
\u00c1ngela Tenorio,https://fr.wikipedia.org/?curid=7496399,https://fr.wikipedia.org/wiki/\u00c1ngela Tenorio,Wikip\u00e9dia:\u00e9bauche athl\u00e8te \u00e9quatorien
Liste des m\u00e9daill\u00e9s aux Jeux olympiques d'hiver de 1994,https://fr.wikipedia.org/?curid=7490465,https://fr.wikipedia.org/wiki/Liste des m\u00e9daill\u00e9s aux Jeux olympiques d'hiver de 1994,Portail:Jeux olympiques/Articles li\u00e9s
Wulan Tuoya,https://fr.wikipedia.org/?curid=7490700,https://fr.wikipedia.org/wiki/Wulan Tuoya,Wikip\u00e9dia:\u00e9bauche chanteur chinois
Audra Keller,https://fr.wikipedia.org/?curid=7502397,https://fr.wikipedia.org/wiki/Audra Keller,Wikip\u00e9dia:\u00e9bauche tennis
Beatriz Araujo,https://fr.wikipedia.org/?curid=7502433,https://fr.wikipedia.org/wiki/Beatriz Araujo,Wikip\u00e9dia:\u00e9bauche tennis
Marija Petrovikj,https://fr.wikipedia.org/?curid=7502615,https://fr.wikipedia.org/wiki/Marija Petrovikj,Article \u00e0 illustrer Joueur de volley-ball
Miss Belgique,https://fr.wikipedia.org/?curid=750052,https://fr.wikipedia.org/wiki/Miss Belgique,Article \u00e0 illustrer R\u00e9compense
Lydia Ko,https://fr.wikipedia.org/?curid=7483255,https://fr.wikipedia.org/wiki/Lydia Ko,Article utilisant une Infobox
Olga Bogdanova,https://fr.wikipedia.org/?curid=7487731,https://fr.wikipedia.org/wiki/Olga Bogdanova,Article utilisant une Infobox
Britne Oldford,https://fr.wikipedia.org/?curid=7491656,https://fr.wikipedia.org/wiki/Britne Oldford,Article utilisant une Infobox
Lee Young-ah,https://fr.wikipedia.org/?curid=7490719,https://fr.wikipedia.org/wiki/Lee Young-ah,Article utilisant une Infobox
Madison Davenport,https://fr.wikipedia.org/?curid=7490726,https://fr.wikipedia.org/wiki/Madison Davenport,Article utilisant une Infobox
Florencia Aguirre Perdomo,https://fr.wikipedia.org/?curid=7321519,https://fr.wikipedia.org/wiki/Florencia Aguirre Perdomo,Article \u00e0 illustrer Joueur de volley-ball
Lorena Sipi\u0107,https://fr.wikipedia.org/?curid=7319855,https://fr.wikipedia.org/wiki/Lorena Sipi\u0107,Article utilisant une Infobox
Roxane Knetemann,https://fr.wikipedia.org/?curid=7322634,https://fr.wikipedia.org/wiki/Roxane Knetemann,Page utilisant P569
Angie Cepeda,https://fr.wikipedia.org/?curid=7322288,https://fr.wikipedia.org/wiki/Angie Cepeda,Article utilisant une Infobox
Denia Caballero,https://fr.wikipedia.org/?curid=7321099,https://fr.wikipedia.org/wiki/Denia Caballero,Wikip\u00e9dia:\u00e9bauche athl\u00e8te cubain
Mary Cain,https://fr.wikipedia.org/?curid=7327955,https://fr.wikipedia.org/wiki/Mary Cain,Article \u00e0 illustrer Athl\u00e8te
Kayla Banwarth,https://fr.wikipedia.org/?curid=7327359,https://fr.wikipedia.org/wiki/Kayla Banwarth,Wikip\u00e9dia:\u00e9bauche joueuse am\u00e9ricaine de volley-ball
Daim\u00ed Ram\u00edrez,https://fr.wikipedia.org/?curid=7327414,https://fr.wikipedia.org/wiki/Daim\u00ed Ram\u00edrez,Article \u00e0 illustrer Joueur de volley-ball
Flore Gravesteijn,https://fr.wikipedia.org/?curid=7325208,https://fr.wikipedia.org/wiki/Flore Gravesteijn,Article utilisant une Infobox
Alaina Bergsma,https://fr.wikipedia.org/?curid=7325233,https://fr.wikipedia.org/wiki/Alaina Bergsma,Wikip\u00e9dia:\u00e9bauche joueuse am\u00e9ricaine de volley-ball
Caryn Kadavy,https://fr.wikipedia.org/?curid=732596,https://fr.wikipedia.org/wiki/Caryn Kadavy,Wikip\u00e9dia:\u00e9bauche patinage artistique
Antonella Palmisano,https://fr.wikipedia.org/?curid=7326391,https://fr.wikipedia.org/wiki/Antonella Palmisano,Wikip\u00e9dia:\u00e9bauche athl\u00e8te italien
Vera Karmishina-Ganeeva,https://fr.wikipedia.org/?curid=7313220,https://fr.wikipedia.org/wiki/Vera Karmishina-Ganeeva,Wikip\u00e9dia:\u00e9bauche athl\u00e8te russe
Stefana Prokovi\u0107,https://fr.wikipedia.org/?curid=7312574,https://fr.wikipedia.org/wiki/Stefana Prokovi\u0107,Article \u00e0 illustrer Joueur de volley-ball
Margaret Muriuki,https://fr.wikipedia.org/?curid=7312617,https://fr.wikipedia.org/wiki/Margaret Muriuki,Wikip\u00e9dia:\u00e9bauche athl\u00e8te k\u00e9nyan
Bangerz,https://fr.wikipedia.org/?curid=7313998,https://fr.wikipedia.org/wiki/Bangerz,Article utilisant une Infobox
Halyna Obleshchuk,https://fr.wikipedia.org/?curid=7314067,https://fr.wikipedia.org/wiki/Halyna Obleshchuk,Wikip\u00e9dia:\u00e9bauche athl\u00e8te ukrainien
Liste des m\u00e9daill\u00e9s aux Jeux olympiques de 1900,https://fr.wikipedia.org/?curid=7299864,https://fr.wikipedia.org/wiki/Liste des m\u00e9daill\u00e9s aux Jeux olympiques de 1900,Wikip\u00e9dia:\u00e9bauche Jeux olympiques
Audrey Alloh,https://fr.wikipedia.org/?curid=7288908,https://fr.wikipedia.org/wiki/Audrey Alloh,Wikip\u00e9dia:\u00e9bauche athl\u00e8te italien
Dawn Netherwood,https://fr.wikipedia.org/?curid=7288994,https://fr.wikipedia.org/wiki/Dawn Netherwood,Wikip\u00e9dia:\u00e9bauche judo
Elizaveta Parnova,https://fr.wikipedia.org/?curid=7289081,https://fr.wikipedia.org/wiki/Elizaveta Parnova,Wikip\u00e9dia:\u00e9bauche athl\u00e8te australien
Martine Rottier,https://fr.wikipedia.org/?curid=7289101,https://fr.wikipedia.org/wiki/Martine Rottier,Wikip\u00e9dia:\u00e9bauche judo
B\u00e9atrice Rodriguez,https://fr.wikipedia.org/?curid=7289119,https://fr.wikipedia.org/wiki/B\u00e9atrice Rodriguez,Wikip\u00e9dia:\u00e9bauche judo
Maria Enrica Spacca,https://fr.wikipedia.org/?curid=7289140,https://fr.wikipedia.org/wiki/Maria Enrica Spacca,Wikip\u00e9dia:\u00e9bauche athl\u00e8te italien
Tamar Braxton,https://fr.wikipedia.org/?curid=7304372,https://fr.wikipedia.org/wiki/Tamar Braxton,Article contenant un lien mort
Miss Dakota du Sud USA,https://fr.wikipedia.org/?curid=7304472,https://fr.wikipedia.org/wiki/Miss Dakota du Sud USA,Article manquant de r\u00e9f\u00e9rences depuis ao\u00fbt 2013
Li Lingwei (athl\u00e9tisme),https://fr.wikipedia.org/?curid=7303065,https://fr.wikipedia.org/wiki/Li Lingwei (athl\u00e9tisme),Wikip\u00e9dia:\u00e9bauche athl\u00e8te chinois
Su Xinyue,https://fr.wikipedia.org/?curid=7303082,https://fr.wikipedia.org/wiki/Su Xinyue,Wikip\u00e9dia:\u00e9bauche athl\u00e8te chinois
Justyna Kasprzycka,https://fr.wikipedia.org/?curid=7303121,https://fr.wikipedia.org/wiki/Justyna Kasprzycka,Wikip\u00e9dia:\u00e9bauche athl\u00e8te polonais
So\u0148a Bernardov\u00e1,https://fr.wikipedia.org/?curid=7305390,https://fr.wikipedia.org/wiki/So\u0148a Bernardov\u00e1,Article utilisant une Infobox
Bahia Mouhtassine,https://fr.wikipedia.org/?curid=730239,https://fr.wikipedia.org/wiki/Bahia Mouhtassine,Article \u00e0 illustrer Joueur de tennis
Olivia Colman,https://fr.wikipedia.org/?curid=7303723,https://fr.wikipedia.org/wiki/Olivia Colman,Article utilisant une Infobox
V\u00e9ronique Besse,https://fr.wikipedia.org/?curid=731657,https://fr.wikipedia.org/wiki/V\u00e9ronique Besse,Article utilisant une Infobox
Jolanda van Meggelen,https://fr.wikipedia.org/?curid=7314620,https://fr.wikipedia.org/wiki/Jolanda van Meggelen,Wikip\u00e9dia:\u00e9bauche judo
Michelle Knegt,https://fr.wikipedia.org/?curid=7314860,https://fr.wikipedia.org/wiki/Michelle Knegt,Article \u00e0 illustrer Joueur de volley-ball
Zs\u00f3fia Tak\u00e1cs,https://fr.wikipedia.org/?curid=7317667,https://fr.wikipedia.org/wiki/Zs\u00f3fia Tak\u00e1cs,Article \u00e0 illustrer Joueur de volley-ball
Nancy Valen,https://fr.wikipedia.org/?curid=7308485,https://fr.wikipedia.org/wiki/Nancy Valen,Page utilisant P69
Winny Chebet,https://fr.wikipedia.org/?curid=7308597,https://fr.wikipedia.org/wiki/Winny Chebet,Wikip\u00e9dia:\u00e9bauche athl\u00e8te k\u00e9nyan
Meseret Hailu,https://fr.wikipedia.org/?curid=7308691,https://fr.wikipedia.org/wiki/Meseret Hailu,Wikip\u00e9dia:\u00e9bauche athl\u00e8te \u00e9thiopien
Poliana Okimoto,https://fr.wikipedia.org/?curid=7307514,https://fr.wikipedia.org/wiki/Poliana Okimoto,Article utilisant une Infobox
Roc\u00edo Comba,https://fr.wikipedia.org/?curid=7307118,https://fr.wikipedia.org/wiki/Roc\u00edo Comba,Article \u00e0 illustrer Athl\u00e8te
Ludowika Jakobsson,https://fr.wikipedia.org/?curid=730921,https://fr.wikipedia.org/wiki/Ludowika Jakobsson,Wikip\u00e9dia:\u00e9bauche patinage artistique
Lida Chan,https://fr.wikipedia.org/?curid=7308998,https://fr.wikipedia.org/wiki/Lida Chan,Article \u00e0 illustrer Personnalit\u00e9 du cin\u00e9ma
Aimee Richardson,https://fr.wikipedia.org/?curid=7306445,https://fr.wikipedia.org/wiki/Aimee Richardson,Article utilisant une Infobox
Liste des m\u00e9daill\u00e9s aux Jeux olympiques d'hiver de 1928,https://fr.wikipedia.org/?curid=7306782,https://fr.wikipedia.org/wiki/Liste des m\u00e9daill\u00e9s aux Jeux olympiques d'hiver de 1928,Cat\u00e9gorie Commons avec lien local diff\u00e9rent sur Wikidata
Danijela Niki\u0107,https://fr.wikipedia.org/?curid=7310069,https://fr.wikipedia.org/wiki/Danijela Niki\u0107,Article utilisant une Infobox
Lynique Beneke,https://fr.wikipedia.org/?curid=7291294,https://fr.wikipedia.org/wiki/Lynique Beneke,Wikip\u00e9dia:\u00e9bauche athl\u00e8te sud-africain
Paulette Fouillet,https://fr.wikipedia.org/?curid=7284343,https://fr.wikipedia.org/wiki/Paulette Fouillet,Wikip\u00e9dia:\u00e9bauche judo
Vanja Mati\u0107,https://fr.wikipedia.org/?curid=7297667,https://fr.wikipedia.org/wiki/Vanja Mati\u0107,Article \u00e0 illustrer Joueur de volley-ball
Nia Ali,https://fr.wikipedia.org/?curid=7297316,https://fr.wikipedia.org/wiki/Nia Ali,Article utilisant une Infobox
Esmeralda Pimentel,https://fr.wikipedia.org/?curid=7301022,https://fr.wikipedia.org/wiki/Esmeralda Pimentel,Wikip\u00e9dia:\u00e9bauche acteur mexicain
Marie-Laurence Jungfleisch,https://fr.wikipedia.org/?curid=7300544,https://fr.wikipedia.org/wiki/Marie-Laurence Jungfleisch,Article utilisant une Infobox
Ir\u00e9ne Ekelund,https://fr.wikipedia.org/?curid=7290336,https://fr.wikipedia.org/wiki/Ir\u00e9ne Ekelund,Wikip\u00e9dia:\u00e9bauche athl\u00e8te su\u00e9dois
Sonja Borovin\u0161ek,https://fr.wikipedia.org/?curid=7286026,https://fr.wikipedia.org/wiki/Sonja Borovin\u0161ek,Article \u00e0 illustrer Joueur de volley-ball
Micol Cattaneo,https://fr.wikipedia.org/?curid=7294432,https://fr.wikipedia.org/wiki/Micol Cattaneo,Wikip\u00e9dia:\u00e9bauche athl\u00e8te italien
Lakshmi Menon,https://fr.wikipedia.org/?curid=7295216,https://fr.wikipedia.org/wiki/Lakshmi Menon,Page utilisant P569
Carmen Linares,https://fr.wikipedia.org/?curid=7293224,https://fr.wikipedia.org/wiki/Carmen Linares,Article utilisant une Infobox
Natalia Malykh,https://fr.wikipedia.org/?curid=7295415,https://fr.wikipedia.org/wiki/Natalia Malykh,Article \u00e0 illustrer Joueur de volley-ball
Applause (chanson),https://fr.wikipedia.org/?curid=7295627,https://fr.wikipedia.org/wiki/Applause (chanson),Article utilisant une Infobox
Edith Hrovat,https://fr.wikipedia.org/?curid=7285095,https://fr.wikipedia.org/wiki/Edith Hrovat,Wikip\u00e9dia:\u00e9bauche judo
Amber Lancaster,https://fr.wikipedia.org/?curid=7288284,https://fr.wikipedia.org/wiki/Amber Lancaster,Wikip\u00e9dia:\u00e9bauche acteur am\u00e9ricain
Christiane Kieburg,https://fr.wikipedia.org/?curid=7287256,https://fr.wikipedia.org/wiki/Christiane Kieburg,Wikip\u00e9dia:\u00e9bauche judo
Lara Nobre,https://fr.wikipedia.org/?curid=7289916,https://fr.wikipedia.org/wiki/Lara Nobre,Article \u00e0 illustrer Joueur de volley-ball
Kaori Yamaguchi,https://fr.wikipedia.org/?curid=7292475,https://fr.wikipedia.org/wiki/Kaori Yamaguchi,Wikip\u00e9dia:\u00e9bauche judo
Laura Di Toma,https://fr.wikipedia.org/?curid=7291949,https://fr.wikipedia.org/wiki/Laura Di Toma,Wikip\u00e9dia:\u00e9bauche judo
Lina Sundstr\u00f6m,https://fr.wikipedia.org/?curid=7291662,https://fr.wikipedia.org/wiki/Lina Sundstr\u00f6m,Article \u00e0 illustrer Joueur de volley-ball
Bridgette McCarthy,https://fr.wikipedia.org/?curid=7288796,https://fr.wikipedia.org/wiki/Bridgette McCarthy,Wikip\u00e9dia:\u00e9bauche judo
Avril Malley,https://fr.wikipedia.org/?curid=7288805,https://fr.wikipedia.org/wiki/Avril Malley,Wikip\u00e9dia:\u00e9bauche judo
Sofia Essa\u00efdi,https://fr.wikipedia.org/?curid=73759,https://fr.wikipedia.org/wiki/Sofia Essa\u00efdi,Article manquant de r\u00e9f\u00e9rences depuis mai 2017
Paulina Rubio,https://fr.wikipedia.org/?curid=742945,https://fr.wikipedia.org/wiki/Paulina Rubio,Article utilisant une Infobox
Selena (chanteuse),https://fr.wikipedia.org/?curid=742962,https://fr.wikipedia.org/wiki/Selena (chanteuse),Page utilisant P569
Fall Down,https://fr.wikipedia.org/?curid=7429812,https://fr.wikipedia.org/wiki/Fall Down,Article utilisant une Infobox
Makoto Matsuura,https://fr.wikipedia.org/?curid=7378253,https://fr.wikipedia.org/wiki/Makoto Matsuura,Article \u00e0 illustrer Joueur de volley-ball
Ewelina Janicka,https://fr.wikipedia.org/?curid=7378307,https://fr.wikipedia.org/wiki/Ewelina Janicka,Article utilisant une Infobox
Jasmien Biebauw,https://fr.wikipedia.org/?curid=7378316,https://fr.wikipedia.org/wiki/Jasmien Biebauw,Article \u00e0 illustrer Joueur de volley-ball
Liste des champions olympiques sud-africains,https://fr.wikipedia.org/?curid=7389288,https://fr.wikipedia.org/wiki/Liste des champions olympiques sud-africains,Portail:Jeux olympiques/Articles li\u00e9s
Lisa Angell,https://fr.wikipedia.org/?curid=7403334,https://fr.wikipedia.org/wiki/Lisa Angell,Article \u00e0 r\u00e9f\u00e9rence n\u00e9cessaire
Iekaterina Petrova,https://fr.wikipedia.org/?curid=7400880,https://fr.wikipedia.org/wiki/Iekaterina Petrova,Article \u00e0 illustrer Joueur de volley-ball
Anna Malova (volley-ball),https://fr.wikipedia.org/?curid=7402569,https://fr.wikipedia.org/wiki/Anna Malova (volley-ball),Article utilisant une Infobox
Kayane,https://fr.wikipedia.org/?curid=7402584,https://fr.wikipedia.org/wiki/Kayane,Article utilisant l'infobox Joueur de jeux vid\u00e9o
Hana Ma\u0161kov\u00e1,https://fr.wikipedia.org/?curid=740191,https://fr.wikipedia.org/wiki/Hana Ma\u0161kov\u00e1,Wikip\u00e9dia:\u00e9bauche patinage artistique
Mar\u00eda Lamprin\u00eddou,https://fr.wikipedia.org/?curid=7402668,https://fr.wikipedia.org/wiki/Mar\u00eda Lamprin\u00eddou,Article \u00e0 illustrer Joueur de volley-ball
Joji Raqamate,https://fr.wikipedia.org/?curid=7422104,https://fr.wikipedia.org/wiki/Joji Raqamate,Article utilisant une Infobox
Constance Wilson-Samuel,https://fr.wikipedia.org/?curid=741105,https://fr.wikipedia.org/wiki/Constance Wilson-Samuel,Wikip\u00e9dia:\u00e9bauche patinage artistique
Liste des m\u00e9daill\u00e9s aux Jeux olympiques d'hiver de 1998,https://fr.wikipedia.org/?curid=7411883,https://fr.wikipedia.org/wiki/Liste des m\u00e9daill\u00e9s aux Jeux olympiques d'hiver de 1998,Portail:Jeux olympiques/Articles li\u00e9s
Emily Robison,https://fr.wikipedia.org/?curid=7414680,https://fr.wikipedia.org/wiki/Emily Robison,Article utilisant une Infobox
Emily Robinson,https://fr.wikipedia.org/?curid=7414726,https://fr.wikipedia.org/wiki/Emily Robinson,Wikip\u00e9dia:\u00e9bauche acteur am\u00e9ricain
Xu Yifan,https://fr.wikipedia.org/?curid=7413983,https://fr.wikipedia.org/wiki/Xu Yifan,Article utilisant une Infobox
Jocelyne Couset,https://fr.wikipedia.org/?curid=7387793,https://fr.wikipedia.org/wiki/Jocelyne Couset,Wikip\u00e9dia:\u00e9bauche judo
Caroline Larivi\u00e8re,https://fr.wikipedia.org/?curid=7386116,https://fr.wikipedia.org/wiki/Caroline Larivi\u00e8re,Wikip\u00e9dia:\u00e9bauche judo
Lola Arslanbekova,https://fr.wikipedia.org/?curid=7386370,https://fr.wikipedia.org/wiki/Lola Arslanbekova,Article \u00e0 illustrer Joueur de volley-ball
Fumika Moriya,https://fr.wikipedia.org/?curid=7386403,https://fr.wikipedia.org/wiki/Fumika Moriya,Article \u00e0 illustrer Joueur de volley-ball
Borna \u0106ori\u0107,https://fr.wikipedia.org/?curid=7388426,https://fr.wikipedia.org/wiki/Borna \u0106ori\u0107,Article utilisant une Infobox
Rosemary Stirling,https://fr.wikipedia.org/?curid=7388534,https://fr.wikipedia.org/wiki/Rosemary Stirling,Wikip\u00e9dia:\u00e9bauche athl\u00e8te britannique
Ioulia Kovaliova,https://fr.wikipedia.org/?curid=7388563,https://fr.wikipedia.org/wiki/Ioulia Kovaliova,Article \u00e0 illustrer Joueur de volley-ball
Pat Lowe,https://fr.wikipedia.org/?curid=7388965,https://fr.wikipedia.org/wiki/Pat Lowe,Wikip\u00e9dia:\u00e9bauche athl\u00e8te britannique
Ellen Kiessling,https://fr.wikipedia.org/?curid=7395075,https://fr.wikipedia.org/wiki/Ellen Kiessling,Wikip\u00e9dia:\u00e9bauche athl\u00e8te allemand
Viktoriya Zyabkina,https://fr.wikipedia.org/?curid=7380300,https://fr.wikipedia.org/wiki/Viktoriya Zyabkina,Article utilisant une Infobox
Habiba Msika,https://fr.wikipedia.org/?curid=738387,https://fr.wikipedia.org/wiki/Habiba Msika,Page utilisant P569
V\u011bra Tylov\u00e1,https://fr.wikipedia.org/?curid=7392173,https://fr.wikipedia.org/wiki/V\u011bra Tylov\u00e1,Wikip\u00e9dia:\u00e9bauche athl\u00e8te
Anastassia Liapouchkina,https://fr.wikipedia.org/?curid=7390661,https://fr.wikipedia.org/wiki/Anastassia Liapouchkina,Article \u00e0 illustrer Joueur de volley-ball
Mami Yoshida,https://fr.wikipedia.org/?curid=7376696,https://fr.wikipedia.org/wiki/Mami Yoshida,Article \u00e0 illustrer Joueur de volley-ball
Marta Biedziak,https://fr.wikipedia.org/?curid=7376722,https://fr.wikipedia.org/wiki/Marta Biedziak,Article utilisant une Infobox
Iv\u00e1n Ra\u00f1a,https://fr.wikipedia.org/?curid=7380681,https://fr.wikipedia.org/wiki/Iv\u00e1n Ra\u00f1a,Article utilisant une Infobox
Gerty Evens,https://fr.wikipedia.org/?curid=7382168,https://fr.wikipedia.org/wiki/Gerty Evens,Article \u00e0 illustrer Sportif
Nadeeka Lakmali,https://fr.wikipedia.org/?curid=7382178,https://fr.wikipedia.org/wiki/Nadeeka Lakmali,Wikip\u00e9dia:\u00e9bauche athl\u00e8te srilankais
Haruyo Shimamura,https://fr.wikipedia.org/?curid=7382661,https://fr.wikipedia.org/wiki/Haruyo Shimamura,Article utilisant une Infobox
Anastassia Azanova,https://fr.wikipedia.org/?curid=7382682,https://fr.wikipedia.org/wiki/Anastassia Azanova,Article \u00e0 illustrer Joueur de volley-ball
Adriana Bobi,https://fr.wikipedia.org/?curid=7131293,https://fr.wikipedia.org/wiki/Adriana Bobi,Article \u00e0 illustrer Joueur de volley-ball
Victoria Duval,https://fr.wikipedia.org/?curid=7357991,https://fr.wikipedia.org/wiki/Victoria Duval,Article utilisant une Infobox
Milena Agudelo,https://fr.wikipedia.org/?curid=7356635,https://fr.wikipedia.org/wiki/Milena Agudelo,Wikip\u00e9dia:\u00e9bauche athl\u00e8te colombien
Maryna Zakhozha,https://fr.wikipedia.org/?curid=7356994,https://fr.wikipedia.org/wiki/Maryna Zakhozha,Article \u00e0 illustrer Joueur de volley-ball
Cursty Jackson,https://fr.wikipedia.org/?curid=7357023,https://fr.wikipedia.org/wiki/Cursty Jackson,Wikip\u00e9dia:\u00e9bauche joueuse am\u00e9ricaine de volley-ball
Kim Ha-neul,https://fr.wikipedia.org/?curid=7355508,https://fr.wikipedia.org/wiki/Kim Ha-neul,Article utilisant une Infobox
Majlinda Kelmendi,https://fr.wikipedia.org/?curid=7359446,https://fr.wikipedia.org/wiki/Majlinda Kelmendi,Article utilisant une Infobox
Miyu Nagaoka,https://fr.wikipedia.org/?curid=7362943,https://fr.wikipedia.org/wiki/Miyu Nagaoka,Article \u00e0 illustrer Joueur de volley-ball
Celeste Plak,https://fr.wikipedia.org/?curid=7362959,https://fr.wikipedia.org/wiki/Celeste Plak,Article utilisant une Infobox
Milica Bezarevi\u0107,https://fr.wikipedia.org/?curid=7362975,https://fr.wikipedia.org/wiki/Milica Bezarevi\u0107,Article \u00e0 illustrer Joueur de volley-ball
Olena Novgorodchenko,https://fr.wikipedia.org/?curid=7362986,https://fr.wikipedia.org/wiki/Olena Novgorodchenko,Article \u00e0 illustrer Joueur de volley-ball
Luiza Noskova,https://fr.wikipedia.org/?curid=7329750,https://fr.wikipedia.org/wiki/Luiza Noskova,Wikip\u00e9dia:\u00e9bauche biathlon
Miryam Roper,https://fr.wikipedia.org/?curid=7361084,https://fr.wikipedia.org/wiki/Miryam Roper,Article \u00e0 illustrer Judoka
Kim Seong-yeon,https://fr.wikipedia.org/?curid=7364103,https://fr.wikipedia.org/wiki/Kim Seong-yeon,Wikip\u00e9dia:\u00e9bauche judo
Marhinde Verkerk,https://fr.wikipedia.org/?curid=7364125,https://fr.wikipedia.org/wiki/Marhinde Verkerk,Wikip\u00e9dia:\u00e9bauche judo
Arisa Sato,https://fr.wikipedia.org/?curid=7370932,https://fr.wikipedia.org/wiki/Arisa Sato,Article utilisant une Infobox
Maggie MacNeal,https://fr.wikipedia.org/?curid=7372683,https://fr.wikipedia.org/wiki/Maggie MacNeal,Article utilisant une Infobox
Lorde,https://fr.wikipedia.org/?curid=7374302,https://fr.wikipedia.org/wiki/Lorde,Article utilisant une Infobox
Rachael Kidder,https://fr.wikipedia.org/?curid=7372984,https://fr.wikipedia.org/wiki/Rachael Kidder,Wikip\u00e9dia:\u00e9bauche joueuse am\u00e9ricaine de volley-ball
Daria Stepanovska,https://fr.wikipedia.org/?curid=7373017,https://fr.wikipedia.org/wiki/Daria Stepanovska,Article utilisant une Infobox
Haruka Miyashita,https://fr.wikipedia.org/?curid=7373042,https://fr.wikipedia.org/wiki/Haruka Miyashita,Article utilisant une Infobox
Carrie Russell,https://fr.wikipedia.org/?curid=7338240,https://fr.wikipedia.org/wiki/Carrie Russell,Wikip\u00e9dia:\u00e9bauche athl\u00e9tisme
Lisa Izquierdo,https://fr.wikipedia.org/?curid=7349252,https://fr.wikipedia.org/wiki/Lisa Izquierdo,Article \u00e0 illustrer Joueur de volley-ball
Nina Rosi\u0107,https://fr.wikipedia.org/?curid=7347186,https://fr.wikipedia.org/wiki/Nina Rosi\u0107,Article utilisant une Infobox
Bayley (catch),https://fr.wikipedia.org/?curid=7347310,https://fr.wikipedia.org/wiki/Bayley (catch),Article \u00e0 recycler/Liste compl\u00e8te
Ane\u017eka Drahotov\u00e1,https://fr.wikipedia.org/?curid=7328766,https://fr.wikipedia.org/wiki/Ane\u017eka Drahotov\u00e1,Wikip\u00e9dia:\u00e9bauche athl\u00e8te tch\u00e8que
Yuliia Pervukhina,https://fr.wikipedia.org/?curid=7369034,https://fr.wikipedia.org/wiki/Yuliia Pervukhina,Article \u00e0 illustrer Joueur de volley-ball
Naoko Hashimoto,https://fr.wikipedia.org/?curid=7369051,https://fr.wikipedia.org/wiki/Naoko Hashimoto,Article \u00e0 illustrer Joueur de volley-ball
Natalia Snytina,https://fr.wikipedia.org/?curid=7367392,https://fr.wikipedia.org/wiki/Natalia Snytina,Wikip\u00e9dia:\u00e9bauche biathlon
\u00c9milie And\u00e9ol,https://fr.wikipedia.org/?curid=7367592,https://fr.wikipedia.org/wiki/\u00c9milie And\u00e9ol,Article utilisant une Infobox
Iryna Trushkina,https://fr.wikipedia.org/?curid=7352939,https://fr.wikipedia.org/wiki/Iryna Trushkina,Article utilisant une Infobox
Yuki Shoji,https://fr.wikipedia.org/?curid=7354869,https://fr.wikipedia.org/wiki/Yuki Shoji,Article utilisant une Infobox
Kateryna Kalchenko,https://fr.wikipedia.org/?curid=7354897,https://fr.wikipedia.org/wiki/Kateryna Kalchenko,Article \u00e0 illustrer Joueur de volley-ball
Maria Benedicta Chigbolu,https://fr.wikipedia.org/?curid=7334966,https://fr.wikipedia.org/wiki/Maria Benedicta Chigbolu,Wikip\u00e9dia:\u00e9bauche athl\u00e8te italien
Annelies Ullstein,https://fr.wikipedia.org/?curid=7335065,https://fr.wikipedia.org/wiki/Annelies Ullstein,Article utilisant une Infobox
Kaja Grobelna,https://fr.wikipedia.org/?curid=7342443,https://fr.wikipedia.org/wiki/Kaja Grobelna,Article utilisant une Infobox
Sirah (rappeuse),https://fr.wikipedia.org/?curid=7341450,https://fr.wikipedia.org/wiki/Sirah (rappeuse),Article utilisant une Infobox
Gwendoline Horemans,https://fr.wikipedia.org/?curid=7339884,https://fr.wikipedia.org/wiki/Gwendoline Horemans,Article \u00e0 illustrer Joueur de volley-ball
Ashleigh Nelson (athl\u00e9tisme),https://fr.wikipedia.org/?curid=7339277,https://fr.wikipedia.org/wiki/Ashleigh Nelson (athl\u00e9tisme),Wikip\u00e9dia:\u00e9bauche athl\u00e8te britannique
Sarah Gadon,https://fr.wikipedia.org/?curid=7342981,https://fr.wikipedia.org/wiki/Sarah Gadon,Wikip\u00e9dia:\u00e9bauche acteur canadien
Lana Dabi\u0107,https://fr.wikipedia.org/?curid=7344748,https://fr.wikipedia.org/wiki/Lana Dabi\u0107,Article \u00e0 illustrer Joueur de volley-ball
Ana Cabecinha,https://fr.wikipedia.org/?curid=7331051,https://fr.wikipedia.org/wiki/Ana Cabecinha,Wikip\u00e9dia:\u00e9bauche athl\u00e8te portugais
Zheng Jie,https://fr.wikipedia.org/?curid=733569,https://fr.wikipedia.org/wiki/Zheng Jie,Article utilisant une Infobox
M\u00e9lissandre Pain,https://fr.wikipedia.org/?curid=7332345,https://fr.wikipedia.org/wiki/M\u00e9lissandre Pain,Page utilisant P19
Kim Renkema,https://fr.wikipedia.org/?curid=7333935,https://fr.wikipedia.org/wiki/Kim Renkema,Article \u00e0 illustrer Joueur de volley-ball
Yvon Beli\u00ebn,https://fr.wikipedia.org/?curid=7337598,https://fr.wikipedia.org/wiki/Yvon Beli\u00ebn,Article utilisant une Infobox
Ana Cristina Porto,https://fr.wikipedia.org/?curid=7104350,https://fr.wikipedia.org/wiki/Ana Cristina Porto,Article \u00e0 illustrer Joueur de volley-ball
Delphine Atangana,https://fr.wikipedia.org/?curid=7111366,https://fr.wikipedia.org/wiki/Delphine Atangana,Article utilisant une Infobox
Zo\u00ef L\u00e1skari,https://fr.wikipedia.org/?curid=7109297,https://fr.wikipedia.org/wiki/Zo\u00ef L\u00e1skari,Page utilisant P569
Ingrid Salvenmoser,https://fr.wikipedia.org/?curid=711568,https://fr.wikipedia.org/wiki/Ingrid Salvenmoser,Article utilisant une Infobox
Alessandra Amoroso,https://fr.wikipedia.org/?curid=7106684,https://fr.wikipedia.org/wiki/Alessandra Amoroso,Article utilisant une Infobox
Laura Olave,https://fr.wikipedia.org/?curid=7114475,https://fr.wikipedia.org/wiki/Laura Olave,Article \u00e0 illustrer Joueur de tennis
Live It Up (chanson),https://fr.wikipedia.org/?curid=7114505,https://fr.wikipedia.org/wiki/Live It Up (chanson),Wikip\u00e9dia:\u00e9bauche single
Sarah Bouaoudia,https://fr.wikipedia.org/?curid=7113906,https://fr.wikipedia.org/wiki/Sarah Bouaoudia,Wikip\u00e9dia:\u00e9bauche athl\u00e8te alg\u00e9rien
Roxana Ivanof,https://fr.wikipedia.org/?curid=7124102,https://fr.wikipedia.org/wiki/Roxana Ivanof,Article \u00e0 illustrer Joueur de volley-ball
Lucinda Brand,https://fr.wikipedia.org/?curid=7134320,https://fr.wikipedia.org/wiki/Lucinda Brand,Page utilisant P569
Maria Butyrskaya,https://fr.wikipedia.org/?curid=713277,https://fr.wikipedia.org/wiki/Maria Butyrskaya,Wikip\u00e9dia:\u00e9bauche patinage artistique
Irina Lobatcheva,https://fr.wikipedia.org/?curid=713248,https://fr.wikipedia.org/wiki/Irina Lobatcheva,Wikip\u00e9dia:\u00e9bauche patinage artistique
Isadora Rodrigues,https://fr.wikipedia.org/?curid=7133966,https://fr.wikipedia.org/wiki/Isadora Rodrigues,Article \u00e0 illustrer Joueur de volley-ball
Sana Anarkulova,https://fr.wikipedia.org/?curid=7100307,https://fr.wikipedia.org/wiki/Sana Anarkulova,Article utilisant une Infobox
Natalia Doumtcheva,https://fr.wikipedia.org/?curid=7102379,https://fr.wikipedia.org/wiki/Natalia Doumtcheva,Article utilisant une Infobox
Regine Heitzer,https://fr.wikipedia.org/?curid=706681,https://fr.wikipedia.org/wiki/Regine Heitzer,Wikip\u00e9dia:\u00e9bauche patinage artistique
Nicole Hassler,https://fr.wikipedia.org/?curid=706694,https://fr.wikipedia.org/wiki/Nicole Hassler,Wikip\u00e9dia:\u00e9bauche patinage artistique
Mercedes Mon\u00e9,https://fr.wikipedia.org/?curid=7062602,https://fr.wikipedia.org/wiki/Mercedes Mon\u00e9,Article \u00e0 r\u00e9f\u00e9rence \u00e0 confirmer
Yoshiko Yano,https://fr.wikipedia.org/?curid=7059175,https://fr.wikipedia.org/wiki/Yoshiko Yano,Article \u00e0 illustrer Joueur de volley-ball
Erika Sakae,https://fr.wikipedia.org/?curid=7016360,https://fr.wikipedia.org/wiki/Erika Sakae,Article \u00e0 illustrer Joueur de volley-ball
Risa Ishii,https://fr.wikipedia.org/?curid=7013927,https://fr.wikipedia.org/wiki/Risa Ishii,Article utilisant une Infobox
Liste des duchesses de Bourgogne,https://fr.wikipedia.org/?curid=7014036,https://fr.wikipedia.org/wiki/Liste des duchesses de Bourgogne,Article utilisant une Infobox
Coca Guazzini,https://fr.wikipedia.org/?curid=7010003,https://fr.wikipedia.org/wiki/Coca Guazzini,Wikip\u00e9dia:\u00e9bauche acteur chilien
Liste des m\u00e9daill\u00e9s aux Jeux olympiques d'hiver de 1988,https://fr.wikipedia.org/?curid=7010308,https://fr.wikipedia.org/wiki/Liste des m\u00e9daill\u00e9s aux Jeux olympiques d'hiver de 1988,Portail:Jeux olympiques/Articles li\u00e9s
Mary Dolly Z\u00e9 Oyono,https://fr.wikipedia.org/?curid=7012430,https://fr.wikipedia.org/wiki/Mary Dolly Z\u00e9 Oyono,Wikip\u00e9dia:\u00e9bauche athl\u00e8te camerounais
Patricia Sarrapio,https://fr.wikipedia.org/?curid=6971475,https://fr.wikipedia.org/wiki/Patricia Sarrapio,Wikip\u00e9dia:\u00e9bauche athl\u00e8te espagnol
Kanako Hirai,https://fr.wikipedia.org/?curid=6975956,https://fr.wikipedia.org/wiki/Kanako Hirai,Article \u00e0 illustrer Joueur de volley-ball
Arelya Karasoy,https://fr.wikipedia.org/?curid=6976047,https://fr.wikipedia.org/wiki/Arelya Karasoy,Article utilisant une Infobox
Laurie Graham,https://fr.wikipedia.org/?curid=697616,https://fr.wikipedia.org/wiki/Laurie Graham,Article utilisant une Infobox
Nana Iwasaka,https://fr.wikipedia.org/?curid=6973902,https://fr.wikipedia.org/wiki/Nana Iwasaka,Article utilisant une Infobox
Romina Martin,https://fr.wikipedia.org/?curid=6973932,https://fr.wikipedia.org/wiki/Romina Martin,Wikip\u00e9dia:\u00e9bauche chanteur chilien
Madiea Ghafoor,https://fr.wikipedia.org/?curid=6974006,https://fr.wikipedia.org/wiki/Madiea Ghafoor,Wikip\u00e9dia:\u00e9bauche athl\u00e8te n\u00e9erlandais
Tiffany (artiste cor\u00e9enne),https://fr.wikipedia.org/?curid=6974058,https://fr.wikipedia.org/wiki/Tiffany (artiste cor\u00e9enne),Article contenant un lien mort
Catalina Guerra,https://fr.wikipedia.org/?curid=6976970,https://fr.wikipedia.org/wiki/Catalina Guerra,Wikip\u00e9dia:\u00e9bauche acteur chilien
Gloria M\u00fcnchmeyer,https://fr.wikipedia.org/?curid=6977006,https://fr.wikipedia.org/wiki/Gloria M\u00fcnchmeyer,Wikip\u00e9dia:\u00e9bauche acteur chilien
Maeve Quinlan,https://fr.wikipedia.org/?curid=6975204,https://fr.wikipedia.org/wiki/Maeve Quinlan,Wikip\u00e9dia:\u00e9bauche acteur am\u00e9ricain
Sylvia Eder,https://fr.wikipedia.org/?curid=697550,https://fr.wikipedia.org/wiki/Sylvia Eder,Page utilisant P569
Fina Torres,https://fr.wikipedia.org/?curid=7057962,https://fr.wikipedia.org/wiki/Fina Torres,Wikip\u00e9dia:\u00e9bauche r\u00e9alisateur v\u00e9n\u00e9zu\u00e9lien
Anastassia Samo\u00eflenko,https://fr.wikipedia.org/?curid=7182664,https://fr.wikipedia.org/wiki/Anastassia Samo\u00eflenko,Article utilisant une Infobox
Kristy Jaeckel,https://fr.wikipedia.org/?curid=7182679,https://fr.wikipedia.org/wiki/Kristy Jaeckel,Wikip\u00e9dia:\u00e9bauche joueuse am\u00e9ricaine de volley-ball
Angela Nikodinov,https://fr.wikipedia.org/?curid=718402,https://fr.wikipedia.org/wiki/Angela Nikodinov,Wikip\u00e9dia:\u00e9bauche patinage artistique
Jennifer Kirk,https://fr.wikipedia.org/?curid=718324,https://fr.wikipedia.org/wiki/Jennifer Kirk,Wikip\u00e9dia:\u00e9bauche patinage artistique
Liste des reines et imp\u00e9ratrices de France,https://fr.wikipedia.org/?curid=71863,https://fr.wikipedia.org/wiki/Liste des reines et imp\u00e9ratrices de France,Article \u00e0 r\u00e9f\u00e9rence n\u00e9cessaire
Megan Wing,https://fr.wikipedia.org/?curid=718679,https://fr.wikipedia.org/wiki/Megan Wing,Wikip\u00e9dia:\u00e9bauche patinage artistique
Aimi Kawashima,https://fr.wikipedia.org/?curid=7030286,https://fr.wikipedia.org/wiki/Aimi Kawashima,Article \u00e0 illustrer Joueur de volley-ball
Traudl Treichl,https://fr.wikipedia.org/?curid=709114,https://fr.wikipedia.org/wiki/Traudl Treichl,Page utilisant P569
C\u00e9line Laporte,https://fr.wikipedia.org/?curid=7091164,https://fr.wikipedia.org/wiki/C\u00e9line Laporte,Article \u00e0 illustrer Athl\u00e8te
Charli XCX,https://fr.wikipedia.org/?curid=7088127,https://fr.wikipedia.org/wiki/Charli XCX,Article utilisant une Infobox
Hortense B\u00e9wouda,https://fr.wikipedia.org/?curid=7090143,https://fr.wikipedia.org/wiki/Hortense B\u00e9wouda,Article \u00e0 illustrer Athl\u00e8te
Hanna Vasilionak,https://fr.wikipedia.org/?curid=7090406,https://fr.wikipedia.org/wiki/Hanna Vasilionak,Wikip\u00e9dia:\u00e9bauche personnalit\u00e9 bi\u00e9lorusse
Nabilla Benattia,https://fr.wikipedia.org/?curid=7088672,https://fr.wikipedia.org/wiki/Nabilla Benattia,Page au nom prot\u00e9g\u00e9
Jill Watson,https://fr.wikipedia.org/?curid=7090122,https://fr.wikipedia.org/wiki/Jill Watson,Wikip\u00e9dia:\u00e9bauche patinage artistique
Penny Toler,https://fr.wikipedia.org/?curid=7089490,https://fr.wikipedia.org/wiki/Penny Toler,Article \u00e0 illustrer Joueur de basket-ball
Amber Corwin,https://fr.wikipedia.org/?curid=722639,https://fr.wikipedia.org/wiki/Amber Corwin,Wikip\u00e9dia:\u00e9bauche patinage artistique
Miss Utah USA,https://fr.wikipedia.org/?curid=7226412,https://fr.wikipedia.org/wiki/Miss Utah USA,Wikip\u00e9dia:\u00e9bauche Utah
Miss Nouveau-Mexique USA,https://fr.wikipedia.org/?curid=7226706,https://fr.wikipedia.org/wiki/Miss Nouveau-Mexique USA,Article contenant un appel \u00e0 traduction en anglais
Miss Colorado USA,https://fr.wikipedia.org/?curid=7223380,https://fr.wikipedia.org/wiki/Miss Colorado USA,Portail:Mannequinat/Articles li\u00e9s
Cho Min-sun,https://fr.wikipedia.org/?curid=7223467,https://fr.wikipedia.org/wiki/Cho Min-sun,Wikip\u00e9dia:\u00e9bauche judo
Olha Tratch,https://fr.wikipedia.org/?curid=7223789,https://fr.wikipedia.org/wiki/Olha Tratch,Article utilisant une Infobox
Traudl H\u00e4cher,https://fr.wikipedia.org/?curid=721156,https://fr.wikipedia.org/wiki/Traudl H\u00e4cher,Article manquant de r\u00e9f\u00e9rences depuis f\u00e9vrier 2016
Karen Percy,https://fr.wikipedia.org/?curid=721168,https://fr.wikipedia.org/wiki/Karen Percy,Article \u00e0 illustrer Sportif
Jeanne Ngo Minyemeck,https://fr.wikipedia.org/?curid=7208479,https://fr.wikipedia.org/wiki/Jeanne Ngo Minyemeck,Article \u00e0 illustrer Athl\u00e8te
Leanne Wood,https://fr.wikipedia.org/?curid=7220468,https://fr.wikipedia.org/wiki/Leanne Wood,Article utilisant une Infobox
Kristina Kuusk,https://fr.wikipedia.org/?curid=7220474,https://fr.wikipedia.org/wiki/Kristina Kuusk,Wikip\u00e9dia:\u00e9bauche escrimeuse estonienne
Nina Nesbitt,https://fr.wikipedia.org/?curid=7220524,https://fr.wikipedia.org/wiki/Nina Nesbitt,Article contenant un appel \u00e0 traduction en anglais
Laurie Colwin,https://fr.wikipedia.org/?curid=721840,https://fr.wikipedia.org/wiki/Laurie Colwin,Wikip\u00e9dia:\u00e9bauche \u00e9crivain am\u00e9ricain
Miss Connecticut USA,https://fr.wikipedia.org/?curid=7218522,https://fr.wikipedia.org/wiki/Miss Connecticut USA,Article utilisant une Infobox
Nad\u00e8ge Essama Fo\u00e9,https://fr.wikipedia.org/?curid=7207229,https://fr.wikipedia.org/wiki/Nad\u00e8ge Essama Fo\u00e9,Article \u00e0 illustrer Athl\u00e8te
Aleksandra W\u00f3jcik,https://fr.wikipedia.org/?curid=7206293,https://fr.wikipedia.org/wiki/Aleksandra W\u00f3jcik,Article utilisant une Infobox
Erica Rossi,https://fr.wikipedia.org/?curid=7231705,https://fr.wikipedia.org/wiki/Erica Rossi,Wikip\u00e9dia:\u00e9bauche athl\u00e8te italien
Karolina Szyma\u0144ska,https://fr.wikipedia.org/?curid=7201650,https://fr.wikipedia.org/wiki/Karolina Szyma\u0144ska,Article utilisant une Infobox
Belinda Bencic,https://fr.wikipedia.org/?curid=7216466,https://fr.wikipedia.org/wiki/Belinda Bencic,Article utilisant une Infobox
Nora Kirkpatrick,https://fr.wikipedia.org/?curid=7193197,https://fr.wikipedia.org/wiki/Nora Kirkpatrick,Article \u00e0 illustrer Personnalit\u00e9 du cin\u00e9ma
Maria Iaremtchouk,https://fr.wikipedia.org/?curid=7622388,https://fr.wikipedia.org/wiki/Maria Iaremtchouk,Article utilisant une Infobox
Akari Watanabe,https://fr.wikipedia.org/?curid=7632202,https://fr.wikipedia.org/wiki/Akari Watanabe,Article \u00e0 illustrer Joueur de volley-ball
Sandra Biernatek,https://fr.wikipedia.org/?curid=7630691,https://fr.wikipedia.org/wiki/Sandra Biernatek,Article \u00e0 illustrer Joueur de volley-ball
Anne Henning,https://fr.wikipedia.org/?curid=7630749,https://fr.wikipedia.org/wiki/Anne Henning,Article utilisant une Infobox
Atje Keulen-Deelstra,https://fr.wikipedia.org/?curid=7630905,https://fr.wikipedia.org/wiki/Atje Keulen-Deelstra,Article utilisant une Infobox
Ana Cristina Cazacu,https://fr.wikipedia.org/?curid=7576164,https://fr.wikipedia.org/wiki/Ana Cristina Cazacu,Article \u00e0 illustrer Joueur de volley-ball
Samanta Jimenez,https://fr.wikipedia.org/?curid=7573741,https://fr.wikipedia.org/wiki/Samanta Jimenez,Article \u00e0 illustrer Joueur de volley-ball
Amber Liu,https://fr.wikipedia.org/?curid=7577310,https://fr.wikipedia.org/wiki/Amber Liu,Article manquant de r\u00e9f\u00e9rences depuis d\u00e9cembre 2013
Karla \u00c1lvarez,https://fr.wikipedia.org/?curid=7549295,https://fr.wikipedia.org/wiki/Karla \u00c1lvarez,Wikip\u00e9dia:\u00e9bauche acteur mexicain
Magdalena Hawry\u0142a,https://fr.wikipedia.org/?curid=7628282,https://fr.wikipedia.org/wiki/Magdalena Hawry\u0142a,Article utilisant une Infobox
Colleen Ward,https://fr.wikipedia.org/?curid=7628312,https://fr.wikipedia.org/wiki/Colleen Ward,Wikip\u00e9dia:\u00e9bauche joueuse am\u00e9ricaine de volley-ball
Syoko Tamura,https://fr.wikipedia.org/?curid=7628338,https://fr.wikipedia.org/wiki/Syoko Tamura,Article \u00e0 illustrer Joueur de volley-ball
Kajsa Kling,https://fr.wikipedia.org/?curid=7609007,https://fr.wikipedia.org/wiki/Kajsa Kling,Wikip\u00e9dia:\u00e9bauche ski alpin
Dominika Valachov\u00e1,https://fr.wikipedia.org/?curid=7557308,https://fr.wikipedia.org/wiki/Dominika Valachov\u00e1,Article utilisant une Infobox
Ana Foxxx,https://fr.wikipedia.org/?curid=7559503,https://fr.wikipedia.org/wiki/Ana Foxxx,Wikip\u00e9dia:\u00e9bauche actrice pornographique am\u00e9ricaine
Iekaterina Roussakova,https://fr.wikipedia.org/?curid=7598516,https://fr.wikipedia.org/wiki/Iekaterina Roussakova,Article \u00e0 illustrer Joueur de volley-ball
Liste des m\u00e9daill\u00e9s aux Jeux olympiques d'hiver de 1976,https://fr.wikipedia.org/?curid=7598542,https://fr.wikipedia.org/wiki/Liste des m\u00e9daill\u00e9s aux Jeux olympiques d'hiver de 1976,Portail:Jeux olympiques/Articles li\u00e9s
Gabriela Jasi\u0144ska,https://fr.wikipedia.org/?curid=7548265,https://fr.wikipedia.org/wiki/Gabriela Jasi\u0144ska,Article utilisant une Infobox
Ioana Pristavu,https://fr.wikipedia.org/?curid=7550566,https://fr.wikipedia.org/wiki/Ioana Pristavu,Article \u00e0 illustrer Joueur de volley-ball
Elis Ligtlee,https://fr.wikipedia.org/?curid=7590862,https://fr.wikipedia.org/wiki/Elis Ligtlee,Page utilisant P569
Rika Hattori,https://fr.wikipedia.org/?curid=7620539,https://fr.wikipedia.org/wiki/Rika Hattori,Article \u00e0 illustrer Joueur de volley-ball
Tiffany Hsu,https://fr.wikipedia.org/?curid=7675502,https://fr.wikipedia.org/wiki/Tiffany Hsu,Article utilisant une Infobox
Shelley Harland,https://fr.wikipedia.org/?curid=7674234,https://fr.wikipedia.org/wiki/Shelley Harland,Article manquant de r\u00e9f\u00e9rences depuis janvier 2014
Irina Avvakoumova,https://fr.wikipedia.org/?curid=7674776,https://fr.wikipedia.org/wiki/Irina Avvakoumova,Article utilisant une Infobox
Marina Nigg,https://fr.wikipedia.org/?curid=7674986,https://fr.wikipedia.org/wiki/Marina Nigg,Wikip\u00e9dia:\u00e9bauche ski alpin
Natalya Glebova,https://fr.wikipedia.org/?curid=7825291,https://fr.wikipedia.org/wiki/Natalya Glebova,Wikip\u00e9dia:\u00e9bauche patinage de vitesse
Trischa Zorn,https://fr.wikipedia.org/?curid=7827494,https://fr.wikipedia.org/wiki/Trischa Zorn,Wikip\u00e9dia:\u00e9bauche natation
Jamelia,https://fr.wikipedia.org/?curid=782397,https://fr.wikipedia.org/wiki/Jamelia,Article utilisant une Infobox
Anna Swenn-Larsson,https://fr.wikipedia.org/?curid=7824059,https://fr.wikipedia.org/wiki/Anna Swenn-Larsson,Wikip\u00e9dia:\u00e9bauche personnalit\u00e9 su\u00e9doise
Ester Ledeck\u00e1,https://fr.wikipedia.org/?curid=7836300,https://fr.wikipedia.org/wiki/Ester Ledeck\u00e1,Article utilisant une Infobox
The Banner Saga,https://fr.wikipedia.org/?curid=7832225,https://fr.wikipedia.org/wiki/The Banner Saga,Wikip\u00e9dia:\u00e9bauche jeu vid\u00e9o
Leila Meflah,https://fr.wikipedia.org/?curid=7830505,https://fr.wikipedia.org/wiki/Leila Meflah,Article utilisant une Infobox
Yuko Kavaguti,https://fr.wikipedia.org/?curid=7830958,https://fr.wikipedia.org/wiki/Yuko Kavaguti,Article utilisant une Infobox
Nadine Horchler,https://fr.wikipedia.org/?curid=7833418,https://fr.wikipedia.org/wiki/Nadine Horchler,Article utilisant une Infobox
C\u00e9cile Hernandez,https://fr.wikipedia.org/?curid=7831096,https://fr.wikipedia.org/wiki/C\u00e9cile Hernandez,Article \u00e0 illustrer Sportif
Juliane Bray,https://fr.wikipedia.org/?curid=7830428,https://fr.wikipedia.org/wiki/Juliane Bray,Wikip\u00e9dia:\u00e9bauche snowboard
Adore You (chanson de Miley Cyrus),https://fr.wikipedia.org/?curid=7802666,https://fr.wikipedia.org/wiki/Adore You (chanson de Miley Cyrus),Article utilisant une Infobox
Mari Eide,https://fr.wikipedia.org/?curid=7800155,https://fr.wikipedia.org/wiki/Mari Eide,Wikip\u00e9dia:\u00e9bauche ski de fond
Liste des tourn\u00e9es de Lady Gaga,https://fr.wikipedia.org/?curid=7800816,https://fr.wikipedia.org/wiki/Liste des tourn\u00e9es de Lady Gaga,Article contenant un lien mort
Philippa Coulthard,https://fr.wikipedia.org/?curid=7802152,https://fr.wikipedia.org/wiki/Philippa Coulthard,Wikip\u00e9dia:\u00e9bauche acteur australien
Yu Shumei,https://fr.wikipedia.org/?curid=7798177,https://fr.wikipedia.org/wiki/Yu Shumei,Article \u00e0 illustrer Sportif
Ilse Friedleben,https://fr.wikipedia.org/?curid=7788839,https://fr.wikipedia.org/wiki/Ilse Friedleben,Article utilisant une Infobox
Molly Smitten-Downes,https://fr.wikipedia.org/?curid=7815813,https://fr.wikipedia.org/wiki/Molly Smitten-Downes,Article contenant un lien mort
Stephanie Roorda,https://fr.wikipedia.org/?curid=7814275,https://fr.wikipedia.org/wiki/Stephanie Roorda,Wikip\u00e9dia:\u00e9bauche coureur cycliste canadien
Allison Beveridge,https://fr.wikipedia.org/?curid=7814313,https://fr.wikipedia.org/wiki/Allison Beveridge,Wikip\u00e9dia:\u00e9bauche coureur cycliste canadien
Sabrina Salerno,https://fr.wikipedia.org/?curid=780732,https://fr.wikipedia.org/wiki/Sabrina Salerno,Article contenant un lien mort
Holly Brooks,https://fr.wikipedia.org/?curid=7822835,https://fr.wikipedia.org/wiki/Holly Brooks,Wikip\u00e9dia:\u00e9bauche sportif am\u00e9ricain
Axumawit Embaye,https://fr.wikipedia.org/?curid=7819191,https://fr.wikipedia.org/wiki/Axumawit Embaye,Wikip\u00e9dia:\u00e9bauche athl\u00e8te \u00e9thiopien
Elena Curtoni,https://fr.wikipedia.org/?curid=7820872,https://fr.wikipedia.org/wiki/Elena Curtoni,Wikip\u00e9dia:\u00e9bauche ski alpin
Angelika Cichocka,https://fr.wikipedia.org/?curid=7820953,https://fr.wikipedia.org/wiki/Angelika Cichocka,Wikip\u00e9dia:\u00e9bauche athl\u00e8te polonais
Ilka \u0160tuhec,https://fr.wikipedia.org/?curid=7821001,https://fr.wikipedia.org/wiki/Ilka \u0160tuhec,Article utilisant une Infobox
Verena Stuffer,https://fr.wikipedia.org/?curid=7819928,https://fr.wikipedia.org/wiki/Verena Stuffer,Wikip\u00e9dia:\u00e9bauche ski alpin
Jerneja Perc,https://fr.wikipedia.org/?curid=7818957,https://fr.wikipedia.org/wiki/Jerneja Perc,Wikip\u00e9dia:\u00e9bauche athl\u00e8te slov\u00e8ne
Ruth Lorenzo,https://fr.wikipedia.org/?curid=7819676,https://fr.wikipedia.org/wiki/Ruth Lorenzo,Article utilisant une Infobox
Sara Lindborg,https://fr.wikipedia.org/?curid=7805922,https://fr.wikipedia.org/wiki/Sara Lindborg,Wikip\u00e9dia:\u00e9bauche sportif su\u00e9dois
Simone Niggli-Luder,https://fr.wikipedia.org/?curid=7808179,https://fr.wikipedia.org/wiki/Simone Niggli-Luder,Wikip\u00e9dia:\u00e9bauche sportif suisse
Margaret Beckett,https://fr.wikipedia.org/?curid=780823,https://fr.wikipedia.org/wiki/Margaret Beckett,Article utilisant une Infobox
Yan Zi,https://fr.wikipedia.org/?curid=781202,https://fr.wikipedia.org/wiki/Yan Zi,Article utilisant une Infobox
Virginia De Martin Topranin,https://fr.wikipedia.org/?curid=7812362,https://fr.wikipedia.org/wiki/Virginia De Martin Topranin,Wikip\u00e9dia:\u00e9bauche ski de fond
Natalya Burdyga,https://fr.wikipedia.org/?curid=7789494,https://fr.wikipedia.org/wiki/Natalya Burdyga,Wikip\u00e9dia:\u00e9bauche sportif ukrainien
L\u00e6rke Gr\u00f8nfeldt,https://fr.wikipedia.org/?curid=7795605,https://fr.wikipedia.org/wiki/L\u00e6rke Gr\u00f8nfeldt,Article \u00e0 illustrer Joueur de volley-ball
Moemi Toi,https://fr.wikipedia.org/?curid=7795696,https://fr.wikipedia.org/wiki/Moemi Toi,Article \u00e0 illustrer Joueur de volley-ball
"Katarzyna Wysocka (volley-ball, 1987)",https://fr.wikipedia.org/?curid=7788556,"https://fr.wikipedia.org/wiki/Katarzyna Wysocka (volley-ball, 1987)",Article utilisant une Infobox
Yukino Nagamatsu,https://fr.wikipedia.org/?curid=7788582,https://fr.wikipedia.org/wiki/Yukino Nagamatsu,Article \u00e0 illustrer Joueur de volley-ball
Beatriz de Borb\u00f3n y Battenberg,https://fr.wikipedia.org/?curid=7787735,https://fr.wikipedia.org/wiki/Beatriz de Borb\u00f3n y Battenberg,Article utilisant une Infobox
Miya Sato,https://fr.wikipedia.org/?curid=7783779,https://fr.wikipedia.org/wiki/Miya Sato,Article utilisant une Infobox
Cheyenne Carron,https://fr.wikipedia.org/?curid=7784199,https://fr.wikipedia.org/wiki/Cheyenne Carron,Article \u00e0 wikifier depuis mai 2022
Tatyana Yurchenko,https://fr.wikipedia.org/?curid=7785455,https://fr.wikipedia.org/wiki/Tatyana Yurchenko,Wikip\u00e9dia:\u00e9bauche athl\u00e8te kazakh
Kristel Marbach,https://fr.wikipedia.org/?curid=7667367,https://fr.wikipedia.org/wiki/Kristel Marbach,Article utilisant une Infobox
Maud Catry,https://fr.wikipedia.org/?curid=7667420,https://fr.wikipedia.org/wiki/Maud Catry,Article utilisant une Infobox
Emma Wik\u00e9n,https://fr.wikipedia.org/?curid=7670937,https://fr.wikipedia.org/wiki/Emma Wik\u00e9n,Wikip\u00e9dia:\u00e9bauche sportif su\u00e9dois
Bada (chanteuse),https://fr.wikipedia.org/?curid=7671201,https://fr.wikipedia.org/wiki/Bada (chanteuse),Article utilisant une Infobox
Josephine Omaka,https://fr.wikipedia.org/?curid=7672101,https://fr.wikipedia.org/wiki/Josephine Omaka,Wikip\u00e9dia:\u00e9bauche athl\u00e8te nig\u00e9rian
Teresa Hales,https://fr.wikipedia.org/?curid=7672224,https://fr.wikipedia.org/wiki/Teresa Hales,Wikip\u00e9dia:\u00e9bauche acteur chilien
Kaija Mustonen,https://fr.wikipedia.org/?curid=7667684,https://fr.wikipedia.org/wiki/Kaija Mustonen,Wikip\u00e9dia:\u00e9bauche patinage de vitesse
Elena Nikitina,https://fr.wikipedia.org/?curid=7668256,https://fr.wikipedia.org/wiki/Elena Nikitina,Wikip\u00e9dia:\u00e9bauche personnalit\u00e9 russe
Bukola Abogunloko,https://fr.wikipedia.org/?curid=7671642,https://fr.wikipedia.org/wiki/Bukola Abogunloko,Wikip\u00e9dia:\u00e9bauche athl\u00e8te nig\u00e9rian
Ilaria Debertolis,https://fr.wikipedia.org/?curid=7780441,https://fr.wikipedia.org/wiki/Ilaria Debertolis,Wikip\u00e9dia:\u00e9bauche ski de fond
Sadie Bjornsen,https://fr.wikipedia.org/?curid=7780882,https://fr.wikipedia.org/wiki/Sadie Bjornsen,Article utilisant une Infobox
Adelina Sotnikova,https://fr.wikipedia.org/?curid=7781739,https://fr.wikipedia.org/wiki/Adelina Sotnikova,Wikip\u00e9dia:\u00e9bauche personnalit\u00e9 russe
Paul Thomas Anderson,https://fr.wikipedia.org/?curid=777981,https://fr.wikipedia.org/wiki/Paul Thomas Anderson,Article utilisant une Infobox
Le Labyrinthe de Pan,https://fr.wikipedia.org/?curid=778002,https://fr.wikipedia.org/wiki/Le Labyrinthe de Pan,Article utilisant une Infobox
Kristina Brandi,https://fr.wikipedia.org/?curid=778144,https://fr.wikipedia.org/wiki/Kristina Brandi,Article \u00e0 illustrer Joueur de tennis
Cl\u00e9mence Grimal,https://fr.wikipedia.org/?curid=7781562,https://fr.wikipedia.org/wiki/Cl\u00e9mence Grimal,Article utilisant une Infobox
Jamie Greubel,https://fr.wikipedia.org/?curid=7779564,https://fr.wikipedia.org/wiki/Jamie Greubel,Wikip\u00e9dia:\u00e9bauche personnalit\u00e9 am\u00e9ricaine
Vania King,https://fr.wikipedia.org/?curid=777978,https://fr.wikipedia.org/wiki/Vania King,Article utilisant une Infobox
Stina Nilsson,https://fr.wikipedia.org/?curid=7778891,https://fr.wikipedia.org/wiki/Stina Nilsson,Article utilisant une Infobox
Eve Muirhead,https://fr.wikipedia.org/?curid=7777768,https://fr.wikipedia.org/wiki/Eve Muirhead,Wikip\u00e9dia:\u00e9bauche personnalit\u00e9 \u00e9cossaise
Laura Granville,https://fr.wikipedia.org/?curid=777814,https://fr.wikipedia.org/wiki/Laura Granville,Article utilisant une Infobox
Bethanie Mattek-Sands,https://fr.wikipedia.org/?curid=777842,https://fr.wikipedia.org/wiki/Bethanie Mattek-Sands,Article utilisant une Infobox
Grete Eliassen,https://fr.wikipedia.org/?curid=7709100,https://fr.wikipedia.org/wiki/Grete Eliassen,Wikip\u00e9dia:\u00e9bauche ski acrobatique
Ajla Tomljanovi\u0107,https://fr.wikipedia.org/?curid=7709861,https://fr.wikipedia.org/wiki/Ajla Tomljanovi\u0107,Article utilisant une Infobox
Miroslava Kuciakov\u00e1,https://fr.wikipedia.org/?curid=7711136,https://fr.wikipedia.org/wiki/Miroslava Kuciakov\u00e1,Article \u00e0 illustrer Joueur de volley-ball
Janine Flock,https://fr.wikipedia.org/?curid=7711178,https://fr.wikipedia.org/wiki/Janine Flock,Wikip\u00e9dia:\u00e9bauche skeleton
Miku Torigoe,https://fr.wikipedia.org/?curid=7711021,https://fr.wikipedia.org/wiki/Miku Torigoe,Article \u00e0 illustrer Joueur de volley-ball
Ann-Christin Quade,https://fr.wikipedia.org/?curid=7711045,https://fr.wikipedia.org/wiki/Ann-Christin Quade,Wikip\u00e9dia:\u00e9bauche volley-ball
Noelia S\u00e1nchez,https://fr.wikipedia.org/?curid=7708137,https://fr.wikipedia.org/wiki/Noelia S\u00e1nchez,Article utilisant une Infobox
Kana Ono,https://fr.wikipedia.org/?curid=7708264,https://fr.wikipedia.org/wiki/Kana Ono,Article \u00e0 illustrer Joueur de volley-ball
Galina Voskoboeva,https://fr.wikipedia.org/?curid=776632,https://fr.wikipedia.org/wiki/Galina Voskoboeva,Article utilisant une Infobox
Justyna Raczy\u0144ska,https://fr.wikipedia.org/?curid=7776603,https://fr.wikipedia.org/wiki/Justyna Raczy\u0144ska,Article utilisant une Infobox
Yumiko Mochimaru,https://fr.wikipedia.org/?curid=7776635,https://fr.wikipedia.org/wiki/Yumiko Mochimaru,Article \u00e0 illustrer Joueur de volley-ball
C\u00e9lia Aymonier,https://fr.wikipedia.org/?curid=7773560,https://fr.wikipedia.org/wiki/C\u00e9lia Aymonier,Article utilisant une Infobox
Coraline Hugue,https://fr.wikipedia.org/?curid=7773607,https://fr.wikipedia.org/wiki/Coraline Hugue,Article utilisant une Infobox
Mariya Guschina,https://fr.wikipedia.org/?curid=7772577,https://fr.wikipedia.org/wiki/Mariya Guschina,Wikip\u00e9dia:\u00e9bauche ski de fond
Laura Peel,https://fr.wikipedia.org/?curid=7772719,https://fr.wikipedia.org/wiki/Laura Peel,Wikip\u00e9dia:\u00e9bauche ski acrobatique
Ksenia Stolbova,https://fr.wikipedia.org/?curid=7770576,https://fr.wikipedia.org/wiki/Ksenia Stolbova,Wikip\u00e9dia:\u00e9bauche personnalit\u00e9 russe
Susan Dunklee,https://fr.wikipedia.org/?curid=7769689,https://fr.wikipedia.org/wiki/Susan Dunklee,Article utilisant une Infobox
Volver,https://fr.wikipedia.org/?curid=776797,https://fr.wikipedia.org/wiki/Volver,Article utilisant une Infobox
Zhang Hong (patinage de vitesse),https://fr.wikipedia.org/?curid=7768810,https://fr.wikipedia.org/wiki/Zhang Hong (patinage de vitesse),Wikip\u00e9dia:\u00e9bauche patinage de vitesse
Hilde-Katrine Engeli,https://fr.wikipedia.org/?curid=7769024,https://fr.wikipedia.org/wiki/Hilde-Katrine Engeli,Wikip\u00e9dia:\u00e9bauche snowboard
Charlotte Bankes,https://fr.wikipedia.org/?curid=7771103,https://fr.wikipedia.org/wiki/Charlotte Bankes,Wikip\u00e9dia:\u00e9bauche snowboard
Eva Adamczykov\u00e1,https://fr.wikipedia.org/?curid=7771423,https://fr.wikipedia.org/wiki/Eva Adamczykov\u00e1,Wikip\u00e9dia:\u00e9bauche personnalit\u00e9 tch\u00e8que
Roger Federer,https://fr.wikipedia.org/?curid=77534,https://fr.wikipedia.org/wiki/Roger Federer,Article contenant un lien mort
Nicole Gontier,https://fr.wikipedia.org/?curid=7748756,https://fr.wikipedia.org/wiki/Nicole Gontier,Article contenant un lien mort
A Special Night with Demi Lovato,https://fr.wikipedia.org/?curid=7762695,https://fr.wikipedia.org/wiki/A Special Night with Demi Lovato,Article contenant un lien mort
Demi Lovato: Live in Concert,https://fr.wikipedia.org/?curid=7762889,https://fr.wikipedia.org/wiki/Demi Lovato: Live in Concert,Article utilisant une Infobox
Tiwa Savage,https://fr.wikipedia.org/?curid=7765518,https://fr.wikipedia.org/wiki/Tiwa Savage,Article utilisant une Infobox
Julia Vakulenko,https://fr.wikipedia.org/?curid=776562,https://fr.wikipedia.org/wiki/Julia Vakulenko,Article utilisant une Infobox
Eliza Outtrim,https://fr.wikipedia.org/?curid=7765724,https://fr.wikipedia.org/wiki/Eliza Outtrim,Wikip\u00e9dia:\u00e9bauche ski acrobatique
Li Jianrou,https://fr.wikipedia.org/?curid=7765915,https://fr.wikipedia.org/wiki/Li Jianrou,Wikip\u00e9dia:\u00e9bauche personnalit\u00e9 chinoise
Emmanuelle Gagliardi,https://fr.wikipedia.org/?curid=776595,https://fr.wikipedia.org/wiki/Emmanuelle Gagliardi,Article utilisant une Infobox
Liste des imp\u00e9ratrices du Saint-Empire,https://fr.wikipedia.org/?curid=7762065,https://fr.wikipedia.org/wiki/Liste des imp\u00e9ratrices du Saint-Empire,Article utilisant une Infobox
Hanna Kolb,https://fr.wikipedia.org/?curid=7763303,https://fr.wikipedia.org/wiki/Hanna Kolb,Wikip\u00e9dia:\u00e9bauche ski de fond
Nadine Hildebrand,https://fr.wikipedia.org/?curid=7763482,https://fr.wikipedia.org/wiki/Nadine Hildebrand,Wikip\u00e9dia:\u00e9bauche athl\u00e8te allemand
Kaitlyn Farrington,https://fr.wikipedia.org/?curid=7763509,https://fr.wikipedia.org/wiki/Kaitlyn Farrington,Article contenant un lien mort
Demi Live! Warm Up Tour,https://fr.wikipedia.org/?curid=7764777,https://fr.wikipedia.org/wiki/Demi Live! Warm Up Tour,Article utilisant une Infobox
