Name,URL1,URL2,First Category
Kimberly Dos Ramos,https://fr.wikipedia.org/?curid=8475180,https://fr.wikipedia.org/wiki/Kimberly Dos Ramos,Article contenant un lien mort
Pauline Cousin,https://fr.wikipedia.org/?curid=8479460,https://fr.wikipedia.org/wiki/Pauline Cousin,Article \u00e0 illustrer Footballeur
Er\u00e9ndira Ibarra,https://fr.wikipedia.org/?curid=9198653,https://fr.wikipedia.org/wiki/Er\u00e9ndira Ibarra,Article utilisant une Infobox
Gillian Sanders,https://fr.wikipedia.org/?curid=9201074,https://fr.wikipedia.org/wiki/Gillian Sanders,Article utilisant une Infobox
Song Zuying,https://fr.wikipedia.org/?curid=9200278,https://fr.wikipedia.org/wiki/Song Zuying,Article utilisant une Infobox
Machettira Raju Poovamma,https://fr.wikipedia.org/?curid=9193220,https://fr.wikipedia.org/wiki/Machettira Raju Poovamma,Wikip\u00e9dia:\u00e9bauche athl\u00e8te indien
Lu Minjia,https://fr.wikipedia.org/?curid=9193468,https://fr.wikipedia.org/wiki/Lu Minjia,Wikip\u00e9dia:\u00e9bauche athl\u00e8te chinois
Angela Rayner,https://fr.wikipedia.org/?curid=9191889,https://fr.wikipedia.org/wiki/Angela Rayner,Article utilisant une Infobox
Kendra Harrison,https://fr.wikipedia.org/?curid=9213691,https://fr.wikipedia.org/wiki/Kendra Harrison,Article utilisant une Infobox
Shanice Marcelle,https://fr.wikipedia.org/?curid=9213009,https://fr.wikipedia.org/wiki/Shanice Marcelle,Article \u00e0 illustrer Joueur de volley-ball
Loredana Dinu,https://fr.wikipedia.org/?curid=9213333,https://fr.wikipedia.org/wiki/Loredana Dinu,Article utilisant une Infobox
Amy Mback\u00e9 Thiam,https://fr.wikipedia.org/?curid=921703,https://fr.wikipedia.org/wiki/Amy Mback\u00e9 Thiam,Article utilisant une Infobox
Huguette Bello,https://fr.wikipedia.org/?curid=9161,https://fr.wikipedia.org/wiki/Huguette Bello,Article utilisant une Infobox
Natoo,https://fr.wikipedia.org/?curid=9186162,https://fr.wikipedia.org/wiki/Natoo,Page dont la protection est \u00e0 v\u00e9rifier
Manikala Rai,https://fr.wikipedia.org/?curid=9189883,https://fr.wikipedia.org/wiki/Manikala Rai,Article utilisant une Infobox
Mari Rabie,https://fr.wikipedia.org/?curid=9203985,https://fr.wikipedia.org/wiki/Mari Rabie,Wikip\u00e9dia:\u00e9bauche triathlon
Micha Hancock,https://fr.wikipedia.org/?curid=9206313,https://fr.wikipedia.org/wiki/Micha Hancock,Wikip\u00e9dia:\u00e9bauche joueuse am\u00e9ricaine de volley-ball
N\u00faria Picas,https://fr.wikipedia.org/?curid=9202645,https://fr.wikipedia.org/wiki/N\u00faria Picas,Wikip\u00e9dia:\u00e9bauche ultra-trail
Danielle Gu\u00e9neau,https://fr.wikipedia.org/?curid=9153153,https://fr.wikipedia.org/wiki/Danielle Gu\u00e9neau,Wikip\u00e9dia:\u00e9bauche athl\u00e8te fran\u00e7ais
V\u00e9ronique Grandrieux,https://fr.wikipedia.org/?curid=9153272,https://fr.wikipedia.org/wiki/V\u00e9ronique Grandrieux,Article \u00e0 illustrer Athl\u00e8te
Karen Mok,https://fr.wikipedia.org/?curid=916896,https://fr.wikipedia.org/wiki/Karen Mok,Page utilisant P569
Mariya Filipova,https://fr.wikipedia.org/?curid=9168138,https://fr.wikipedia.org/wiki/Mariya Filipova,Article utilisant une Infobox
Emily Nishikawa,https://fr.wikipedia.org/?curid=9172198,https://fr.wikipedia.org/wiki/Emily Nishikawa,Article utilisant une Infobox
Olessia Nikola\u00efeva,https://fr.wikipedia.org/?curid=9173509,https://fr.wikipedia.org/wiki/Olessia Nikola\u00efeva,Article \u00e0 illustrer Joueur de volley-ball
Elisabeth Egnell,https://fr.wikipedia.org/?curid=9174981,https://fr.wikipedia.org/wiki/Elisabeth Egnell,Article utilisant une Infobox
Trine Hattestad,https://fr.wikipedia.org/?curid=920838,https://fr.wikipedia.org/wiki/Trine Hattestad,Wikip\u00e9dia:\u00e9bauche athl\u00e8te norv\u00e9gien
Ewelina Tobiasz,https://fr.wikipedia.org/?curid=9208568,https://fr.wikipedia.org/wiki/Ewelina Tobiasz,Article utilisant une Infobox
Laura Siegemund,https://fr.wikipedia.org/?curid=9211477,https://fr.wikipedia.org/wiki/Laura Siegemund,Article utilisant une Infobox
Liste des m\u00e9daill\u00e9es olympiques en natation synchronis\u00e9e,https://fr.wikipedia.org/?curid=9211067,https://fr.wikipedia.org/wiki/Liste des m\u00e9daill\u00e9es olympiques en natation synchronis\u00e9e,Portail:Jeux olympiques/Articles li\u00e9s
Reinaldo Colucci,https://fr.wikipedia.org/?curid=9182212,https://fr.wikipedia.org/wiki/Reinaldo Colucci,Wikip\u00e9dia:\u00e9bauche triathl\u00e8te
Robeilys Peinado,https://fr.wikipedia.org/?curid=9181027,https://fr.wikipedia.org/wiki/Robeilys Peinado,Article utilisant une Infobox
Anik Jean,https://fr.wikipedia.org/?curid=918103,https://fr.wikipedia.org/wiki/Anik Jean,Wikip\u00e9dia:Autobiographie
Amanda Miller,https://fr.wikipedia.org/?curid=9181137,https://fr.wikipedia.org/wiki/Amanda Miller,Page utilisant P569
Roger Roca Dalmau,https://fr.wikipedia.org/?curid=9154821,https://fr.wikipedia.org/wiki/Roger Roca Dalmau,Wikip\u00e9dia:\u00e9bauche triathl\u00e8te
August Ames,https://fr.wikipedia.org/?curid=9149795,https://fr.wikipedia.org/wiki/August Ames,Article utilisant une Infobox
Nelly Tchayem,https://fr.wikipedia.org/?curid=9149880,https://fr.wikipedia.org/wiki/Nelly Tchayem,Wikip\u00e9dia:\u00e9bauche athl\u00e8te fran\u00e7ais
Diana Krall,https://fr.wikipedia.org/?curid=91505,https://fr.wikipedia.org/wiki/Diana Krall,Article utilisant une Infobox
Aleksandra Stepanova,https://fr.wikipedia.org/?curid=8730909,https://fr.wikipedia.org/wiki/Aleksandra Stepanova,Wikip\u00e9dia:\u00e9bauche personnalit\u00e9 russe
Marlene Weing\u00e4rtner,https://fr.wikipedia.org/?curid=873544,https://fr.wikipedia.org/wiki/Marlene Weing\u00e4rtner,Article \u00e0 illustrer Joueur de tennis
C\u00e9cile De Wilde,https://fr.wikipedia.org/?curid=8737992,https://fr.wikipedia.org/wiki/C\u00e9cile De Wilde,Article \u00e0 illustrer Joueur de volley-ball
Michael Raelert,https://fr.wikipedia.org/?curid=8749991,https://fr.wikipedia.org/wiki/Michael Raelert,Article utilisant une Infobox
Serenay Sar\u0131kaya,https://fr.wikipedia.org/?curid=8754031,https://fr.wikipedia.org/wiki/Serenay Sar\u0131kaya,Article contenant un lien mort
Sara Studebaker,https://fr.wikipedia.org/?curid=8739497,https://fr.wikipedia.org/wiki/Sara Studebaker,Wikip\u00e9dia:\u00e9bauche biathlon
Sofia Tikhonova,https://fr.wikipedia.org/?curid=8744231,https://fr.wikipedia.org/wiki/Sofia Tikhonova,Wikip\u00e9dia:\u00e9bauche saut \u00e0 ski
Anna Smashnova,https://fr.wikipedia.org/?curid=874424,https://fr.wikipedia.org/wiki/Anna Smashnova,Article utilisant une Infobox
Natalie Portman,https://fr.wikipedia.org/?curid=87443,https://fr.wikipedia.org/wiki/Natalie Portman,Article contenant un appel \u00e0 traduction en portugais
Tatiana Panova,https://fr.wikipedia.org/?curid=874455,https://fr.wikipedia.org/wiki/Tatiana Panova,Article \u00e0 illustrer Joueur de tennis
Magdalena Damaske,https://fr.wikipedia.org/?curid=8745837,https://fr.wikipedia.org/wiki/Magdalena Damaske,Article utilisant une Infobox
Mia Isabella,https://fr.wikipedia.org/?curid=8747112,https://fr.wikipedia.org/wiki/Mia Isabella,Page utilisant P569
Cara Black,https://fr.wikipedia.org/?curid=876572,https://fr.wikipedia.org/wiki/Cara Black,Article utilisant une Infobox
Gong Zhichao,https://fr.wikipedia.org/?curid=8767825,https://fr.wikipedia.org/wiki/Gong Zhichao,Article \u00e0 illustrer Joueur de badminton
Joshi Helgesson,https://fr.wikipedia.org/?curid=8768110,https://fr.wikipedia.org/wiki/Joshi Helgesson,Page utilisant P569
Fran\u00e7oise Abanda,https://fr.wikipedia.org/?curid=8764148,https://fr.wikipedia.org/wiki/Fran\u00e7oise Abanda,Article utilisant une Infobox
Eva Birnerov\u00e1,https://fr.wikipedia.org/?curid=876530,https://fr.wikipedia.org/wiki/Eva Birnerov\u00e1,Article utilisant une Infobox
Elena K\u00f6nz,https://fr.wikipedia.org/?curid=8726066,https://fr.wikipedia.org/wiki/Elena K\u00f6nz,Wikip\u00e9dia:\u00e9bauche snowboard
Peter Reid (triathlon),https://fr.wikipedia.org/?curid=8726270,https://fr.wikipedia.org/wiki/Peter Reid (triathlon),Article \u00e0 illustrer Sportif
Zara Larsson,https://fr.wikipedia.org/?curid=8735270,https://fr.wikipedia.org/wiki/Zara Larsson,Article utilisant une Infobox
Zde\u0148ka V\u00e1vrov\u00e1,https://fr.wikipedia.org/?curid=873538,https://fr.wikipedia.org/wiki/Zde\u0148ka V\u00e1vrov\u00e1,Wikip\u00e9dia:\u00e9bauche astronome
Martina M\u00fcller (tennis),https://fr.wikipedia.org/?curid=873461,https://fr.wikipedia.org/wiki/Martina M\u00fcller (tennis),Article utilisant une Infobox
Arantxa Parra Santonja,https://fr.wikipedia.org/?curid=873470,https://fr.wikipedia.org/wiki/Arantxa Parra Santonja,Article utilisant une Infobox
Fleur Maxwell,https://fr.wikipedia.org/?curid=8729843,https://fr.wikipedia.org/wiki/Fleur Maxwell,Article utilisant une Infobox
Coline Varcin,https://fr.wikipedia.org/?curid=8754889,https://fr.wikipedia.org/wiki/Coline Varcin,Article utilisant une Infobox
Lori Bowden,https://fr.wikipedia.org/?curid=8755353,https://fr.wikipedia.org/wiki/Lori Bowden,Article \u00e0 illustrer Sportif
Nita Englund,https://fr.wikipedia.org/?curid=8755911,https://fr.wikipedia.org/wiki/Nita Englund,Article utilisant une Infobox
Elisabeth Maier,https://fr.wikipedia.org/?curid=8754284,https://fr.wikipedia.org/wiki/Elisabeth Maier,Wikip\u00e9dia:\u00e9bauche skeleton
Terenzo Bozzone,https://fr.wikipedia.org/?curid=8769378,https://fr.wikipedia.org/wiki/Terenzo Bozzone,Article utilisant une Infobox
Liste des m\u00e9daill\u00e9s aux Jeux olympiques d'\u00e9t\u00e9 de 1924,https://fr.wikipedia.org/?curid=8741620,https://fr.wikipedia.org/wiki/Liste des m\u00e9daill\u00e9s aux Jeux olympiques d'\u00e9t\u00e9 de 1924,Page utilisant une pr\u00e9sentation en colonnes avec un nombre fixe de colonnes
Melissa Hauschildt,https://fr.wikipedia.org/?curid=8779624,https://fr.wikipedia.org/wiki/Melissa Hauschildt,Article utilisant une Infobox
Sandra Levenez,https://fr.wikipedia.org/?curid=9054141,https://fr.wikipedia.org/wiki/Sandra Levenez,Article utilisant une Infobox
Jane McDonald,https://fr.wikipedia.org/?curid=9033032,https://fr.wikipedia.org/wiki/Jane McDonald,Article manquant de r\u00e9f\u00e9rences depuis ao\u00fbt 2017
Mar\u00eda Bel\u00e9n P\u00e9rez Maurice,https://fr.wikipedia.org/?curid=9027536,https://fr.wikipedia.org/wiki/Mar\u00eda Bel\u00e9n P\u00e9rez Maurice,Article utilisant une Infobox
Maguy Nestoret,https://fr.wikipedia.org/?curid=9087062,https://fr.wikipedia.org/wiki/Maguy Nestoret,Article \u00e0 illustrer Athl\u00e8te
Sarah Springman,https://fr.wikipedia.org/?curid=9087130,https://fr.wikipedia.org/wiki/Sarah Springman,Page utilisant P569
Yang Fang,https://fr.wikipedia.org/?curid=9087363,https://fr.wikipedia.org/wiki/Yang Fang,Article utilisant une Infobox
Katerina Maleeva,https://fr.wikipedia.org/?curid=908908,https://fr.wikipedia.org/wiki/Katerina Maleeva,Article \u00e0 illustrer Joueur de tennis
Kathy Rinaldi,https://fr.wikipedia.org/?curid=908926,https://fr.wikipedia.org/wiki/Kathy Rinaldi,Article utilisant une Infobox
Judith Wiesner,https://fr.wikipedia.org/?curid=908951,https://fr.wikipedia.org/wiki/Judith Wiesner,Article \u00e0 illustrer Joueur de tennis
Christy Udoh,https://fr.wikipedia.org/?curid=9088947,https://fr.wikipedia.org/wiki/Christy Udoh,Wikip\u00e9dia:\u00e9bauche athl\u00e8te nig\u00e9rian
Ralf Eggert,https://fr.wikipedia.org/?curid=9073265,https://fr.wikipedia.org/wiki/Ralf Eggert,Article \u00e0 illustrer Sportif
Iroda Tulyaganova,https://fr.wikipedia.org/?curid=906442,https://fr.wikipedia.org/wiki/Iroda Tulyaganova,Article utilisant une Infobox
Myriam Casanova,https://fr.wikipedia.org/?curid=906468,https://fr.wikipedia.org/wiki/Myriam Casanova,Article \u00e0 illustrer Joueur de tennis
Fabiola Zuluaga,https://fr.wikipedia.org/?curid=907374,https://fr.wikipedia.org/wiki/Fabiola Zuluaga,Article utilisant une Infobox
Marie-Gaianeh Mikaelian,https://fr.wikipedia.org/?curid=907400,https://fr.wikipedia.org/wiki/Marie-Gaianeh Mikaelian,Article \u00e0 illustrer Joueur de tennis
Jessa Rhodes,https://fr.wikipedia.org/?curid=9068655,https://fr.wikipedia.org/wiki/Jessa Rhodes,Page utilisant P569
Kang Ye-won,https://fr.wikipedia.org/?curid=9068944,https://fr.wikipedia.org/wiki/Kang Ye-won,Article manquant de r\u00e9f\u00e9rences depuis juillet 2021
Mich\u00e8le Lurot,https://fr.wikipedia.org/?curid=9069029,https://fr.wikipedia.org/wiki/Mich\u00e8le Lurot,Article \u00e0 illustrer Athl\u00e8te
Olivier Bernhard,https://fr.wikipedia.org/?curid=9069075,https://fr.wikipedia.org/wiki/Olivier Bernhard,Article \u00e0 illustrer Sportif
Seo Young-hee,https://fr.wikipedia.org/?curid=9069379,https://fr.wikipedia.org/wiki/Seo Young-hee,Wikip\u00e9dia:\u00e9bauche acteur sud-cor\u00e9en
Jenny Gal,https://fr.wikipedia.org/?curid=9084974,https://fr.wikipedia.org/wiki/Jenny Gal,Wikip\u00e9dia:\u00e9bauche judo
Mariana D\u00edaz-Oliva,https://fr.wikipedia.org/?curid=907514,https://fr.wikipedia.org/wiki/Mariana D\u00edaz-Oliva,Article utilisant une Infobox
Rita Grande,https://fr.wikipedia.org/?curid=907544,https://fr.wikipedia.org/wiki/Rita Grande,Article utilisant une Infobox
George Pau-Langevin,https://fr.wikipedia.org/?curid=907975,https://fr.wikipedia.org/wiki/George Pau-Langevin,Article utilisant une Infobox
Irene van den Broek,https://fr.wikipedia.org/?curid=9084107,https://fr.wikipedia.org/wiki/Irene van den Broek,Page utilisant P569
Seinabo Sey,https://fr.wikipedia.org/?curid=9084242,https://fr.wikipedia.org/wiki/Seinabo Sey,Article utilisant une Infobox
Jenna Prandini,https://fr.wikipedia.org/?curid=9084261,https://fr.wikipedia.org/wiki/Jenna Prandini,Wikip\u00e9dia:\u00e9bauche athl\u00e8te am\u00e9ricain
Sarah Coope,https://fr.wikipedia.org/?curid=9044560,https://fr.wikipedia.org/wiki/Sarah Coope,Article \u00e0 illustrer Sportif
Paula Cristina Gon\u00e7alves,https://fr.wikipedia.org/?curid=9046709,https://fr.wikipedia.org/wiki/Paula Cristina Gon\u00e7alves,Article utilisant une Infobox
Rachel Notley,https://fr.wikipedia.org/?curid=9047108,https://fr.wikipedia.org/wiki/Rachel Notley,Article utilisant une Infobox
Teliana Pereira,https://fr.wikipedia.org/?curid=9046012,https://fr.wikipedia.org/wiki/Teliana Pereira,Article utilisant une Infobox
Andreea Mitu,https://fr.wikipedia.org/?curid=9047689,https://fr.wikipedia.org/wiki/Andreea Mitu,Article utilisant une Infobox
Sof\u00eda Ifad\u00eddou,https://fr.wikipedia.org/?curid=9033951,https://fr.wikipedia.org/wiki/Sof\u00eda Ifad\u00eddou,Wikip\u00e9dia:\u00e9bauche athl\u00e8te grec
Gabriela Tra\u00f1a,https://fr.wikipedia.org/?curid=9038329,https://fr.wikipedia.org/wiki/Gabriela Tra\u00f1a,Wikip\u00e9dia:\u00e9bauche athl\u00e8te costaricien
Lourdes Dom\u00ednguez Lino,https://fr.wikipedia.org/?curid=904147,https://fr.wikipedia.org/wiki/Lourdes Dom\u00ednguez Lino,Article utilisant une Infobox
J\u00fcrgen Z\u00e4ck,https://fr.wikipedia.org/?curid=9062144,https://fr.wikipedia.org/wiki/J\u00fcrgen Z\u00e4ck,Article utilisant une Infobox
Lothar Leder,https://fr.wikipedia.org/?curid=9062355,https://fr.wikipedia.org/wiki/Lothar Leder,Article utilisant une Infobox
Nicole Leder,https://fr.wikipedia.org/?curid=9062540,https://fr.wikipedia.org/wiki/Nicole Leder,Article utilisant une Infobox
Jasmin Stowers,https://fr.wikipedia.org/?curid=9066880,https://fr.wikipedia.org/wiki/Jasmin Stowers,Wikip\u00e9dia:\u00e9bauche athl\u00e8te am\u00e9ricain
Julia Apostoli,https://fr.wikipedia.org/?curid=9057640,https://fr.wikipedia.org/wiki/Julia Apostoli,Article \u00e0 illustrer Joueur de tennis
V\u00e9ronique Marot,https://fr.wikipedia.org/?curid=9065079,https://fr.wikipedia.org/wiki/V\u00e9ronique Marot,Wikip\u00e9dia:\u00e9bauche athl\u00e8te britannique
Federica Sanfilippo,https://fr.wikipedia.org/?curid=8863242,https://fr.wikipedia.org/wiki/Federica Sanfilippo,Wikip\u00e9dia:\u00e9bauche biathlon
Coralie Frasse Sombet,https://fr.wikipedia.org/?curid=8863271,https://fr.wikipedia.org/wiki/Coralie Frasse Sombet,Article utilisant une Infobox
Torbj\u00f8rn Sindballe,https://fr.wikipedia.org/?curid=8861148,https://fr.wikipedia.org/wiki/Torbj\u00f8rn Sindballe,Wikip\u00e9dia:\u00e9bauche triathlon
Katherine McNamara,https://fr.wikipedia.org/?curid=8862603,https://fr.wikipedia.org/wiki/Katherine McNamara,Article utilisant une Infobox
Jordan Rapp,https://fr.wikipedia.org/?curid=8858220,https://fr.wikipedia.org/wiki/Jordan Rapp,Article utilisant une Infobox
Gordon Haller,https://fr.wikipedia.org/?curid=8816033,https://fr.wikipedia.org/wiki/Gordon Haller,Article utilisant une Infobox
Wang Yafan,https://fr.wikipedia.org/?curid=8832333,https://fr.wikipedia.org/wiki/Wang Yafan,Article utilisant une Infobox
Tim DeBoom,https://fr.wikipedia.org/?curid=8829337,https://fr.wikipedia.org/wiki/Tim DeBoom,Wikip\u00e9dia:\u00e9bauche triathl\u00e8te
Miles Stewart,https://fr.wikipedia.org/?curid=8831460,https://fr.wikipedia.org/wiki/Miles Stewart,Article \u00e0 illustrer Sportif
Chelsea Gray,https://fr.wikipedia.org/?curid=8818529,https://fr.wikipedia.org/wiki/Chelsea Gray,Article utilisant une Infobox
Alina Rotaru,https://fr.wikipedia.org/?curid=8827598,https://fr.wikipedia.org/wiki/Alina Rotaru,Wikip\u00e9dia:\u00e9bauche athl\u00e8te roumain
Soraya Telles,https://fr.wikipedia.org/?curid=8827722,https://fr.wikipedia.org/wiki/Soraya Telles,Wikip\u00e9dia:\u00e9bauche athl\u00e8te br\u00e9silien
Serita Solomon,https://fr.wikipedia.org/?curid=8827965,https://fr.wikipedia.org/wiki/Serita Solomon,Wikip\u00e9dia:\u00e9bauche athl\u00e8te britannique
Haley Paige,https://fr.wikipedia.org/?curid=882378,https://fr.wikipedia.org/wiki/Haley Paige,Article utilisant une Infobox
Jodie Stimpson,https://fr.wikipedia.org/?curid=8823888,https://fr.wikipedia.org/wiki/Jodie Stimpson,Article utilisant une Infobox
Han Chae-young,https://fr.wikipedia.org/?curid=8828477,https://fr.wikipedia.org/wiki/Han Chae-young,Wikip\u00e9dia:\u00e9bauche acteur sud-cor\u00e9en
Rainer M\u00fcller-H\u00f6rner,https://fr.wikipedia.org/?curid=8828971,https://fr.wikipedia.org/wiki/Rainer M\u00fcller-H\u00f6rner,Wikip\u00e9dia:\u00e9bauche triathlon
Anna Knauer,https://fr.wikipedia.org/?curid=8829191,https://fr.wikipedia.org/wiki/Anna Knauer,Page utilisant P569
Mar\u00eda \u00c9lena Kyri\u00e1kou,https://fr.wikipedia.org/?curid=8824789,https://fr.wikipedia.org/wiki/Mar\u00eda \u00c9lena Kyri\u00e1kou,Article utilisant une Infobox
Jamie-Lynn Sigler,https://fr.wikipedia.org/?curid=885118,https://fr.wikipedia.org/wiki/Jamie-Lynn Sigler,Wikip\u00e9dia:\u00e9bauche acteur am\u00e9ricain
Ines Estedt,https://fr.wikipedia.org/?curid=8853164,https://fr.wikipedia.org/wiki/Ines Estedt,Wikip\u00e9dia:\u00e9bauche triathl\u00e8te
Rachel Klamer,https://fr.wikipedia.org/?curid=8849897,https://fr.wikipedia.org/wiki/Rachel Klamer,Article utilisant une Infobox
Tim Don,https://fr.wikipedia.org/?curid=8789527,https://fr.wikipedia.org/wiki/Tim Don,Article utilisant une Infobox
Siri Lindley,https://fr.wikipedia.org/?curid=8795196,https://fr.wikipedia.org/wiki/Siri Lindley,Article \u00e0 illustrer Sportif
Birhane Dibaba,https://fr.wikipedia.org/?curid=8793555,https://fr.wikipedia.org/wiki/Birhane Dibaba,Wikip\u00e9dia:\u00e9bauche athl\u00e8te \u00e9thiopien
Peter Robertson (triathlon),https://fr.wikipedia.org/?curid=8794339,https://fr.wikipedia.org/wiki/Peter Robertson (triathlon),Article utilisant une Infobox
L'Enfant aux trois yeux,https://fr.wikipedia.org/?curid=880103,https://fr.wikipedia.org/wiki/L'Enfant aux trois yeux,Wikip\u00e9dia:\u00e9bauche manga
Tirs (Niki de Saint Phalle),https://fr.wikipedia.org/?curid=8799755,https://fr.wikipedia.org/wiki/Tirs (Niki de Saint Phalle),Page utilisant P135
Nathalie von Siebenthal,https://fr.wikipedia.org/?curid=8795078,https://fr.wikipedia.org/wiki/Nathalie von Siebenthal,Article utilisant une Infobox
Jodie Swallow,https://fr.wikipedia.org/?curid=8808329,https://fr.wikipedia.org/wiki/Jodie Swallow,Article utilisant une Infobox
Samantha McGlone,https://fr.wikipedia.org/?curid=8808426,https://fr.wikipedia.org/wiki/Samantha McGlone,Article utilisant une Infobox
Joanna Zeiger,https://fr.wikipedia.org/?curid=8811287,https://fr.wikipedia.org/wiki/Joanna Zeiger,Article utilisant une Infobox
Christabel Nettey,https://fr.wikipedia.org/?curid=8807002,https://fr.wikipedia.org/wiki/Christabel Nettey,Wikip\u00e9dia:\u00e9bauche athl\u00e8te canadien
R\u00e9ka Forika,https://fr.wikipedia.org/?curid=8807036,https://fr.wikipedia.org/wiki/R\u00e9ka Forika,Article \u00e0 illustrer Sportif
Samantha Warriner,https://fr.wikipedia.org/?curid=8807127,https://fr.wikipedia.org/wiki/Samantha Warriner,Article utilisant une Infobox
Manatsu Akimoto,https://fr.wikipedia.org/?curid=8804695,https://fr.wikipedia.org/wiki/Manatsu Akimoto,Article utilisant une Infobox
Andy Potts,https://fr.wikipedia.org/?curid=8805287,https://fr.wikipedia.org/wiki/Andy Potts,Article utilisant une Infobox
Fran\u00e7oise Berd,https://fr.wikipedia.org/?curid=880227,https://fr.wikipedia.org/wiki/Fran\u00e7oise Berd,Wikip\u00e9dia:\u00e9bauche acteur qu\u00e9b\u00e9cois
Avenir (chanson),https://fr.wikipedia.org/?curid=8811780,https://fr.wikipedia.org/wiki/Avenir (chanson),Wikip\u00e9dia:\u00e9bauche single
Anne Haug,https://fr.wikipedia.org/?curid=8814972,https://fr.wikipedia.org/wiki/Anne Haug,Article utilisant une Infobox
Jeanine Assani-Issouf,https://fr.wikipedia.org/?curid=8788321,https://fr.wikipedia.org/wiki/Jeanine Assani-Issouf,Wikip\u00e9dia:\u00e9bauche athl\u00e8te fran\u00e7ais
Julie Leach,https://fr.wikipedia.org/?curid=8788566,https://fr.wikipedia.org/wiki/Julie Leach,Article \u00e0 illustrer Sportif
\u00c9tienne Diemunsch,https://fr.wikipedia.org/?curid=8789121,https://fr.wikipedia.org/wiki/\u00c9tienne Diemunsch,Article utilisant une Infobox
Silke Bachmann,https://fr.wikipedia.org/?curid=8660851,https://fr.wikipedia.org/wiki/Silke Bachmann,Article \u00e0 illustrer Sportif
Loretta Lynn,https://fr.wikipedia.org/?curid=869835,https://fr.wikipedia.org/wiki/Loretta Lynn,Article utilisant une Infobox
Lioudmila Karatchkina,https://fr.wikipedia.org/?curid=870044,https://fr.wikipedia.org/wiki/Lioudmila Karatchkina,Page utilisant P569
Shirene Human,https://fr.wikipedia.org/?curid=8700462,https://fr.wikipedia.org/wiki/Shirene Human,Page utilisant P569
S\u00e9verine Beltrame,https://fr.wikipedia.org/?curid=894578,https://fr.wikipedia.org/wiki/S\u00e9verine Beltrame,Article utilisant une Infobox
Peter Sandvang,https://fr.wikipedia.org/?curid=8959268,https://fr.wikipedia.org/wiki/Peter Sandvang,Wikip\u00e9dia:\u00e9bauche triathl\u00e8te
Marine Le Pen,https://fr.wikipedia.org/?curid=86757,https://fr.wikipedia.org/wiki/Marine Le Pen,Article contenant un lien mort
Rennae Stubbs,https://fr.wikipedia.org/?curid=876690,https://fr.wikipedia.org/wiki/Rennae Stubbs,Article utilisant une Infobox
Candace Crawford,https://fr.wikipedia.org/?curid=8838059,https://fr.wikipedia.org/wiki/Candace Crawford,Wikip\u00e9dia:\u00e9bauche ski alpin
M\u00e9line G\u00e9rard,https://fr.wikipedia.org/?curid=8842660,https://fr.wikipedia.org/wiki/M\u00e9line G\u00e9rard,Article utilisant une Infobox
Joanne Ernst,https://fr.wikipedia.org/?curid=8840190,https://fr.wikipedia.org/wiki/Joanne Ernst,Article \u00e0 illustrer Sportif
Jennifer Robinson,https://fr.wikipedia.org/?curid=884056,https://fr.wikipedia.org/wiki/Jennifer Robinson,Wikip\u00e9dia:\u00e9bauche patinage artistique
Joanna Linkiewicz,https://fr.wikipedia.org/?curid=8842452,https://fr.wikipedia.org/wiki/Joanna Linkiewicz,Wikip\u00e9dia:\u00e9bauche athl\u00e8te polonais
Katharina D\u00fcrr,https://fr.wikipedia.org/?curid=8845939,https://fr.wikipedia.org/wiki/Katharina D\u00fcrr,Wikip\u00e9dia:\u00e9bauche ski alpin
Nanase Nishino,https://fr.wikipedia.org/?curid=8846031,https://fr.wikipedia.org/wiki/Nanase Nishino,Article utilisant une Infobox
Himeka Nakamoto,https://fr.wikipedia.org/?curid=8844512,https://fr.wikipedia.org/wiki/Himeka Nakamoto,Article utilisant une Infobox
Mitsou G\u00e9linas,https://fr.wikipedia.org/?curid=8848902,https://fr.wikipedia.org/wiki/Mitsou G\u00e9linas,Article utilisant une Infobox
Catriona Morrison,https://fr.wikipedia.org/?curid=8843614,https://fr.wikipedia.org/wiki/Catriona Morrison,Article \u00e0 illustrer Sportif
Bertha S\u00e1nchez,https://fr.wikipedia.org/?curid=8848098,https://fr.wikipedia.org/wiki/Bertha S\u00e1nchez,Wikip\u00e9dia:\u00e9bauche athl\u00e8te colombien
Annelise Coberger,https://fr.wikipedia.org/?curid=892603,https://fr.wikipedia.org/wiki/Annelise Coberger,Wikip\u00e9dia:\u00e9bauche personnalit\u00e9 n\u00e9o-z\u00e9landaise
Agnieszka Radwa\u0144ska,https://fr.wikipedia.org/?curid=879844,https://fr.wikipedia.org/wiki/Agnieszka Radwa\u0144ska,Article utilisant une Infobox
Mar\u00eda Vento-Kabchi,https://fr.wikipedia.org/?curid=879893,https://fr.wikipedia.org/wiki/Mar\u00eda Vento-Kabchi,Article \u00e0 illustrer Joueur de tennis
Hassania Darami,https://fr.wikipedia.org/?curid=8817109,https://fr.wikipedia.org/wiki/Hassania Darami,Wikip\u00e9dia:\u00e9bauche athl\u00e8te marocain
Anastassia Rodionova,https://fr.wikipedia.org/?curid=882316,https://fr.wikipedia.org/wiki/Anastassia Rodionova,Article utilisant une Infobox
Evgenia Linetskaya,https://fr.wikipedia.org/?curid=882332,https://fr.wikipedia.org/wiki/Evgenia Linetskaya,Article \u00e0 illustrer Joueur de tennis
Jarmila Gajdo\u0161ov\u00e1,https://fr.wikipedia.org/?curid=882344,https://fr.wikipedia.org/wiki/Jarmila Gajdo\u0161ov\u00e1,Article contenant un lien mort
Carol Montgomery,https://fr.wikipedia.org/?curid=8819401,https://fr.wikipedia.org/wiki/Carol Montgomery,Article \u00e0 illustrer Sportif
Marusha,https://fr.wikipedia.org/?curid=8819474,https://fr.wikipedia.org/wiki/Marusha,Utilisation de Cite certification avec des param\u00e8tres manquants
Omotola Jalade Ekeinde,https://fr.wikipedia.org/?curid=8819716,https://fr.wikipedia.org/wiki/Omotola Jalade Ekeinde,Page utilisant P569
Annabel Luxford,https://fr.wikipedia.org/?curid=8821092,https://fr.wikipedia.org/wiki/Annabel Luxford,Article utilisant une Infobox
Melissa Mantak,https://fr.wikipedia.org/?curid=8821182,https://fr.wikipedia.org/wiki/Melissa Mantak,Wikip\u00e9dia:\u00e9bauche triathl\u00e8te
Joanne Ritchie,https://fr.wikipedia.org/?curid=8821745,https://fr.wikipedia.org/wiki/Joanne Ritchie,Wikip\u00e9dia:\u00e9bauche triathlon
Faris Al-Sultan,https://fr.wikipedia.org/?curid=8821843,https://fr.wikipedia.org/wiki/Faris Al-Sultan,Article utilisant une Infobox
Rob Barel,https://fr.wikipedia.org/?curid=8818601,https://fr.wikipedia.org/wiki/Rob Barel,Article utilisant une Infobox
Yuliana Fedak,https://fr.wikipedia.org/?curid=882290,https://fr.wikipedia.org/wiki/Yuliana Fedak,Article utilisant une Infobox
Rosa Salazar,https://fr.wikipedia.org/?curid=8868975,https://fr.wikipedia.org/wiki/Rosa Salazar,Article utilisant une Infobox
Valentina Bogdanova-Lituyeva,https://fr.wikipedia.org/?curid=8961457,https://fr.wikipedia.org/wiki/Valentina Bogdanova-Lituyeva,Article \u00e0 illustrer Athl\u00e8te
Princesse royale (Royaume-Uni),https://fr.wikipedia.org/?curid=895964,https://fr.wikipedia.org/wiki/Princesse royale (Royaume-Uni),Portail:Royaume-Uni/Articles li\u00e9s
Beatrice Egli,https://fr.wikipedia.org/?curid=8959868,https://fr.wikipedia.org/wiki/Beatrice Egli,Article utilisant une Infobox
Fernanda Keller,https://fr.wikipedia.org/?curid=8960553,https://fr.wikipedia.org/wiki/Fernanda Keller,Article utilisant une Infobox
Ding Changqin,https://fr.wikipedia.org/?curid=8960616,https://fr.wikipedia.org/wiki/Ding Changqin,Wikip\u00e9dia:\u00e9bauche athl\u00e8te chinois
Anja Tepe\u0161,https://fr.wikipedia.org/?curid=8960731,https://fr.wikipedia.org/wiki/Anja Tepe\u0161,Wikip\u00e9dia:\u00e9bauche saut \u00e0 ski
Irina Rodrigues,https://fr.wikipedia.org/?curid=8862903,https://fr.wikipedia.org/wiki/Irina Rodrigues,Wikip\u00e9dia:\u00e9bauche athl\u00e8te portugais
Petra Nov\u00e1kov\u00e1,https://fr.wikipedia.org/?curid=8863181,https://fr.wikipedia.org/wiki/Petra Nov\u00e1kov\u00e1,Wikip\u00e9dia:\u00e9bauche ski de fond
Ashleigh Aston Moore,https://fr.wikipedia.org/?curid=888554,https://fr.wikipedia.org/wiki/Ashleigh Aston Moore,Wikip\u00e9dia:\u00e9bauche acteur am\u00e9ricain
Katarzyna Teodorowicz-Lisowska,https://fr.wikipedia.org/?curid=9055752,https://fr.wikipedia.org/wiki/Katarzyna Teodorowicz-Lisowska,Wikip\u00e9dia:\u00e9bauche tennis
Anissa Lahmari,https://fr.wikipedia.org/?curid=9080929,https://fr.wikipedia.org/wiki/Anissa Lahmari,Page semi-prot\u00e9g\u00e9e
Sven Rothenberger,https://fr.wikipedia.org/?curid=9077748,https://fr.wikipedia.org/wiki/Sven Rothenberger,Wikip\u00e9dia:\u00e9bauche \u00e9quitation
Ruxandra Dragomir,https://fr.wikipedia.org/?curid=907799,https://fr.wikipedia.org/wiki/Ruxandra Dragomir,Article utilisant une Infobox
Jill Hetherington,https://fr.wikipedia.org/?curid=907818,https://fr.wikipedia.org/wiki/Jill Hetherington,Article \u00e0 illustrer Joueur de tennis
Tamarine Tanasugarn,https://fr.wikipedia.org/?curid=907451,https://fr.wikipedia.org/wiki/Tamarine Tanasugarn,Article utilisant une Infobox
Irma Heeren,https://fr.wikipedia.org/?curid=9079916,https://fr.wikipedia.org/wiki/Irma Heeren,Article utilisant une Infobox
Rob Woestenborghs,https://fr.wikipedia.org/?curid=9079969,https://fr.wikipedia.org/wiki/Rob Woestenborghs,Article utilisant une Infobox
Sherone Simpson,https://fr.wikipedia.org/?curid=925388,https://fr.wikipedia.org/wiki/Sherone Simpson,Article utilisant une Infobox
Tia Hellebaut,https://fr.wikipedia.org/?curid=925405,https://fr.wikipedia.org/wiki/Tia Hellebaut,Article utilisant une Infobox
Isabelle Villiger,https://fr.wikipedia.org/?curid=9252714,https://fr.wikipedia.org/wiki/Isabelle Villiger,Article \u00e0 illustrer Joueur de tennis
Marianne van der Torre,https://fr.wikipedia.org/?curid=9252725,https://fr.wikipedia.org/wiki/Marianne van der Torre,Article utilisant une Infobox
Boris Stein,https://fr.wikipedia.org/?curid=9257404,https://fr.wikipedia.org/wiki/Boris Stein,Article utilisant une Infobox
Cecilia Mora,https://fr.wikipedia.org/?curid=9282687,https://fr.wikipedia.org/wiki/Cecilia Mora,Wikip\u00e9dia:\u00e9bauche athl\u00e8te italien
Dong Li,https://fr.wikipedia.org/?curid=9316649,https://fr.wikipedia.org/wiki/Dong Li,Wikip\u00e9dia:\u00e9bauche athl\u00e8te chinois
Kathleen Cusick,https://fr.wikipedia.org/?curid=9314928,https://fr.wikipedia.org/wiki/Kathleen Cusick,Page utilisant P569
Danielle Hamilton-Carter,https://fr.wikipedia.org/?curid=9296891,https://fr.wikipedia.org/wiki/Danielle Hamilton-Carter,Article \u00e0 illustrer Joueur de basket-ball
Kira Kosarin,https://fr.wikipedia.org/?curid=9297602,https://fr.wikipedia.org/wiki/Kira Kosarin,Article sans source depuis f\u00e9vrier 2018
Jennifer Henderson,https://fr.wikipedia.org/?curid=9313055,https://fr.wikipedia.org/wiki/Jennifer Henderson,Page utilisant P569
Diana Finkel,https://fr.wikipedia.org/?curid=9313423,https://fr.wikipedia.org/wiki/Diana Finkel,Page utilisant P569
Betsy Nye,https://fr.wikipedia.org/?curid=9309654,https://fr.wikipedia.org/wiki/Betsy Nye,Page utilisant P569
Danka Kovini\u0107,https://fr.wikipedia.org/?curid=9311081,https://fr.wikipedia.org/wiki/Danka Kovini\u0107,Article utilisant une Infobox
Annette Bednosky,https://fr.wikipedia.org/?curid=9311787,https://fr.wikipedia.org/wiki/Annette Bednosky,Wikip\u00e9dia:\u00e9bauche ultra-trail
Championnat d'Asie d'\u00e9checs,https://fr.wikipedia.org/?curid=9299183,https://fr.wikipedia.org/wiki/Championnat d'Asie d'\u00e9checs,Portail:\u00c9checs/Articles li\u00e9s
Dinara Saduakassova,https://fr.wikipedia.org/?curid=9296377,https://fr.wikipedia.org/wiki/Dinara Saduakassova,Page utilisant P1559
Krissy Moehl,https://fr.wikipedia.org/?curid=9296526,https://fr.wikipedia.org/wiki/Krissy Moehl,Wikip\u00e9dia:\u00e9bauche ultra-trail
Ryan Sandes,https://fr.wikipedia.org/?curid=9305512,https://fr.wikipedia.org/wiki/Ryan Sandes,Wikip\u00e9dia:\u00e9bauche ultra-trail
Caroline Chaverot,https://fr.wikipedia.org/?curid=9305588,https://fr.wikipedia.org/wiki/Caroline Chaverot,Wikip\u00e9dia:\u00e9bauche cano\u00eb-kayak
Sully (film),https://fr.wikipedia.org/?curid=9304624,https://fr.wikipedia.org/wiki/Sully (film),Article utilisant une Infobox
Francesca Canepa,https://fr.wikipedia.org/?curid=9305776,https://fr.wikipedia.org/wiki/Francesca Canepa,Wikip\u00e9dia:\u00e9bauche athl\u00e8te italien
Sarina Koga,https://fr.wikipedia.org/?curid=9305980,https://fr.wikipedia.org/wiki/Sarina Koga,Article utilisant une Infobox
Magdalena Lewy-Boulet,https://fr.wikipedia.org/?curid=9308544,https://fr.wikipedia.org/wiki/Magdalena Lewy-Boulet,Wikip\u00e9dia:\u00e9bauche ultra-trail
Suzanne Brana,https://fr.wikipedia.org/?curid=9309184,https://fr.wikipedia.org/wiki/Suzanne Brana,Page utilisant P569
Nikkita Holder,https://fr.wikipedia.org/?curid=9306416,https://fr.wikipedia.org/wiki/Nikkita Holder,Wikip\u00e9dia:\u00e9bauche athl\u00e8te canadien
Carmen Gloria Arroyo,https://fr.wikipedia.org/?curid=9306556,https://fr.wikipedia.org/wiki/Carmen Gloria Arroyo,Article utilisant une Infobox
Ellen Braga,https://fr.wikipedia.org/?curid=9308208,https://fr.wikipedia.org/wiki/Ellen Braga,Article \u00e0 illustrer Joueur de volley-ball
Tia Brooks,https://fr.wikipedia.org/?curid=9246016,https://fr.wikipedia.org/wiki/Tia Brooks,Wikip\u00e9dia:\u00e9bauche athl\u00e8te am\u00e9ricain
Liz Blatchford,https://fr.wikipedia.org/?curid=9245418,https://fr.wikipedia.org/wiki/Liz Blatchford,Article utilisant une Infobox
Natalie La Rose,https://fr.wikipedia.org/?curid=9244906,https://fr.wikipedia.org/wiki/Natalie La Rose,Article utilisant une Infobox
Sara Slott Petersen,https://fr.wikipedia.org/?curid=9244971,https://fr.wikipedia.org/wiki/Sara Slott Petersen,Article utilisant une Infobox
Natoya Goule-Toppin,https://fr.wikipedia.org/?curid=9246661,https://fr.wikipedia.org/wiki/Natoya Goule-Toppin,Wikip\u00e9dia:\u00e9bauche athl\u00e8te jama\u00efcain
Barbara Nwaba,https://fr.wikipedia.org/?curid=9246739,https://fr.wikipedia.org/wiki/Barbara Nwaba,Wikip\u00e9dia:\u00e9bauche athl\u00e8te am\u00e9ricain
Richard Murray,https://fr.wikipedia.org/?curid=9242691,https://fr.wikipedia.org/wiki/Richard Murray,Article \u00e0 illustrer Sportif
Hendrik de Villiers,https://fr.wikipedia.org/?curid=9243207,https://fr.wikipedia.org/wiki/Hendrik de Villiers,Wikip\u00e9dia:\u00e9bauche triathl\u00e8te
Gordon Benson,https://fr.wikipedia.org/?curid=9228448,https://fr.wikipedia.org/wiki/Gordon Benson,Wikip\u00e9dia:\u00e9bauche triathl\u00e8te
Sarah Riani,https://fr.wikipedia.org/?curid=9239303,https://fr.wikipedia.org/wiki/Sarah Riani,Page utilisant P569
Sandi Morris,https://fr.wikipedia.org/?curid=9238120,https://fr.wikipedia.org/wiki/Sandi Morris,Article utilisant une Infobox
Miss Cameroun,https://fr.wikipedia.org/?curid=9238308,https://fr.wikipedia.org/wiki/Miss Cameroun,Article utilisant une Infobox
\u00d6zlem Kaya (athl\u00e9tisme),https://fr.wikipedia.org/?curid=9239736,https://fr.wikipedia.org/wiki/\u00d6zlem Kaya (athl\u00e9tisme),Wikip\u00e9dia:\u00e9bauche athl\u00e8te turc
Susana Costa,https://fr.wikipedia.org/?curid=9239763,https://fr.wikipedia.org/wiki/Susana Costa,Article utilisant une Infobox
Nicky van Leuveren,https://fr.wikipedia.org/?curid=9239788,https://fr.wikipedia.org/wiki/Nicky van Leuveren,Wikip\u00e9dia:\u00e9bauche athl\u00e8te n\u00e9erlandais
Clare Foley,https://fr.wikipedia.org/?curid=9247631,https://fr.wikipedia.org/wiki/Clare Foley,Wikip\u00e9dia:\u00e9bauche acteur am\u00e9ricain
Anne Etchegoyen,https://fr.wikipedia.org/?curid=9251718,https://fr.wikipedia.org/wiki/Anne Etchegoyen,Page utilisant P569
Sarah Loosemore,https://fr.wikipedia.org/?curid=9250289,https://fr.wikipedia.org/wiki/Sarah Loosemore,Article \u00e0 illustrer Joueur de tennis
Trudy Groenman,https://fr.wikipedia.org/?curid=9250294,https://fr.wikipedia.org/wiki/Trudy Groenman,Article utilisant une Infobox
Stephanie Rottier,https://fr.wikipedia.org/?curid=9250299,https://fr.wikipedia.org/wiki/Stephanie Rottier,Article \u00e0 illustrer Joueur de tennis
Ada Bakker,https://fr.wikipedia.org/?curid=9250336,https://fr.wikipedia.org/wiki/Ada Bakker,Article utilisant une Infobox
Eleanor Montgomery,https://fr.wikipedia.org/?curid=9248803,https://fr.wikipedia.org/wiki/Eleanor Montgomery,Wikip\u00e9dia:\u00e9bauche athl\u00e8te am\u00e9ricain
Catherine Beauvais,https://fr.wikipedia.org/?curid=9268250,https://fr.wikipedia.org/wiki/Catherine Beauvais,Wikip\u00e9dia:\u00e9bauche athl\u00e8te fran\u00e7ais
Dominique Le Diss\u00e8s,https://fr.wikipedia.org/?curid=9268262,https://fr.wikipedia.org/wiki/Dominique Le Diss\u00e8s,Wikip\u00e9dia:\u00e9bauche athl\u00e8te fran\u00e7ais
Gwendolyn Rucker,https://fr.wikipedia.org/?curid=9295139,https://fr.wikipedia.org/wiki/Gwendolyn Rucker,Wikip\u00e9dia:\u00e9bauche joueuse am\u00e9ricaine de volley-ball
Brigitte Ntiamoah,https://fr.wikipedia.org/?curid=9292500,https://fr.wikipedia.org/wiki/Brigitte Ntiamoah,Wikip\u00e9dia:\u00e9bauche athl\u00e8te fran\u00e7ais
Ruth Marshall,https://fr.wikipedia.org/?curid=9291661,https://fr.wikipedia.org/wiki/Ruth Marshall,Article \u00e0 illustrer Personnalit\u00e9 du cin\u00e9ma
Rosamaria Montibeller,https://fr.wikipedia.org/?curid=9293034,https://fr.wikipedia.org/wiki/Rosamaria Montibeller,Article utilisant une Infobox
Edith Niederfriniger,https://fr.wikipedia.org/?curid=9224254,https://fr.wikipedia.org/wiki/Edith Niederfriniger,Article utilisant une Infobox
Daniela Marzano,https://fr.wikipedia.org/?curid=9257779,https://fr.wikipedia.org/wiki/Daniela Marzano,Article \u00e0 illustrer Joueur de tennis
Linda Ngo,https://fr.wikipedia.org/?curid=9259682,https://fr.wikipedia.org/wiki/Linda Ngo,Article manquant de r\u00e9f\u00e9rences depuis juillet 2015
Janice Rankin,https://fr.wikipedia.org/?curid=9261828,https://fr.wikipedia.org/wiki/Janice Rankin,Wikip\u00e9dia:\u00e9bauche curling
Kelley Law,https://fr.wikipedia.org/?curid=9261845,https://fr.wikipedia.org/wiki/Kelley Law,Wikip\u00e9dia:\u00e9bauche curling
Julie Skinner,https://fr.wikipedia.org/?curid=9261865,https://fr.wikipedia.org/wiki/Julie Skinner,Wikip\u00e9dia:\u00e9bauche curling
Georgina Wheatcroft,https://fr.wikipedia.org/?curid=9261883,https://fr.wikipedia.org/wiki/Georgina Wheatcroft,Wikip\u00e9dia:\u00e9bauche curling
Cheryl Noble,https://fr.wikipedia.org/?curid=9261894,https://fr.wikipedia.org/wiki/Cheryl Noble,Wikip\u00e9dia:\u00e9bauche curling
Suraiya,https://fr.wikipedia.org/?curid=9260715,https://fr.wikipedia.org/wiki/Suraiya,Page utilisant P569
Chahrazade Kirouani,https://fr.wikipedia.org/?curid=9259230,https://fr.wikipedia.org/wiki/Chahrazade Kirouani,Wikip\u00e9dia:\u00e9bauche personnalit\u00e9 politique alg\u00e9rienne
Fatima Boudjemline,https://fr.wikipedia.org/?curid=9259242,https://fr.wikipedia.org/wiki/Fatima Boudjemline,Article \u00e0 illustrer Personnalit\u00e9 politique
Lisa Roman,https://fr.wikipedia.org/?curid=9412930,https://fr.wikipedia.org/wiki/Lisa Roman,Wikip\u00e9dia:\u00e9bauche aviron
Cristy Nurse,https://fr.wikipedia.org/?curid=9412938,https://fr.wikipedia.org/wiki/Cristy Nurse,Wikip\u00e9dia:\u00e9bauche aviron
Jennifer Martins,https://fr.wikipedia.org/?curid=9412940,https://fr.wikipedia.org/wiki/Jennifer Martins,Wikip\u00e9dia:\u00e9bauche aviron
Tsubomi (actrice pornographique),https://fr.wikipedia.org/?curid=9412941,https://fr.wikipedia.org/wiki/Tsubomi (actrice pornographique),Wikip\u00e9dia:\u00e9bauche actrice pornographique japonaise
Christine Roper,https://fr.wikipedia.org/?curid=9412942,https://fr.wikipedia.org/wiki/Christine Roper,Wikip\u00e9dia:\u00e9bauche aviron
Susanne Grainger,https://fr.wikipedia.org/?curid=9412948,https://fr.wikipedia.org/wiki/Susanne Grainger,Wikip\u00e9dia:\u00e9bauche aviron
Claudia Rufina,https://fr.wikipedia.org/?curid=9436570,https://fr.wikipedia.org/wiki/Claudia Rufina,Page utilisant P2348
Asuka (catch),https://fr.wikipedia.org/?curid=9436781,https://fr.wikipedia.org/wiki/Asuka (catch),Article \u00e0 recycler/Liste compl\u00e8te
Vasilisa Bardina,https://fr.wikipedia.org/?curid=943718,https://fr.wikipedia.org/wiki/Vasilisa Bardina,Article utilisant une Infobox
Zhao Yanmin,https://fr.wikipedia.org/?curid=9435954,https://fr.wikipedia.org/wiki/Zhao Yanmin,Wikip\u00e9dia:\u00e9bauche athl\u00e8te chinois
Wang Chunyu,https://fr.wikipedia.org/?curid=9435966,https://fr.wikipedia.org/wiki/Wang Chunyu,Wikip\u00e9dia:\u00e9bauche athl\u00e8te chinois
Yoon Bora,https://fr.wikipedia.org/?curid=9369502,https://fr.wikipedia.org/wiki/Yoon Bora,Article utilisant l'infobox Biographie2
Shanieka Ricketts,https://fr.wikipedia.org/?curid=9370058,https://fr.wikipedia.org/wiki/Shanieka Ricketts,Wikip\u00e9dia:\u00e9bauche athl\u00e8te jama\u00efcain
Visiline Jepkesho,https://fr.wikipedia.org/?curid=9382441,https://fr.wikipedia.org/wiki/Visiline Jepkesho,Wikip\u00e9dia:\u00e9bauche athl\u00e8te k\u00e9nyan
Helah Kiprop,https://fr.wikipedia.org/?curid=9382442,https://fr.wikipedia.org/wiki/Helah Kiprop,Wikip\u00e9dia:\u00e9bauche athl\u00e8te k\u00e9nyan
Park Choa,https://fr.wikipedia.org/?curid=9382470,https://fr.wikipedia.org/wiki/Park Choa,Article utilisant une Infobox
Brianna Perry,https://fr.wikipedia.org/?curid=9386356,https://fr.wikipedia.org/wiki/Brianna Perry,Article utilisant une Infobox
Liste des ministres roumaines,https://fr.wikipedia.org/?curid=9386893,https://fr.wikipedia.org/wiki/Liste des ministres roumaines,Article contenant un appel \u00e0 traduction en anglais
O. P. Jaisha,https://fr.wikipedia.org/?curid=9382974,https://fr.wikipedia.org/wiki/O. P. Jaisha,Wikip\u00e9dia:\u00e9bauche athl\u00e8te indien
Shermaine Williams,https://fr.wikipedia.org/?curid=9377781,https://fr.wikipedia.org/wiki/Shermaine Williams,Wikip\u00e9dia:\u00e9bauche athl\u00e8te jama\u00efcain
Confident (album),https://fr.wikipedia.org/?curid=9376719,https://fr.wikipedia.org/wiki/Confident (album),Wikip\u00e9dia:\u00e9bauche album
Julia Gajer,https://fr.wikipedia.org/?curid=9364771,https://fr.wikipedia.org/wiki/Julia Gajer,Article utilisant une Infobox
Anastasiya Mokhnyuk,https://fr.wikipedia.org/?curid=9368316,https://fr.wikipedia.org/wiki/Anastasiya Mokhnyuk,Wikip\u00e9dia:\u00e9bauche athl\u00e8te ukrainien
Yura (chanteuse),https://fr.wikipedia.org/?curid=9374818,https://fr.wikipedia.org/wiki/Yura (chanteuse),Article utilisant une Infobox
Ariane Ehrat,https://fr.wikipedia.org/?curid=937705,https://fr.wikipedia.org/wiki/Ariane Ehrat,Page utilisant P569
Gao Yang,https://fr.wikipedia.org/?curid=9458347,https://fr.wikipedia.org/wiki/Gao Yang,Wikip\u00e9dia:\u00e9bauche athl\u00e8te chinois
Sara D\u00e4britz,https://fr.wikipedia.org/?curid=9458660,https://fr.wikipedia.org/wiki/Sara D\u00e4britz,Article utilisant une Infobox
Bianka Bu\u0161a,https://fr.wikipedia.org/?curid=9452285,https://fr.wikipedia.org/wiki/Bianka Bu\u0161a,Article utilisant une Infobox
Nao Hibino,https://fr.wikipedia.org/?curid=9453819,https://fr.wikipedia.org/wiki/Nao Hibino,Article utilisant une Infobox
Daniela Bleymehl,https://fr.wikipedia.org/?curid=9454092,https://fr.wikipedia.org/wiki/Daniela Bleymehl,Wikip\u00e9dia:\u00e9bauche triathl\u00e8te
Kazai-Suzanne Kragb\u00e9,https://fr.wikipedia.org/?curid=9422001,https://fr.wikipedia.org/wiki/Kazai-Suzanne Kragb\u00e9,Wikip\u00e9dia:\u00e9bauche athl\u00e8te ivoirien
Kelechi Nwanaga,https://fr.wikipedia.org/?curid=9422046,https://fr.wikipedia.org/wiki/Kelechi Nwanaga,Wikip\u00e9dia:\u00e9bauche athl\u00e8te nig\u00e9rian
Carlee Taylor,https://fr.wikipedia.org/?curid=9447297,https://fr.wikipedia.org/wiki/Carlee Taylor,Page utilisant P569
Simona Frapporti,https://fr.wikipedia.org/?curid=9448135,https://fr.wikipedia.org/wiki/Simona Frapporti,Page utilisant P569
Silvia Valsecchi,https://fr.wikipedia.org/?curid=9448657,https://fr.wikipedia.org/wiki/Silvia Valsecchi,Page utilisant P569
Mia Engberg,https://fr.wikipedia.org/?curid=9444931,https://fr.wikipedia.org/wiki/Mia Engberg,Wikip\u00e9dia:\u00e9bauche r\u00e9alisateur su\u00e9dois
Emily Regan,https://fr.wikipedia.org/?curid=9410082,https://fr.wikipedia.org/wiki/Emily Regan,Wikip\u00e9dia:\u00e9bauche aviron
Florence Lepron,https://fr.wikipedia.org/?curid=941035,https://fr.wikipedia.org/wiki/Florence Lepron,Article utilisant une Infobox
Amaka Ogoegbunam,https://fr.wikipedia.org/?curid=9429764,https://fr.wikipedia.org/wiki/Amaka Ogoegbunam,Wikip\u00e9dia:\u00e9bauche athl\u00e8te nig\u00e9rian
Brayelin Mart\u00ednez,https://fr.wikipedia.org/?curid=9433145,https://fr.wikipedia.org/wiki/Brayelin Mart\u00ednez,Wikip\u00e9dia:\u00e9bauche joueuse dominicaine de volley-ball
Alexandra Fusai,https://fr.wikipedia.org/?curid=940623,https://fr.wikipedia.org/wiki/Alexandra Fusai,Article \u00e0 illustrer Joueur de tennis
Ock Joo-hyun,https://fr.wikipedia.org/?curid=9419203,https://fr.wikipedia.org/wiki/Ock Joo-hyun,Wikip\u00e9dia:\u00e9bauche chanteur sud-cor\u00e9en
Claire Uke,https://fr.wikipedia.org/?curid=9425160,https://fr.wikipedia.org/wiki/Claire Uke,Wikip\u00e9dia:\u00e9bauche athl\u00e8te nig\u00e9rian
Sanaya Irani,https://fr.wikipedia.org/?curid=9425792,https://fr.wikipedia.org/wiki/Sanaya Irani,Page utilisant P569
Nisrine Dinar,https://fr.wikipedia.org/?curid=9425833,https://fr.wikipedia.org/wiki/Nisrine Dinar,Wikip\u00e9dia:\u00e9bauche athl\u00e8te marocain
Song Jieun,https://fr.wikipedia.org/?curid=9417915,https://fr.wikipedia.org/wiki/Song Jieun,Article utilisant une Infobox
Denisa Allertov\u00e1,https://fr.wikipedia.org/?curid=9441482,https://fr.wikipedia.org/wiki/Denisa Allertov\u00e1,Article utilisant une Infobox
Uxue Fraile Azpeitia,https://fr.wikipedia.org/?curid=9443749,https://fr.wikipedia.org/wiki/Uxue Fraile Azpeitia,Wikip\u00e9dia:\u00e9bauche ultra-trail
Kristine O'Brien,https://fr.wikipedia.org/?curid=9409236,https://fr.wikipedia.org/wiki/Kristine O'Brien,Wikip\u00e9dia:\u00e9bauche aviron
Blessing Ibrahim,https://fr.wikipedia.org/?curid=9413500,https://fr.wikipedia.org/wiki/Blessing Ibrahim,Wikip\u00e9dia:\u00e9bauche athl\u00e8te nig\u00e9rian
Sonja Oberem,https://fr.wikipedia.org/?curid=9411361,https://fr.wikipedia.org/wiki/Sonja Oberem,Wikip\u00e9dia:\u00e9bauche triathl\u00e8te
Velvet Sky,https://fr.wikipedia.org/?curid=941780,https://fr.wikipedia.org/wiki/Velvet Sky,Article \u00e0 recycler/Liste compl\u00e8te
Tiffany Mulheron,https://fr.wikipedia.org/?curid=9420643,https://fr.wikipedia.org/wiki/Tiffany Mulheron,Wikip\u00e9dia:\u00e9bauche acteur britannique
Tobi Amusan,https://fr.wikipedia.org/?curid=9420844,https://fr.wikipedia.org/wiki/Tobi Amusan,Article utilisant une Infobox
Ruby Tew,https://fr.wikipedia.org/?curid=9417043,https://fr.wikipedia.org/wiki/Ruby Tew,Wikip\u00e9dia:\u00e9bauche aviron
Genevieve Behrent,https://fr.wikipedia.org/?curid=9417055,https://fr.wikipedia.org/wiki/Genevieve Behrent,Wikip\u00e9dia:\u00e9bauche aviron
Revival Tour,https://fr.wikipedia.org/?curid=9474993,https://fr.wikipedia.org/wiki/Revival Tour,Article \u00e0 wikifier depuis septembre 2023
Inger Nilsson,https://fr.wikipedia.org/?curid=949390,https://fr.wikipedia.org/wiki/Inger Nilsson,Article contenant un appel \u00e0 traduction en su\u00e9dois
Damien Derobert,https://fr.wikipedia.org/?curid=9495849,https://fr.wikipedia.org/wiki/Damien Derobert,Article \u00e0 illustrer Sportif
Heo Sol-ji,https://fr.wikipedia.org/?curid=9375934,https://fr.wikipedia.org/wiki/Heo Sol-ji,Article utilisant une Infobox
Misaki Matsutomo,https://fr.wikipedia.org/?curid=9389076,https://fr.wikipedia.org/wiki/Misaki Matsutomo,Wikip\u00e9dia:\u00e9bauche badminton
Lola Mansour,https://fr.wikipedia.org/?curid=9569180,https://fr.wikipedia.org/wiki/Lola Mansour,Article \u00e0 illustrer Judoka
Donatella Maiorca,https://fr.wikipedia.org/?curid=9569196,https://fr.wikipedia.org/wiki/Donatella Maiorca,Wikip\u00e9dia:\u00e9bauche r\u00e9alisateur italien
Karin Huttary,https://fr.wikipedia.org/?curid=956528,https://fr.wikipedia.org/wiki/Karin Huttary,Wikip\u00e9dia:\u00e9bauche ski acrobatique
Emilio S\u00e1nchez,https://fr.wikipedia.org/?curid=958546,https://fr.wikipedia.org/wiki/Emilio S\u00e1nchez,Article utilisant une Infobox
Dee Rees,https://fr.wikipedia.org/?curid=9581629,https://fr.wikipedia.org/wiki/Dee Rees,Wikip\u00e9dia:\u00e9bauche r\u00e9alisateur am\u00e9ricain
Heather Tobin,https://fr.wikipedia.org/?curid=9581637,https://fr.wikipedia.org/wiki/Heather Tobin,Wikip\u00e9dia:\u00e9bauche r\u00e9alisateur am\u00e9ricain
Kate Lane,https://fr.wikipedia.org/?curid=9562233,https://fr.wikipedia.org/wiki/Kate Lane,Wikip\u00e9dia:\u00e9bauche r\u00e9alisateur am\u00e9ricain
Wendy (chanteuse),https://fr.wikipedia.org/?curid=9576678,https://fr.wikipedia.org/wiki/Wendy (chanteuse),Article utilisant une Infobox
Solar (chanteuse),https://fr.wikipedia.org/?curid=9576808,https://fr.wikipedia.org/wiki/Solar (chanteuse),Article utilisant une Infobox
Lennon Stella,https://fr.wikipedia.org/?curid=9579792,https://fr.wikipedia.org/wiki/Lennon Stella,Article contenant un appel \u00e0 traduction en anglais
Micaela Reis,https://fr.wikipedia.org/?curid=9590846,https://fr.wikipedia.org/wiki/Micaela Reis,Article utilisant une Infobox
Senta-Sofia Delliponti,https://fr.wikipedia.org/?curid=9591083,https://fr.wikipedia.org/wiki/Senta-Sofia Delliponti,Page utilisant P569
Baek A-yeon,https://fr.wikipedia.org/?curid=9588747,https://fr.wikipedia.org/wiki/Baek A-yeon,Wikip\u00e9dia:\u00e9bauche chanteur sud-cor\u00e9en
Mercy Addy,https://fr.wikipedia.org/?curid=9590511,https://fr.wikipedia.org/wiki/Mercy Addy,Wikip\u00e9dia:\u00e9bauche athl\u00e8te ghan\u00e9en
Marialy Rivas,https://fr.wikipedia.org/?curid=9590550,https://fr.wikipedia.org/wiki/Marialy Rivas,Wikip\u00e9dia:\u00e9bauche r\u00e9alisateur chilien
Miss Canada 1986,https://fr.wikipedia.org/?curid=9584694,https://fr.wikipedia.org/wiki/Miss Canada 1986,Article manquant de r\u00e9f\u00e9rences depuis d\u00e9cembre 2015
Anky van Grunsven,https://fr.wikipedia.org/?curid=959946,https://fr.wikipedia.org/wiki/Anky van Grunsven,Wikip\u00e9dia:\u00e9bauche \u00e9quitation
Gabriela C\u00e9,https://fr.wikipedia.org/?curid=9599604,https://fr.wikipedia.org/wiki/Gabriela C\u00e9,Article utilisant une Infobox
Alice Volpi,https://fr.wikipedia.org/?curid=9600161,https://fr.wikipedia.org/wiki/Alice Volpi,Article utilisant une Infobox
Kanae Hisami,https://fr.wikipedia.org/?curid=9602980,https://fr.wikipedia.org/wiki/Kanae Hisami,Article \u00e0 illustrer Joueur de tennis
Urszula Antoniak,https://fr.wikipedia.org/?curid=9571811,https://fr.wikipedia.org/wiki/Urszula Antoniak,Wikip\u00e9dia:\u00e9bauche r\u00e9alisateur n\u00e9erlandais
Nagwa Ibrahim Ali,https://fr.wikipedia.org/?curid=9567306,https://fr.wikipedia.org/wiki/Nagwa Ibrahim Ali,Wikip\u00e9dia:\u00e9bauche athl\u00e8te \u00e9gyptien
Claire Whitney,https://fr.wikipedia.org/?curid=9562743,https://fr.wikipedia.org/wiki/Claire Whitney,Article utilisant une Infobox
Kim Chiu,https://fr.wikipedia.org/?curid=9563404,https://fr.wikipedia.org/wiki/Kim Chiu,Article contenant un lien mort
Vero Boquete,https://fr.wikipedia.org/?curid=9359440,https://fr.wikipedia.org/wiki/Vero Boquete,Article utilisant une Infobox
Delphine Lansac,https://fr.wikipedia.org/?curid=9358507,https://fr.wikipedia.org/wiki/Delphine Lansac,Wikip\u00e9dia:\u00e9bauche badminton
Sharon Doorson,https://fr.wikipedia.org/?curid=9359762,https://fr.wikipedia.org/wiki/Sharon Doorson,Article contenant un lien mort
Laurence Lebeau,https://fr.wikipedia.org/?curid=9359810,https://fr.wikipedia.org/wiki/Laurence Lebeau,Wikip\u00e9dia:\u00e9bauche athl\u00e8te fran\u00e7ais
Sylvie Prenveille,https://fr.wikipedia.org/?curid=9359855,https://fr.wikipedia.org/wiki/Sylvie Prenveille,Wikip\u00e9dia:\u00e9bauche athl\u00e8te fran\u00e7ais
Kamilla Rytter Juhl,https://fr.wikipedia.org/?curid=9362785,https://fr.wikipedia.org/wiki/Kamilla Rytter Juhl,Article utilisant une Infobox
Devon Crosby-Helms,https://fr.wikipedia.org/?curid=9353626,https://fr.wikipedia.org/wiki/Devon Crosby-Helms,Page utilisant P569
Beverley Anderson-Abbs,https://fr.wikipedia.org/?curid=9358170,https://fr.wikipedia.org/wiki/Beverley Anderson-Abbs,Article \u00e0 illustrer Athl\u00e8te
