Name,URL1,URL2,First Category
Taylor Spivey,https://fr.wikipedia.org/?curid=12740214,https://fr.wikipedia.org/wiki/Taylor Spivey,Article utilisant une Infobox
Charlotte Lawrence,https://fr.wikipedia.org/?curid=12738424,https://fr.wikipedia.org/wiki/Charlotte Lawrence,Article utilisant une Infobox
Olivia Podmore,https://fr.wikipedia.org/?curid=12737483,https://fr.wikipedia.org/wiki/Olivia Podmore,Page utilisant P1559
Emma Murray,https://fr.wikipedia.org/?curid=12729888,https://fr.wikipedia.org/wiki/Emma Murray,Wikip\u00e9dia:\u00e9bauche athl\u00e8te australien
China Lee,https://fr.wikipedia.org/?curid=12744645,https://fr.wikipedia.org/wiki/China Lee,Article utilisant une Infobox
Sara Souli\u00e9,https://fr.wikipedia.org/?curid=12761004,https://fr.wikipedia.org/wiki/Sara Souli\u00e9,Wikip\u00e9dia:\u00e9bauche acteur danois
Thomas Fr\u00fchwirth,https://fr.wikipedia.org/?curid=12759433,https://fr.wikipedia.org/wiki/Thomas Fr\u00fchwirth,Article utilisant une Infobox
Marta Garc\u00eda Lopez,https://fr.wikipedia.org/?curid=12716119,https://fr.wikipedia.org/wiki/Marta Garc\u00eda Lopez,Article utilisant une Infobox
Fefe (chanson),https://fr.wikipedia.org/?curid=12716343,https://fr.wikipedia.org/wiki/Fefe (chanson),Article contenant un lien mort
Christa Perathoner,https://fr.wikipedia.org/?curid=12714112,https://fr.wikipedia.org/wiki/Christa Perathoner,Wikip\u00e9dia:\u00e9bauche biathlon
Kevin Rundstadler,https://fr.wikipedia.org/?curid=12721359,https://fr.wikipedia.org/wiki/Kevin Rundstadler,Article utilisant une Infobox
Kathleen Sergerie,https://fr.wikipedia.org/?curid=1272373,https://fr.wikipedia.org/wiki/Kathleen Sergerie,Article manquant de r\u00e9f\u00e9rences depuis septembre 2014
Sofia Richie,https://fr.wikipedia.org/?curid=12722897,https://fr.wikipedia.org/wiki/Sofia Richie,Article utilisant une Infobox
Lenka Faltusov\u00e1,https://fr.wikipedia.org/?curid=12722957,https://fr.wikipedia.org/wiki/Lenka Faltusov\u00e1,Wikip\u00e9dia:\u00e9bauche sportif tch\u00e8que
Alice Betto,https://fr.wikipedia.org/?curid=12751091,https://fr.wikipedia.org/wiki/Alice Betto,Wikip\u00e9dia:\u00e9bauche triathl\u00e8te
Jessie Hodges,https://fr.wikipedia.org/?curid=12751097,https://fr.wikipedia.org/wiki/Jessie Hodges,Wikip\u00e9dia:\u00e9bauche cyclisme sur piste
Dale Tye,https://fr.wikipedia.org/?curid=12751098,https://fr.wikipedia.org/wiki/Dale Tye,Page utilisant P569
Rayane Salakedji,https://fr.wikipedia.org/?curid=12751363,https://fr.wikipedia.org/wiki/Rayane Salakedji,Wikip\u00e9dia:\u00e9bauche karat\u00e9
Chaima Midi,https://fr.wikipedia.org/?curid=12751404,https://fr.wikipedia.org/wiki/Chaima Midi,Wikip\u00e9dia:\u00e9bauche karat\u00e9
Widad Draou,https://fr.wikipedia.org/?curid=12751467,https://fr.wikipedia.org/wiki/Widad Draou,Wikip\u00e9dia:\u00e9bauche karat\u00e9
Clarisa Fern\u00e1ndez,https://fr.wikipedia.org/?curid=1274782,https://fr.wikipedia.org/wiki/Clarisa Fern\u00e1ndez,Article utilisant une Infobox
Katie Uhlaender,https://fr.wikipedia.org/?curid=1273272,https://fr.wikipedia.org/wiki/Katie Uhlaender,Wikip\u00e9dia:\u00e9bauche skeleton
Olivia Gr\u00fcner,https://fr.wikipedia.org/?curid=12718199,https://fr.wikipedia.org/wiki/Olivia Gr\u00fcner,Wikip\u00e9dia:\u00e9bauche athl\u00e8te allemand
Chaimae Eddinari,https://fr.wikipedia.org/?curid=12714643,https://fr.wikipedia.org/wiki/Chaimae Eddinari,Wikip\u00e9dia:\u00e9bauche judo
Press (chanson de Cardi B),https://fr.wikipedia.org/?curid=12635400,https://fr.wikipedia.org/wiki/Press (chanson de Cardi B),Wikip\u00e9dia:\u00e9bauche chanson de hip-hop
Izabela Zatorska,https://fr.wikipedia.org/?curid=12636529,https://fr.wikipedia.org/wiki/Izabela Zatorska,Article utilisant une Infobox
Josie Rourke,https://fr.wikipedia.org/?curid=12637593,https://fr.wikipedia.org/wiki/Josie Rourke,Article contenant un lien mort
Emily Dreissigacker,https://fr.wikipedia.org/?curid=12636051,https://fr.wikipedia.org/wiki/Emily Dreissigacker,Article utilisant une Infobox
Liste des princesses d'Acha\u00efe,https://fr.wikipedia.org/?curid=12660606,https://fr.wikipedia.org/wiki/Liste des princesses d'Acha\u00efe,Article avec source \u00e0 lier
Im Na-yeon,https://fr.wikipedia.org/?curid=12661250,https://fr.wikipedia.org/wiki/Im Na-yeon,Article utilisant une Infobox
Ekaterina Rogovaya,https://fr.wikipedia.org/?curid=12645337,https://fr.wikipedia.org/wiki/Ekaterina Rogovaya,Page utilisant P569
Sarah Palfrey,https://fr.wikipedia.org/?curid=1264563,https://fr.wikipedia.org/wiki/Sarah Palfrey,Article utilisant une Infobox
Bendere Oboya,https://fr.wikipedia.org/?curid=12644758,https://fr.wikipedia.org/wiki/Bendere Oboya,Wikip\u00e9dia:\u00e9bauche athl\u00e8te australien
Susanne Weinbuchner,https://fr.wikipedia.org/?curid=12644837,https://fr.wikipedia.org/wiki/Susanne Weinbuchner,Page utilisant P569
Liste des m\u00e9daill\u00e9s aux Jeux olympiques de 1920,https://fr.wikipedia.org/?curid=12644277,https://fr.wikipedia.org/wiki/Liste des m\u00e9daill\u00e9s aux Jeux olympiques de 1920,Page utilisant une pr\u00e9sentation en colonnes avec un nombre fixe de colonnes
"Asuka (catch, 1998)",https://fr.wikipedia.org/?curid=12611838,"https://fr.wikipedia.org/wiki/Asuka (catch, 1998)",Page utilisant P27
Mar\u00eda Luisa Doig,https://fr.wikipedia.org/?curid=12635052,https://fr.wikipedia.org/wiki/Mar\u00eda Luisa Doig,Article \u00e0 illustrer Escrimeur
Madison-Lee Wesche,https://fr.wikipedia.org/?curid=12631317,https://fr.wikipedia.org/wiki/Madison-Lee Wesche,Wikip\u00e9dia:\u00e9bauche athl\u00e8te n\u00e9o-z\u00e9landais
Zoe Hobbs,https://fr.wikipedia.org/?curid=12631151,https://fr.wikipedia.org/wiki/Zoe Hobbs,Wikip\u00e9dia:\u00e9bauche athl\u00e8te n\u00e9o-z\u00e9landais
Sari Maeda,https://fr.wikipedia.org/?curid=12631193,https://fr.wikipedia.org/wiki/Sari Maeda,Wikip\u00e9dia:\u00e9bauche ski de fond
Marlen Reusser,https://fr.wikipedia.org/?curid=12630752,https://fr.wikipedia.org/wiki/Marlen Reusser,Page utilisant P569
Jessica Guo,https://fr.wikipedia.org/?curid=12633077,https://fr.wikipedia.org/wiki/Jessica Guo,Wikip\u00e9dia:\u00e9bauche escrimeuse
Liste des duchesses de Bragance,https://fr.wikipedia.org/?curid=12632405,https://fr.wikipedia.org/wiki/Liste des duchesses de Bragance,Article utilisant une Infobox
Karoline Erdal,https://fr.wikipedia.org/?curid=12632557,https://fr.wikipedia.org/wiki/Karoline Erdal,Wikip\u00e9dia:\u00e9bauche sportif norv\u00e9gien
Gr\u00e9ta Szakm\u00e1ry,https://fr.wikipedia.org/?curid=12621882,https://fr.wikipedia.org/wiki/Gr\u00e9ta Szakm\u00e1ry,Article utilisant une Infobox
Sailor Moon,https://fr.wikipedia.org/?curid=126562,https://fr.wikipedia.org/wiki/Sailor Moon,Article utilisant une Infobox
Ndeye Binta Diongue,https://fr.wikipedia.org/?curid=12657977,https://fr.wikipedia.org/wiki/Ndeye Binta Diongue,Wikip\u00e9dia:\u00e9bauche escrimeuse
Nina Gavriliouk,https://fr.wikipedia.org/?curid=1265598,https://fr.wikipedia.org/wiki/Nina Gavriliouk,Article \u00e0 illustrer Sportif
Carla Guerrero,https://fr.wikipedia.org/?curid=12615356,https://fr.wikipedia.org/wiki/Carla Guerrero,Article utilisant une Infobox
Ellen Perez,https://fr.wikipedia.org/?curid=12614313,https://fr.wikipedia.org/wiki/Ellen Perez,Article utilisant une Infobox
Liste des m\u00e9daill\u00e9s aux Jeux olympiques d'\u00e9t\u00e9 de 1932,https://fr.wikipedia.org/?curid=12627304,https://fr.wikipedia.org/wiki/Liste des m\u00e9daill\u00e9s aux Jeux olympiques d'\u00e9t\u00e9 de 1932,Page utilisant une pr\u00e9sentation en colonnes avec un nombre fixe de colonnes
C\u00e1tia Azevedo,https://fr.wikipedia.org/?curid=12627437,https://fr.wikipedia.org/wiki/C\u00e1tia Azevedo,Wikip\u00e9dia:\u00e9bauche athl\u00e8te portugais
Daniela Gassmann,https://fr.wikipedia.org/?curid=12627229,https://fr.wikipedia.org/wiki/Daniela Gassmann,Article utilisant une Infobox
Megatron (chanson),https://fr.wikipedia.org/?curid=12627959,https://fr.wikipedia.org/wiki/Megatron (chanson),Article contenant un lien mort
Giuliana Olmos,https://fr.wikipedia.org/?curid=12613296,https://fr.wikipedia.org/wiki/Giuliana Olmos,Article utilisant une Infobox
Sarah Tunstall,https://fr.wikipedia.org/?curid=12623849,https://fr.wikipedia.org/wiki/Sarah Tunstall,Article utilisant une Infobox
Nina O'Brien,https://fr.wikipedia.org/?curid=12617366,https://fr.wikipedia.org/wiki/Nina O'Brien,Article \u00e0 illustrer Sportif
Ena Shibahara,https://fr.wikipedia.org/?curid=12622510,https://fr.wikipedia.org/wiki/Ena Shibahara,Article utilisant une Infobox
Larissa Iapichino,https://fr.wikipedia.org/?curid=12623412,https://fr.wikipedia.org/wiki/Larissa Iapichino,Wikip\u00e9dia:\u00e9bauche athl\u00e8te italien
Aylin Sar\u0131o\u011flu,https://fr.wikipedia.org/?curid=12623432,https://fr.wikipedia.org/wiki/Aylin Sar\u0131o\u011flu,Article \u00e0 illustrer Joueur de volley-ball
Benedetta Pilato,https://fr.wikipedia.org/?curid=12624804,https://fr.wikipedia.org/wiki/Benedetta Pilato,Article utilisant une Infobox
Larisa Kuklina,https://fr.wikipedia.org/?curid=12654005,https://fr.wikipedia.org/wiki/Larisa Kuklina,Wikip\u00e9dia:\u00e9bauche sportif russe
Svetlana Mironova,https://fr.wikipedia.org/?curid=12654029,https://fr.wikipedia.org/wiki/Svetlana Mironova,Article utilisant une Infobox
La M\u00f4me,https://fr.wikipedia.org/?curid=1265437,https://fr.wikipedia.org/wiki/La M\u00f4me,Article utilisant une Infobox
Liste des comtesses de Pembroke,https://fr.wikipedia.org/?curid=12653495,https://fr.wikipedia.org/wiki/Liste des comtesses de Pembroke,Portail:Pays de Galles/Articles li\u00e9s
Christina St\u00fcrmer,https://fr.wikipedia.org/?curid=1261373,https://fr.wikipedia.org/wiki/Christina St\u00fcrmer,Article utilisant une Infobox
Olga Volozhinskaya,https://fr.wikipedia.org/?curid=12613789,https://fr.wikipedia.org/wiki/Olga Volozhinskaya,Wikip\u00e9dia:\u00e9bauche patinage artistique
Ruth de Souza,https://fr.wikipedia.org/?curid=12611079,https://fr.wikipedia.org/wiki/Ruth de Souza,Page utilisant P569
Ievguenia Bourtassova,https://fr.wikipedia.org/?curid=12421132,https://fr.wikipedia.org/wiki/Ievguenia Bourtassova,Wikip\u00e9dia:\u00e9bauche sportif russe
Lea Sophie Friedrich,https://fr.wikipedia.org/?curid=12419305,https://fr.wikipedia.org/wiki/Lea Sophie Friedrich,Page utilisant P569
Yao Wei,https://fr.wikipedia.org/?curid=12610010,https://fr.wikipedia.org/wiki/Yao Wei,Article \u00e0 illustrer Footballeur
Laura Toivanen,https://fr.wikipedia.org/?curid=12610433,https://fr.wikipedia.org/wiki/Laura Toivanen,Wikip\u00e9dia:\u00e9bauche biathlon
Li Wen,https://fr.wikipedia.org/?curid=12609959,https://fr.wikipedia.org/wiki/Li Wen,Article \u00e0 illustrer Footballeur
Shelley Solomon,https://fr.wikipedia.org/?curid=1260803,https://fr.wikipedia.org/wiki/Shelley Solomon,Article \u00e0 illustrer Joueur de tennis
Meike Pfister,https://fr.wikipedia.org/?curid=12608985,https://fr.wikipedia.org/wiki/Meike Pfister,Page utilisant P569
Martina Rosucci,https://fr.wikipedia.org/?curid=12609326,https://fr.wikipedia.org/wiki/Martina Rosucci,Article utilisant une Infobox
Cherrie Ying,https://fr.wikipedia.org/?curid=12589925,https://fr.wikipedia.org/wiki/Cherrie Ying,Page utilisant P106
Beth Potter,https://fr.wikipedia.org/?curid=12583683,https://fr.wikipedia.org/wiki/Beth Potter,Page utilisant P569
Liste des m\u00e9daill\u00e9s aux Jeux olympiques d'\u00e9t\u00e9 de 1928,https://fr.wikipedia.org/?curid=12588114,https://fr.wikipedia.org/wiki/Liste des m\u00e9daill\u00e9s aux Jeux olympiques d'\u00e9t\u00e9 de 1928,Page utilisant une pr\u00e9sentation en colonnes avec un nombre fixe de colonnes
Na Hae-ryung,https://fr.wikipedia.org/?curid=12584385,https://fr.wikipedia.org/wiki/Na Hae-ryung,Page utilisant P569
Ilaria Mauro,https://fr.wikipedia.org/?curid=12600103,https://fr.wikipedia.org/wiki/Ilaria Mauro,Article utilisant une Infobox
Klara Lundquist,https://fr.wikipedia.org/?curid=12600139,https://fr.wikipedia.org/wiki/Klara Lundquist,Article utilisant une Infobox
Ida Karstoft,https://fr.wikipedia.org/?curid=12597189,https://fr.wikipedia.org/wiki/Ida Karstoft,Wikip\u00e9dia:\u00e9bauche athl\u00e8te danois
Rom Akerson,https://fr.wikipedia.org/?curid=12601107,https://fr.wikipedia.org/wiki/Rom Akerson,Wikip\u00e9dia:\u00e9bauche triathl\u00e8te
Glennis Grace,https://fr.wikipedia.org/?curid=12578052,https://fr.wikipedia.org/wiki/Glennis Grace,Wikip\u00e9dia:\u00e9bauche chanteur n\u00e9erlandais
Gabriele Grunewald,https://fr.wikipedia.org/?curid=12605185,https://fr.wikipedia.org/wiki/Gabriele Grunewald,Article utilisant une Infobox
Jeon So-mi,https://fr.wikipedia.org/?curid=12606158,https://fr.wikipedia.org/wiki/Jeon So-mi,Article utilisant une Infobox
Chase Ealey,https://fr.wikipedia.org/?curid=12604434,https://fr.wikipedia.org/wiki/Chase Ealey,Wikip\u00e9dia:\u00e9bauche athl\u00e9tisme
Hannelore Auer,https://fr.wikipedia.org/?curid=12604472,https://fr.wikipedia.org/wiki/Hannelore Auer,Article utilisant une Infobox
Gina Dowding,https://fr.wikipedia.org/?curid=12574914,https://fr.wikipedia.org/wiki/Gina Dowding,Page utilisant P569
Ang\u00e9line Fl\u00fcckiger-Joly,https://fr.wikipedia.org/?curid=12565630,https://fr.wikipedia.org/wiki/Ang\u00e9line Fl\u00fcckiger-Joly,Article \u00e0 illustrer Athl\u00e8te
Mathilde Androu\u00ebt,https://fr.wikipedia.org/?curid=12572620,https://fr.wikipedia.org/wiki/Mathilde Androu\u00ebt,Article \u00e0 illustrer Personnalit\u00e9 politique
Dilraba Dilmurat,https://fr.wikipedia.org/?curid=12575033,https://fr.wikipedia.org/wiki/Dilraba Dilmurat,Article manquant de r\u00e9f\u00e9rences depuis mai 2019
Karolina Chrapek,https://fr.wikipedia.org/?curid=12582964,https://fr.wikipedia.org/wiki/Karolina Chrapek,Wikip\u00e9dia:\u00e9bauche ski alpin
Hailie Sahar,https://fr.wikipedia.org/?curid=12570418,https://fr.wikipedia.org/wiki/Hailie Sahar,Article utilisant une Infobox
Toby Lightman,https://fr.wikipedia.org/?curid=1257064,https://fr.wikipedia.org/wiki/Toby Lightman,Article \u00e0 recycler/Liste compl\u00e8te
Dani\u00eblle van de Donk,https://fr.wikipedia.org/?curid=12595218,https://fr.wikipedia.org/wiki/Dani\u00eblle van de Donk,Article contenant un lien mort
Turid Knaak,https://fr.wikipedia.org/?curid=12596186,https://fr.wikipedia.org/wiki/Turid Knaak,Article utilisant une Infobox
Yanara Aedo,https://fr.wikipedia.org/?curid=12595149,https://fr.wikipedia.org/wiki/Yanara Aedo,Wikip\u00e9dia:\u00e9bauche footballeuse
Elfenesh Alemu,https://fr.wikipedia.org/?curid=12491002,https://fr.wikipedia.org/wiki/Elfenesh Alemu,Page utilisant P569
Carol Bouvard,https://fr.wikipedia.org/?curid=12375552,https://fr.wikipedia.org/wiki/Carol Bouvard,Wikip\u00e9dia:\u00e9bauche ski acrobatique
Alice Merryweather,https://fr.wikipedia.org/?curid=12380516,https://fr.wikipedia.org/wiki/Alice Merryweather,Page utilisant P569
Andrea Ellenberger,https://fr.wikipedia.org/?curid=12376413,https://fr.wikipedia.org/wiki/Andrea Ellenberger,Article \u00e0 illustrer Sportif
Claudia Pina,https://fr.wikipedia.org/?curid=12376528,https://fr.wikipedia.org/wiki/Claudia Pina,Article manquant de r\u00e9f\u00e9rences depuis f\u00e9vrier 2019
Liubov Nikitina,https://fr.wikipedia.org/?curid=12372626,https://fr.wikipedia.org/wiki/Liubov Nikitina,Wikip\u00e9dia:\u00e9bauche ski acrobatique
Paula Moltzan,https://fr.wikipedia.org/?curid=12380136,https://fr.wikipedia.org/wiki/Paula Moltzan,Article utilisant une Infobox
S\u00edlvia Rebelo,https://fr.wikipedia.org/?curid=12383805,https://fr.wikipedia.org/wiki/S\u00edlvia Rebelo,Wikip\u00e9dia:\u00e9bauche footballeuse
Wiem Trabelsi,https://fr.wikipedia.org/?curid=12466258,https://fr.wikipedia.org/wiki/Wiem Trabelsi,Wikip\u00e9dia:\u00e9bauche sportif tunisien
Lamia Chemlal,https://fr.wikipedia.org/?curid=12466302,https://fr.wikipedia.org/wiki/Lamia Chemlal,Wikip\u00e9dia:\u00e9bauche sportif alg\u00e9rien
Angela Farrell,https://fr.wikipedia.org/?curid=12465640,https://fr.wikipedia.org/wiki/Angela Farrell,Article contenant un lien mort
Yang Aihua,https://fr.wikipedia.org/?curid=12465772,https://fr.wikipedia.org/wiki/Yang Aihua,Article \u00e0 illustrer Sportif
Kornelia Gressler,https://fr.wikipedia.org/?curid=12465909,https://fr.wikipedia.org/wiki/Kornelia Gressler,Wikip\u00e9dia:\u00e9bauche sportif allemand
Liu Limin,https://fr.wikipedia.org/?curid=12467499,https://fr.wikipedia.org/wiki/Liu Limin,Article \u00e0 illustrer Sportif
Nakoruru,https://fr.wikipedia.org/?curid=12351799,https://fr.wikipedia.org/wiki/Nakoruru,Article utilisant une Infobox
Johanna B\u0153uf,https://fr.wikipedia.org/?curid=12461366,https://fr.wikipedia.org/wiki/Johanna B\u0153uf,Article \u00e0 illustrer Sportif
Ellesse Andrews,https://fr.wikipedia.org/?curid=12460071,https://fr.wikipedia.org/wiki/Ellesse Andrews,Page utilisant P569
Tracey Wickham,https://fr.wikipedia.org/?curid=12462746,https://fr.wikipedia.org/wiki/Tracey Wickham,Article utilisant une Infobox
Katharina Huber,https://fr.wikipedia.org/?curid=12418815,https://fr.wikipedia.org/wiki/Katharina Huber,Page utilisant P569
Liste des conjoints des souverains de Sicile,https://fr.wikipedia.org/?curid=12433763,https://fr.wikipedia.org/wiki/Liste des conjoints des souverains de Sicile,Article utilisant une Infobox
Kylie Sonique Love,https://fr.wikipedia.org/?curid=12436380,https://fr.wikipedia.org/wiki/Kylie Sonique Love,Page utilisant des donn\u00e9es de Wikidata \u00e0 traduire de l'anglais
Flora Ugwunwa,https://fr.wikipedia.org/?curid=12434158,https://fr.wikipedia.org/wiki/Flora Ugwunwa,Article \u00e0 illustrer Athl\u00e8te
Christina Aguilera,https://fr.wikipedia.org/?curid=124538,https://fr.wikipedia.org/wiki/Christina Aguilera,Article utilisant une Infobox
Rokhayatou Sonko,https://fr.wikipedia.org/?curid=12453831,https://fr.wikipedia.org/wiki/Rokhayatou Sonko,Wikip\u00e9dia:\u00e9bauche lutte
Hanna Hirsch-Pauli,https://fr.wikipedia.org/?curid=12453250,https://fr.wikipedia.org/wiki/Hanna Hirsch-Pauli,Page utilisant P569
Shi Yiting,https://fr.wikipedia.org/?curid=12456455,https://fr.wikipedia.org/wiki/Shi Yiting,Article \u00e0 illustrer Athl\u00e8te
Aur\u00e9lie Bonnan,https://fr.wikipedia.org/?curid=1245654,https://fr.wikipedia.org/wiki/Aur\u00e9lie Bonnan,Article utilisant une Infobox
Kim Go-eun,https://fr.wikipedia.org/?curid=12456680,https://fr.wikipedia.org/wiki/Kim Go-eun,Article contenant un lien mort
Megan Amram,https://fr.wikipedia.org/?curid=12455853,https://fr.wikipedia.org/wiki/Megan Amram,Wikip\u00e9dia:\u00e9bauche sc\u00e9nariste am\u00e9ricain
Bona (chanteuse),https://fr.wikipedia.org/?curid=12454640,https://fr.wikipedia.org/wiki/Bona (chanteuse),Article utilisant une Infobox
Claire Tomaszewski,https://fr.wikipedia.org/?curid=1245752,https://fr.wikipedia.org/wiki/Claire Tomaszewski,Wikip\u00e9dia:\u00e9bauche basket-ball
Claudia Nicoleitzik,https://fr.wikipedia.org/?curid=12446505,https://fr.wikipedia.org/wiki/Claudia Nicoleitzik,Article utilisant une Infobox
Jordynne Grace,https://fr.wikipedia.org/?curid=12326863,https://fr.wikipedia.org/wiki/Jordynne Grace,Page utilisant P27
Brittney Karbowski,https://fr.wikipedia.org/?curid=12332149,https://fr.wikipedia.org/wiki/Brittney Karbowski,Wikip\u00e9dia:\u00e9bauche acteur am\u00e9ricain
Elizabet Tursynbaeva,https://fr.wikipedia.org/?curid=12452208,https://fr.wikipedia.org/wiki/Elizabet Tursynbaeva,Page utilisant P569
Dororo (s\u00e9rie t\u00e9l\u00e9vis\u00e9e d'animation),https://fr.wikipedia.org/?curid=12450030,https://fr.wikipedia.org/wiki/Dororo (s\u00e9rie t\u00e9l\u00e9vis\u00e9e d'animation),Article utilisant une Infobox
Lelde Gas\u016bna,https://fr.wikipedia.org/?curid=12422597,https://fr.wikipedia.org/wiki/Lelde Gas\u016bna,Page utilisant P569
Akiko Hayakawa,https://fr.wikipedia.org/?curid=12702825,https://fr.wikipedia.org/wiki/Akiko Hayakawa,Wikip\u00e9dia:\u00e9bauche footballeuse
Taeko Kawasumi,https://fr.wikipedia.org/?curid=12702835,https://fr.wikipedia.org/wiki/Taeko Kawasumi,Wikip\u00e9dia:\u00e9bauche footballeuse
Yuriko Mizuma,https://fr.wikipedia.org/?curid=12702859,https://fr.wikipedia.org/wiki/Yuriko Mizuma,Wikip\u00e9dia:\u00e9bauche footballeuse
Tamaki Uchiyama,https://fr.wikipedia.org/?curid=12702863,https://fr.wikipedia.org/wiki/Tamaki Uchiyama,Wikip\u00e9dia:\u00e9bauche footballeuse
Ryoko Uno,https://fr.wikipedia.org/?curid=12702867,https://fr.wikipedia.org/wiki/Ryoko Uno,Wikip\u00e9dia:\u00e9bauche footballeuse
Maki Haneta,https://fr.wikipedia.org/?curid=12702885,https://fr.wikipedia.org/wiki/Maki Haneta,Wikip\u00e9dia:\u00e9bauche footballeuse
Kaoru Kadohara,https://fr.wikipedia.org/?curid=12702889,https://fr.wikipedia.org/wiki/Kaoru Kadohara,Wikip\u00e9dia:\u00e9bauche footballeuse
Lost : Les Disparus,https://fr.wikipedia.org/?curid=127029,https://fr.wikipedia.org/wiki/Lost : Les Disparus,Article contenant un lien mort
Yuko Morimoto,https://fr.wikipedia.org/?curid=12702912,https://fr.wikipedia.org/wiki/Yuko Morimoto,Wikip\u00e9dia:\u00e9bauche footballeuse
Gigi Leung,https://fr.wikipedia.org/?curid=12702938,https://fr.wikipedia.org/wiki/Gigi Leung,Article utilisant une Infobox
Inesu Emiko Takeoka,https://fr.wikipedia.org/?curid=12702966,https://fr.wikipedia.org/wiki/Inesu Emiko Takeoka,Wikip\u00e9dia:\u00e9bauche footballeuse
Etsuko Tahara,https://fr.wikipedia.org/?curid=12702974,https://fr.wikipedia.org/wiki/Etsuko Tahara,Wikip\u00e9dia:\u00e9bauche footballeuse
Kae Nishina,https://fr.wikipedia.org/?curid=12702979,https://fr.wikipedia.org/wiki/Kae Nishina,Wikip\u00e9dia:\u00e9bauche footballeuse
Rie Kimura,https://fr.wikipedia.org/?curid=12703035,https://fr.wikipedia.org/wiki/Rie Kimura,Wikip\u00e9dia:\u00e9bauche footballeuse
Tomoe Kato,https://fr.wikipedia.org/?curid=12703042,https://fr.wikipedia.org/wiki/Tomoe Kato,Wikip\u00e9dia:\u00e9bauche footballeuse
Tomomi Miyamoto,https://fr.wikipedia.org/?curid=12703046,https://fr.wikipedia.org/wiki/Tomomi Miyamoto,Wikip\u00e9dia:\u00e9bauche footballeuse
Yumi Umeoka,https://fr.wikipedia.org/?curid=12703057,https://fr.wikipedia.org/wiki/Yumi Umeoka,Wikip\u00e9dia:\u00e9bauche footballeuse
Mito Isaka,https://fr.wikipedia.org/?curid=12703059,https://fr.wikipedia.org/wiki/Mito Isaka,Wikip\u00e9dia:\u00e9bauche footballeuse
Mai Nakachi,https://fr.wikipedia.org/?curid=12703072,https://fr.wikipedia.org/wiki/Mai Nakachi,Wikip\u00e9dia:\u00e9bauche footballeuse
Kazumi Kishi,https://fr.wikipedia.org/?curid=12703093,https://fr.wikipedia.org/wiki/Kazumi Kishi,Wikip\u00e9dia:\u00e9bauche footballeuse
Yasuyo Yamagishi,https://fr.wikipedia.org/?curid=12703099,https://fr.wikipedia.org/wiki/Yasuyo Yamagishi,Wikip\u00e9dia:\u00e9bauche footballeuse
Yayoi Kobayashi,https://fr.wikipedia.org/?curid=12703107,https://fr.wikipedia.org/wiki/Yayoi Kobayashi,Wikip\u00e9dia:\u00e9bauche footballeuse
Naoko Nishigai,https://fr.wikipedia.org/?curid=12703111,https://fr.wikipedia.org/wiki/Naoko Nishigai,Wikip\u00e9dia:\u00e9bauche footballeuse
Yoshie Kasajima,https://fr.wikipedia.org/?curid=12703127,https://fr.wikipedia.org/wiki/Yoshie Kasajima,Wikip\u00e9dia:\u00e9bauche footballeuse
Mai Aizawa,https://fr.wikipedia.org/?curid=12703137,https://fr.wikipedia.org/wiki/Mai Aizawa,Wikip\u00e9dia:\u00e9bauche footballeuse
Shoko Mikami,https://fr.wikipedia.org/?curid=12703144,https://fr.wikipedia.org/wiki/Shoko Mikami,Wikip\u00e9dia:\u00e9bauche footballeuse
L'Inspecteur Harry (s\u00e9rie de films),https://fr.wikipedia.org/?curid=1270406,https://fr.wikipedia.org/wiki/L'Inspecteur Harry (s\u00e9rie de films),Page utilisant une frise chronologique
Marumi Yamazaki,https://fr.wikipedia.org/?curid=12706133,https://fr.wikipedia.org/wiki/Marumi Yamazaki,Wikip\u00e9dia:\u00e9bauche footballeuse
Yuka Kado,https://fr.wikipedia.org/?curid=12706137,https://fr.wikipedia.org/wiki/Yuka Kado,Wikip\u00e9dia:\u00e9bauche footballeuse
Valeriia Vasnetsova,https://fr.wikipedia.org/?curid=12705466,https://fr.wikipedia.org/wiki/Valeriia Vasnetsova,Wikip\u00e9dia:\u00e9bauche biathlon
Maiko Nasu,https://fr.wikipedia.org/?curid=12704895,https://fr.wikipedia.org/wiki/Maiko Nasu,Wikip\u00e9dia:\u00e9bauche footballeuse
Anne Kjersti Kalv\u00e5,https://fr.wikipedia.org/?curid=12704909,https://fr.wikipedia.org/wiki/Anne Kjersti Kalv\u00e5,Wikip\u00e9dia:\u00e9bauche ski de fond
Nanase Kiryu,https://fr.wikipedia.org/?curid=12704931,https://fr.wikipedia.org/wiki/Nanase Kiryu,Wikip\u00e9dia:\u00e9bauche footballeuse
Erina Yamane,https://fr.wikipedia.org/?curid=12704967,https://fr.wikipedia.org/wiki/Erina Yamane,Wikip\u00e9dia:\u00e9bauche footballeuse
Chiaki Minamiyama,https://fr.wikipedia.org/?curid=12704983,https://fr.wikipedia.org/wiki/Chiaki Minamiyama,Wikip\u00e9dia:\u00e9bauche footballeuse
Yuiko Konno,https://fr.wikipedia.org/?curid=12705004,https://fr.wikipedia.org/wiki/Yuiko Konno,Wikip\u00e9dia:\u00e9bauche footballeuse
Akane Saito,https://fr.wikipedia.org/?curid=12705013,https://fr.wikipedia.org/wiki/Akane Saito,Wikip\u00e9dia:\u00e9bauche footballeuse
Yuki Sakai,https://fr.wikipedia.org/?curid=12705020,https://fr.wikipedia.org/wiki/Yuki Sakai,Wikip\u00e9dia:\u00e9bauche footballeuse
Saori Ariyoshi,https://fr.wikipedia.org/?curid=12705030,https://fr.wikipedia.org/wiki/Saori Ariyoshi,Wikip\u00e9dia:\u00e9bauche footballeuse
Tomoko Suzuki,https://fr.wikipedia.org/?curid=12704404,https://fr.wikipedia.org/wiki/Tomoko Suzuki,Wikip\u00e9dia:\u00e9bauche footballeuse
Akiko Sudo,https://fr.wikipedia.org/?curid=12704411,https://fr.wikipedia.org/wiki/Akiko Sudo,Wikip\u00e9dia:\u00e9bauche footballeuse
Hiroko Sano,https://fr.wikipedia.org/?curid=12704430,https://fr.wikipedia.org/wiki/Hiroko Sano,Wikip\u00e9dia:\u00e9bauche footballeuse
Akiko Niwata,https://fr.wikipedia.org/?curid=12704459,https://fr.wikipedia.org/wiki/Akiko Niwata,Wikip\u00e9dia:\u00e9bauche footballeuse
Eriko Sato (football),https://fr.wikipedia.org/?curid=12704488,https://fr.wikipedia.org/wiki/Eriko Sato (football),Wikip\u00e9dia:\u00e9bauche footballeuse
Saiko Takahashi,https://fr.wikipedia.org/?curid=12704553,https://fr.wikipedia.org/wiki/Saiko Takahashi,Wikip\u00e9dia:\u00e9bauche footballeuse
Natsumi Hara,https://fr.wikipedia.org/?curid=12704559,https://fr.wikipedia.org/wiki/Natsumi Hara,Wikip\u00e9dia:\u00e9bauche footballeuse
Maiko Nakaoka,https://fr.wikipedia.org/?curid=12704591,https://fr.wikipedia.org/wiki/Maiko Nakaoka,Wikip\u00e9dia:\u00e9bauche footballeuse
Michi Goto,https://fr.wikipedia.org/?curid=12704650,https://fr.wikipedia.org/wiki/Michi Goto,Wikip\u00e9dia:\u00e9bauche footballeuse
Shiho Ogawa,https://fr.wikipedia.org/?curid=12706150,https://fr.wikipedia.org/wiki/Shiho Ogawa,Wikip\u00e9dia:\u00e9bauche footballeuse
Shiori Miyake,https://fr.wikipedia.org/?curid=12706182,https://fr.wikipedia.org/wiki/Shiori Miyake,Wikip\u00e9dia:\u00e9bauche footballeuse
Saki Ueno,https://fr.wikipedia.org/?curid=12706198,https://fr.wikipedia.org/wiki/Saki Ueno,Wikip\u00e9dia:\u00e9bauche footballeuse
Rie Azami,https://fr.wikipedia.org/?curid=12706202,https://fr.wikipedia.org/wiki/Rie Azami,Wikip\u00e9dia:\u00e9bauche footballeuse
Chinatsu Kira,https://fr.wikipedia.org/?curid=12706217,https://fr.wikipedia.org/wiki/Chinatsu Kira,Wikip\u00e9dia:\u00e9bauche footballeuse
Ruka Norimatsu,https://fr.wikipedia.org/?curid=12706220,https://fr.wikipedia.org/wiki/Ruka Norimatsu,Wikip\u00e9dia:\u00e9bauche footballeuse
Rika Masuya,https://fr.wikipedia.org/?curid=12706243,https://fr.wikipedia.org/wiki/Rika Masuya,Wikip\u00e9dia:\u00e9bauche footballeuse
Tomoko Muramatsu,https://fr.wikipedia.org/?curid=12706337,https://fr.wikipedia.org/wiki/Tomoko Muramatsu,Wikip\u00e9dia:\u00e9bauche footballeuse
Hanae Shibata,https://fr.wikipedia.org/?curid=12706341,https://fr.wikipedia.org/wiki/Hanae Shibata,Wikip\u00e9dia:\u00e9bauche footballeuse
Mayu Sasaki,https://fr.wikipedia.org/?curid=12706349,https://fr.wikipedia.org/wiki/Mayu Sasaki,Wikip\u00e9dia:\u00e9bauche footballeuse
Yu Nakasato,https://fr.wikipedia.org/?curid=12706364,https://fr.wikipedia.org/wiki/Yu Nakasato,Wikip\u00e9dia:\u00e9bauche footballeuse
Hikari Takagi,https://fr.wikipedia.org/?curid=12706375,https://fr.wikipedia.org/wiki/Hikari Takagi,Wikip\u00e9dia:\u00e9bauche footballeuse
Sakiko Ikeda,https://fr.wikipedia.org/?curid=12706404,https://fr.wikipedia.org/wiki/Sakiko Ikeda,Wikip\u00e9dia:\u00e9bauche footballeuse
Ayumi Oya,https://fr.wikipedia.org/?curid=12706411,https://fr.wikipedia.org/wiki/Ayumi Oya,Wikip\u00e9dia:\u00e9bauche footballeuse
Rin Sumida,https://fr.wikipedia.org/?curid=12706414,https://fr.wikipedia.org/wiki/Rin Sumida,Wikip\u00e9dia:\u00e9bauche footballeuse
Miho Manya,https://fr.wikipedia.org/?curid=12706429,https://fr.wikipedia.org/wiki/Miho Manya,Wikip\u00e9dia:\u00e9bauche footballeuse
Shiho Tomari,https://fr.wikipedia.org/?curid=12706438,https://fr.wikipedia.org/wiki/Shiho Tomari,Wikip\u00e9dia:\u00e9bauche footballeuse
Madoka Haji,https://fr.wikipedia.org/?curid=12706446,https://fr.wikipedia.org/wiki/Madoka Haji,Wikip\u00e9dia:\u00e9bauche footballeuse
Aimi Kunitake,https://fr.wikipedia.org/?curid=12706480,https://fr.wikipedia.org/wiki/Aimi Kunitake,Wikip\u00e9dia:\u00e9bauche footballeuse
Fuka Nagano,https://fr.wikipedia.org/?curid=12706502,https://fr.wikipedia.org/wiki/Fuka Nagano,Wikip\u00e9dia:\u00e9bauche footballeuse
Hinata Miyazawa,https://fr.wikipedia.org/?curid=12706506,https://fr.wikipedia.org/wiki/Hinata Miyazawa,Wikip\u00e9dia:\u00e9bauche footballeuse
Gabriella Kouassi,https://fr.wikipedia.org/?curid=12670173,https://fr.wikipedia.org/wiki/Gabriella Kouassi,Wikip\u00e9dia:\u00e9bauche athl\u00e8te fran\u00e7ais
Elena Rybakina,https://fr.wikipedia.org/?curid=12670428,https://fr.wikipedia.org/wiki/Elena Rybakina,Article utilisant une Infobox
Theod\u00f3ra Gkounto\u00fara,https://fr.wikipedia.org/?curid=12670690,https://fr.wikipedia.org/wiki/Theod\u00f3ra Gkounto\u00fara,Article utilisant une Infobox
Irina Tananaiko,https://fr.wikipedia.org/?curid=12698855,https://fr.wikipedia.org/wiki/Irina Tananaiko,Wikip\u00e9dia:\u00e9bauche biathlon
Tetiana Rud,https://fr.wikipedia.org/?curid=12697579,https://fr.wikipedia.org/wiki/Tetiana Rud,Wikip\u00e9dia:\u00e9bauche biathlon
Tissanna Hickling,https://fr.wikipedia.org/?curid=12699344,https://fr.wikipedia.org/wiki/Tissanna Hickling,Wikip\u00e9dia:\u00e9bauche athl\u00e8te jama\u00efcain
Mai Kuraki,https://fr.wikipedia.org/?curid=1269700,https://fr.wikipedia.org/wiki/Mai Kuraki,Article utilisant une Infobox
C\u00e9line Boutier,https://fr.wikipedia.org/?curid=12696137,https://fr.wikipedia.org/wiki/C\u00e9line Boutier,Article utilisant une Infobox
Olga Iakushova,https://fr.wikipedia.org/?curid=12690382,https://fr.wikipedia.org/wiki/Olga Iakushova,Wikip\u00e9dia:\u00e9bauche sportif russe
Martina Chrap\u00e1nov\u00e1,https://fr.wikipedia.org/?curid=12688742,https://fr.wikipedia.org/wiki/Martina Chrap\u00e1nov\u00e1,Article utilisant une Infobox
Monster (manga),https://fr.wikipedia.org/?curid=12687,https://fr.wikipedia.org/wiki/Monster (manga),Article utilisant une Infobox
Marie-Laure Dumergues,https://fr.wikipedia.org/?curid=12681371,https://fr.wikipedia.org/wiki/Marie-Laure Dumergues,Wikip\u00e9dia:\u00e9bauche athl\u00e8te fran\u00e7ais
Teahna Daniels,https://fr.wikipedia.org/?curid=12681555,https://fr.wikipedia.org/wiki/Teahna Daniels,Wikip\u00e9dia:\u00e9bauche athl\u00e8te am\u00e9ricain
Janice Griffith,https://fr.wikipedia.org/?curid=12679738,https://fr.wikipedia.org/wiki/Janice Griffith,Page utilisant P569
Lost Ark,https://fr.wikipedia.org/?curid=12682727,https://fr.wikipedia.org/wiki/Lost Ark,Wikip\u00e9dia:\u00e9bauche jeu vid\u00e9o
\u013dubom\u00edra Kalinov\u00e1,https://fr.wikipedia.org/?curid=12710948,https://fr.wikipedia.org/wiki/\u013dubom\u00edra Kalinov\u00e1,Wikip\u00e9dia:\u00e9bauche sportif slovaque
Anita H\u00e5kenstad Evertsen,https://fr.wikipedia.org/?curid=12709612,https://fr.wikipedia.org/wiki/Anita H\u00e5kenstad Evertsen,Article \u00e0 illustrer Sportif
Veronika Staber,https://fr.wikipedia.org/?curid=12692885,https://fr.wikipedia.org/wiki/Veronika Staber,Page utilisant P569
Andrea Jard\u00ed,https://fr.wikipedia.org/?curid=12692972,https://fr.wikipedia.org/wiki/Andrea Jard\u00ed,Wikip\u00e9dia:\u00e9bauche ski alpin
Karma Rx,https://fr.wikipedia.org/?curid=12680038,https://fr.wikipedia.org/wiki/Karma Rx,Wikip\u00e9dia:\u00e9bauche actrice pornographique am\u00e9ricaine
Liste des comtesses et duchesses d'Anjou,https://fr.wikipedia.org/?curid=12680100,https://fr.wikipedia.org/wiki/Liste des comtesses et duchesses d'Anjou,Article utilisant une Infobox
Milagros Men\u00e9ndez,https://fr.wikipedia.org/?curid=12680358,https://fr.wikipedia.org/wiki/Milagros Men\u00e9ndez,Wikip\u00e9dia:\u00e9bauche footballeuse
Mihoko Iwaya,https://fr.wikipedia.org/?curid=12702739,https://fr.wikipedia.org/wiki/Mihoko Iwaya,Wikip\u00e9dia:\u00e9bauche footballeuse
Kaoru Kakinami,https://fr.wikipedia.org/?curid=12702744,https://fr.wikipedia.org/wiki/Kaoru Kakinami,Wikip\u00e9dia:\u00e9bauche footballeuse
Tomoko Ohara,https://fr.wikipedia.org/?curid=12702750,https://fr.wikipedia.org/wiki/Tomoko Ohara,Wikip\u00e9dia:\u00e9bauche footballeuse
Masako Yoshida,https://fr.wikipedia.org/?curid=12702753,https://fr.wikipedia.org/wiki/Masako Yoshida,Wikip\u00e9dia:\u00e9bauche footballeuse
Kazuko Hironaka,https://fr.wikipedia.org/?curid=12702780,https://fr.wikipedia.org/wiki/Kazuko Hironaka,Wikip\u00e9dia:\u00e9bauche footballeuse
Chiaki Yamada,https://fr.wikipedia.org/?curid=12702783,https://fr.wikipedia.org/wiki/Chiaki Yamada,Wikip\u00e9dia:\u00e9bauche footballeuse
Akemi Noda,https://fr.wikipedia.org/?curid=12702787,https://fr.wikipedia.org/wiki/Akemi Noda,Wikip\u00e9dia:\u00e9bauche footballeuse
Mami Kaneda,https://fr.wikipedia.org/?curid=12702789,https://fr.wikipedia.org/wiki/Mami Kaneda,Wikip\u00e9dia:\u00e9bauche footballeuse
Yuko Oita,https://fr.wikipedia.org/?curid=12702814,https://fr.wikipedia.org/wiki/Yuko Oita,Wikip\u00e9dia:\u00e9bauche footballeuse
Tomomi Seo,https://fr.wikipedia.org/?curid=12702820,https://fr.wikipedia.org/wiki/Tomomi Seo,Wikip\u00e9dia:\u00e9bauche footballeuse
Naoko Kawakami,https://fr.wikipedia.org/?curid=12703210,https://fr.wikipedia.org/wiki/Naoko Kawakami,Wikip\u00e9dia:\u00e9bauche footballeuse
Noriko Baba (footballeuse),https://fr.wikipedia.org/?curid=12703220,https://fr.wikipedia.org/wiki/Noriko Baba (footballeuse),Wikip\u00e9dia:\u00e9bauche footballeuse
Yuka Miyazaki (football),https://fr.wikipedia.org/?curid=12703256,https://fr.wikipedia.org/wiki/Yuka Miyazaki (football),Wikip\u00e9dia:\u00e9bauche footballeuse
Idy Chan,https://fr.wikipedia.org/?curid=12703348,https://fr.wikipedia.org/wiki/Idy Chan,Article \u00e0 illustrer Personnalit\u00e9 du cin\u00e9ma
Shiho Kaneda,https://fr.wikipedia.org/?curid=12702034,https://fr.wikipedia.org/wiki/Shiho Kaneda,Wikip\u00e9dia:\u00e9bauche footballeuse
Chieko Homma,https://fr.wikipedia.org/?curid=12702038,https://fr.wikipedia.org/wiki/Chieko Homma,Wikip\u00e9dia:\u00e9bauche footballeuse
Midori Honda,https://fr.wikipedia.org/?curid=12701987,https://fr.wikipedia.org/wiki/Midori Honda,Wikip\u00e9dia:\u00e9bauche footballeuse
Bogdana Matsotska,https://fr.wikipedia.org/?curid=12701411,https://fr.wikipedia.org/wiki/Bogdana Matsotska,Wikip\u00e9dia:\u00e9bauche ski alpin
Britany Anderson,https://fr.wikipedia.org/?curid=12678074,https://fr.wikipedia.org/wiki/Britany Anderson,Page utilisant P569
Anna Pichrtov\u00e1,https://fr.wikipedia.org/?curid=12678183,https://fr.wikipedia.org/wiki/Anna Pichrtov\u00e1,Article utilisant une Infobox
"DC Super Hero Girls (s\u00e9rie t\u00e9l\u00e9vis\u00e9e d'animation, 2019)",https://fr.wikipedia.org/?curid=12676955,"https://fr.wikipedia.org/wiki/DC Super Hero Girls (s\u00e9rie t\u00e9l\u00e9vis\u00e9e d'animation, 2019)",Article manquant de r\u00e9f\u00e9rences depuis novembre 2020
Arnaud Dely,https://fr.wikipedia.org/?curid=12674356,https://fr.wikipedia.org/wiki/Arnaud Dely,Wikip\u00e9dia:\u00e9bauche triathl\u00e8te
Aloisia Brial,https://fr.wikipedia.org/?curid=12674443,https://fr.wikipedia.org/wiki/Aloisia Brial,Page utilisant P19
Betina O'Connell,https://fr.wikipedia.org/?curid=12672692,https://fr.wikipedia.org/wiki/Betina O'Connell,Article \u00e0 illustrer Personnalit\u00e9 du cin\u00e9ma
Liste des saisons de Roche Vend\u00e9e Basket Club,https://fr.wikipedia.org/?curid=12678698,https://fr.wikipedia.org/wiki/Liste des saisons de Roche Vend\u00e9e Basket Club,Portail:Basket-ball/Articles li\u00e9s
Rosita Rota Gelpi,https://fr.wikipedia.org/?curid=12684933,https://fr.wikipedia.org/wiki/Rosita Rota Gelpi,Wikip\u00e9dia:\u00e9bauche athl\u00e8te italien
Liste des souveraines de Toscane,https://fr.wikipedia.org/?curid=12694014,https://fr.wikipedia.org/wiki/Liste des souveraines de Toscane,Portail:Monarchie/Articles li\u00e9s
Silvia Rampazzo,https://fr.wikipedia.org/?curid=12691553,https://fr.wikipedia.org/wiki/Silvia Rampazzo,Article \u00e0 illustrer Athl\u00e8te
Geronay Whitebooi,https://fr.wikipedia.org/?curid=12691976,https://fr.wikipedia.org/wiki/Geronay Whitebooi,Wikip\u00e9dia:\u00e9bauche sportif sud-africain
Lamiaa Alzenan,https://fr.wikipedia.org/?curid=12691990,https://fr.wikipedia.org/wiki/Lamiaa Alzenan,Wikip\u00e9dia:\u00e9bauche sportif \u00e9gyptien
Jasmine Martin,https://fr.wikipedia.org/?curid=12692002,https://fr.wikipedia.org/wiki/Jasmine Martin,Wikip\u00e9dia:\u00e9bauche sportif sud-africain
Kariman Shafik,https://fr.wikipedia.org/?curid=12692015,https://fr.wikipedia.org/wiki/Kariman Shafik,Wikip\u00e9dia:\u00e9bauche sportif \u00e9gyptien
Rushell Clayton,https://fr.wikipedia.org/?curid=12672310,https://fr.wikipedia.org/wiki/Rushell Clayton,Page utilisant P569
Dalila Tayebi,https://fr.wikipedia.org/?curid=12669692,https://fr.wikipedia.org/wiki/Dalila Tayebi,Wikip\u00e9dia:\u00e9bauche athl\u00e8te alg\u00e9rien
Arianna Criscione,https://fr.wikipedia.org/?curid=12667086,https://fr.wikipedia.org/wiki/Arianna Criscione,Article contenant un lien mort
Margarita Vasileva,https://fr.wikipedia.org/?curid=12667099,https://fr.wikipedia.org/wiki/Margarita Vasileva,Wikip\u00e9dia:\u00e9bauche sportif russe
Tyler Mislawchuk,https://fr.wikipedia.org/?curid=12668013,https://fr.wikipedia.org/wiki/Tyler Mislawchuk,Wikip\u00e9dia:\u00e9bauche triathl\u00e8te
Anna Kalinskaya,https://fr.wikipedia.org/?curid=12529860,https://fr.wikipedia.org/wiki/Anna Kalinskaya,Article utilisant une Infobox
Patrizia Dorsch,https://fr.wikipedia.org/?curid=12530001,https://fr.wikipedia.org/wiki/Patrizia Dorsch,Article utilisant une Infobox
Adriana Jelinkova,https://fr.wikipedia.org/?curid=12484806,https://fr.wikipedia.org/wiki/Adriana Jelinkova,Page utilisant P569
Gabriela Capov\u00e1,https://fr.wikipedia.org/?curid=12497907,https://fr.wikipedia.org/wiki/Gabriela Capov\u00e1,Page utilisant P569
Balance ton quoi,https://fr.wikipedia.org/?curid=12497988,https://fr.wikipedia.org/wiki/Balance ton quoi,Article utilisant une Infobox
Matriclans s\u00e9r\u00e8res,https://fr.wikipedia.org/?curid=12494415,https://fr.wikipedia.org/wiki/Matriclans s\u00e9r\u00e8res,Article contenant un appel \u00e0 traduction en anglais
1917 (film),https://fr.wikipedia.org/?curid=12505204,https://fr.wikipedia.org/wiki/1917 (film),Article utilisant une Infobox
Michelle Gatting,https://fr.wikipedia.org/?curid=12516138,https://fr.wikipedia.org/wiki/Michelle Gatting,Article utilisant une Infobox
Ria van Velsen,https://fr.wikipedia.org/?curid=12516675,https://fr.wikipedia.org/wiki/Ria van Velsen,Wikip\u00e9dia:\u00e9bauche sportif n\u00e9erlandais
Parinya Chuaimaroeng,https://fr.wikipedia.org/?curid=12516774,https://fr.wikipedia.org/wiki/Parinya Chuaimaroeng,Wikip\u00e9dia:\u00e9bauche athl\u00e8te tha\u00eflandais
Demos Memneloum,https://fr.wikipedia.org/?curid=12516824,https://fr.wikipedia.org/wiki/Demos Memneloum,Article \u00e0 illustrer Judoka
Jessica Hilzinger,https://fr.wikipedia.org/?curid=12515393,https://fr.wikipedia.org/wiki/Jessica Hilzinger,Page utilisant P569
Cyndie Allemann,https://fr.wikipedia.org/?curid=1240618,https://fr.wikipedia.org/wiki/Cyndie Allemann,Wikip\u00e9dia:\u00e9bauche endurance automobile
Simona de Silvestro,https://fr.wikipedia.org/?curid=1240637,https://fr.wikipedia.org/wiki/Simona de Silvestro,Article utilisant une Infobox
Laurence St-Germain,https://fr.wikipedia.org/?curid=12401267,https://fr.wikipedia.org/wiki/Laurence St-Germain,Article utilisant une Infobox
Magdalena \u0141\u0105czak,https://fr.wikipedia.org/?curid=12401435,https://fr.wikipedia.org/wiki/Magdalena \u0141\u0105czak,Page utilisant P569
Frida Karlsson,https://fr.wikipedia.org/?curid=12401745,https://fr.wikipedia.org/wiki/Frida Karlsson,Article utilisant une Infobox
Ingebj\u00f8rg Saglien Br\u00e5ten,https://fr.wikipedia.org/?curid=12403872,https://fr.wikipedia.org/wiki/Ingebj\u00f8rg Saglien Br\u00e5ten,Wikip\u00e9dia:\u00e9bauche saut \u00e0 ski
Prix Kinuyo Tanaka,https://fr.wikipedia.org/?curid=12488689,https://fr.wikipedia.org/wiki/Prix Kinuyo Tanaka,Portail:R\u00e9compenses et distinctions/Articles li\u00e9s
Asa And\u014d,https://fr.wikipedia.org/?curid=12487747,https://fr.wikipedia.org/wiki/Asa And\u014d,Article \u00e0 illustrer Sportif
Claire Laffut,https://fr.wikipedia.org/?curid=12487759,https://fr.wikipedia.org/wiki/Claire Laffut,Wikip\u00e9dia:\u00e9bauche chanteur belge
Annie Clark (actrice),https://fr.wikipedia.org/?curid=12499484,https://fr.wikipedia.org/wiki/Annie Clark (actrice),Page utilisant P569
Cherprang Areekul,https://fr.wikipedia.org/?curid=12504201,https://fr.wikipedia.org/wiki/Cherprang Areekul,Wikip\u00e9dia:\u00e9bauche chanteur
Ginny Purdy,https://fr.wikipedia.org/?curid=1250166,https://fr.wikipedia.org/wiki/Ginny Purdy,Article \u00e0 illustrer Joueur de tennis
Ayaka K\u014dra,https://fr.wikipedia.org/?curid=12508956,https://fr.wikipedia.org/wiki/Ayaka K\u014dra,Wikip\u00e9dia:\u00e9bauche athl\u00e8te japonais
April Scott,https://fr.wikipedia.org/?curid=12509224,https://fr.wikipedia.org/wiki/April Scott,Article contenant un lien mort
Ge Manqi,https://fr.wikipedia.org/?curid=12512822,https://fr.wikipedia.org/wiki/Ge Manqi,Wikip\u00e9dia:\u00e9bauche athl\u00e8te chinois
Kristine Gjelsten Haugen,https://fr.wikipedia.org/?curid=12510682,https://fr.wikipedia.org/wiki/Kristine Gjelsten Haugen,Page utilisant P569
Miho Yoshioka,https://fr.wikipedia.org/?curid=12508279,https://fr.wikipedia.org/wiki/Miho Yoshioka,Wikip\u00e9dia:\u00e9bauche voile
Ang\u00e9lica Gavald\u00f3n,https://fr.wikipedia.org/?curid=1250865,https://fr.wikipedia.org/wiki/Ang\u00e9lica Gavald\u00f3n,Article \u00e0 illustrer Joueur de tennis
Alicja Rosolska,https://fr.wikipedia.org/?curid=1250799,https://fr.wikipedia.org/wiki/Alicja Rosolska,Article utilisant une Infobox
Ai Kondo Yoshida,https://fr.wikipedia.org/?curid=12508155,https://fr.wikipedia.org/wiki/Ai Kondo Yoshida,Wikip\u00e9dia:\u00e9bauche voile
Mariya Koryttseva,https://fr.wikipedia.org/?curid=1250759,https://fr.wikipedia.org/wiki/Mariya Koryttseva,Article utilisant une Infobox
Lana Clelland,https://fr.wikipedia.org/?curid=12483469,https://fr.wikipedia.org/wiki/Lana Clelland,Wikip\u00e9dia:\u00e9bauche footballeuse
Ylva St\u00e5lnacke,https://fr.wikipedia.org/?curid=12485981,https://fr.wikipedia.org/wiki/Ylva St\u00e5lnacke,Wikip\u00e9dia:\u00e9bauche personnalit\u00e9 su\u00e9doise
Jamie Chadwick,https://fr.wikipedia.org/?curid=12372924,https://fr.wikipedia.org/wiki/Jamie Chadwick,Article utilisant une Infobox
Gabin Villi\u00e8re,https://fr.wikipedia.org/?curid=12482038,https://fr.wikipedia.org/wiki/Gabin Villi\u00e8re,Article utilisant une Infobox
Alex Coomber,https://fr.wikipedia.org/?curid=1191010,https://fr.wikipedia.org/wiki/Alex Coomber,Wikip\u00e9dia:\u00e9bauche skeleton
Rosa Maria Reyes,https://fr.wikipedia.org/?curid=1191634,https://fr.wikipedia.org/wiki/Rosa Maria Reyes,Article \u00e0 illustrer Joueur de tennis
Jo-Ane van Dyk,https://fr.wikipedia.org/?curid=11901464,https://fr.wikipedia.org/wiki/Jo-Ane van Dyk,Wikip\u00e9dia:\u00e9bauche athl\u00e8te sud-africain
Rayni Fox,https://fr.wikipedia.org/?curid=1190369,https://fr.wikipedia.org/wiki/Rayni Fox,Article \u00e0 illustrer Joueur de tennis
Shannan McCarthy,https://fr.wikipedia.org/?curid=1190215,https://fr.wikipedia.org/wiki/Shannan McCarthy,Article \u00e0 illustrer Joueur de tennis
Hu Na,https://fr.wikipedia.org/?curid=1190305,https://fr.wikipedia.org/wiki/Hu Na,Article \u00e0 illustrer Joueur de tennis
Grace Anigbata,https://fr.wikipedia.org/?curid=11903849,https://fr.wikipedia.org/wiki/Grace Anigbata,Wikip\u00e9dia:\u00e9bauche sportif nig\u00e9rian
Ischke Senekal,https://fr.wikipedia.org/?curid=11922192,https://fr.wikipedia.org/wiki/Ischke Senekal,Article \u00e0 illustrer Athl\u00e8te
Alexandra Troussova,https://fr.wikipedia.org/?curid=12147576,https://fr.wikipedia.org/wiki/Alexandra Troussova,Article \u00e0 r\u00e9f\u00e9rence n\u00e9cessaire
Nikki Galrani,https://fr.wikipedia.org/?curid=12130005,https://fr.wikipedia.org/wiki/Nikki Galrani,Page utilisant P19
Petra Eggenschwiler,https://fr.wikipedia.org/?curid=12135053,https://fr.wikipedia.org/wiki/Petra Eggenschwiler,Wikip\u00e9dia:\u00e9bauche triathl\u00e8te
Liste des champions du monde de tennis,https://fr.wikipedia.org/?curid=1213573,https://fr.wikipedia.org/wiki/Liste des champions du monde de tennis,Article contenant un appel \u00e0 traduction en anglais
Serge Gainsbourg,https://fr.wikipedia.org/?curid=12103,https://fr.wikipedia.org/wiki/Serge Gainsbourg,Page utilisant P569
Bertrand Blier,https://fr.wikipedia.org/?curid=12121,https://fr.wikipedia.org/wiki/Bertrand Blier,Page utilisant P569
Vicci Martinez,https://fr.wikipedia.org/?curid=12127031,https://fr.wikipedia.org/wiki/Vicci Martinez,Page utilisant P569
Les Dents de la mer,https://fr.wikipedia.org/?curid=121526,https://fr.wikipedia.org/wiki/Les Dents de la mer,Article utilisant une Infobox
Adriana Barbu,https://fr.wikipedia.org/?curid=12125915,https://fr.wikipedia.org/wiki/Adriana Barbu,Wikip\u00e9dia:\u00e9bauche athl\u00e9tisme
Hilkka Riihivuori,https://fr.wikipedia.org/?curid=1213840,https://fr.wikipedia.org/wiki/Hilkka Riihivuori,Wikip\u00e9dia:\u00e9bauche ski de fond
Miss Br\u00e9sil 1968,https://fr.wikipedia.org/?curid=12142246,https://fr.wikipedia.org/wiki/Miss Br\u00e9sil 1968,Article \u00e0 illustrer Miss
Jessica Roberts,https://fr.wikipedia.org/?curid=12139856,https://fr.wikipedia.org/wiki/Jessica Roberts,Page utilisant P569
Kana Satomi,https://fr.wikipedia.org/?curid=12123944,https://fr.wikipedia.org/wiki/Kana Satomi,Page utilisant des arguments dupliqu\u00e9s dans les appels de mod\u00e8le
Lee El,https://fr.wikipedia.org/?curid=12122976,https://fr.wikipedia.org/wiki/Lee El,Article utilisant une Infobox
Siv Gustavsson,https://fr.wikipedia.org/?curid=12155823,https://fr.wikipedia.org/wiki/Siv Gustavsson,Wikip\u00e9dia:\u00e9bauche athl\u00e9tisme
Sonja Kesselschl\u00e4ger,https://fr.wikipedia.org/?curid=12158930,https://fr.wikipedia.org/wiki/Sonja Kesselschl\u00e4ger,Wikip\u00e9dia:\u00e9bauche athl\u00e9tisme
Leah Malot,https://fr.wikipedia.org/?curid=12159026,https://fr.wikipedia.org/wiki/Leah Malot,Wikip\u00e9dia:\u00e9bauche athl\u00e9tisme
Nataliya Konrad,https://fr.wikipedia.org/?curid=12153158,https://fr.wikipedia.org/wiki/Nataliya Konrad,Wikip\u00e9dia:\u00e9bauche escrimeuse
Rina Sawayama,https://fr.wikipedia.org/?curid=12103864,https://fr.wikipedia.org/wiki/Rina Sawayama,Page utilisant des arguments dupliqu\u00e9s dans les appels de mod\u00e8le
Denise Betsema,https://fr.wikipedia.org/?curid=12119618,https://fr.wikipedia.org/wiki/Denise Betsema,Page utilisant P569
Sudan Archives,https://fr.wikipedia.org/?curid=12113168,https://fr.wikipedia.org/wiki/Sudan Archives,Wikip\u00e9dia:\u00e9bauche chanteur am\u00e9ricain
Kristine Opolais,https://fr.wikipedia.org/?curid=12107646,https://fr.wikipedia.org/wiki/Kristine Opolais,Article utilisant une Infobox
Maria Francesca Bentivoglio,https://fr.wikipedia.org/?curid=12103174,https://fr.wikipedia.org/wiki/Maria Francesca Bentivoglio,Article \u00e0 illustrer Joueur de tennis
Dayana Yastremska,https://fr.wikipedia.org/?curid=12101870,https://fr.wikipedia.org/wiki/Dayana Yastremska,Article utilisant une Infobox
Raisa Smetanina,https://fr.wikipedia.org/?curid=1210194,https://fr.wikipedia.org/wiki/Raisa Smetanina,Wikip\u00e9dia:\u00e9bauche ski de fond
Sexy Star,https://fr.wikipedia.org/?curid=12104932,https://fr.wikipedia.org/wiki/Sexy Star,Page utilisant P27
Lea Antonoplis,https://fr.wikipedia.org/?curid=1185273,https://fr.wikipedia.org/wiki/Lea Antonoplis,Article \u00e0 illustrer Joueur de tennis
Rika Fujiwara,https://fr.wikipedia.org/?curid=1185027,https://fr.wikipedia.org/wiki/Rika Fujiwara,Article utilisant une Infobox
Kong Yingchao,https://fr.wikipedia.org/?curid=1203249,https://fr.wikipedia.org/wiki/Kong Yingchao,Wikip\u00e9dia:\u00e9bauche biathlon
Katar\u00edna Studen\u00edkov\u00e1,https://fr.wikipedia.org/?curid=1197597,https://fr.wikipedia.org/wiki/Katar\u00edna Studen\u00edkov\u00e1,Article \u00e0 illustrer Joueur de tennis
Joy Emerson,https://fr.wikipedia.org/?curid=1200021,https://fr.wikipedia.org/wiki/Joy Emerson,Article \u00e0 illustrer Joueur de tennis
Ayanna Pressley,https://fr.wikipedia.org/?curid=12000210,https://fr.wikipedia.org/wiki/Ayanna Pressley,Article utilisant une Infobox
Medina Warda Aulia,https://fr.wikipedia.org/?curid=12000613,https://fr.wikipedia.org/wiki/Medina Warda Aulia,Page utilisant P569
Hillary Gerardi,https://fr.wikipedia.org/?curid=12000697,https://fr.wikipedia.org/wiki/Hillary Gerardi,Wikip\u00e9dia:\u00e9bauche sportif am\u00e9ricain
Aya Koyama,https://fr.wikipedia.org/?curid=11983415,https://fr.wikipedia.org/wiki/Aya Koyama,Page utilisant P27
Debbie Jevans,https://fr.wikipedia.org/?curid=1202325,https://fr.wikipedia.org/wiki/Debbie Jevans,Article \u00e0 illustrer Joueur de tennis
Jessica Pegula,https://fr.wikipedia.org/?curid=12023378,https://fr.wikipedia.org/wiki/Jessica Pegula,Article utilisant une Infobox
High School (chanson de Nicki Minaj),https://fr.wikipedia.org/?curid=12020979,https://fr.wikipedia.org/wiki/High School (chanson de Nicki Minaj),Article utilisant une Infobox
Carol Cady,https://fr.wikipedia.org/?curid=12024885,https://fr.wikipedia.org/wiki/Carol Cady,Wikip\u00e9dia:\u00e9bauche athl\u00e8te am\u00e9ricain
Belinda Borneo,https://fr.wikipedia.org/?curid=1202397,https://fr.wikipedia.org/wiki/Belinda Borneo,Article \u00e0 illustrer Joueur de tennis
Clare Wood,https://fr.wikipedia.org/?curid=1202408,https://fr.wikipedia.org/wiki/Clare Wood,Article \u00e0 illustrer Joueur de tennis
Tine Zwaan,https://fr.wikipedia.org/?curid=1202427,https://fr.wikipedia.org/wiki/Tine Zwaan,Article utilisant une Infobox
Lana Condor,https://fr.wikipedia.org/?curid=11971757,https://fr.wikipedia.org/wiki/Lana Condor,Article utilisant une Infobox
Barbie Tingz,https://fr.wikipedia.org/?curid=11971957,https://fr.wikipedia.org/wiki/Barbie Tingz,Article contenant un lien mort
Hanna Frosterus-Segerstr\u00e5le,https://fr.wikipedia.org/?curid=12007856,https://fr.wikipedia.org/wiki/Hanna Frosterus-Segerstr\u00e5le,Page utilisant P69
Tina Huang,https://fr.wikipedia.org/?curid=11989033,https://fr.wikipedia.org/wiki/Tina Huang,Article manquant de r\u00e9f\u00e9rences depuis ao\u00fbt 2018
No Frauds,https://fr.wikipedia.org/?curid=12017709,https://fr.wikipedia.org/wiki/No Frauds,Article contenant un lien mort
Ter\u00e9zia Poliakov\u00e1,https://fr.wikipedia.org/?curid=12012543,https://fr.wikipedia.org/wiki/Ter\u00e9zia Poliakov\u00e1,Wikip\u00e9dia:\u00e9bauche biathlon
Noora Salem Jasim,https://fr.wikipedia.org/?curid=11979366,https://fr.wikipedia.org/wiki/Noora Salem Jasim,Wikip\u00e9dia:\u00e9bauche athl\u00e8te bahre\u00efni
Elina Mikhina,https://fr.wikipedia.org/?curid=11979554,https://fr.wikipedia.org/wiki/Elina Mikhina,Wikip\u00e9dia:\u00e9bauche athl\u00e8te kazakh
Agneta Asplund,https://fr.wikipedia.org/?curid=11984708,https://fr.wikipedia.org/wiki/Agneta Asplund,Page utilisant P569
Kathleen Harter,https://fr.wikipedia.org/?curid=1199726,https://fr.wikipedia.org/wiki/Kathleen Harter,Article utilisant une Infobox
Miao Yao,https://fr.wikipedia.org/?curid=11998819,https://fr.wikipedia.org/wiki/Miao Yao,Wikip\u00e9dia:\u00e9bauche athl\u00e8te chinois
Virginia P\u00e9rez,https://fr.wikipedia.org/?curid=11998827,https://fr.wikipedia.org/wiki/Virginia P\u00e9rez,Page utilisant P569
Nazia Hassan,https://fr.wikipedia.org/?curid=11999028,https://fr.wikipedia.org/wiki/Nazia Hassan,Article contenant un appel \u00e0 traduction en anglais
Patricia Bostrom,https://fr.wikipedia.org/?curid=1199484,https://fr.wikipedia.org/wiki/Patricia Bostrom,Article \u00e0 illustrer Joueur de tennis
