Name,URL1,URL2,First Category
Justin Daerr,https://fr.wikipedia.org/?curid=10993930,https://fr.wikipedia.org/wiki/Justin Daerr,Wikip\u00e9dia:\u00e9bauche triathl\u00e8te
\u00c5sa Lundstr\u00f6m,https://fr.wikipedia.org/?curid=10996862,https://fr.wikipedia.org/wiki/\u00c5sa Lundstr\u00f6m,Wikip\u00e9dia:\u00e9bauche triathlon
Yone Kamio,https://fr.wikipedia.org/?curid=1096990,https://fr.wikipedia.org/wiki/Yone Kamio,Article \u00e0 illustrer Joueur de tennis
Cl\u00e1udia Monteiro,https://fr.wikipedia.org/?curid=1097002,https://fr.wikipedia.org/wiki/Cl\u00e1udia Monteiro,Article \u00e0 illustrer Joueur de tennis
Sally Pilbeam,https://fr.wikipedia.org/?curid=10982521,https://fr.wikipedia.org/wiki/Sally Pilbeam,Wikip\u00e9dia:\u00e9bauche triathlon
Jonathan Hall (cyclisme),https://fr.wikipedia.org/?curid=10976110,https://fr.wikipedia.org/wiki/Jonathan Hall (cyclisme),Page utilisant P569
Monique Javer,https://fr.wikipedia.org/?curid=1097613,https://fr.wikipedia.org/wiki/Monique Javer,Article \u00e0 illustrer Joueur de tennis
Rima Kashafutdinova,https://fr.wikipedia.org/?curid=10973969,https://fr.wikipedia.org/wiki/Rima Kashafutdinova,Wikip\u00e9dia:\u00e9bauche athl\u00e8te kazakh
Michele Ferrarin,https://fr.wikipedia.org/?curid=10983616,https://fr.wikipedia.org/wiki/Michele Ferrarin,Wikip\u00e9dia:\u00e9bauche triathl\u00e8te
Jairo Ruiz L\u00f3pez,https://fr.wikipedia.org/?curid=10983723,https://fr.wikipedia.org/wiki/Jairo Ruiz L\u00f3pez,Wikip\u00e9dia:\u00e9bauche triathl\u00e8te
Katie Kelly,https://fr.wikipedia.org/?curid=10982578,https://fr.wikipedia.org/wiki/Katie Kelly,Article utilisant une Infobox
Alison Patrick,https://fr.wikipedia.org/?curid=10982675,https://fr.wikipedia.org/wiki/Alison Patrick,Wikip\u00e9dia:\u00e9bauche triathl\u00e8te
Melissa Reid (triathlon),https://fr.wikipedia.org/?curid=10982788,https://fr.wikipedia.org/wiki/Melissa Reid (triathlon),Wikip\u00e9dia:\u00e9bauche triathl\u00e8te
Andrew Lewis (triathlon),https://fr.wikipedia.org/?curid=10982904,https://fr.wikipedia.org/wiki/Andrew Lewis (triathlon),Wikip\u00e9dia:\u00e9bauche triathl\u00e8te
Stefan Daniel,https://fr.wikipedia.org/?curid=10983048,https://fr.wikipedia.org/wiki/Stefan Daniel,Wikip\u00e9dia:\u00e9bauche triathl\u00e8te
Clare Cunningham,https://fr.wikipedia.org/?curid=10979171,https://fr.wikipedia.org/wiki/Clare Cunningham,Wikip\u00e9dia:\u00e9bauche triathl\u00e8te
Lauren Steadman,https://fr.wikipedia.org/?curid=10979580,https://fr.wikipedia.org/wiki/Lauren Steadman,Wikip\u00e9dia:\u00e9bauche triathlon
Carlos Moleda,https://fr.wikipedia.org/?curid=10981920,https://fr.wikipedia.org/wiki/Carlos Moleda,Wikip\u00e9dia:\u00e9bauche triathlon
Mimmi Kotka,https://fr.wikipedia.org/?curid=10968497,https://fr.wikipedia.org/wiki/Mimmi Kotka,Wikip\u00e9dia:\u00e9bauche ultra-trail
Ajla Del Ponte,https://fr.wikipedia.org/?curid=10968593,https://fr.wikipedia.org/wiki/Ajla Del Ponte,Article utilisant une Infobox
Sarah Atcho,https://fr.wikipedia.org/?curid=10968668,https://fr.wikipedia.org/wiki/Sarah Atcho,Wikip\u00e9dia:\u00e9bauche athl\u00e8te suisse
Nguy\u1ec5n Th\u1ecb Huy\u1ec1n (athl\u00e9tisme),https://fr.wikipedia.org/?curid=10977989,https://fr.wikipedia.org/wiki/Nguy\u1ec5n Th\u1ecb Huy\u1ec1n (athl\u00e9tisme),Wikip\u00e9dia:\u00e9bauche athl\u00e8te
Dutee Chand,https://fr.wikipedia.org/?curid=10978237,https://fr.wikipedia.org/wiki/Dutee Chand,Wikip\u00e9dia:\u00e9bauche athl\u00e8te indien
Jetze Plat,https://fr.wikipedia.org/?curid=10978345,https://fr.wikipedia.org/wiki/Jetze Plat,Article \u00e0 illustrer Sportif
Lionel Hiffler,https://fr.wikipedia.org/?curid=10978484,https://fr.wikipedia.org/wiki/Lionel Hiffler,Wikip\u00e9dia:\u00e9bauche triathl\u00e8te
Luo Na,https://fr.wikipedia.org/?curid=10978490,https://fr.wikipedia.org/wiki/Luo Na,Wikip\u00e9dia:\u00e9bauche athl\u00e8te chinois
Mariana Ohata,https://fr.wikipedia.org/?curid=10992565,https://fr.wikipedia.org/wiki/Mariana Ohata,Wikip\u00e9dia:\u00e9bauche triathl\u00e8te
Claudia Rivas,https://fr.wikipedia.org/?curid=10992712,https://fr.wikipedia.org/wiki/Claudia Rivas,Wikip\u00e9dia:\u00e9bauche triathlon
Karel Blondeel,https://fr.wikipedia.org/?curid=10989053,https://fr.wikipedia.org/wiki/Karel Blondeel,Wikip\u00e9dia:\u00e9bauche triathl\u00e8te
Simon De Cuyper,https://fr.wikipedia.org/?curid=10991058,https://fr.wikipedia.org/wiki/Simon De Cuyper,Wikip\u00e9dia:\u00e9bauche triathl\u00e8te
Simon Thompson,https://fr.wikipedia.org/?curid=10991134,https://fr.wikipedia.org/wiki/Simon Thompson,Wikip\u00e9dia:\u00e9bauche triathl\u00e8te
Martyna Galant,https://fr.wikipedia.org/?curid=10990213,https://fr.wikipedia.org/wiki/Martyna Galant,Wikip\u00e9dia:\u00e9bauche athl\u00e8te polonais
Andriy Hluchtchenko,https://fr.wikipedia.org/?curid=10991807,https://fr.wikipedia.org/wiki/Andriy Hluchtchenko,Wikip\u00e9dia:\u00e9bauche triathl\u00e8te
Lauren Campbell,https://fr.wikipedia.org/?curid=10991909,https://fr.wikipedia.org/wiki/Lauren Campbell,Wikip\u00e9dia:\u00e9bauche triathl\u00e8te
Kyle Jones,https://fr.wikipedia.org/?curid=10991961,https://fr.wikipedia.org/wiki/Kyle Jones,Wikip\u00e9dia:\u00e9bauche triathl\u00e8te
Chris Nilsen,https://fr.wikipedia.org/?curid=10967505,https://fr.wikipedia.org/wiki/Chris Nilsen,Article utilisant une Infobox
Lucy Charles-Barclay,https://fr.wikipedia.org/?curid=10978633,https://fr.wikipedia.org/wiki/Lucy Charles-Barclay,Article utilisant une Infobox
Brenda Romero,https://fr.wikipedia.org/?curid=10970945,https://fr.wikipedia.org/wiki/Brenda Romero,Article contenant un lien mort
Julia Boserup,https://fr.wikipedia.org/?curid=10967925,https://fr.wikipedia.org/wiki/Julia Boserup,Article manquant de r\u00e9f\u00e9rences depuis juillet 2017
Camille Benjamin,https://fr.wikipedia.org/?curid=1097643,https://fr.wikipedia.org/wiki/Camille Benjamin,Article \u00e0 illustrer Joueur de tennis
Aaron Farlow,https://fr.wikipedia.org/?curid=10976848,https://fr.wikipedia.org/wiki/Aaron Farlow,Wikip\u00e9dia:\u00e9bauche triathl\u00e8te
Kimberley Morrison,https://fr.wikipedia.org/?curid=10975246,https://fr.wikipedia.org/wiki/Kimberley Morrison,Wikip\u00e9dia:\u00e9bauche triathlon
Debashree Mazumdar,https://fr.wikipedia.org/?curid=10975509,https://fr.wikipedia.org/wiki/Debashree Mazumdar,Wikip\u00e9dia:\u00e9bauche athl\u00e8te indien
Dennis Looze,https://fr.wikipedia.org/?curid=10972762,https://fr.wikipedia.org/wiki/Dennis Looze,Wikip\u00e9dia:\u00e9bauche triathlon
Irma Zwartkruis,https://fr.wikipedia.org/?curid=10972919,https://fr.wikipedia.org/wiki/Irma Zwartkruis,Wikip\u00e9dia:\u00e9bauche triathl\u00e8te
Mariya Ovchinnikova,https://fr.wikipedia.org/?curid=10973139,https://fr.wikipedia.org/wiki/Mariya Ovchinnikova,Wikip\u00e9dia:\u00e9bauche athl\u00e8te kazakh
Sayaka Aoki,https://fr.wikipedia.org/?curid=10973186,https://fr.wikipedia.org/wiki/Sayaka Aoki,Wikip\u00e9dia:\u00e9bauche athl\u00e8te japonais
Swapna Barman,https://fr.wikipedia.org/?curid=10973385,https://fr.wikipedia.org/wiki/Swapna Barman,Wikip\u00e9dia:\u00e9bauche athl\u00e8te indien
Martin Kr\u0148\u00e1vek,https://fr.wikipedia.org/?curid=10973861,https://fr.wikipedia.org/wiki/Martin Kr\u0148\u00e1vek,Wikip\u00e9dia:\u00e9bauche triathlon
Patrik Nilsson,https://fr.wikipedia.org/?curid=10974500,https://fr.wikipedia.org/wiki/Patrik Nilsson,Wikip\u00e9dia:\u00e9bauche triathl\u00e8te
Melissa Ashton,https://fr.wikipedia.org/?curid=10974521,https://fr.wikipedia.org/wiki/Melissa Ashton,Wikip\u00e9dia:\u00e9bauche triathl\u00e8te
Pip Taylor,https://fr.wikipedia.org/?curid=10974561,https://fr.wikipedia.org/wiki/Pip Taylor,Wikip\u00e9dia:\u00e9bauche triathl\u00e8te
Liste des m\u00e9daill\u00e9s olympiques en boxe,https://fr.wikipedia.org/?curid=10932280,https://fr.wikipedia.org/wiki/Liste des m\u00e9daill\u00e9s olympiques en boxe,Portail:Boxe anglaise/Articles li\u00e9s
Alexia Putellas,https://fr.wikipedia.org/?curid=10932297,https://fr.wikipedia.org/wiki/Alexia Putellas,Article utilisant une Infobox
Vivian Kong,https://fr.wikipedia.org/?curid=10932310,https://fr.wikipedia.org/wiki/Vivian Kong,Wikip\u00e9dia:\u00e9bauche escrimeuse
Park Ji-yoon,https://fr.wikipedia.org/?curid=10937516,https://fr.wikipedia.org/wiki/Park Ji-yoon,Article contenant un lien mort
Glenn Cook,https://fr.wikipedia.org/?curid=10930124,https://fr.wikipedia.org/wiki/Glenn Cook,Wikip\u00e9dia:\u00e9bauche triathl\u00e8te
William Clarke (triathlon),https://fr.wikipedia.org/?curid=10930155,https://fr.wikipedia.org/wiki/William Clarke (triathlon),Wikip\u00e9dia:\u00e9bauche triathl\u00e8te
Kleio Valentien,https://fr.wikipedia.org/?curid=10930491,https://fr.wikipedia.org/wiki/Kleio Valentien,Article manquant de r\u00e9f\u00e9rences depuis juin 2017
India Lee,https://fr.wikipedia.org/?curid=10933609,https://fr.wikipedia.org/wiki/India Lee,Wikip\u00e9dia:\u00e9bauche triathlon
Chrissy Metz,https://fr.wikipedia.org/?curid=10933728,https://fr.wikipedia.org/wiki/Chrissy Metz,Article utilisant une Infobox
Isabelle Florennes,https://fr.wikipedia.org/?curid=10935957,https://fr.wikipedia.org/wiki/Isabelle Florennes,Article manquant de r\u00e9f\u00e9rences depuis janvier 2021
Beata Naigambo,https://fr.wikipedia.org/?curid=10964484,https://fr.wikipedia.org/wiki/Beata Naigambo,Page utilisant P569
Summer Rappaport,https://fr.wikipedia.org/?curid=10965099,https://fr.wikipedia.org/wiki/Summer Rappaport,Wikip\u00e9dia:\u00e9bauche triathl\u00e8te
Ux\u00edo Abu\u00edn Ares,https://fr.wikipedia.org/?curid=10965154,https://fr.wikipedia.org/wiki/Ux\u00edo Abu\u00edn Ares,Wikip\u00e9dia:\u00e9bauche triathl\u00e8te
Ibukun Awosika,https://fr.wikipedia.org/?curid=10933930,https://fr.wikipedia.org/wiki/Ibukun Awosika,Page utilisant P569
S\u00e9bastien Fraysse,https://fr.wikipedia.org/?curid=10933984,https://fr.wikipedia.org/wiki/S\u00e9bastien Fraysse,Wikip\u00e9dia:\u00e9bauche natation
Fr\u00e9d\u00e9rique Meunier,https://fr.wikipedia.org/?curid=10936028,https://fr.wikipedia.org/wiki/Fr\u00e9d\u00e9rique Meunier,Article \u00e0 illustrer Personnalit\u00e9 politique
Ya\u00ebl Braun-Pivet,https://fr.wikipedia.org/?curid=10936163,https://fr.wikipedia.org/wiki/Ya\u00ebl Braun-Pivet,Article utilisant une Infobox
Megan Siler,https://fr.wikipedia.org/?curid=10938061,https://fr.wikipedia.org/wiki/Megan Siler,Wikip\u00e9dia:\u00e9bauche r\u00e9alisateur am\u00e9ricain
Crystal Emmanuel,https://fr.wikipedia.org/?curid=10940609,https://fr.wikipedia.org/wiki/Crystal Emmanuel,Wikip\u00e9dia:\u00e9bauche athl\u00e9tisme
Lisanne de Witte,https://fr.wikipedia.org/?curid=10952927,https://fr.wikipedia.org/wiki/Lisanne de Witte,Wikip\u00e9dia:\u00e9bauche athl\u00e8te n\u00e9erlandais
Yvette Grice,https://fr.wikipedia.org/?curid=10955097,https://fr.wikipedia.org/wiki/Yvette Grice,Wikip\u00e9dia:\u00e9bauche triathl\u00e8te
Daniel Halksworth,https://fr.wikipedia.org/?curid=10955130,https://fr.wikipedia.org/wiki/Daniel Halksworth,Wikip\u00e9dia:\u00e9bauche triathl\u00e8te
Philip Graves (triathlon),https://fr.wikipedia.org/?curid=10955158,https://fr.wikipedia.org/wiki/Philip Graves (triathlon),Article \u00e0 illustrer Sportif
Laura Siddall,https://fr.wikipedia.org/?curid=10955412,https://fr.wikipedia.org/wiki/Laura Siddall,Wikip\u00e9dia:\u00e9bauche triathl\u00e8te
Jeanni Seymour,https://fr.wikipedia.org/?curid=10955481,https://fr.wikipedia.org/wiki/Jeanni Seymour,Article \u00e0 illustrer Sportif
Cat Bradley,https://fr.wikipedia.org/?curid=10955562,https://fr.wikipedia.org/wiki/Cat Bradley,Page utilisant P569
Dani\u00e8le Obono,https://fr.wikipedia.org/?curid=10934595,https://fr.wikipedia.org/wiki/Dani\u00e8le Obono,Page en semi-protection longue
N\u00fabia Soares,https://fr.wikipedia.org/?curid=10948720,https://fr.wikipedia.org/wiki/N\u00fabia Soares,Article \u00e0 illustrer Athl\u00e8te
Xosha Roquemore,https://fr.wikipedia.org/?curid=10950933,https://fr.wikipedia.org/wiki/Xosha Roquemore,Article manquant de r\u00e9f\u00e9rences depuis juin 2017
Kim Ji-won (actrice),https://fr.wikipedia.org/?curid=10948880,https://fr.wikipedia.org/wiki/Kim Ji-won (actrice),Article contenant un lien mort
Marie Laurence Gaudrat,https://fr.wikipedia.org/?curid=10949155,https://fr.wikipedia.org/wiki/Marie Laurence Gaudrat,Wikip\u00e9dia:\u00e9bauche peintre fran\u00e7ais
Tam\u00e1s T\u00f3th,https://fr.wikipedia.org/?curid=10949177,https://fr.wikipedia.org/wiki/Tam\u00e1s T\u00f3th,Wikip\u00e9dia:\u00e9bauche triathl\u00e8te
Vit\u00f3ria Cristina Rosa,https://fr.wikipedia.org/?curid=10949235,https://fr.wikipedia.org/wiki/Vit\u00f3ria Cristina Rosa,Wikip\u00e9dia:\u00e9bauche athl\u00e8te br\u00e9silien
Mar\u00eda Fernanda Murillo,https://fr.wikipedia.org/?curid=10949256,https://fr.wikipedia.org/wiki/Mar\u00eda Fernanda Murillo,Wikip\u00e9dia:\u00e9bauche athl\u00e8te colombien
Andrea Purica,https://fr.wikipedia.org/?curid=10949448,https://fr.wikipedia.org/wiki/Andrea Purica,Wikip\u00e9dia:\u00e9bauche athl\u00e8te v\u00e9n\u00e9zu\u00e9lien
Elsa Faucillon,https://fr.wikipedia.org/?curid=10934715,https://fr.wikipedia.org/wiki/Elsa Faucillon,Article \u00e0 illustrer Personnalit\u00e9 politique
Sandrine Josso,https://fr.wikipedia.org/?curid=10934912,https://fr.wikipedia.org/wiki/Sandrine Josso,Article \u00e0 illustrer Personnalit\u00e9 politique
Jocelyn Rae,https://fr.wikipedia.org/?curid=10934973,https://fr.wikipedia.org/wiki/Jocelyn Rae,Article utilisant une Infobox
Katherine Barrell,https://fr.wikipedia.org/?curid=10945035,https://fr.wikipedia.org/wiki/Katherine Barrell,Article utilisant une Infobox
Sof\u00eda Espinosa,https://fr.wikipedia.org/?curid=10944125,https://fr.wikipedia.org/wiki/Sof\u00eda Espinosa,Article \u00e0 illustrer Personnalit\u00e9 du cin\u00e9ma
Kenneth Vandendriessche,https://fr.wikipedia.org/?curid=10944374,https://fr.wikipedia.org/wiki/Kenneth Vandendriessche,Wikip\u00e9dia:\u00e9bauche triathl\u00e8te
Anastassia Abrossimova,https://fr.wikipedia.org/?curid=10957793,https://fr.wikipedia.org/wiki/Anastassia Abrossimova,Wikip\u00e9dia:\u00e9bauche triathl\u00e8te
Ashleigh Ball (actrice),https://fr.wikipedia.org/?curid=10958254,https://fr.wikipedia.org/wiki/Ashleigh Ball (actrice),Article contenant un lien mort
Vlad\u00edmir Turbayevskiy,https://fr.wikipedia.org/?curid=10958319,https://fr.wikipedia.org/wiki/Vlad\u00edmir Turbayevskiy,Wikip\u00e9dia:\u00e9bauche triathl\u00e8te
Michaela Herlbauer,https://fr.wikipedia.org/?curid=10956909,https://fr.wikipedia.org/wiki/Michaela Herlbauer,Wikip\u00e9dia:\u00e9bauche triathl\u00e8te
Lisa Perterer,https://fr.wikipedia.org/?curid=10956945,https://fr.wikipedia.org/wiki/Lisa Perterer,Wikip\u00e9dia:\u00e9bauche triathl\u00e8te
P\u00e9ter Boronkay,https://fr.wikipedia.org/?curid=10957388,https://fr.wikipedia.org/wiki/P\u00e9ter Boronkay,Wikip\u00e9dia:\u00e9bauche triathl\u00e8te
Martin Schulz (triathlon),https://fr.wikipedia.org/?curid=10957599,https://fr.wikipedia.org/wiki/Martin Schulz (triathlon),Wikip\u00e9dia:\u00e9bauche triathlon
Irving P\u00e9rez,https://fr.wikipedia.org/?curid=10920524,https://fr.wikipedia.org/wiki/Irving P\u00e9rez,Wikip\u00e9dia:\u00e9bauche triathl\u00e8te
Quanesha Burks,https://fr.wikipedia.org/?curid=10920692,https://fr.wikipedia.org/wiki/Quanesha Burks,Wikip\u00e9dia:\u00e9bauche athl\u00e8te am\u00e9ricain
Yuliya Yelistratova,https://fr.wikipedia.org/?curid=10920322,https://fr.wikipedia.org/wiki/Yuliya Yelistratova,Wikip\u00e9dia:\u00e9bauche triathl\u00e8te
Natalia Vikhlyantseva,https://fr.wikipedia.org/?curid=10932625,https://fr.wikipedia.org/wiki/Natalia Vikhlyantseva,Article utilisant une Infobox
Amandine Ferrato,https://fr.wikipedia.org/?curid=10932732,https://fr.wikipedia.org/wiki/Amandine Ferrato,Wikip\u00e9dia:\u00e9bauche athl\u00e8te fran\u00e7ais
Nathalie Fuchs,https://fr.wikipedia.org/?curid=1093085,https://fr.wikipedia.org/wiki/Nathalie Fuchs,Article \u00e0 illustrer Joueur de tennis
Brad Kearns,https://fr.wikipedia.org/?curid=10931011,https://fr.wikipedia.org/wiki/Brad Kearns,Wikip\u00e9dia:\u00e9bauche triathl\u00e8te
Gail Sherriff,https://fr.wikipedia.org/?curid=1093120,https://fr.wikipedia.org/wiki/Gail Sherriff,Article \u00e0 illustrer Joueur de tennis
Andrea Whitcombe,https://fr.wikipedia.org/?curid=10928464,https://fr.wikipedia.org/wiki/Andrea Whitcombe,Wikip\u00e9dia:\u00e9bauche athl\u00e9tisme
Jasmine Camacho-Quinn,https://fr.wikipedia.org/?curid=10919894,https://fr.wikipedia.org/wiki/Jasmine Camacho-Quinn,Wikip\u00e9dia:\u00e9bauche athl\u00e8te portoricain
Rusty Jeffers,https://fr.wikipedia.org/?curid=10924344,https://fr.wikipedia.org/wiki/Rusty Jeffers,Page utilisant P569
Adeline Roche,https://fr.wikipedia.org/?curid=10919256,https://fr.wikipedia.org/wiki/Adeline Roche,Article utilisant une Infobox
Nithya Menen,https://fr.wikipedia.org/?curid=10883850,https://fr.wikipedia.org/wiki/Nithya Menen,Article utilisant une Infobox
Val\u00e9rie Minetto,https://fr.wikipedia.org/?curid=10883887,https://fr.wikipedia.org/wiki/Val\u00e9rie Minetto,Wikip\u00e9dia:\u00e9bauche r\u00e9alisateur fran\u00e7ais
Sylvie Bornet,https://fr.wikipedia.org/?curid=10668279,https://fr.wikipedia.org/wiki/Sylvie Bornet,Article contenant un lien mort
Jason Shortis,https://fr.wikipedia.org/?curid=10670954,https://fr.wikipedia.org/wiki/Jason Shortis,Wikip\u00e9dia:\u00e9bauche triathlon
Leon Griffin,https://fr.wikipedia.org/?curid=10670816,https://fr.wikipedia.org/wiki/Leon Griffin,Wikip\u00e9dia:\u00e9bauche triathl\u00e8te
Gillian Backhouse,https://fr.wikipedia.org/?curid=10680565,https://fr.wikipedia.org/wiki/Gillian Backhouse,Wikip\u00e9dia:\u00e9bauche triathl\u00e8te
Carla Moreno,https://fr.wikipedia.org/?curid=10680724,https://fr.wikipedia.org/wiki/Carla Moreno,Wikip\u00e9dia:\u00e9bauche triathlon
Est-ce un zombie ?,https://fr.wikipedia.org/?curid=10646701,https://fr.wikipedia.org/wiki/Est-ce un zombie ?,Article utilisant une Infobox
Shabana Azmi,https://fr.wikipedia.org/?curid=1064327,https://fr.wikipedia.org/wiki/Shabana Azmi,Article utilisant une Infobox
Madelaine Petsch,https://fr.wikipedia.org/?curid=10646047,https://fr.wikipedia.org/wiki/Madelaine Petsch,Wikip\u00e9dia:\u00e9bauche acteur am\u00e9ricain
Nicola Fairbrother,https://fr.wikipedia.org/?curid=10645591,https://fr.wikipedia.org/wiki/Nicola Fairbrother,Wikip\u00e9dia:\u00e9bauche judo
Sibylle Matter,https://fr.wikipedia.org/?curid=10634849,https://fr.wikipedia.org/wiki/Sibylle Matter,Wikip\u00e9dia:\u00e9bauche triathlon
Aryna Sabalenka,https://fr.wikipedia.org/?curid=10636205,https://fr.wikipedia.org/wiki/Aryna Sabalenka,Article utilisant une Infobox
Julia Simon,https://fr.wikipedia.org/?curid=10652835,https://fr.wikipedia.org/wiki/Julia Simon,Article utilisant une Infobox
Anna Bell Peaks,https://fr.wikipedia.org/?curid=10653278,https://fr.wikipedia.org/wiki/Anna Bell Peaks,Article contenant un lien mort
Igor Amorelli,https://fr.wikipedia.org/?curid=10653569,https://fr.wikipedia.org/wiki/Igor Amorelli,Wikip\u00e9dia:\u00e9bauche triathl\u00e8te
Lucie Reed,https://fr.wikipedia.org/?curid=10653667,https://fr.wikipedia.org/wiki/Lucie Reed,Wikip\u00e9dia:\u00e9bauche triathlon
Eduardo Sturla,https://fr.wikipedia.org/?curid=10653773,https://fr.wikipedia.org/wiki/Eduardo Sturla,Wikip\u00e9dia:\u00e9bauche triathlon
Marianne de B\u00e9quet,https://fr.wikipedia.org/?curid=106538,https://fr.wikipedia.org/wiki/Marianne de B\u00e9quet,Wikip\u00e9dia:\u00e9bauche philat\u00e9lie
Jan Raphael,https://fr.wikipedia.org/?curid=10654690,https://fr.wikipedia.org/wiki/Jan Raphael,Wikip\u00e9dia:\u00e9bauche triathlon
Pamela Dutkiewicz,https://fr.wikipedia.org/?curid=10633869,https://fr.wikipedia.org/wiki/Pamela Dutkiewicz,Article utilisant une Infobox
Rachelle Plas,https://fr.wikipedia.org/?curid=10625914,https://fr.wikipedia.org/wiki/Rachelle Plas,Article manquant de r\u00e9f\u00e9rences depuis juillet 2017
Arna \u00ddr J\u00f3nsd\u00f3ttir,https://fr.wikipedia.org/?curid=10626047,https://fr.wikipedia.org/wiki/Arna \u00ddr J\u00f3nsd\u00f3ttir,Page utilisant P569
Yael Arad,https://fr.wikipedia.org/?curid=10640439,https://fr.wikipedia.org/wiki/Yael Arad,Wikip\u00e9dia:\u00e9bauche judo
Linda Bolder,https://fr.wikipedia.org/?curid=10640461,https://fr.wikipedia.org/wiki/Linda Bolder,Wikip\u00e9dia:\u00e9bauche judo
Patricia Wartusch,https://fr.wikipedia.org/?curid=1066110,https://fr.wikipedia.org/wiki/Patricia Wartusch,Article \u00e0 illustrer Joueur de tennis
Andrea Temesv\u00e1ri,https://fr.wikipedia.org/?curid=1065914,https://fr.wikipedia.org/wiki/Andrea Temesv\u00e1ri,Article utilisant une Infobox
Anne Minter,https://fr.wikipedia.org/?curid=1066220,https://fr.wikipedia.org/wiki/Anne Minter,Article \u00e0 illustrer Joueur de tennis
Jackie Edwards (athl\u00e9tisme),https://fr.wikipedia.org/?curid=10661884,https://fr.wikipedia.org/wiki/Jackie Edwards (athl\u00e9tisme),Wikip\u00e9dia:\u00e9bauche athl\u00e9tisme
Anne Hobbs,https://fr.wikipedia.org/?curid=1065850,https://fr.wikipedia.org/wiki/Anne Hobbs,Article \u00e0 illustrer Joueur de tennis
Nia Vardalos,https://fr.wikipedia.org/?curid=1062730,https://fr.wikipedia.org/wiki/Nia Vardalos,Wikip\u00e9dia:\u00e9bauche acteur canadien
Betty St\u00f6ve,https://fr.wikipedia.org/?curid=1066605,https://fr.wikipedia.org/wiki/Betty St\u00f6ve,Article utilisant une Infobox
Judith Arndt,https://fr.wikipedia.org/?curid=1066622,https://fr.wikipedia.org/wiki/Judith Arndt,Page utilisant P569
Barbara Potter,https://fr.wikipedia.org/?curid=1066453,https://fr.wikipedia.org/wiki/Barbara Potter,Article \u00e0 illustrer Joueur de tennis
Jessie Donavan,https://fr.wikipedia.org/?curid=10665495,https://fr.wikipedia.org/wiki/Jessie Donavan,Wikip\u00e9dia:\u00e9bauche triathl\u00e8te
Heather Gollnick,https://fr.wikipedia.org/?curid=10665600,https://fr.wikipedia.org/wiki/Heather Gollnick,Wikip\u00e9dia:\u00e9bauche triathl\u00e8te
Meredith McGrath,https://fr.wikipedia.org/?curid=1066519,https://fr.wikipedia.org/wiki/Meredith McGrath,Article \u00e0 illustrer Joueur de tennis
Cameron Widoff,https://fr.wikipedia.org/?curid=10664898,https://fr.wikipedia.org/wiki/Cameron Widoff,Wikip\u00e9dia:\u00e9bauche triathlon
Matt Hanson,https://fr.wikipedia.org/?curid=10663447,https://fr.wikipedia.org/wiki/Matt Hanson,Article \u00e0 illustrer Sportif
Christie Conochalla,https://fr.wikipedia.org/?curid=10628136,https://fr.wikipedia.org/wiki/Christie Conochalla,Wikip\u00e9dia:\u00e9bauche r\u00e9alisateur am\u00e9ricain
Elsa Aguirre,https://fr.wikipedia.org/?curid=10631037,https://fr.wikipedia.org/wiki/Elsa Aguirre,Wikip\u00e9dia:\u00e9bauche acteur mexicain
Joanne World Tour,https://fr.wikipedia.org/?curid=10633034,https://fr.wikipedia.org/wiki/Joanne World Tour,Article utilisant une Infobox
Nina Eggert,https://fr.wikipedia.org/?curid=10634646,https://fr.wikipedia.org/wiki/Nina Eggert,Wikip\u00e9dia:\u00e9bauche triathl\u00e8te
Cha Hwa-yeon,https://fr.wikipedia.org/?curid=10628433,https://fr.wikipedia.org/wiki/Cha Hwa-yeon,Page utilisant P569
Henry Hutchison,https://fr.wikipedia.org/?curid=10632708,https://fr.wikipedia.org/wiki/Henry Hutchison,Article utilisant une Infobox
Am\u00e9lie Mauresmo,https://fr.wikipedia.org/?curid=104875,https://fr.wikipedia.org/wiki/Am\u00e9lie Mauresmo,Article utilisant une Infobox
Maren Skj\u00f8ld,https://fr.wikipedia.org/?curid=10495635,https://fr.wikipedia.org/wiki/Maren Skj\u00f8ld,Wikip\u00e9dia:\u00e9bauche ski alpin
"Catherine Fournier (femme politique, 1992)",https://fr.wikipedia.org/?curid=10485303,"https://fr.wikipedia.org/wiki/Catherine Fournier (femme politique, 1992)",Article utilisant une Infobox
Mirjana Lu\u010di\u0107,https://fr.wikipedia.org/?curid=1048558,https://fr.wikipedia.org/wiki/Mirjana Lu\u010di\u0107,Article utilisant une Infobox
Louise Brough,https://fr.wikipedia.org/?curid=1108616,https://fr.wikipedia.org/wiki/Louise Brough,Wikip\u00e9dia:\u00e9bauche tennis
Henrieta Farka\u0161ov\u00e1,https://fr.wikipedia.org/?curid=11092135,https://fr.wikipedia.org/wiki/Henrieta Farka\u0161ov\u00e1,Article utilisant une Infobox
Naiane Rios,https://fr.wikipedia.org/?curid=11087091,https://fr.wikipedia.org/wiki/Naiane Rios,Article \u00e0 illustrer Joueur de volley-ball
Pauline Betz,https://fr.wikipedia.org/?curid=1108745,https://fr.wikipedia.org/wiki/Pauline Betz,Article utilisant une Infobox
Karen Krantzcke,https://fr.wikipedia.org/?curid=1106313,https://fr.wikipedia.org/wiki/Karen Krantzcke,Article \u00e0 illustrer Joueur de tennis
Tiffany Jackson-Jones,https://fr.wikipedia.org/?curid=11079702,https://fr.wikipedia.org/wiki/Tiffany Jackson-Jones,Article \u00e0 illustrer Joueur de basket-ball
Kazuko Sawamatsu,https://fr.wikipedia.org/?curid=1107978,https://fr.wikipedia.org/wiki/Kazuko Sawamatsu,Article \u00e0 illustrer Joueur de tennis
Clare Gallagher,https://fr.wikipedia.org/?curid=11079840,https://fr.wikipedia.org/wiki/Clare Gallagher,Wikip\u00e9dia:\u00e9bauche athl\u00e8te am\u00e9ricain
Natsumi Tsunoda,https://fr.wikipedia.org/?curid=11082702,https://fr.wikipedia.org/wiki/Natsumi Tsunoda,Wikip\u00e9dia:\u00e9bauche sportif japonais
Les Infiltr\u00e9s,https://fr.wikipedia.org/?curid=1108312,https://fr.wikipedia.org/wiki/Les Infiltr\u00e9s,Article utilisant une Infobox
Peggy Michel,https://fr.wikipedia.org/?curid=1108073,https://fr.wikipedia.org/wiki/Peggy Michel,Article \u00e0 illustrer Joueur de tennis
Yulia Lavrenchuk,https://fr.wikipedia.org/?curid=11097742,https://fr.wikipedia.org/wiki/Yulia Lavrenchuk,Wikip\u00e9dia:\u00e9bauche patinage artistique
Narumi Takahashi,https://fr.wikipedia.org/?curid=11097751,https://fr.wikipedia.org/wiki/Narumi Takahashi,Wikip\u00e9dia:\u00e9bauche patinage artistique
Roxana Zal,https://fr.wikipedia.org/?curid=11098155,https://fr.wikipedia.org/wiki/Roxana Zal,Wikip\u00e9dia:\u00e9bauche acteur am\u00e9ricain
Claire Rose,https://fr.wikipedia.org/?curid=11100488,https://fr.wikipedia.org/wiki/Claire Rose,Page utilisant P569
Tu\u011fba G\u00fcven\u00e7,https://fr.wikipedia.org/?curid=11071193,https://fr.wikipedia.org/wiki/Tu\u011fba G\u00fcven\u00e7,Wikip\u00e9dia:\u00e9bauche athl\u00e8te turc
Gloria Jean,https://fr.wikipedia.org/?curid=11080539,https://fr.wikipedia.org/wiki/Gloria Jean,Article utilisant une Infobox
Jia Yifan,https://fr.wikipedia.org/?curid=11073619,https://fr.wikipedia.org/wiki/Jia Yifan,Wikip\u00e9dia:\u00e9bauche sportif chinois
Sarah Spillane,https://fr.wikipedia.org/?curid=11066593,https://fr.wikipedia.org/wiki/Sarah Spillane,Wikip\u00e9dia:\u00e9bauche acteur australien
Gunta Vai\u010dule,https://fr.wikipedia.org/?curid=11066661,https://fr.wikipedia.org/wiki/Gunta Vai\u010dule,Wikip\u00e9dia:\u00e9bauche athl\u00e8te letton
Florence Portelli,https://fr.wikipedia.org/?curid=11075880,https://fr.wikipedia.org/wiki/Florence Portelli,Article utilisant une Infobox
Funa Tonaki,https://fr.wikipedia.org/?curid=11077676,https://fr.wikipedia.org/wiki/Funa Tonaki,Article utilisant une Infobox
Toni Storm,https://fr.wikipedia.org/?curid=11077927,https://fr.wikipedia.org/wiki/Toni Storm,Page utilisant P27
Christian Kramer (triathlon),https://fr.wikipedia.org/?curid=11115056,https://fr.wikipedia.org/wiki/Christian Kramer (triathlon),Wikip\u00e9dia:\u00e9bauche triathlon
Zs\u00f3fia Gubacsi,https://fr.wikipedia.org/?curid=1111520,https://fr.wikipedia.org/wiki/Zs\u00f3fia Gubacsi,Article \u00e0 illustrer Joueur de tennis
Jenny Adams,https://fr.wikipedia.org/?curid=11111610,https://fr.wikipedia.org/wiki/Jenny Adams,Wikip\u00e9dia:\u00e9bauche athl\u00e9tisme
Torri Edwards,https://fr.wikipedia.org/?curid=1111033,https://fr.wikipedia.org/wiki/Torri Edwards,Article utilisant une Infobox
Mary Chemweno,https://fr.wikipedia.org/?curid=11107395,https://fr.wikipedia.org/wiki/Mary Chemweno,Page utilisant P569
Ang\u00e9lique Plaire,https://fr.wikipedia.org/?curid=11106745,https://fr.wikipedia.org/wiki/Ang\u00e9lique Plaire,Article contenant un lien mort
Braden Currie,https://fr.wikipedia.org/?curid=11092853,https://fr.wikipedia.org/wiki/Braden Currie,Wikip\u00e9dia:\u00e9bauche triathl\u00e8te
Shirley Mills,https://fr.wikipedia.org/?curid=11093181,https://fr.wikipedia.org/wiki/Shirley Mills,Article utilisant une Infobox
Kateryna Baindl,https://fr.wikipedia.org/?curid=11097119,https://fr.wikipedia.org/wiki/Kateryna Baindl,Article utilisant une Infobox
C\u00e9line Sch\u00e4rer,https://fr.wikipedia.org/?curid=11092681,https://fr.wikipedia.org/wiki/C\u00e9line Sch\u00e4rer,Wikip\u00e9dia:\u00e9bauche triathlon
Tine Holst,https://fr.wikipedia.org/?curid=11064651,https://fr.wikipedia.org/wiki/Tine Holst,Wikip\u00e9dia:\u00e9bauche triathl\u00e8te
Marion Sicot,https://fr.wikipedia.org/?curid=11065710,https://fr.wikipedia.org/wiki/Marion Sicot,Page utilisant P569
Vera Blue,https://fr.wikipedia.org/?curid=11066331,https://fr.wikipedia.org/wiki/Vera Blue,Page utilisant P569
LuFisto,https://fr.wikipedia.org/?curid=11068007,https://fr.wikipedia.org/wiki/LuFisto,Page utilisant des arguments dupliqu\u00e9s dans les appels de mod\u00e8le
Paul Matthews,https://fr.wikipedia.org/?curid=10720968,https://fr.wikipedia.org/wiki/Paul Matthews,Wikip\u00e9dia:\u00e9bauche triathlon
Elodie (chanteuse),https://fr.wikipedia.org/?curid=10717365,https://fr.wikipedia.org/wiki/Elodie (chanteuse),Wikip\u00e9dia:\u00e9bauche chanteur italien
Julia Ritschel,https://fr.wikipedia.org/?curid=10706654,https://fr.wikipedia.org/wiki/Julia Ritschel,Wikip\u00e9dia:\u00e9bauche r\u00e9alisateur allemand
Marion Maruska,https://fr.wikipedia.org/?curid=1069723,https://fr.wikipedia.org/wiki/Marion Maruska,Article \u00e0 illustrer Joueur de tennis
Petra Langrov\u00e1,https://fr.wikipedia.org/?curid=1071244,https://fr.wikipedia.org/wiki/Petra Langrov\u00e1,Article utilisant une Infobox
Konstanze Klosterhalfen,https://fr.wikipedia.org/?curid=10690345,https://fr.wikipedia.org/wiki/Konstanze Klosterhalfen,Article utilisant une Infobox
Lizzie Borden (r\u00e9alisatrice),https://fr.wikipedia.org/?curid=10700562,https://fr.wikipedia.org/wiki/Lizzie Borden (r\u00e9alisatrice),Article utilisant une Infobox
Holly Letkeman,https://fr.wikipedia.org/?curid=10695395,https://fr.wikipedia.org/wiki/Holly Letkeman,Article \u00e0 recycler/Liste compl\u00e8te
Elena Tatarkova,https://fr.wikipedia.org/?curid=1070269,https://fr.wikipedia.org/wiki/Elena Tatarkova,Article utilisant une Infobox
Fernanda Ribeiro,https://fr.wikipedia.org/?curid=1070309,https://fr.wikipedia.org/wiki/Fernanda Ribeiro,Article utilisant une Infobox
Samantha Akkineni,https://fr.wikipedia.org/?curid=10704068,https://fr.wikipedia.org/wiki/Samantha Akkineni,Page utilisant des donn\u00e9es de Wikidata \u00e0 traduire de l'anglais
I. Marlene King,https://fr.wikipedia.org/?curid=10705363,https://fr.wikipedia.org/wiki/I. Marlene King,Article utilisant une Infobox
Patricia Hy,https://fr.wikipedia.org/?curid=1070144,https://fr.wikipedia.org/wiki/Patricia Hy,Article \u00e0 illustrer Joueur de tennis
Evelis Aguilar,https://fr.wikipedia.org/?curid=10620553,https://fr.wikipedia.org/wiki/Evelis Aguilar,Wikip\u00e9dia:\u00e9bauche athl\u00e9tisme
Andreas Dreitz,https://fr.wikipedia.org/?curid=10620611,https://fr.wikipedia.org/wiki/Andreas Dreitz,Wikip\u00e9dia:\u00e9bauche triathl\u00e8te
Salma Amani,https://fr.wikipedia.org/?curid=10620872,https://fr.wikipedia.org/wiki/Salma Amani,Article utilisant une Infobox
Sophie Vavasseur,https://fr.wikipedia.org/?curid=10619861,https://fr.wikipedia.org/wiki/Sophie Vavasseur,Article \u00e0 illustrer Personnalit\u00e9 du cin\u00e9ma
Miss Br\u00e9sil 1962,https://fr.wikipedia.org/?curid=10619488,https://fr.wikipedia.org/wiki/Miss Br\u00e9sil 1962,Article \u00e0 illustrer Miss
Jan van Berkel,https://fr.wikipedia.org/?curid=10619708,https://fr.wikipedia.org/wiki/Jan van Berkel,Wikip\u00e9dia:\u00e9bauche triathl\u00e8te
Kate Bevilaqua,https://fr.wikipedia.org/?curid=10619117,https://fr.wikipedia.org/wiki/Kate Bevilaqua,Wikip\u00e9dia:\u00e9bauche triathl\u00e8te
Nina Brenn,https://fr.wikipedia.org/?curid=10619199,https://fr.wikipedia.org/wiki/Nina Brenn,Wikip\u00e9dia:\u00e9bauche triathl\u00e8te
Sabine Hack,https://fr.wikipedia.org/?curid=1052467,https://fr.wikipedia.org/wiki/Sabine Hack,Article \u00e0 illustrer Joueur de tennis
Anna Dyvik,https://fr.wikipedia.org/?curid=10524695,https://fr.wikipedia.org/wiki/Anna Dyvik,Wikip\u00e9dia:\u00e9bauche ski de fond
Lee Yoon-ji,https://fr.wikipedia.org/?curid=10529938,https://fr.wikipedia.org/wiki/Lee Yoon-ji,Article contenant un lien mort
Shine Louise Houston,https://fr.wikipedia.org/?curid=10524281,https://fr.wikipedia.org/wiki/Shine Louise Houston,Wikip\u00e9dia:\u00e9bauche acteur am\u00e9ricain
Manuela Malsiner,https://fr.wikipedia.org/?curid=10624235,https://fr.wikipedia.org/wiki/Manuela Malsiner,Wikip\u00e9dia:\u00e9bauche saut \u00e0 ski
Brent McMahon,https://fr.wikipedia.org/?curid=1062512,https://fr.wikipedia.org/wiki/Brent McMahon,Wikip\u00e9dia:\u00e9bauche triathlon
Keisha Grey,https://fr.wikipedia.org/?curid=10625830,https://fr.wikipedia.org/wiki/Keisha Grey,Article utilisant une Infobox
Laura Arraya,https://fr.wikipedia.org/?curid=1062366,https://fr.wikipedia.org/wiki/Laura Arraya,Article \u00e0 illustrer Joueur de tennis
Sam Appleton,https://fr.wikipedia.org/?curid=10692080,https://fr.wikipedia.org/wiki/Sam Appleton,Wikip\u00e9dia:\u00e9bauche triathl\u00e8te
Jill Savege,https://fr.wikipedia.org/?curid=10691523,https://fr.wikipedia.org/wiki/Jill Savege,Wikip\u00e9dia:\u00e9bauche triathl\u00e8te
Anne-Marie Duff,https://fr.wikipedia.org/?curid=1068850,https://fr.wikipedia.org/wiki/Anne-Marie Duff,Wikip\u00e9dia:\u00e9bauche acteur britannique
Ellen Hansell,https://fr.wikipedia.org/?curid=1128090,https://fr.wikipedia.org/wiki/Ellen Hansell,Article utilisant une Infobox
Sarah Ramos,https://fr.wikipedia.org/?curid=1125502,https://fr.wikipedia.org/wiki/Sarah Ramos,Wikip\u00e9dia:\u00e9bauche acteur am\u00e9ricain
Mihaela Buz\u0103rnescu,https://fr.wikipedia.org/?curid=11288902,https://fr.wikipedia.org/wiki/Mihaela Buz\u0103rnescu,Article utilisant une Infobox
Marrit Jasper,https://fr.wikipedia.org/?curid=11222638,https://fr.wikipedia.org/wiki/Marrit Jasper,Article utilisant une Infobox
Susan Richardson,https://fr.wikipedia.org/?curid=11263538,https://fr.wikipedia.org/wiki/Susan Richardson,Article \u00e0 illustrer Personnalit\u00e9 du cin\u00e9ma
Elisabeth Sveum,https://fr.wikipedia.org/?curid=11268897,https://fr.wikipedia.org/wiki/Elisabeth Sveum,Page utilisant P569
Deirdre Lovejoy,https://fr.wikipedia.org/?curid=11268965,https://fr.wikipedia.org/wiki/Deirdre Lovejoy,Article \u00e0 illustrer Personnalit\u00e9 du cin\u00e9ma
Iekaterina Ievdokimova,https://fr.wikipedia.org/?curid=11243828,https://fr.wikipedia.org/wiki/Iekaterina Ievdokimova,Article utilisant une Infobox
Brooke Annibale,https://fr.wikipedia.org/?curid=11245651,https://fr.wikipedia.org/wiki/Brooke Annibale,Page utilisant P569
Nika Kri\u017enar,https://fr.wikipedia.org/?curid=11340144,https://fr.wikipedia.org/wiki/Nika Kri\u017enar,Wikip\u00e9dia:\u00e9bauche saut \u00e0 ski
Madalyn Godby,https://fr.wikipedia.org/?curid=11340622,https://fr.wikipedia.org/wiki/Madalyn Godby,Wikip\u00e9dia:\u00e9bauche coureur cycliste am\u00e9ricain
Natalia Nepryaeva,https://fr.wikipedia.org/?curid=11340727,https://fr.wikipedia.org/wiki/Natalia Nepryaeva,Article utilisant une Infobox
Elina Knihtil\u00e4,https://fr.wikipedia.org/?curid=11343340,https://fr.wikipedia.org/wiki/Elina Knihtil\u00e4,Wikip\u00e9dia:\u00e9bauche acteur finlandais
Bryony Botha,https://fr.wikipedia.org/?curid=11342493,https://fr.wikipedia.org/wiki/Bryony Botha,Page utilisant P569
Daniela Haralambie,https://fr.wikipedia.org/?curid=11338042,https://fr.wikipedia.org/wiki/Daniela Haralambie,Article utilisant une Infobox
Shih Pei-chun,https://fr.wikipedia.org/?curid=11338744,https://fr.wikipedia.org/wiki/Shih Pei-chun,Article \u00e0 illustrer Judoka
Olga Puchkova,https://fr.wikipedia.org/?curid=1134492,https://fr.wikipedia.org/wiki/Olga Puchkova,Article utilisant une Infobox
Kilo Kish,https://fr.wikipedia.org/?curid=11343763,https://fr.wikipedia.org/wiki/Kilo Kish,Article utilisant une Infobox
Angela Mortimer,https://fr.wikipedia.org/?curid=1129429,https://fr.wikipedia.org/wiki/Angela Mortimer,Article \u00e0 illustrer Joueur de tennis
Romi Rain,https://fr.wikipedia.org/?curid=11332090,https://fr.wikipedia.org/wiki/Romi Rain,Wikip\u00e9dia:\u00e9bauche actrice pornographique am\u00e9ricaine
Holly Hendrix,https://fr.wikipedia.org/?curid=11333326,https://fr.wikipedia.org/wiki/Holly Hendrix,Article utilisant une Infobox
Tatyana Lesovaya,https://fr.wikipedia.org/?curid=1133341,https://fr.wikipedia.org/wiki/Tatyana Lesovaya,Wikip\u00e9dia:\u00e9bauche athl\u00e8te sovi\u00e9tique
Pik Sen Lim,https://fr.wikipedia.org/?curid=11314085,https://fr.wikipedia.org/wiki/Pik Sen Lim,Page utilisant P569
Claudia Lennear,https://fr.wikipedia.org/?curid=11302816,https://fr.wikipedia.org/wiki/Claudia Lennear,Page utilisant P569
Pat Kirkwood (actrice),https://fr.wikipedia.org/?curid=11296436,https://fr.wikipedia.org/wiki/Pat Kirkwood (actrice),Wikip\u00e9dia:\u00e9bauche chanteur britannique
J\u00falia Kavalenka,https://fr.wikipedia.org/?curid=11304555,https://fr.wikipedia.org/wiki/J\u00falia Kavalenka,Article utilisant une Infobox
Karolina Styczy\u0144ska-Fortin,https://fr.wikipedia.org/?curid=11312696,https://fr.wikipedia.org/wiki/Karolina Styczy\u0144ska-Fortin,Page utilisant P1559
Anouska Hempel,https://fr.wikipedia.org/?curid=11312825,https://fr.wikipedia.org/wiki/Anouska Hempel,Article \u00e0 illustrer Personnalit\u00e9 du cin\u00e9ma
Neah Evans,https://fr.wikipedia.org/?curid=11322099,https://fr.wikipedia.org/wiki/Neah Evans,Page utilisant P569
Ariane Bonhomme,https://fr.wikipedia.org/?curid=11322135,https://fr.wikipedia.org/wiki/Ariane Bonhomme,Wikip\u00e9dia:\u00e9bauche coureur cycliste canadien
Brigitte Roesen,https://fr.wikipedia.org/?curid=11273244,https://fr.wikipedia.org/wiki/Brigitte Roesen,Wikip\u00e9dia:\u00e9bauche athl\u00e9tisme
Twin Peaks (s\u00e9rie t\u00e9l\u00e9vis\u00e9e),https://fr.wikipedia.org/?curid=112740,https://fr.wikipedia.org/wiki/Twin Peaks (s\u00e9rie t\u00e9l\u00e9vis\u00e9e),Article contenant un appel \u00e0 traduction en anglais
Alice Marble,https://fr.wikipedia.org/?curid=1127829,https://fr.wikipedia.org/wiki/Alice Marble,Article utilisant une Infobox
Kelly Ripa,https://fr.wikipedia.org/?curid=1127919,https://fr.wikipedia.org/wiki/Kelly Ripa,Article utilisant une Infobox
Pierre Lavoie,https://fr.wikipedia.org/?curid=1127962,https://fr.wikipedia.org/wiki/Pierre Lavoie,Article utilisant une Infobox
Helle Sparre-Viragh,https://fr.wikipedia.org/?curid=1157851,https://fr.wikipedia.org/wiki/Helle Sparre-Viragh,Article \u00e0 illustrer Joueur de tennis
Kim Sands,https://fr.wikipedia.org/?curid=1157580,https://fr.wikipedia.org/wiki/Kim Sands,Article \u00e0 illustrer Joueur de tennis
Irina Goulia\u00efeva,https://fr.wikipedia.org/?curid=11577174,https://fr.wikipedia.org/wiki/Irina Goulia\u00efeva,Wikip\u00e9dia:\u00e9bauche sportif russe
Eva Husson,https://fr.wikipedia.org/?curid=11694260,https://fr.wikipedia.org/wiki/Eva Husson,Article \u00e0 illustrer Personnalit\u00e9 du cin\u00e9ma
Carin Bakkum,https://fr.wikipedia.org/?curid=1169312,https://fr.wikipedia.org/wiki/Carin Bakkum,Article \u00e0 illustrer Joueur de tennis
Joana Ribeiro,https://fr.wikipedia.org/?curid=11697479,https://fr.wikipedia.org/wiki/Joana Ribeiro,Article contenant un appel \u00e0 traduction en anglais
Fatiha Agag-Boudjahlat,https://fr.wikipedia.org/?curid=11668462,https://fr.wikipedia.org/wiki/Fatiha Agag-Boudjahlat,Page utilisant P569
Martina Alzini,https://fr.wikipedia.org/?curid=11645733,https://fr.wikipedia.org/wiki/Martina Alzini,Page utilisant P569
Lea DeLaria,https://fr.wikipedia.org/?curid=1165430,https://fr.wikipedia.org/wiki/Lea DeLaria,Wikip\u00e9dia:\u00e9bauche acteur am\u00e9ricain
Casper Stornes,https://fr.wikipedia.org/?curid=11668003,https://fr.wikipedia.org/wiki/Casper Stornes,Wikip\u00e9dia:\u00e9bauche triathl\u00e8te
Kaouthar Ouallal,https://fr.wikipedia.org/?curid=11671617,https://fr.wikipedia.org/wiki/Kaouthar Ouallal,Wikip\u00e9dia:\u00e9bauche judo
Taciana Cesar,https://fr.wikipedia.org/?curid=11671735,https://fr.wikipedia.org/wiki/Taciana Cesar,Wikip\u00e9dia:\u00e9bauche judo
Sydney Wiese,https://fr.wikipedia.org/?curid=11670068,https://fr.wikipedia.org/wiki/Sydney Wiese,Article utilisant une Infobox
Heide Wollert,https://fr.wikipedia.org/?curid=11670245,https://fr.wikipedia.org/wiki/Heide Wollert,Wikip\u00e9dia:\u00e9bauche judo
Anna Blinkova,https://fr.wikipedia.org/?curid=11686501,https://fr.wikipedia.org/wiki/Anna Blinkova,Article utilisant une Infobox
Quentin Tarantino,https://fr.wikipedia.org/?curid=11676,https://fr.wikipedia.org/wiki/Quentin Tarantino,Article utilisant une Infobox
Jenny Klitch,https://fr.wikipedia.org/?curid=1169130,https://fr.wikipedia.org/wiki/Jenny Klitch,Article \u00e0 illustrer Joueur de tennis
Brooke Crain,https://fr.wikipedia.org/?curid=11691329,https://fr.wikipedia.org/wiki/Brooke Crain,Page utilisant P569
Lauren Reynolds,https://fr.wikipedia.org/?curid=11691420,https://fr.wikipedia.org/wiki/Lauren Reynolds,Page utilisant P569
G\u00f6zde K\u0131rdar,https://fr.wikipedia.org/?curid=11691466,https://fr.wikipedia.org/wiki/G\u00f6zde K\u0131rdar,Article utilisant une Infobox
Donna Faber,https://fr.wikipedia.org/?curid=1169164,https://fr.wikipedia.org/wiki/Donna Faber,Article \u00e0 illustrer Joueur de tennis
Jana Posp\u00ed\u0161ilov\u00e1,https://fr.wikipedia.org/?curid=1168921,https://fr.wikipedia.org/wiki/Jana Posp\u00ed\u0161ilov\u00e1,Article \u00e0 illustrer Joueur de tennis
Liang Rui,https://fr.wikipedia.org/?curid=11689354,https://fr.wikipedia.org/wiki/Liang Rui,Wikip\u00e9dia:\u00e9bauche athl\u00e8te chinois
Mona Schallau,https://fr.wikipedia.org/?curid=1168856,https://fr.wikipedia.org/wiki/Mona Schallau,Article utilisant une Infobox
H\u00e9l\u00e9na Cazaute,https://fr.wikipedia.org/?curid=11689043,https://fr.wikipedia.org/wiki/H\u00e9l\u00e9na Cazaute,Article utilisant une Infobox
Angelik\u00ed Kanellopo\u00falou,https://fr.wikipedia.org/?curid=1169220,https://fr.wikipedia.org/wiki/Angelik\u00ed Kanellopo\u00falou,Article \u00e0 illustrer Joueur de tennis
Vicki Nelson,https://fr.wikipedia.org/?curid=1169098,https://fr.wikipedia.org/wiki/Vicki Nelson,Article \u00e0 illustrer Joueur de tennis
Federica Haum\u00fcller,https://fr.wikipedia.org/?curid=1169113,https://fr.wikipedia.org/wiki/Federica Haum\u00fcller,Article \u00e0 illustrer Joueur de tennis
Lilimar,https://fr.wikipedia.org/?curid=11655078,https://fr.wikipedia.org/wiki/Lilimar,Article contenant un lien mort
Resi Stiegler,https://fr.wikipedia.org/?curid=1164471,https://fr.wikipedia.org/wiki/Resi Stiegler,Article utilisant une Infobox
Barbara Leigh,https://fr.wikipedia.org/?curid=11644848,https://fr.wikipedia.org/wiki/Barbara Leigh,Article contenant un lien mort
Lauren Bate,https://fr.wikipedia.org/?curid=11657369,https://fr.wikipedia.org/wiki/Lauren Bate,Page du mod\u00e8le Article comportant une erreur
Amel Melih,https://fr.wikipedia.org/?curid=11659795,https://fr.wikipedia.org/wiki/Amel Melih,Wikip\u00e9dia:\u00e9bauche natation
Natalie Powell,https://fr.wikipedia.org/?curid=11132320,https://fr.wikipedia.org/wiki/Natalie Powell,Article \u00e0 illustrer Judoka
Ivan Toutoukine,https://fr.wikipedia.org/?curid=11164068,https://fr.wikipedia.org/wiki/Ivan Toutoukine,Wikip\u00e9dia:\u00e9bauche triathl\u00e8te
Wendy Jo Carlton,https://fr.wikipedia.org/?curid=11164294,https://fr.wikipedia.org/wiki/Wendy Jo Carlton,Wikip\u00e9dia:\u00e9bauche r\u00e9alisateur am\u00e9ricain
Mitzi Mabel Cadena,https://fr.wikipedia.org/?curid=11164329,https://fr.wikipedia.org/wiki/Mitzi Mabel Cadena,Wikip\u00e9dia:\u00e9bauche acteur mexicain
Connie Macatuno,https://fr.wikipedia.org/?curid=11164362,https://fr.wikipedia.org/wiki/Connie Macatuno,Wikip\u00e9dia:\u00e9bauche r\u00e9alisateur philippin
Irene Paredes,https://fr.wikipedia.org/?curid=11204365,https://fr.wikipedia.org/wiki/Irene Paredes,Article utilisant une Infobox
Miho Saeki,https://fr.wikipedia.org/?curid=1118745,https://fr.wikipedia.org/wiki/Miho Saeki,Article \u00e0 illustrer Joueur de tennis
Jonna J\u00e4rnefelt,https://fr.wikipedia.org/?curid=11200527,https://fr.wikipedia.org/wiki/Jonna J\u00e4rnefelt,Wikip\u00e9dia:\u00e9bauche acteur finlandais
Tilly van der Zwaard,https://fr.wikipedia.org/?curid=11202072,https://fr.wikipedia.org/wiki/Tilly van der Zwaard,Article utilisant une Infobox
Maria Pi\u0105tkowska,https://fr.wikipedia.org/?curid=11202119,https://fr.wikipedia.org/wiki/Maria Pi\u0105tkowska,Wikip\u00e9dia:\u00e9bauche athl\u00e9tisme
MacKenzie Porter,https://fr.wikipedia.org/?curid=11203192,https://fr.wikipedia.org/wiki/MacKenzie Porter,Article utilisant une Infobox
Hanne Maudens,https://fr.wikipedia.org/?curid=11204823,https://fr.wikipedia.org/wiki/Hanne Maudens,Wikip\u00e9dia:\u00e9bauche athl\u00e9tisme
Olga Barabanschikova,https://fr.wikipedia.org/?curid=1120880,https://fr.wikipedia.org/wiki/Olga Barabanschikova,Article \u00e0 illustrer Joueur de tennis
Erika de Lone,https://fr.wikipedia.org/?curid=1120924,https://fr.wikipedia.org/wiki/Erika de Lone,Article \u00e0 illustrer Joueur de tennis
Cynthia Bolingo,https://fr.wikipedia.org/?curid=11205276,https://fr.wikipedia.org/wiki/Cynthia Bolingo,Wikip\u00e9dia:\u00e9bauche athl\u00e8te belge
Judith Wyder,https://fr.wikipedia.org/?curid=11211308,https://fr.wikipedia.org/wiki/Judith Wyder,Article utilisant une Infobox
Liste des princesses de Turenne,https://fr.wikipedia.org/?curid=11211581,https://fr.wikipedia.org/wiki/Liste des princesses de Turenne,Portail:Histoire/Articles li\u00e9s
Ivanna Madruga,https://fr.wikipedia.org/?curid=1121074,https://fr.wikipedia.org/wiki/Ivanna Madruga,Article \u00e0 illustrer Joueur de tennis
Julie Vlasto,https://fr.wikipedia.org/?curid=1121571,https://fr.wikipedia.org/wiki/Julie Vlasto,Article utilisant une Infobox
Nancy Feber,https://fr.wikipedia.org/?curid=1118548,https://fr.wikipedia.org/wiki/Nancy Feber,Article \u00e0 illustrer Joueur de tennis
Sarah Schachner,https://fr.wikipedia.org/?curid=11185517,https://fr.wikipedia.org/wiki/Sarah Schachner,Page utilisant P569
Hanne Claes,https://fr.wikipedia.org/?curid=11221093,https://fr.wikipedia.org/wiki/Hanne Claes,Wikip\u00e9dia:\u00e9bauche athl\u00e9tisme
Ingelore Lohse,https://fr.wikipedia.org/?curid=11217584,https://fr.wikipedia.org/wiki/Ingelore Lohse,Wikip\u00e9dia:\u00e9bauche athl\u00e9tisme
Hannelore Raepke,https://fr.wikipedia.org/?curid=11217191,https://fr.wikipedia.org/wiki/Hannelore Raepke,Wikip\u00e9dia:\u00e9bauche athl\u00e9tisme
Mouna Traor\u00e9,https://fr.wikipedia.org/?curid=11129959,https://fr.wikipedia.org/wiki/Mouna Traor\u00e9,Article utilisant une Infobox
Katja Ebbinghaus,https://fr.wikipedia.org/?curid=1114283,https://fr.wikipedia.org/wiki/Katja Ebbinghaus,Article utilisant une Infobox
Kaliema Antomarchi,https://fr.wikipedia.org/?curid=11143710,https://fr.wikipedia.org/wiki/Kaliema Antomarchi,Wikip\u00e9dia:\u00e9bauche sportif cubain
Mungunchimeg Baldorj,https://fr.wikipedia.org/?curid=11141975,https://fr.wikipedia.org/wiki/Mungunchimeg Baldorj,Wikip\u00e9dia:\u00e9bauche personnalit\u00e9 mongole
Florence Faivre,https://fr.wikipedia.org/?curid=11142233,https://fr.wikipedia.org/wiki/Florence Faivre,Wikip\u00e9dia:\u00e9bauche acteur fran\u00e7ais
Miss Belgique 2018,https://fr.wikipedia.org/?curid=11145095,https://fr.wikipedia.org/wiki/Miss Belgique 2018,Article \u00e0 illustrer Miss
Ann Henricksson,https://fr.wikipedia.org/?curid=1114257,https://fr.wikipedia.org/wiki/Ann Henricksson,Article \u00e0 illustrer Joueur de tennis
Agata Ozdoba,https://fr.wikipedia.org/?curid=11142614,https://fr.wikipedia.org/wiki/Agata Ozdoba,Wikip\u00e9dia:\u00e9bauche personnalit\u00e9 polonaise
Lyudmila Borisova,https://fr.wikipedia.org/?curid=11241144,https://fr.wikipedia.org/wiki/Lyudmila Borisova,Wikip\u00e9dia:\u00e9bauche athl\u00e9tisme
Laura Hrebec,https://fr.wikipedia.org/?curid=11239270,https://fr.wikipedia.org/wiki/Laura Hrebec,Wikip\u00e9dia:\u00e9bauche athl\u00e8te suisse
Svetlana Tripapina,https://fr.wikipedia.org/?curid=11222892,https://fr.wikipedia.org/wiki/Svetlana Tripapina,Article utilisant une Infobox
Aracely Ar\u00e1mbula,https://fr.wikipedia.org/?curid=1122732,https://fr.wikipedia.org/wiki/Aracely Ar\u00e1mbula,Page utilisant P569
On \u00e9tait beau,https://fr.wikipedia.org/?curid=11233852,https://fr.wikipedia.org/wiki/On \u00e9tait beau,Article utilisant une Infobox
Maryna Zanevska,https://fr.wikipedia.org/?curid=11235292,https://fr.wikipedia.org/wiki/Maryna Zanevska,Article utilisant une Infobox
Andrea McArdle,https://fr.wikipedia.org/?curid=11232867,https://fr.wikipedia.org/wiki/Andrea McArdle,Article utilisant une Infobox
Kyra Lamberink,https://fr.wikipedia.org/?curid=11230789,https://fr.wikipedia.org/wiki/Kyra Lamberink,Page utilisant P569
Hetty van de Wouw,https://fr.wikipedia.org/?curid=11230849,https://fr.wikipedia.org/wiki/Hetty van de Wouw,Page utilisant P569
Mateusz Rudyk,https://fr.wikipedia.org/?curid=11230941,https://fr.wikipedia.org/wiki/Mateusz Rudyk,Page utilisant P569
Chlo\u00e9 Henry,https://fr.wikipedia.org/?curid=11231097,https://fr.wikipedia.org/wiki/Chlo\u00e9 Henry,Wikip\u00e9dia:\u00e9bauche athl\u00e9tisme
Thea Krokan Murud,https://fr.wikipedia.org/?curid=11354817,https://fr.wikipedia.org/wiki/Thea Krokan Murud,Wikip\u00e9dia:\u00e9bauche ski de fond
Alexandra Tilley,https://fr.wikipedia.org/?curid=11355416,https://fr.wikipedia.org/wiki/Alexandra Tilley,Wikip\u00e9dia:\u00e9bauche sportif britannique
Champions olympiques canadiens,https://fr.wikipedia.org/?curid=11371743,https://fr.wikipedia.org/wiki/Champions olympiques canadiens,Portail:Jeux olympiques/Articles li\u00e9s
Champions olympiques marocains,https://fr.wikipedia.org/?curid=11370213,https://fr.wikipedia.org/wiki/Champions olympiques marocains,Portail:Jeux olympiques/Articles li\u00e9s
Marie-Jade Lauriault,https://fr.wikipedia.org/?curid=11468773,https://fr.wikipedia.org/wiki/Marie-Jade Lauriault,Wikip\u00e9dia:\u00e9bauche sportif fran\u00e7ais
Lou Barin,https://fr.wikipedia.org/?curid=11468846,https://fr.wikipedia.org/wiki/Lou Barin,Wikip\u00e9dia:\u00e9bauche ski acrobatique
Mialitiana Clerc,https://fr.wikipedia.org/?curid=11481097,https://fr.wikipedia.org/wiki/Mialitiana Clerc,Article contenant un appel \u00e0 traduction en anglais
Luisa G\u00f6rlich,https://fr.wikipedia.org/?curid=11481402,https://fr.wikipedia.org/wiki/Luisa G\u00f6rlich,Wikip\u00e9dia:\u00e9bauche saut \u00e0 ski
Agnes Reisch,https://fr.wikipedia.org/?curid=11481409,https://fr.wikipedia.org/wiki/Agnes Reisch,Wikip\u00e9dia:\u00e9bauche saut \u00e0 ski
Em\u0151ke Sz\u0151cs,https://fr.wikipedia.org/?curid=11482023,https://fr.wikipedia.org/wiki/Em\u0151ke Sz\u0151cs,Article utilisant une Infobox
Ceylin Alvarado,https://fr.wikipedia.org/?curid=11468594,https://fr.wikipedia.org/wiki/Ceylin Alvarado,Page utilisant P1448
Sarah H\u00f6fflin,https://fr.wikipedia.org/?curid=11499829,https://fr.wikipedia.org/wiki/Sarah H\u00f6fflin,Article utilisant une Infobox
Mathilde Gremaud,https://fr.wikipedia.org/?curid=11499847,https://fr.wikipedia.org/wiki/Mathilde Gremaud,Wikip\u00e9dia:\u00e9bauche ski acrobatique
Isabelle Weidemann,https://fr.wikipedia.org/?curid=11496383,https://fr.wikipedia.org/wiki/Isabelle Weidemann,Wikip\u00e9dia:\u00e9bauche patinage de vitesse
Brianne Tutt,https://fr.wikipedia.org/?curid=11496397,https://fr.wikipedia.org/wiki/Brianne Tutt,Wikip\u00e9dia:\u00e9bauche patinage de vitesse
Annouk van der Weijden,https://fr.wikipedia.org/?curid=11496411,https://fr.wikipedia.org/wiki/Annouk van der Weijden,Wikip\u00e9dia:\u00e9bauche patinage de vitesse
Esmee Visser,https://fr.wikipedia.org/?curid=11496442,https://fr.wikipedia.org/wiki/Esmee Visser,Wikip\u00e9dia:\u00e9bauche patinage de vitesse
Jaclyn Narracott,https://fr.wikipedia.org/?curid=11499446,https://fr.wikipedia.org/wiki/Jaclyn Narracott,Wikip\u00e9dia:\u00e9bauche skeleton
Karine Quentrec,https://fr.wikipedia.org/?curid=1150205,https://fr.wikipedia.org/wiki/Karine Quentrec,Article \u00e0 illustrer Joueur de tennis
Alba Flores,https://fr.wikipedia.org/?curid=11501935,https://fr.wikipedia.org/wiki/Alba Flores,Article utilisant une Infobox
Thal\u00eda,https://fr.wikipedia.org/?curid=115004,https://fr.wikipedia.org/wiki/Thal\u00eda,R\u00e9daction \u00e0 am\u00e9liorer
Amandine Brossier,https://fr.wikipedia.org/?curid=11503125,https://fr.wikipedia.org/wiki/Amandine Brossier,Wikip\u00e9dia:\u00e9bauche athl\u00e8te fran\u00e7ais
Valentine Fortin,https://fr.wikipedia.org/?curid=11503273,https://fr.wikipedia.org/wiki/Valentine Fortin,Page utilisant P569
Big Mama Thornton,https://fr.wikipedia.org/?curid=115037,https://fr.wikipedia.org/wiki/Big Mama Thornton,Page utilisant P569
