Name,URL1,URL2,First Category
Marie Denise Pelletier,https://fr.wikipedia.org/?curid=4294519,https://fr.wikipedia.org/wiki/Marie Denise Pelletier,Article utilisant une Infobox
Kaillie Humphries,https://fr.wikipedia.org/?curid=4254890,https://fr.wikipedia.org/wiki/Kaillie Humphries,Wikip\u00e9dia:\u00e9bauche bobsleigh
Elisabetta Canalis,https://fr.wikipedia.org/?curid=4284354,https://fr.wikipedia.org/wiki/Elisabetta Canalis,Article utilisant une Infobox
Larusso (chanteuse),https://fr.wikipedia.org/?curid=428636,https://fr.wikipedia.org/wiki/Larusso (chanteuse),Page utilisant P569
586e r\u00e9giment d'aviation de chasse,https://fr.wikipedia.org/?curid=4286408,https://fr.wikipedia.org/wiki/586e r\u00e9giment d'aviation de chasse,Wikip\u00e9dia:\u00e9bauche a\u00e9ronautique
Minecraft,https://fr.wikipedia.org/?curid=4285058,https://fr.wikipedia.org/wiki/Minecraft,Article contenant un lien mort
Viviane Dorsile,https://fr.wikipedia.org/?curid=4291526,https://fr.wikipedia.org/wiki/Viviane Dorsile,Wikip\u00e9dia:\u00e9bauche athl\u00e8te fran\u00e7ais
Petra Kandarr,https://fr.wikipedia.org/?curid=4279894,https://fr.wikipedia.org/wiki/Petra Kandarr,Article \u00e0 illustrer Athl\u00e8te
Rose-Aim\u00e9e Bacoul,https://fr.wikipedia.org/?curid=4280657,https://fr.wikipedia.org/wiki/Rose-Aim\u00e9e Bacoul,Article \u00e0 illustrer Athl\u00e8te
Wang Yimei,https://fr.wikipedia.org/?curid=4268102,https://fr.wikipedia.org/wiki/Wang Yimei,Article utilisant une Infobox
Mao Inoue,https://fr.wikipedia.org/?curid=4256049,https://fr.wikipedia.org/wiki/Mao Inoue,Article utilisant une Infobox
The Fame Ball Tour,https://fr.wikipedia.org/?curid=4270323,https://fr.wikipedia.org/wiki/The Fame Ball Tour,Article manquant de r\u00e9f\u00e9rences depuis mars 2022
Allison Iraheta,https://fr.wikipedia.org/?curid=4183660,https://fr.wikipedia.org/wiki/Allison Iraheta,Article utilisant une Infobox
Sandra Kociniewski,https://fr.wikipedia.org/?curid=3346493,https://fr.wikipedia.org/wiki/Sandra Kociniewski,Article \u00e0 illustrer Joueur de volley-ball
He Kexin,https://fr.wikipedia.org/?curid=3734832,https://fr.wikipedia.org/wiki/He Kexin,Wikip\u00e9dia:\u00e9bauche gymnastique
Midori It\u014d,https://fr.wikipedia.org/?curid=373251,https://fr.wikipedia.org/wiki/Midori It\u014d,Wikip\u00e9dia:\u00e9bauche patinage artistique
Cinzia Colaiacomo,https://fr.wikipedia.org/?curid=3713391,https://fr.wikipedia.org/wiki/Cinzia Colaiacomo,Page utilisant P569
400 m\u00e8tres aux Jeux olympiques,https://fr.wikipedia.org/?curid=3613562,https://fr.wikipedia.org/wiki/400 m\u00e8tres aux Jeux olympiques,Article utilisant une Infobox
Marathon aux Jeux olympiques,https://fr.wikipedia.org/?curid=3613577,https://fr.wikipedia.org/wiki/Marathon aux Jeux olympiques,Article utilisant une Infobox
110 m\u00e8tres haies aux Jeux olympiques,https://fr.wikipedia.org/?curid=3613580,https://fr.wikipedia.org/wiki/110 m\u00e8tres haies aux Jeux olympiques,Article utilisant une Infobox
400 m\u00e8tres haies aux Jeux olympiques,https://fr.wikipedia.org/?curid=3613583,https://fr.wikipedia.org/wiki/400 m\u00e8tres haies aux Jeux olympiques,Article utilisant une Infobox
Steeple aux Jeux olympiques,https://fr.wikipedia.org/?curid=3613586,https://fr.wikipedia.org/wiki/Steeple aux Jeux olympiques,Article utilisant une Infobox
Relais 4 \u00d7 100 m\u00e8tres aux Jeux olympiques,https://fr.wikipedia.org/?curid=3613592,https://fr.wikipedia.org/wiki/Relais 4 \u00d7 100 m\u00e8tres aux Jeux olympiques,Article utilisant une Infobox
Relais 4 \u00d7 400 m\u00e8tres aux Jeux olympiques,https://fr.wikipedia.org/?curid=3613596,https://fr.wikipedia.org/wiki/Relais 4 \u00d7 400 m\u00e8tres aux Jeux olympiques,Article utilisant une Infobox
Saut en longueur aux Jeux olympiques,https://fr.wikipedia.org/?curid=3613610,https://fr.wikipedia.org/wiki/Saut en longueur aux Jeux olympiques,Article utilisant une Infobox
Saut en hauteur aux Jeux olympiques,https://fr.wikipedia.org/?curid=3613616,https://fr.wikipedia.org/wiki/Saut en hauteur aux Jeux olympiques,Article utilisant une Infobox
Jennifer Gillom,https://fr.wikipedia.org/?curid=3756231,https://fr.wikipedia.org/wiki/Jennifer Gillom,Article \u00e0 illustrer Joueur de basket-ball
Carin Koch,https://fr.wikipedia.org/?curid=3756269,https://fr.wikipedia.org/wiki/Carin Koch,Wikip\u00e9dia:\u00e9bauche golf
Jeanne Shaheen,https://fr.wikipedia.org/?curid=3423232,https://fr.wikipedia.org/wiki/Jeanne Shaheen,Article contenant un appel \u00e0 traduction en anglais
Angela Voigt,https://fr.wikipedia.org/?curid=3816290,https://fr.wikipedia.org/wiki/Angela Voigt,Article utilisant une Infobox
Lashinda Demus,https://fr.wikipedia.org/?curid=382212,https://fr.wikipedia.org/wiki/Lashinda Demus,Article utilisant une Infobox
Tara Summers,https://fr.wikipedia.org/?curid=3822634,https://fr.wikipedia.org/wiki/Tara Summers,Wikip\u00e9dia:\u00e9bauche acteur britannique
Romain Gavras,https://fr.wikipedia.org/?curid=3822788,https://fr.wikipedia.org/wiki/Romain Gavras,Wikip\u00e9dia:\u00e9bauche r\u00e9alisateur fran\u00e7ais
Yuliya Nesterenko,https://fr.wikipedia.org/?curid=382417,https://fr.wikipedia.org/wiki/Yuliya Nesterenko,Article utilisant une Infobox
Liste des m\u00e9daill\u00e9s olympiques en rugby,https://fr.wikipedia.org/?curid=3691428,https://fr.wikipedia.org/wiki/Liste des m\u00e9daill\u00e9s olympiques en rugby,Wikip\u00e9dia:\u00e9bauche rugby \u00e0 XV
Gertrud Hackner,https://fr.wikipedia.org/?curid=3688869,https://fr.wikipedia.org/wiki/Gertrud Hackner,Page utilisant P106
\u00c9lisabeth II,https://fr.wikipedia.org/?curid=3747477,https://fr.wikipedia.org/wiki/\u00c9lisabeth II,Article contenant un lien mort
Jacqueline du Bief,https://fr.wikipedia.org/?curid=373095,https://fr.wikipedia.org/wiki/Jacqueline du Bief,Wikip\u00e9dia:\u00e9bauche sportif fran\u00e7ais
Frances Brandon,https://fr.wikipedia.org/?curid=3749457,https://fr.wikipedia.org/wiki/Frances Brandon,Page utilisant P20
Marian Wright,https://fr.wikipedia.org/?curid=3747000,https://fr.wikipedia.org/wiki/Marian Wright,Article manquant de r\u00e9f\u00e9rences depuis novembre 2020
Amy Alcott,https://fr.wikipedia.org/?curid=3747090,https://fr.wikipedia.org/wiki/Amy Alcott,Article \u00e0 illustrer Golfeur
Lidia Chojecka,https://fr.wikipedia.org/?curid=3713984,https://fr.wikipedia.org/wiki/Lidia Chojecka,Article utilisant une Infobox
Lina Leandersson,https://fr.wikipedia.org/?curid=3713990,https://fr.wikipedia.org/wiki/Lina Leandersson,Article utilisant une Infobox
Stacey McClean,https://fr.wikipedia.org/?curid=3728345,https://fr.wikipedia.org/wiki/Stacey McClean,Wikip\u00e9dia:\u00e9bauche chanteur britannique
Jacqueline Vaudecrane,https://fr.wikipedia.org/?curid=372588,https://fr.wikipedia.org/wiki/Jacqueline Vaudecrane,Article utilisant une Infobox
J\u00e9r\u00e9mie Beyou,https://fr.wikipedia.org/?curid=372654,https://fr.wikipedia.org/wiki/J\u00e9r\u00e9mie Beyou,Article utilisant une Infobox
Daisy Speranza,https://fr.wikipedia.org/?curid=3722352,https://fr.wikipedia.org/wiki/Daisy Speranza,Article manquant de r\u00e9f\u00e9rences depuis ao\u00fbt 2020
Portia Perez,https://fr.wikipedia.org/?curid=3723281,https://fr.wikipedia.org/wiki/Portia Perez,Page utilisant P27
Michelle Kwan,https://fr.wikipedia.org/?curid=372213,https://fr.wikipedia.org/wiki/Michelle Kwan,Page utilisant des donn\u00e9es de Wikidata \u00e0 traduire de l'anglais
Miriam Neureuther,https://fr.wikipedia.org/?curid=3685009,https://fr.wikipedia.org/wiki/Miriam Neureuther,Article utilisant une Infobox
Anna Pieri Brignole Sale,https://fr.wikipedia.org/?curid=3685143,https://fr.wikipedia.org/wiki/Anna Pieri Brignole Sale,Article utilisant une Infobox
Tiffany Thornton,https://fr.wikipedia.org/?curid=3688072,https://fr.wikipedia.org/wiki/Tiffany Thornton,Article utilisant une Infobox
Nathalie Leroy (karat\u00e9),https://fr.wikipedia.org/?curid=3686485,https://fr.wikipedia.org/wiki/Nathalie Leroy (karat\u00e9),Page utilisant P569
Julia Smit,https://fr.wikipedia.org/?curid=3780840,https://fr.wikipedia.org/wiki/Julia Smit,Article utilisant une Infobox
Aishwarya Rai,https://fr.wikipedia.org/?curid=37832,https://fr.wikipedia.org/wiki/Aishwarya Rai,Article utilisant une Infobox
"Emmanuelle (film, 1974)",https://fr.wikipedia.org/?curid=378006,"https://fr.wikipedia.org/wiki/Emmanuelle (film, 1974)",Article contenant un lien mort
Liste des conjoints des souverains britanniques,https://fr.wikipedia.org/?curid=3782024,https://fr.wikipedia.org/wiki/Liste des conjoints des souverains britanniques,Article manquant de r\u00e9f\u00e9rences depuis octobre 2013
Nadja Benaissa,https://fr.wikipedia.org/?curid=3782074,https://fr.wikipedia.org/wiki/Nadja Benaissa,Article utilisant une Infobox
Ksenija Balta,https://fr.wikipedia.org/?curid=3692119,https://fr.wikipedia.org/wiki/Ksenija Balta,Article utilisant une Infobox
Liselotte Neumann,https://fr.wikipedia.org/?curid=3714697,https://fr.wikipedia.org/wiki/Liselotte Neumann,Article utilisant une Infobox
Silvia Salis,https://fr.wikipedia.org/?curid=3713837,https://fr.wikipedia.org/wiki/Silvia Salis,Wikip\u00e9dia:\u00e9bauche athl\u00e8te italien
Tanisha Wright,https://fr.wikipedia.org/?curid=3765358,https://fr.wikipedia.org/wiki/Tanisha Wright,Article utilisant une Infobox
Petra Felke,https://fr.wikipedia.org/?curid=3763770,https://fr.wikipedia.org/wiki/Petra Felke,Article utilisant une Infobox
Tatyana Chernova,https://fr.wikipedia.org/?curid=3772870,https://fr.wikipedia.org/wiki/Tatyana Chernova,Article utilisant une Infobox
Anja Zdovc,https://fr.wikipedia.org/?curid=3753552,https://fr.wikipedia.org/wiki/Anja Zdovc,Article utilisant une Infobox
Ry\u014dko Mitake,https://fr.wikipedia.org/?curid=3746244,https://fr.wikipedia.org/wiki/Ry\u014dko Mitake,Article utilisant une Infobox
Vita Semerenko,https://fr.wikipedia.org/?curid=3746457,https://fr.wikipedia.org/wiki/Vita Semerenko,Article utilisant une Infobox
Laura Henson,https://fr.wikipedia.org/?curid=3745723,https://fr.wikipedia.org/wiki/Laura Henson,Article \u00e0 illustrer Joueur de tennis
Serena Deeb,https://fr.wikipedia.org/?curid=3729984,https://fr.wikipedia.org/wiki/Serena Deeb,Page utilisant P27
Alice Pieszecki,https://fr.wikipedia.org/?curid=3740833,https://fr.wikipedia.org/wiki/Alice Pieszecki,Article utilisant une Infobox
Venke Knutson,https://fr.wikipedia.org/?curid=3740785,https://fr.wikipedia.org/wiki/Venke Knutson,Wikip\u00e9dia:\u00e9bauche chanteur norv\u00e9gien
Sarah Coffin,https://fr.wikipedia.org/?curid=3739890,https://fr.wikipedia.org/wiki/Sarah Coffin,Article \u00e0 illustrer Joueur de tennis
Fahmida Mirza,https://fr.wikipedia.org/?curid=3904977,https://fr.wikipedia.org/wiki/Fahmida Mirza,Article utilisant une Infobox
Paparazzi (chanson),https://fr.wikipedia.org/?curid=3886715,https://fr.wikipedia.org/wiki/Paparazzi (chanson),Article utilisant une Infobox
Manuela Montebrun,https://fr.wikipedia.org/?curid=391119,https://fr.wikipedia.org/wiki/Manuela Montebrun,Article utilisant une Infobox
Fred Vargas,https://fr.wikipedia.org/?curid=386630,https://fr.wikipedia.org/wiki/Fred Vargas,Page utilisant P742
Simona Halep,https://fr.wikipedia.org/?curid=3871756,https://fr.wikipedia.org/wiki/Simona Halep,Article utilisant une Infobox
Ludmila Engquist,https://fr.wikipedia.org/?curid=389163,https://fr.wikipedia.org/wiki/Ludmila Engquist,Article \u00e0 illustrer Athl\u00e8te
Chandra Sturrup,https://fr.wikipedia.org/?curid=389050,https://fr.wikipedia.org/wiki/Chandra Sturrup,Article utilisant une Infobox
Nicole Antibe,https://fr.wikipedia.org/?curid=389281,https://fr.wikipedia.org/wiki/Nicole Antibe,Wikip\u00e9dia:\u00e9bauche joueuse fran\u00e7aise de basket-ball
Laure Savasta,https://fr.wikipedia.org/?curid=389283,https://fr.wikipedia.org/wiki/Laure Savasta,Article utilisant une Infobox
Heike Henkel,https://fr.wikipedia.org/?curid=389244,https://fr.wikipedia.org/wiki/Heike Henkel,Wikip\u00e9dia:\u00e9bauche athl\u00e8te allemand
Yelena Slesarenko,https://fr.wikipedia.org/?curid=389247,https://fr.wikipedia.org/wiki/Yelena Slesarenko,Article utilisant une Infobox
Cynthia Phaneuf,https://fr.wikipedia.org/?curid=389375,https://fr.wikipedia.org/wiki/Cynthia Phaneuf,Wikip\u00e9dia:\u00e9bauche patinage artistique
Joan Armatrading,https://fr.wikipedia.org/?curid=3886443,https://fr.wikipedia.org/wiki/Joan Armatrading,Wikip\u00e9dia:\u00e9bauche chanteur britannique
Vitalia Diatchenko,https://fr.wikipedia.org/?curid=3888443,https://fr.wikipedia.org/wiki/Vitalia Diatchenko,Article utilisant une Infobox
Charity Wakefield,https://fr.wikipedia.org/?curid=3885248,https://fr.wikipedia.org/wiki/Charity Wakefield,Page utilisant P569
Gergana Slavtcheva,https://fr.wikipedia.org/?curid=3884760,https://fr.wikipedia.org/wiki/Gergana Slavtcheva,Wikip\u00e9dia:\u00e9bauche basket-ball
Marilyn Okoro,https://fr.wikipedia.org/?curid=3895609,https://fr.wikipedia.org/wiki/Marilyn Okoro,Wikip\u00e9dia:\u00e9bauche athl\u00e8te britannique
Dawn Clark Netsch,https://fr.wikipedia.org/?curid=3894987,https://fr.wikipedia.org/wiki/Dawn Clark Netsch,Article utilisant une Infobox
Margareta Kozuch,https://fr.wikipedia.org/?curid=3866776,https://fr.wikipedia.org/wiki/Margareta Kozuch,Article utilisant une Infobox
Francine Fillios,https://fr.wikipedia.org/?curid=3679776,https://fr.wikipedia.org/wiki/Francine Fillios,Page utilisant P569
Beverly Morris,https://fr.wikipedia.org/?curid=3678017,https://fr.wikipedia.org/wiki/Beverly Morris,Wikip\u00e9dia:\u00e9bauche karat\u00e9ka britannique
Natalia Yakushenko,https://fr.wikipedia.org/?curid=3666028,https://fr.wikipedia.org/wiki/Natalia Yakushenko,Wikip\u00e9dia:\u00e9bauche luge
Liste des champions de tennis vainqueurs en Grand Chelem en double mixte,https://fr.wikipedia.org/?curid=3666660,https://fr.wikipedia.org/wiki/Liste des champions de tennis vainqueurs en Grand Chelem en double mixte,Article \u00e0 recycler/Liste compl\u00e8te
Natalie Geisenberger,https://fr.wikipedia.org/?curid=3664311,https://fr.wikipedia.org/wiki/Natalie Geisenberger,Article utilisant une Infobox
Lindsay Lee-Waters,https://fr.wikipedia.org/?curid=3668075,https://fr.wikipedia.org/wiki/Lindsay Lee-Waters,Article utilisant une Infobox
Silvia Wieg\u00e4rtner,https://fr.wikipedia.org/?curid=3668206,https://fr.wikipedia.org/wiki/Silvia Wieg\u00e4rtner,Wikip\u00e9dia:\u00e9bauche karat\u00e9ka allemand
Simone Schreiner,https://fr.wikipedia.org/?curid=3668207,https://fr.wikipedia.org/wiki/Simone Schreiner,Wikip\u00e9dia:\u00e9bauche karat\u00e9ka allemand
Iryna Kovalenko,https://fr.wikipedia.org/?curid=3715923,https://fr.wikipedia.org/wiki/Iryna Kovalenko,Wikip\u00e9dia:\u00e9bauche athl\u00e8te ukrainien
Maria Mena,https://fr.wikipedia.org/?curid=3716551,https://fr.wikipedia.org/wiki/Maria Mena,Article contenant un lien mort
Ida Corr,https://fr.wikipedia.org/?curid=3716588,https://fr.wikipedia.org/wiki/Ida Corr,Wikip\u00e9dia:\u00e9bauche chanteur danois
Patty Sheehan,https://fr.wikipedia.org/?curid=3671078,https://fr.wikipedia.org/wiki/Patty Sheehan,Article utilisant une Infobox
Marion Thees,https://fr.wikipedia.org/?curid=3671535,https://fr.wikipedia.org/wiki/Marion Thees,Wikip\u00e9dia:\u00e9bauche skeleton
Sandrine Thiebaud-Kangni,https://fr.wikipedia.org/?curid=3669619,https://fr.wikipedia.org/wiki/Sandrine Thiebaud-Kangni,Article manquant de r\u00e9f\u00e9rences depuis novembre 2017
Woody Allen,https://fr.wikipedia.org/?curid=36699,https://fr.wikipedia.org/wiki/Woody Allen,Article utilisant une Infobox
Amy Williams (skeleton),https://fr.wikipedia.org/?curid=3672507,https://fr.wikipedia.org/wiki/Amy Williams (skeleton),Wikip\u00e9dia:\u00e9bauche skeleton
Oksana Baiul,https://fr.wikipedia.org/?curid=371168,https://fr.wikipedia.org/wiki/Oksana Baiul,Page utilisant P569
Miranda Cosgrove,https://fr.wikipedia.org/?curid=3682182,https://fr.wikipedia.org/wiki/Miranda Cosgrove,Article manquant de r\u00e9f\u00e9rences depuis septembre 2013
Yordanka Donkova,https://fr.wikipedia.org/?curid=368250,https://fr.wikipedia.org/wiki/Yordanka Donkova,Article utilisant une Infobox
Xu Mengtao,https://fr.wikipedia.org/?curid=3681691,https://fr.wikipedia.org/wiki/Xu Mengtao,Article utilisant une Infobox
Debbie Halvorson,https://fr.wikipedia.org/?curid=3701563,https://fr.wikipedia.org/wiki/Debbie Halvorson,Article utilisant une Infobox
Lumini\u021ba Trombi\u021ba\u0219,https://fr.wikipedia.org/?curid=3674967,https://fr.wikipedia.org/wiki/Lumini\u021ba Trombi\u021ba\u0219,Article \u00e0 illustrer Joueur de volley-ball
Catherine Belrhiti,https://fr.wikipedia.org/?curid=3675864,https://fr.wikipedia.org/wiki/Catherine Belrhiti,Article contenant un lien mort
Jos\u00e9e Chouinard,https://fr.wikipedia.org/?curid=367367,https://fr.wikipedia.org/wiki/Jos\u00e9e Chouinard,Wikip\u00e9dia:\u00e9bauche patinage artistique
Joannie Rochette,https://fr.wikipedia.org/?curid=367369,https://fr.wikipedia.org/wiki/Joannie Rochette,Article utilisant une Infobox
Tessa Virtue,https://fr.wikipedia.org/?curid=3662565,https://fr.wikipedia.org/wiki/Tessa Virtue,Article utilisant une Infobox
Stephanie Graf,https://fr.wikipedia.org/?curid=369744,https://fr.wikipedia.org/wiki/Stephanie Graf,Wikip\u00e9dia:\u00e9bauche athl\u00e8te autrichien
Sonja Henie,https://fr.wikipedia.org/?curid=369221,https://fr.wikipedia.org/wiki/Sonja Henie,Article utilisant une Infobox
Sandrine Aubert,https://fr.wikipedia.org/?curid=3688420,https://fr.wikipedia.org/wiki/Sandrine Aubert,Article utilisant une Infobox
Judy Biggert,https://fr.wikipedia.org/?curid=3700212,https://fr.wikipedia.org/wiki/Judy Biggert,Article utilisant une Infobox
Nataly Andria,https://fr.wikipedia.org/?curid=3699292,https://fr.wikipedia.org/wiki/Nataly Andria,Article contenant un lien mort
Kerrie Meares,https://fr.wikipedia.org/?curid=3702913,https://fr.wikipedia.org/wiki/Kerrie Meares,Wikip\u00e9dia:\u00e9bauche coureur cycliste australien
Karen Gillan,https://fr.wikipedia.org/?curid=3917093,https://fr.wikipedia.org/wiki/Karen Gillan,Article contenant un lien mort
Beatrice Faumuina,https://fr.wikipedia.org/?curid=3921577,https://fr.wikipedia.org/wiki/Beatrice Faumuina,Wikip\u00e9dia:\u00e9bauche athl\u00e8te n\u00e9o-z\u00e9landais
Libania Grenot,https://fr.wikipedia.org/?curid=3956072,https://fr.wikipedia.org/wiki/Libania Grenot,Article utilisant une Infobox
Liste des conjoints des souverains espagnols,https://fr.wikipedia.org/?curid=3952472,https://fr.wikipedia.org/wiki/Liste des conjoints des souverains espagnols,Article utilisant une Infobox
Anna Nordqvist,https://fr.wikipedia.org/?curid=3919919,https://fr.wikipedia.org/wiki/Anna Nordqvist,Wikip\u00e9dia:\u00e9bauche golf
Rosemarie DeWitt,https://fr.wikipedia.org/?curid=3911970,https://fr.wikipedia.org/wiki/Rosemarie DeWitt,Wikip\u00e9dia:\u00e9bauche acteur am\u00e9ricain
Mambou Aim\u00e9e Gnali,https://fr.wikipedia.org/?curid=3944044,https://fr.wikipedia.org/wiki/Mambou Aim\u00e9e Gnali,Article \u00e0 illustrer Personnalit\u00e9 politique
Erika Flores,https://fr.wikipedia.org/?curid=3920398,https://fr.wikipedia.org/wiki/Erika Flores,Wikip\u00e9dia:\u00e9bauche acteur am\u00e9ricain
Inception,https://fr.wikipedia.org/?curid=3949576,https://fr.wikipedia.org/wiki/Inception,Article contenant un appel \u00e0 traduction en anglais
Florence K,https://fr.wikipedia.org/?curid=3949681,https://fr.wikipedia.org/wiki/Florence K,Article utilisant une Infobox
Ann Brusseel,https://fr.wikipedia.org/?curid=3949053,https://fr.wikipedia.org/wiki/Ann Brusseel,Wikip\u00e9dia:\u00e9bauche personnalit\u00e9 politique belge
Christina Vukicevic,https://fr.wikipedia.org/?curid=3934873,https://fr.wikipedia.org/wiki/Christina Vukicevic,Article utilisant une Infobox
Rosa Mota,https://fr.wikipedia.org/?curid=393824,https://fr.wikipedia.org/wiki/Rosa Mota,Article utilisant une Infobox
Nadezhda Ryashkina,https://fr.wikipedia.org/?curid=3850992,https://fr.wikipedia.org/wiki/Nadezhda Ryashkina,Wikip\u00e9dia:\u00e9bauche athl\u00e8te russe
Marina Cvetanovi\u0107,https://fr.wikipedia.org/?curid=3858337,https://fr.wikipedia.org/wiki/Marina Cvetanovi\u0107,Article utilisant une Infobox
Tanisha,https://fr.wikipedia.org/?curid=3857548,https://fr.wikipedia.org/wiki/Tanisha,Page utilisant P569
Marija \u0160estak,https://fr.wikipedia.org/?curid=3859789,https://fr.wikipedia.org/wiki/Marija \u0160estak,Article contenant un lien mort
Maja Vahen,https://fr.wikipedia.org/?curid=3860484,https://fr.wikipedia.org/wiki/Maja Vahen,Article \u00e0 illustrer Joueur de volley-ball
Sophie Monk,https://fr.wikipedia.org/?curid=3850527,https://fr.wikipedia.org/wiki/Sophie Monk,Article utilisant une Infobox
Elsa Devassoigne,https://fr.wikipedia.org/?curid=3864337,https://fr.wikipedia.org/wiki/Elsa Devassoigne,Wikip\u00e9dia:\u00e9bauche athl\u00e8te fran\u00e7ais
Pat Summitt,https://fr.wikipedia.org/?curid=3864440,https://fr.wikipedia.org/wiki/Pat Summitt,Article contenant un lien mort
Ours d'argent de la meilleure actrice,https://fr.wikipedia.org/?curid=3829394,https://fr.wikipedia.org/wiki/Ours d'argent de la meilleure actrice,Article contenant un appel \u00e0 traduction en allemand
Raquel Kops-Jones,https://fr.wikipedia.org/?curid=3835017,https://fr.wikipedia.org/wiki/Raquel Kops-Jones,Article utilisant une Infobox
Sandra Nurmsalu,https://fr.wikipedia.org/?curid=3840415,https://fr.wikipedia.org/wiki/Sandra Nurmsalu,Article utilisant une Infobox
Pierre Gaudermen,https://fr.wikipedia.org/?curid=384838,https://fr.wikipedia.org/wiki/Pierre Gaudermen,Wikip\u00e9dia:\u00e9bauche joueur fran\u00e7ais de rugby \u00e0 XV
Kate\u0159ina Buckov\u00e1,https://fr.wikipedia.org/?curid=3831512,https://fr.wikipedia.org/wiki/Kate\u0159ina Buckov\u00e1,Article utilisant une Infobox
Ericka Bareigts,https://fr.wikipedia.org/?curid=3825555,https://fr.wikipedia.org/wiki/Ericka Bareigts,Article utilisant une Infobox
Diane Dixon,https://fr.wikipedia.org/?curid=3769599,https://fr.wikipedia.org/wiki/Diane Dixon,Article \u00e0 illustrer Athl\u00e8te
Mireia Belmonte,https://fr.wikipedia.org/?curid=3769173,https://fr.wikipedia.org/wiki/Mireia Belmonte,Article utilisant une Infobox
Yuliya Chermoshanskaya,https://fr.wikipedia.org/?curid=3771061,https://fr.wikipedia.org/wiki/Yuliya Chermoshanskaya,Wikip\u00e9dia:\u00e9bauche athl\u00e8te russe
Anca Barna,https://fr.wikipedia.org/?curid=3760160,https://fr.wikipedia.org/wiki/Anca Barna,Article \u00e0 illustrer Joueur de tennis
Le Dernier M\u00e9tro,https://fr.wikipedia.org/?curid=37767,https://fr.wikipedia.org/wiki/Le Dernier M\u00e9tro,Article utilisant une Infobox
Dagmar Neubauer,https://fr.wikipedia.org/?curid=3776275,https://fr.wikipedia.org/wiki/Dagmar Neubauer,Article utilisant une Infobox
John Dickson Carr,https://fr.wikipedia.org/?curid=380445,https://fr.wikipedia.org/wiki/John Dickson Carr,Article utilisant une Infobox
Jan Frodeno,https://fr.wikipedia.org/?curid=3759726,https://fr.wikipedia.org/wiki/Jan Frodeno,Page utilisant P569
Sehryne Hennaoui,https://fr.wikipedia.org/?curid=3800919,https://fr.wikipedia.org/wiki/Sehryne Hennaoui,Article utilisant une Infobox
Emmanuelle Desaint,https://fr.wikipedia.org/?curid=3800937,https://fr.wikipedia.org/wiki/Emmanuelle Desaint,Wikip\u00e9dia:\u00e9bauche joueuse fran\u00e7aise de volley-ball
Ha Ji-won,https://fr.wikipedia.org/?curid=380309,https://fr.wikipedia.org/wiki/Ha Ji-won,Article utilisant une Infobox
L\u00e9na\u00efg Le Moigne,https://fr.wikipedia.org/?curid=3803443,https://fr.wikipedia.org/wiki/L\u00e9na\u00efg Le Moigne,Article utilisant une Infobox
Ivana Vasin,https://fr.wikipedia.org/?curid=3803477,https://fr.wikipedia.org/wiki/Ivana Vasin,Article \u00e0 illustrer Joueur de volley-ball
Lali Esp\u00f3sito,https://fr.wikipedia.org/?curid=3811226,https://fr.wikipedia.org/wiki/Lali Esp\u00f3sito,Article contenant un appel \u00e0 traduction en espagnol
Beth Daniel,https://fr.wikipedia.org/?curid=3737123,https://fr.wikipedia.org/wiki/Beth Daniel,Article utilisant une Infobox
May Sayers,https://fr.wikipedia.org/?curid=3738233,https://fr.wikipedia.org/wiki/May Sayers,Article \u00e0 illustrer Joueur de tennis
Saut \u00e0 la perche aux Jeux olympiques,https://fr.wikipedia.org/?curid=3613624,https://fr.wikipedia.org/wiki/Saut \u00e0 la perche aux Jeux olympiques,Article utilisant une Infobox
Lancer du poids aux Jeux olympiques,https://fr.wikipedia.org/?curid=3613633,https://fr.wikipedia.org/wiki/Lancer du poids aux Jeux olympiques,Article utilisant une Infobox
Lancer du javelot aux Jeux olympiques,https://fr.wikipedia.org/?curid=3613650,https://fr.wikipedia.org/wiki/Lancer du javelot aux Jeux olympiques,Article utilisant une Infobox
100 m\u00e8tres haies aux Jeux olympiques,https://fr.wikipedia.org/?curid=3613794,https://fr.wikipedia.org/wiki/100 m\u00e8tres haies aux Jeux olympiques,Article utilisant une Infobox
Jacqueline Patorni,https://fr.wikipedia.org/?curid=3613057,https://fr.wikipedia.org/wiki/Jacqueline Patorni,Article \u00e0 illustrer Joueur de tennis
Liste des m\u00e9daill\u00e9s olympiques en athl\u00e9tisme - anciennes \u00e9preuves,https://fr.wikipedia.org/?curid=3612515,https://fr.wikipedia.org/wiki/Liste des m\u00e9daill\u00e9s olympiques en athl\u00e9tisme - anciennes \u00e9preuves,Wikip\u00e9dia:\u00e9bauche athl\u00e9tisme
Alena Proch\u00e1zkov\u00e1,https://fr.wikipedia.org/?curid=3575522,https://fr.wikipedia.org/wiki/Alena Proch\u00e1zkov\u00e1,Wikip\u00e9dia:\u00e9bauche ski de fond
Mayura Hoshitsuki,https://fr.wikipedia.org/?curid=3588675,https://fr.wikipedia.org/wiki/Mayura Hoshitsuki,Article utilisant une Infobox
Liste des distinctions d'Hilary Duff,https://fr.wikipedia.org/?curid=3603484,https://fr.wikipedia.org/wiki/Liste des distinctions d'Hilary Duff,Article manquant de r\u00e9f\u00e9rences depuis f\u00e9vrier 2020
Emma Green,https://fr.wikipedia.org/?curid=359046,https://fr.wikipedia.org/wiki/Emma Green,Article utilisant une Infobox
Emmy Blouin,https://fr.wikipedia.org/?curid=3593934,https://fr.wikipedia.org/wiki/Emmy Blouin,Article \u00e0 illustrer Joueur de volley-ball
Marina Novosel,https://fr.wikipedia.org/?curid=3594146,https://fr.wikipedia.org/wiki/Marina Novosel,Article \u00e0 illustrer Joueur de volley-ball
Pascaline Louvrier,https://fr.wikipedia.org/?curid=3593489,https://fr.wikipedia.org/wiki/Pascaline Louvrier,Article \u00e0 illustrer Nageur
Linda Bengtzing,https://fr.wikipedia.org/?curid=3586562,https://fr.wikipedia.org/wiki/Linda Bengtzing,Article utilisant une Infobox
Gete Wami,https://fr.wikipedia.org/?curid=358571,https://fr.wikipedia.org/wiki/Gete Wami,Wikip\u00e9dia:\u00e9bauche athl\u00e8te \u00e9thiopien
Monika Hess,https://fr.wikipedia.org/?curid=3586000,https://fr.wikipedia.org/wiki/Monika Hess,Article \u00e0 illustrer Sportif
Terra Findlay,https://fr.wikipedia.org/?curid=3592207,https://fr.wikipedia.org/wiki/Terra Findlay,Wikip\u00e9dia:\u00e9bauche patinage artistique
Tu\u011fba Karademir,https://fr.wikipedia.org/?curid=3599426,https://fr.wikipedia.org/wiki/Tu\u011fba Karademir,Wikip\u00e9dia:\u00e9bauche patinage artistique
Concours g\u00e9n\u00e9ral individuel de gymnastique artistique masculine aux Jeux olympiques d'\u00e9t\u00e9,https://fr.wikipedia.org/?curid=3599457,https://fr.wikipedia.org/wiki/Concours g\u00e9n\u00e9ral individuel de gymnastique artistique masculine aux Jeux olympiques d'\u00e9t\u00e9,Portail:Gymnastique/Articles li\u00e9s
Finale au cheval d'ar\u00e7ons des Jeux olympiques d'\u00e9t\u00e9,https://fr.wikipedia.org/?curid=3599490,https://fr.wikipedia.org/wiki/Finale au cheval d'ar\u00e7ons des Jeux olympiques d'\u00e9t\u00e9,Portail:Gymnastique/Articles li\u00e9s
Finale aux anneaux des Jeux olympiques d'\u00e9t\u00e9,https://fr.wikipedia.org/?curid=3599496,https://fr.wikipedia.org/wiki/Finale aux anneaux des Jeux olympiques d'\u00e9t\u00e9,Portail:Gymnastique/Articles li\u00e9s
Finale aux barres parall\u00e8les des Jeux olympiques d'\u00e9t\u00e9,https://fr.wikipedia.org/?curid=3599509,https://fr.wikipedia.org/wiki/Finale aux barres parall\u00e8les des Jeux olympiques d'\u00e9t\u00e9,Portail:Gymnastique/Articles li\u00e9s
Finale \u00e0 la barre fixe des Jeux olympiques d'\u00e9t\u00e9,https://fr.wikipedia.org/?curid=3599515,https://fr.wikipedia.org/wiki/Finale \u00e0 la barre fixe des Jeux olympiques d'\u00e9t\u00e9,Portail:Gymnastique/Articles li\u00e9s
Concours par \u00e9quipes de gymnastique artistique masculine aux Jeux olympiques d'\u00e9t\u00e9,https://fr.wikipedia.org/?curid=3599642,https://fr.wikipedia.org/wiki/Concours par \u00e9quipes de gymnastique artistique masculine aux Jeux olympiques d'\u00e9t\u00e9,Article contenant un appel \u00e0 traduction en anglais
Liste des m\u00e9daill\u00e9s olympiques au trampoline,https://fr.wikipedia.org/?curid=3595498,https://fr.wikipedia.org/wiki/Liste des m\u00e9daill\u00e9s olympiques au trampoline,Portail:Gymnastique/Articles li\u00e9s
Liste des m\u00e9daill\u00e9s olympiques masculins en gymnastique artistique,https://fr.wikipedia.org/?curid=3594308,https://fr.wikipedia.org/wiki/Liste des m\u00e9daill\u00e9s olympiques masculins en gymnastique artistique,Portail:Gymnastique/Articles li\u00e9s
Liste des gymnastes artistiques les plus m\u00e9daill\u00e9s aux Jeux olympiques,https://fr.wikipedia.org/?curid=3594457,https://fr.wikipedia.org/wiki/Liste des gymnastes artistiques les plus m\u00e9daill\u00e9s aux Jeux olympiques,Portail:Gymnastique/Articles li\u00e9s
B\u00e9n\u00e9dicte Mauricette,https://fr.wikipedia.org/?curid=3594732,https://fr.wikipedia.org/wiki/B\u00e9n\u00e9dicte Mauricette,Article \u00e0 illustrer Joueur de volley-ball
Andrea Dettling,https://fr.wikipedia.org/?curid=3596384,https://fr.wikipedia.org/wiki/Andrea Dettling,Wikip\u00e9dia:\u00e9bauche ski alpin
Diane Keaton,https://fr.wikipedia.org/?curid=360106,https://fr.wikipedia.org/wiki/Diane Keaton,Article utilisant une Infobox
Jarmila Macha\u010dov\u00e1,https://fr.wikipedia.org/?curid=3608328,https://fr.wikipedia.org/wiki/Jarmila Macha\u010dov\u00e1,Page utilisant P569
Don't Forget,https://fr.wikipedia.org/?curid=3604980,https://fr.wikipedia.org/wiki/Don't Forget,Article utilisant une Infobox
Ranomi Kromowidjojo,https://fr.wikipedia.org/?curid=3977194,https://fr.wikipedia.org/wiki/Ranomi Kromowidjojo,Article contenant un lien mort
Rei Aoki,https://fr.wikipedia.org/?curid=3976747,https://fr.wikipedia.org/wiki/Rei Aoki,Page utilisant P569
Mariya Savinova,https://fr.wikipedia.org/?curid=3979309,https://fr.wikipedia.org/wiki/Mariya Savinova,Article utilisant une Infobox
Linet Masai,https://fr.wikipedia.org/?curid=3979671,https://fr.wikipedia.org/wiki/Linet Masai,Article contenant un lien mort
Gelete Burka,https://fr.wikipedia.org/?curid=3981889,https://fr.wikipedia.org/wiki/Gelete Burka,Article utilisant une Infobox
Rin Aoki,https://fr.wikipedia.org/?curid=3980966,https://fr.wikipedia.org/wiki/Rin Aoki,Article utilisant une Infobox
Julie Carraz-Collin,https://fr.wikipedia.org/?curid=4525190,https://fr.wikipedia.org/wiki/Julie Carraz-Collin,Wikip\u00e9dia:\u00e9bauche biathlon
Cheryl Bernard,https://fr.wikipedia.org/?curid=4527952,https://fr.wikipedia.org/wiki/Cheryl Bernard,Wikip\u00e9dia:\u00e9bauche curling
Susan O'Connor,https://fr.wikipedia.org/?curid=4527964,https://fr.wikipedia.org/wiki/Susan O'Connor,Wikip\u00e9dia:\u00e9bauche curling
Cori Bartel,https://fr.wikipedia.org/?curid=4528047,https://fr.wikipedia.org/wiki/Cori Bartel,Wikip\u00e9dia:\u00e9bauche curling
Kristie Moore,https://fr.wikipedia.org/?curid=4528110,https://fr.wikipedia.org/wiki/Kristie Moore,Wikip\u00e9dia:\u00e9bauche curling
Wang Bingyu,https://fr.wikipedia.org/?curid=4528141,https://fr.wikipedia.org/wiki/Wang Bingyu,Wikip\u00e9dia:\u00e9bauche curling
Kajsa Bergstr\u00f6m,https://fr.wikipedia.org/?curid=4527538,https://fr.wikipedia.org/wiki/Kajsa Bergstr\u00f6m,Wikip\u00e9dia:\u00e9bauche curling
Jacqueline Maz\u00e9as,https://fr.wikipedia.org/?curid=4505418,https://fr.wikipedia.org/wiki/Jacqueline Maz\u00e9as,Wikip\u00e9dia:\u00e9bauche athl\u00e8te fran\u00e7ais
Nicole Duclos,https://fr.wikipedia.org/?curid=450883,https://fr.wikipedia.org/wiki/Nicole Duclos,Wikip\u00e9dia:\u00e9bauche athl\u00e8te fran\u00e7ais
Ethel Smith (athl\u00e9tisme),https://fr.wikipedia.org/?curid=4506159,https://fr.wikipedia.org/wiki/Ethel Smith (athl\u00e9tisme),Article utilisant une Infobox
Angelique Kerber,https://fr.wikipedia.org/?curid=4504881,https://fr.wikipedia.org/wiki/Angelique Kerber,Article utilisant une Infobox
Petra Kronberger,https://fr.wikipedia.org/?curid=457710,https://fr.wikipedia.org/wiki/Petra Kronberger,Article \u00e0 illustrer Sportif
Marie-France Dubreuil,https://fr.wikipedia.org/?curid=456495,https://fr.wikipedia.org/wiki/Marie-France Dubreuil,Article utilisant une Infobox
Cam\u00e9lia Jordana,https://fr.wikipedia.org/?curid=4573305,https://fr.wikipedia.org/wiki/Cam\u00e9lia Jordana,Page semi-prot\u00e9g\u00e9e
Annemarie Moser-Pr\u00f6ll,https://fr.wikipedia.org/?curid=457665,https://fr.wikipedia.org/wiki/Annemarie Moser-Pr\u00f6ll,Article utilisant une Infobox
Sophie Alour,https://fr.wikipedia.org/?curid=4540037,https://fr.wikipedia.org/wiki/Sophie Alour,Article utilisant une Infobox
Judi Brown,https://fr.wikipedia.org/?curid=4549168,https://fr.wikipedia.org/wiki/Judi Brown,Article \u00e0 illustrer Athl\u00e8te
Catherine Hardy,https://fr.wikipedia.org/?curid=4481618,https://fr.wikipedia.org/wiki/Catherine Hardy,Page utilisant P569
Andrea Corr,https://fr.wikipedia.org/?curid=455085,https://fr.wikipedia.org/wiki/Andrea Corr,Article utilisant une Infobox
Liste des m\u00e9daill\u00e9s aux Jeux paralympiques d'hiver de 2010,https://fr.wikipedia.org/?curid=4565889,https://fr.wikipedia.org/wiki/Liste des m\u00e9daill\u00e9s aux Jeux paralympiques d'hiver de 2010,Portail:Handisport/Articles li\u00e9s
Zahra Ouaziz,https://fr.wikipedia.org/?curid=4542498,https://fr.wikipedia.org/wiki/Zahra Ouaziz,Article \u00e0 illustrer Athl\u00e8te
Fanjanteino F\u00e9lix,https://fr.wikipedia.org/?curid=4539406,https://fr.wikipedia.org/wiki/Fanjanteino F\u00e9lix,Wikip\u00e9dia:\u00e9bauche athl\u00e8te fran\u00e7ais
Mirna Juki\u0107,https://fr.wikipedia.org/?curid=4544034,https://fr.wikipedia.org/wiki/Mirna Juki\u0107,Article utilisant une Infobox
Luce (chanteuse),https://fr.wikipedia.org/?curid=4780550,https://fr.wikipedia.org/wiki/Luce (chanteuse),Article utilisant une Infobox
Teeth (chanson),https://fr.wikipedia.org/?curid=4779228,https://fr.wikipedia.org/wiki/Teeth (chanson),Article utilisant une Infobox
Ogonna Nnamani,https://fr.wikipedia.org/?curid=4785086,https://fr.wikipedia.org/wiki/Ogonna Nnamani,Wikip\u00e9dia:\u00e9bauche joueuse am\u00e9ricaine de volley-ball
Milena Radecka,https://fr.wikipedia.org/?curid=4761771,https://fr.wikipedia.org/wiki/Milena Radecka,Article utilisant une Infobox
Kerry Ellis,https://fr.wikipedia.org/?curid=4768819,https://fr.wikipedia.org/wiki/Kerry Ellis,Article utilisant une Infobox
Lydia Rotich,https://fr.wikipedia.org/?curid=4767052,https://fr.wikipedia.org/wiki/Lydia Rotich,Wikip\u00e9dia:\u00e9bauche athl\u00e8te k\u00e9nyan
Neriman \u00d6zsoy,https://fr.wikipedia.org/?curid=4766299,https://fr.wikipedia.org/wiki/Neriman \u00d6zsoy,Article utilisant une Infobox
Magdalena Grzybowska,https://fr.wikipedia.org/?curid=4766658,https://fr.wikipedia.org/wiki/Magdalena Grzybowska,Article utilisant une Infobox
Paola Cardullo,https://fr.wikipedia.org/?curid=4759675,https://fr.wikipedia.org/wiki/Paola Cardullo,Wikip\u00e9dia:\u00e9bauche joueuse italienne de volley-ball
Azumi Kawashima,https://fr.wikipedia.org/?curid=4758821,https://fr.wikipedia.org/wiki/Azumi Kawashima,Article utilisant une Infobox
Riikka Lehtonen,https://fr.wikipedia.org/?curid=476055,https://fr.wikipedia.org/wiki/Riikka Lehtonen,Article utilisant une Infobox
Ruthie Matthes,https://fr.wikipedia.org/?curid=4763476,https://fr.wikipedia.org/wiki/Ruthie Matthes,Wikip\u00e9dia:\u00e9bauche coureur cycliste am\u00e9ricain
Ons Jabeur,https://fr.wikipedia.org/?curid=4756974,https://fr.wikipedia.org/wiki/Ons Jabeur,Article utilisant une Infobox
Christiane F\u00fcrst,https://fr.wikipedia.org/?curid=4753805,https://fr.wikipedia.org/wiki/Christiane F\u00fcrst,Article utilisant une Infobox
Jenny Barazza,https://fr.wikipedia.org/?curid=4752048,https://fr.wikipedia.org/wiki/Jenny Barazza,Wikip\u00e9dia:\u00e9bauche joueuse italienne de volley-ball
Alina Speran\u021ba Albu,https://fr.wikipedia.org/?curid=4752055,https://fr.wikipedia.org/wiki/Alina Speran\u021ba Albu,Article utilisant une Infobox
Chu Jinling,https://fr.wikipedia.org/?curid=476586,https://fr.wikipedia.org/wiki/Chu Jinling,Article \u00e0 illustrer Joueur de volley-ball
Kathleen Wei\u00df,https://fr.wikipedia.org/?curid=4771965,https://fr.wikipedia.org/wiki/Kathleen Wei\u00df,Article utilisant une Infobox
Sunette Viljoen,https://fr.wikipedia.org/?curid=4770597,https://fr.wikipedia.org/wiki/Sunette Viljoen,Article utilisant une Infobox
Iliyana Petkova,https://fr.wikipedia.org/?curid=4770338,https://fr.wikipedia.org/wiki/Iliyana Petkova,Article utilisant une Infobox
Birgit Rockmeier,https://fr.wikipedia.org/?curid=4727378,https://fr.wikipedia.org/wiki/Birgit Rockmeier,Article \u00e0 illustrer Athl\u00e8te
Deniz \u00c7etinsara\u00e7,https://fr.wikipedia.org/?curid=4726937,https://fr.wikipedia.org/wiki/Deniz \u00c7etinsara\u00e7,Article utilisant une Infobox
Ji\u0159ina Pt\u00e1\u010dn\u00edkov\u00e1,https://fr.wikipedia.org/?curid=4725380,https://fr.wikipedia.org/wiki/Ji\u0159ina Pt\u00e1\u010dn\u00edkov\u00e1,Wikip\u00e9dia:\u00e9bauche athl\u00e8te tch\u00e8que
Mariola Zenik,https://fr.wikipedia.org/?curid=4725881,https://fr.wikipedia.org/wiki/Mariola Zenik,Article utilisant une Infobox
Shada Hassoun,https://fr.wikipedia.org/?curid=4774204,https://fr.wikipedia.org/wiki/Shada Hassoun,Page utilisant P1559
Sule Utura,https://fr.wikipedia.org/?curid=4773836,https://fr.wikipedia.org/wiki/Sule Utura,Wikip\u00e9dia:\u00e9bauche athl\u00e8te \u00e9thiopien
Teresa Sukniewicz,https://fr.wikipedia.org/?curid=4711114,https://fr.wikipedia.org/wiki/Teresa Sukniewicz,Article \u00e0 illustrer Athl\u00e8te
Polisse,https://fr.wikipedia.org/?curid=4720476,https://fr.wikipedia.org/wiki/Polisse,Article utilisant une Infobox
Mona Lisa (chanteuse),https://fr.wikipedia.org/?curid=4717343,https://fr.wikipedia.org/wiki/Mona Lisa (chanteuse),Article utilisant une Infobox
Marina Lambrini Diamandis,https://fr.wikipedia.org/?curid=4624750,https://fr.wikipedia.org/wiki/Marina Lambrini Diamandis,Article utilisant une Infobox
Julianne Hough,https://fr.wikipedia.org/?curid=4622989,https://fr.wikipedia.org/wiki/Julianne Hough,Article contenant un lien mort
Tout ce qui brille,https://fr.wikipedia.org/?curid=4605946,https://fr.wikipedia.org/wiki/Tout ce qui brille,Article utilisant une Infobox
Inna Modja,https://fr.wikipedia.org/?curid=4589443,https://fr.wikipedia.org/wiki/Inna Modja,Page utilisant P569
Michelle McManus,https://fr.wikipedia.org/?curid=4617507,https://fr.wikipedia.org/wiki/Michelle McManus,Page utilisant P569
Charlie Barr,https://fr.wikipedia.org/?curid=461506,https://fr.wikipedia.org/wiki/Charlie Barr,Article utilisant une Infobox
Tatyana Shikolenko,https://fr.wikipedia.org/?curid=4603634,https://fr.wikipedia.org/wiki/Tatyana Shikolenko,Article \u00e0 illustrer Athl\u00e8te
Luisana Lopilato,https://fr.wikipedia.org/?curid=4585759,https://fr.wikipedia.org/wiki/Luisana Lopilato,Article sans source depuis mai 2022
Match Point,https://fr.wikipedia.org/?curid=459107,https://fr.wikipedia.org/wiki/Match Point,Article utilisant une Infobox
Cornelia Ullrich,https://fr.wikipedia.org/?curid=4599563,https://fr.wikipedia.org/wiki/Cornelia Ullrich,Page utilisant P569
Maria Rebelo,https://fr.wikipedia.org/?curid=4599636,https://fr.wikipedia.org/wiki/Maria Rebelo,Article \u00e0 illustrer Athl\u00e8te
Simone Thion de La Chaume,https://fr.wikipedia.org/?curid=4581494,https://fr.wikipedia.org/wiki/Simone Thion de La Chaume,Article manquant de r\u00e9f\u00e9rences depuis mai 2014
Lena Meyer-Landrut,https://fr.wikipedia.org/?curid=4562206,https://fr.wikipedia.org/wiki/Lena Meyer-Landrut,Article utilisant une Infobox
Jean Benguigui,https://fr.wikipedia.org/?curid=455743,https://fr.wikipedia.org/wiki/Jean Benguigui,Article utilisant une Infobox
Janelle Mon\u00e1e,https://fr.wikipedia.org/?curid=4621227,https://fr.wikipedia.org/wiki/Janelle Mon\u00e1e,Article contenant un lien mort
Nata\u0161a Osmokrovi\u0107,https://fr.wikipedia.org/?curid=4620953,https://fr.wikipedia.org/wiki/Nata\u0161a Osmokrovi\u0107,Article utilisant une Infobox
Dominique Yvon,https://fr.wikipedia.org/?curid=4470922,https://fr.wikipedia.org/wiki/Dominique Yvon,Page utilisant P569
Brigitte Rohde,https://fr.wikipedia.org/?curid=4477349,https://fr.wikipedia.org/wiki/Brigitte Rohde,Page utilisant P569
Dagmar K\u00e4sling,https://fr.wikipedia.org/?curid=4478981,https://fr.wikipedia.org/wiki/Dagmar K\u00e4sling,Wikip\u00e9dia:\u00e9bauche athl\u00e8te allemand
Ge Fei (badminton),https://fr.wikipedia.org/?curid=4479054,https://fr.wikipedia.org/wiki/Ge Fei (badminton),Article \u00e0 illustrer Joueur de badminton
Celena Mondie-Milner,https://fr.wikipedia.org/?curid=4449995,https://fr.wikipedia.org/wiki/Celena Mondie-Milner,Wikip\u00e9dia:\u00e9bauche athl\u00e8te am\u00e9ricain
Tokyo Mew Mew,https://fr.wikipedia.org/?curid=4462117,https://fr.wikipedia.org/wiki/Tokyo Mew Mew,Article contenant un lien mort
Katja Seizinger,https://fr.wikipedia.org/?curid=447029,https://fr.wikipedia.org/wiki/Katja Seizinger,Article utilisant une Infobox
Laure Pequegnot,https://fr.wikipedia.org/?curid=446998,https://fr.wikipedia.org/wiki/Laure Pequegnot,Article \u00e0 illustrer Sportif
Sarah Conrad,https://fr.wikipedia.org/?curid=4510500,https://fr.wikipedia.org/wiki/Sarah Conrad,Wikip\u00e9dia:\u00e9bauche snowboard
Natalia Bestemianova,https://fr.wikipedia.org/?curid=4517055,https://fr.wikipedia.org/wiki/Natalia Bestemianova,Wikip\u00e9dia:\u00e9bauche patinage artistique
Marina Zueva,https://fr.wikipedia.org/?curid=4518183,https://fr.wikipedia.org/wiki/Marina Zueva,Page utilisant P569
Evelyn Furtsch,https://fr.wikipedia.org/?curid=4456348,https://fr.wikipedia.org/wiki/Evelyn Furtsch,Wikip\u00e9dia:\u00e9bauche athl\u00e8te am\u00e9ricain
Pernelle Carron,https://fr.wikipedia.org/?curid=4461573,https://fr.wikipedia.org/wiki/Pernelle Carron,Article utilisant une Infobox
Janet Moreau,https://fr.wikipedia.org/?curid=4457091,https://fr.wikipedia.org/wiki/Janet Moreau,Page utilisant P569
Olga Bogoslovskaya,https://fr.wikipedia.org/?curid=4463753,https://fr.wikipedia.org/wiki/Olga Bogoslovskaya,Article \u00e0 illustrer Athl\u00e8te
Helga Seidler,https://fr.wikipedia.org/?curid=4463323,https://fr.wikipedia.org/wiki/Helga Seidler,Article utilisant une Infobox
Myrtle Cook,https://fr.wikipedia.org/?curid=4463408,https://fr.wikipedia.org/wiki/Myrtle Cook,Article utilisant une Infobox
HeartCatch PreCure!,https://fr.wikipedia.org/?curid=4466040,https://fr.wikipedia.org/wiki/HeartCatch PreCure!,Article utilisant une Infobox
AJ Lee,https://fr.wikipedia.org/?curid=4465145,https://fr.wikipedia.org/wiki/AJ Lee,Page utilisant P27
Fresh Pretty Cure!,https://fr.wikipedia.org/?curid=4465606,https://fr.wikipedia.org/wiki/Fresh Pretty Cure!,Wikip\u00e9dia:\u00e9bauche anime
Claudia Lichtenberg,https://fr.wikipedia.org/?curid=4466242,https://fr.wikipedia.org/wiki/Claudia Lichtenberg,Page utilisant P1477
Elena Fanchini,https://fr.wikipedia.org/?curid=447343,https://fr.wikipedia.org/wiki/Elena Fanchini,Wikip\u00e9dia:\u00e9bauche ski alpin
Sophie Moniotte,https://fr.wikipedia.org/?curid=4449478,https://fr.wikipedia.org/wiki/Sophie Moniotte,Wikip\u00e9dia:\u00e9bauche patinage artistique
Lucinda Williams (athl\u00e9tisme),https://fr.wikipedia.org/?curid=4456158,https://fr.wikipedia.org/wiki/Lucinda Williams (athl\u00e9tisme),Article utilisant une Infobox
Miss Caroline du Nord USA,https://fr.wikipedia.org/?curid=4489579,https://fr.wikipedia.org/wiki/Miss Caroline du Nord USA,Article contenant un appel \u00e0 traduction en anglais
Miss New York USA,https://fr.wikipedia.org/?curid=4489621,https://fr.wikipedia.org/wiki/Miss New York USA,Article contenant un appel \u00e0 traduction en anglais
Sylvie Jung,https://fr.wikipedia.org/?curid=4491005,https://fr.wikipedia.org/wiki/Sylvie Jung,Article utilisant une Infobox
Lee Sang-hwa,https://fr.wikipedia.org/?curid=4490277,https://fr.wikipedia.org/wiki/Lee Sang-hwa,Wikip\u00e9dia:\u00e9bauche patinage de vitesse
An\u00e9mone Marmottan,https://fr.wikipedia.org/?curid=4490418,https://fr.wikipedia.org/wiki/An\u00e9mone Marmottan,Wikip\u00e9dia:\u00e9bauche ski alpin
Doris Maletzki,https://fr.wikipedia.org/?curid=4447346,https://fr.wikipedia.org/wiki/Doris Maletzki,Wikip\u00e9dia:\u00e9bauche athl\u00e8te allemand
Barbara Jones,https://fr.wikipedia.org/?curid=4447178,https://fr.wikipedia.org/wiki/Barbara Jones,Article utilisant une Infobox
Yelena Ruzina,https://fr.wikipedia.org/?curid=4439588,https://fr.wikipedia.org/wiki/Yelena Ruzina,Article \u00e0 illustrer Athl\u00e8te
Shania Twain,https://fr.wikipedia.org/?curid=444193,https://fr.wikipedia.org/wiki/Shania Twain,Article utilisant une Infobox
Laure Barth\u00e9l\u00e9my,https://fr.wikipedia.org/?curid=4448027,https://fr.wikipedia.org/wiki/Laure Barth\u00e9l\u00e9my,Wikip\u00e9dia:\u00e9bauche ski de fond
Chihiro Hasegawa,https://fr.wikipedia.org/?curid=4521542,https://fr.wikipedia.org/wiki/Chihiro Hasegawa,Article utilisant une Infobox
Mirabelle Thovex,https://fr.wikipedia.org/?curid=4523424,https://fr.wikipedia.org/wiki/Mirabelle Thovex,Wikip\u00e9dia:\u00e9bauche snowboard
Camille de Faucompret,https://fr.wikipedia.org/?curid=4524326,https://fr.wikipedia.org/wiki/Camille de Faucompret,Article \u00e0 illustrer Sportif
Shelley-Ann Brown,https://fr.wikipedia.org/?curid=4522078,https://fr.wikipedia.org/wiki/Shelley-Ann Brown,Wikip\u00e9dia:\u00e9bauche bobsleigh
Elana Meyers,https://fr.wikipedia.org/?curid=4522095,https://fr.wikipedia.org/wiki/Elana Meyers,Wikip\u00e9dia:\u00e9bauche personnalit\u00e9 am\u00e9ricaine
Sun Linlin,https://fr.wikipedia.org/?curid=4522112,https://fr.wikipedia.org/wiki/Sun Linlin,Wikip\u00e9dia:\u00e9bauche patinage de vitesse sur piste courte
Zhang Hui (patinage de vitesse sur piste courte),https://fr.wikipedia.org/?curid=4522122,https://fr.wikipedia.org/wiki/Zhang Hui (patinage de vitesse sur piste courte),Wikip\u00e9dia:\u00e9bauche patinage de vitesse sur piste courte
Jessica Gregg,https://fr.wikipedia.org/?curid=4522150,https://fr.wikipedia.org/wiki/Jessica Gregg,Wikip\u00e9dia:\u00e9bauche patinage de vitesse sur piste courte
Meryl Davis,https://fr.wikipedia.org/?curid=4519859,https://fr.wikipedia.org/wiki/Meryl Davis,Article utilisant une Infobox
Stacey Gordon,https://fr.wikipedia.org/?curid=4815186,https://fr.wikipedia.org/wiki/Stacey Gordon,Article \u00e0 illustrer Joueur de volley-ball
Paulina Maj,https://fr.wikipedia.org/?curid=4813432,https://fr.wikipedia.org/wiki/Paulina Maj,Article utilisant une Infobox
Katarzyna Skorupa,https://fr.wikipedia.org/?curid=4801259,https://fr.wikipedia.org/wiki/Katarzyna Skorupa,Article utilisant une Infobox
Nancy Metcalf,https://fr.wikipedia.org/?curid=4801274,https://fr.wikipedia.org/wiki/Nancy Metcalf,Wikip\u00e9dia:\u00e9bauche joueuse am\u00e9ricaine de volley-ball
Allison Moorer,https://fr.wikipedia.org/?curid=4801819,https://fr.wikipedia.org/wiki/Allison Moorer,Wikip\u00e9dia:\u00e9bauche chanteur am\u00e9ricain
Hitmixes,https://fr.wikipedia.org/?curid=4804493,https://fr.wikipedia.org/wiki/Hitmixes,Article utilisant une Infobox
Anna Avdeyeva,https://fr.wikipedia.org/?curid=4803653,https://fr.wikipedia.org/wiki/Anna Avdeyeva,Wikip\u00e9dia:\u00e9bauche athl\u00e8te russe
Sinead Kerr,https://fr.wikipedia.org/?curid=4823421,https://fr.wikipedia.org/wiki/Sinead Kerr,Article utilisant une Infobox
Carolin Hingst,https://fr.wikipedia.org/?curid=4823648,https://fr.wikipedia.org/wiki/Carolin Hingst,Wikip\u00e9dia:\u00e9bauche athl\u00e8te allemand
Stacey Kemp,https://fr.wikipedia.org/?curid=4820770,https://fr.wikipedia.org/wiki/Stacey Kemp,Article utilisant une Infobox
Senna U\u0161i\u0107,https://fr.wikipedia.org/?curid=4803058,https://fr.wikipedia.org/wiki/Senna U\u0161i\u0107,Article utilisant une Infobox
Alena Newmyarzhytskaya,https://fr.wikipedia.org/?curid=4806997,https://fr.wikipedia.org/wiki/Alena Newmyarzhytskaya,Wikip\u00e9dia:\u00e9bauche athl\u00e8te bi\u00e9lorusse
Rosir Calder\u00f3n,https://fr.wikipedia.org/?curid=4807188,https://fr.wikipedia.org/wiki/Rosir Calder\u00f3n,Article utilisant une Infobox
Egl\u0117 Bal\u010di\u016bnait\u0117,https://fr.wikipedia.org/?curid=4805228,https://fr.wikipedia.org/wiki/Egl\u0117 Bal\u010di\u016bnait\u0117,Wikip\u00e9dia:\u00e9bauche athl\u00e8te lituanien
Joanne Conway,https://fr.wikipedia.org/?curid=4818449,https://fr.wikipedia.org/wiki/Joanne Conway,Article \u00e0 illustrer Patineur artistique
Jim Brickman,https://fr.wikipedia.org/?curid=4817781,https://fr.wikipedia.org/wiki/Jim Brickman,Wikip\u00e9dia:\u00e9bauche musicien am\u00e9ricain
Daphne Walker,https://fr.wikipedia.org/?curid=4817938,https://fr.wikipedia.org/wiki/Daphne Walker,Article utilisant une Infobox
Lindsey Berg,https://fr.wikipedia.org/?curid=4817219,https://fr.wikipedia.org/wiki/Lindsey Berg,Wikip\u00e9dia:\u00e9bauche joueuse am\u00e9ricaine de volley-ball
Sofia Assefa,https://fr.wikipedia.org/?curid=4819184,https://fr.wikipedia.org/wiki/Sofia Assefa,Article utilisant une Infobox
Carolin Dietrich,https://fr.wikipedia.org/?curid=4819547,https://fr.wikipedia.org/wiki/Carolin Dietrich,Article utilisant une Infobox
Yevgeniya Zinurova,https://fr.wikipedia.org/?curid=4819594,https://fr.wikipedia.org/wiki/Yevgeniya Zinurova,Wikip\u00e9dia:\u00e9bauche athl\u00e8te russe
Hilde Gerg,https://fr.wikipedia.org/?curid=482039,https://fr.wikipedia.org/wiki/Hilde Gerg,Article utilisant une Infobox
Martina Guiggi,https://fr.wikipedia.org/?curid=4797707,https://fr.wikipedia.org/wiki/Martina Guiggi,Wikip\u00e9dia:\u00e9bauche joueuse italienne de volley-ball
Dani Lins,https://fr.wikipedia.org/?curid=4811711,https://fr.wikipedia.org/wiki/Dani Lins,Article utilisant une Infobox
Eleonora Dzi\u0119kiewicz,https://fr.wikipedia.org/?curid=4809803,https://fr.wikipedia.org/wiki/Eleonora Dzi\u0119kiewicz,Article utilisant une Infobox
Debby Stam,https://fr.wikipedia.org/?curid=4794371,https://fr.wikipedia.org/wiki/Debby Stam,Article utilisant une Infobox
Maria Borodakova,https://fr.wikipedia.org/?curid=4786857,https://fr.wikipedia.org/wiki/Maria Borodakova,Article \u00e0 illustrer Joueur de volley-ball
Ashley Benson,https://fr.wikipedia.org/?curid=4790048,https://fr.wikipedia.org/wiki/Ashley Benson,Page utilisant P19
Sanja Popovi\u0107,https://fr.wikipedia.org/?curid=4792746,https://fr.wikipedia.org/wiki/Sanja Popovi\u0107,Article utilisant une Infobox
Black Angelika,https://fr.wikipedia.org/?curid=4715779,https://fr.wikipedia.org/wiki/Black Angelika,Article utilisant une Infobox
Ma\u00ebva Orl\u00e9,https://fr.wikipedia.org/?curid=4716025,https://fr.wikipedia.org/wiki/Ma\u00ebva Orl\u00e9,Article utilisant une Infobox
Francena McCorory,https://fr.wikipedia.org/?curid=4871430,https://fr.wikipedia.org/wiki/Francena McCorory,Article utilisant une Infobox
Aur\u00e9lie Muller,https://fr.wikipedia.org/?curid=4870282,https://fr.wikipedia.org/wiki/Aur\u00e9lie Muller,Article utilisant une Infobox
Yevheniya Snihur,https://fr.wikipedia.org/?curid=4870318,https://fr.wikipedia.org/wiki/Yevheniya Snihur,Wikip\u00e9dia:\u00e9bauche athl\u00e8te ukrainien
Liste des \u00e9pouses des comtes et ducs de Brabant,https://fr.wikipedia.org/?curid=4870912,https://fr.wikipedia.org/wiki/Liste des \u00e9pouses des comtes et ducs de Brabant,Portail:Belgique/Articles li\u00e9s
Yvonne Hak,https://fr.wikipedia.org/?curid=4860097,https://fr.wikipedia.org/wiki/Yvonne Hak,Wikip\u00e9dia:\u00e9bauche athl\u00e8te n\u00e9erlandais
Bianca Perie-Ghelber,https://fr.wikipedia.org/?curid=4860133,https://fr.wikipedia.org/wiki/Bianca Perie-Ghelber,Wikip\u00e9dia:\u00e9bauche athl\u00e8te roumain
Jenna Smith,https://fr.wikipedia.org/?curid=4867414,https://fr.wikipedia.org/wiki/Jenna Smith,Article \u00e0 illustrer Joueur de basket-ball
\u0130pek Soro\u011flu,https://fr.wikipedia.org/?curid=4866709,https://fr.wikipedia.org/wiki/\u0130pek Soro\u011flu,Article utilisant une Infobox
Meryem Boz,https://fr.wikipedia.org/?curid=4866745,https://fr.wikipedia.org/wiki/Meryem Boz,Article utilisant une Infobox
Giorgia Consiglio,https://fr.wikipedia.org/?curid=4872068,https://fr.wikipedia.org/wiki/Giorgia Consiglio,Article \u00e0 illustrer Nageur
Carine Contessi,https://fr.wikipedia.org/?curid=4880890,https://fr.wikipedia.org/wiki/Carine Contessi,Wikip\u00e9dia:\u00e9bauche joueuse fran\u00e7aise de basket-ball
Amel Bouderra,https://fr.wikipedia.org/?curid=4880898,https://fr.wikipedia.org/wiki/Amel Bouderra,Article utilisant une Infobox
Sarra Ouerghi,https://fr.wikipedia.org/?curid=4880903,https://fr.wikipedia.org/wiki/Sarra Ouerghi,Wikip\u00e9dia:\u00e9bauche basket-ball
M\u00e9lanie Plust,https://fr.wikipedia.org/?curid=4881006,https://fr.wikipedia.org/wiki/M\u00e9lanie Plust,Article utilisant une Infobox
Maxi Herber,https://fr.wikipedia.org/?curid=4882850,https://fr.wikipedia.org/wiki/Maxi Herber,Article utilisant une Infobox
Ana Lelas,https://fr.wikipedia.org/?curid=4881131,https://fr.wikipedia.org/wiki/Ana Lelas,Article utilisant une Infobox
Marina Akoulova,https://fr.wikipedia.org/?curid=4892558,https://fr.wikipedia.org/wiki/Marina Akoulova,Article \u00e0 illustrer Joueur de volley-ball
Blandine Maisonnier,https://fr.wikipedia.org/?curid=4895228,https://fr.wikipedia.org/wiki/Blandine Maisonnier,Wikip\u00e9dia:\u00e9bauche athl\u00e8te fran\u00e7ais
Hannah Miley,https://fr.wikipedia.org/?curid=4894135,https://fr.wikipedia.org/wiki/Hannah Miley,Article utilisant une Infobox
