Name,URL1,URL2,First Category
Eleni Mandell,https://fr.wikipedia.org/?curid=1334894,https://fr.wikipedia.org/wiki/Eleni Mandell,Page utilisant P569
Kirsten Marathon Melkevik,https://fr.wikipedia.org/?curid=13352294,https://fr.wikipedia.org/wiki/Kirsten Marathon Melkevik,Article utilisant une Infobox
Miss Cameroun 2020,https://fr.wikipedia.org/?curid=13352743,https://fr.wikipedia.org/wiki/Miss Cameroun 2020,Article \u00e0 illustrer Miss
Giulia Guerrini,https://fr.wikipedia.org/?curid=13351109,https://fr.wikipedia.org/wiki/Giulia Guerrini,Wikip\u00e9dia:\u00e9bauche chanteur italien
Agustina Palma,https://fr.wikipedia.org/?curid=13351232,https://fr.wikipedia.org/wiki/Agustina Palma,Wikip\u00e9dia:\u00e9bauche chanteur argentin
Eli Anne Dvergsdal,https://fr.wikipedia.org/?curid=13350019,https://fr.wikipedia.org/wiki/Eli Anne Dvergsdal,Article utilisant une Infobox
May Sutton,https://fr.wikipedia.org/?curid=1335203,https://fr.wikipedia.org/wiki/May Sutton,Article utilisant une Infobox
Florence Sutton,https://fr.wikipedia.org/?curid=1335297,https://fr.wikipedia.org/wiki/Florence Sutton,Article utilisant une Infobox
Tory Ann Fretz,https://fr.wikipedia.org/?curid=1335807,https://fr.wikipedia.org/wiki/Tory Ann Fretz,Article \u00e0 illustrer Joueur de tennis
Hana Kimura,https://fr.wikipedia.org/?curid=13360099,https://fr.wikipedia.org/wiki/Hana Kimura,Page utilisant P27
Cynthia Khan,https://fr.wikipedia.org/?curid=13359151,https://fr.wikipedia.org/wiki/Cynthia Khan,Article \u00e0 illustrer Personnalit\u00e9 du cin\u00e9ma
Marta Hern\u00e1ndez,https://fr.wikipedia.org/?curid=1335837,https://fr.wikipedia.org/wiki/Marta Hern\u00e1ndez,Wikip\u00e9dia:\u00e9bauche tennis
\u00c9milie Morier,https://fr.wikipedia.org/?curid=13356599,https://fr.wikipedia.org/wiki/\u00c9milie Morier,Wikip\u00e9dia:\u00e9bauche triathl\u00e8te
Elle McLemore,https://fr.wikipedia.org/?curid=13374711,https://fr.wikipedia.org/wiki/Elle McLemore,Article manquant de r\u00e9f\u00e9rences depuis mai 2020
Dorothy Bundy,https://fr.wikipedia.org/?curid=1333591,https://fr.wikipedia.org/wiki/Dorothy Bundy,Article utilisant une Infobox
Yola (chanteuse),https://fr.wikipedia.org/?curid=13339363,https://fr.wikipedia.org/wiki/Yola (chanteuse),Article utilisant une Infobox
Eri Fukatsu,https://fr.wikipedia.org/?curid=13343035,https://fr.wikipedia.org/wiki/Eri Fukatsu,Page utilisant P569
Y\u016bka Ueno,https://fr.wikipedia.org/?curid=13175743,https://fr.wikipedia.org/wiki/Y\u016bka Ueno,Article utilisant une Infobox
Liste des comtesses de Toulouse,https://fr.wikipedia.org/?curid=13160086,https://fr.wikipedia.org/wiki/Liste des comtesses de Toulouse,Portail:Toulouse/Articles li\u00e9s
Olga Orgonista,https://fr.wikipedia.org/?curid=1316033,https://fr.wikipedia.org/wiki/Olga Orgonista,Wikip\u00e9dia:\u00e9bauche patinage artistique
Stupid Love,https://fr.wikipedia.org/?curid=13162779,https://fr.wikipedia.org/wiki/Stupid Love,Article manquant de r\u00e9f\u00e9rences depuis mars 2020
Zaineb Sghaier,https://fr.wikipedia.org/?curid=13158955,https://fr.wikipedia.org/wiki/Zaineb Sghaier,Wikip\u00e9dia:\u00e9bauche sportif tunisien
Ibtissem Doudou,https://fr.wikipedia.org/?curid=13158962,https://fr.wikipedia.org/wiki/Ibtissem Doudou,Wikip\u00e9dia:\u00e9bauche sportif alg\u00e9rien
Ingrid Mutter,https://fr.wikipedia.org/?curid=13159037,https://fr.wikipedia.org/wiki/Ingrid Mutter,Article \u00e0 illustrer Athl\u00e8te
Nea (chanteuse),https://fr.wikipedia.org/?curid=13158654,https://fr.wikipedia.org/wiki/Nea (chanteuse),Wikip\u00e9dia:\u00e9bauche chanteur su\u00e9dois
Cyr\u00e9na Samba-Mayela,https://fr.wikipedia.org/?curid=13158664,https://fr.wikipedia.org/wiki/Cyr\u00e9na Samba-Mayela,Article utilisant une Infobox
Fatima Zahra Errabi,https://fr.wikipedia.org/?curid=13158753,https://fr.wikipedia.org/wiki/Fatima Zahra Errabi,Wikip\u00e9dia:\u00e9bauche karat\u00e9
Fatima-Zahra Chajai,https://fr.wikipedia.org/?curid=13158765,https://fr.wikipedia.org/wiki/Fatima-Zahra Chajai,Wikip\u00e9dia:\u00e9bauche karat\u00e9
Silke Van Avermaet,https://fr.wikipedia.org/?curid=13159826,https://fr.wikipedia.org/wiki/Silke Van Avermaet,Wikip\u00e9dia:\u00e9bauche joueuse de volley-ball
Victoire Berteau,https://fr.wikipedia.org/?curid=13159977,https://fr.wikipedia.org/wiki/Victoire Berteau,Page utilisant P569
Nives Curti,https://fr.wikipedia.org/?curid=13095823,https://fr.wikipedia.org/wiki/Nives Curti,Article \u00e0 illustrer Athl\u00e8te
Maguette Mbaye,https://fr.wikipedia.org/?curid=13157523,https://fr.wikipedia.org/wiki/Maguette Mbaye,Wikip\u00e9dia:\u00e9bauche karat\u00e9
Magatte Seck,https://fr.wikipedia.org/?curid=13157567,https://fr.wikipedia.org/wiki/Magatte Seck,Wikip\u00e9dia:\u00e9bauche karat\u00e9
Mariama Sow,https://fr.wikipedia.org/?curid=13157647,https://fr.wikipedia.org/wiki/Mariama Sow,Wikip\u00e9dia:\u00e9bauche karat\u00e9
Feryal Abdelaziz,https://fr.wikipedia.org/?curid=13157673,https://fr.wikipedia.org/wiki/Feryal Abdelaziz,Wikip\u00e9dia:\u00e9bauche karat\u00e9
Menna Shaaban Okila,https://fr.wikipedia.org/?curid=13157690,https://fr.wikipedia.org/wiki/Menna Shaaban Okila,Wikip\u00e9dia:\u00e9bauche karat\u00e9
Shahd Sedek,https://fr.wikipedia.org/?curid=13157756,https://fr.wikipedia.org/wiki/Shahd Sedek,Wikip\u00e9dia:\u00e9bauche karat\u00e9
Toka Hesham Mohamed,https://fr.wikipedia.org/?curid=13157770,https://fr.wikipedia.org/wiki/Toka Hesham Mohamed,Wikip\u00e9dia:\u00e9bauche karat\u00e9
Janina Saxer-Juszko,https://fr.wikipedia.org/?curid=13169539,https://fr.wikipedia.org/wiki/Janina Saxer-Juszko,Wikip\u00e9dia:\u00e9bauche athl\u00e8te suisse
Penina Mo\u00efse,https://fr.wikipedia.org/?curid=13111261,https://fr.wikipedia.org/wiki/Penina Mo\u00efse,Page utilisant P569
Hilary Engisch,https://fr.wikipedia.org/?curid=13059657,https://fr.wikipedia.org/wiki/Hilary Engisch,Article \u00e0 illustrer Sportif
Amanda McGrory,https://fr.wikipedia.org/?curid=13146897,https://fr.wikipedia.org/wiki/Amanda McGrory,Article utilisant une Infobox
Barbara Carroll,https://fr.wikipedia.org/?curid=13150900,https://fr.wikipedia.org/wiki/Barbara Carroll,Page utilisant P569
Marie-Th\u00e9r\u00e8se Armentero,https://fr.wikipedia.org/?curid=13061023,https://fr.wikipedia.org/wiki/Marie-Th\u00e9r\u00e8se Armentero,Page utilisant P569
Romy Kermer,https://fr.wikipedia.org/?curid=1306508,https://fr.wikipedia.org/wiki/Romy Kermer,Wikip\u00e9dia:\u00e9bauche patinage artistique
Alexandra Louis-Marie,https://fr.wikipedia.org/?curid=13173255,https://fr.wikipedia.org/wiki/Alexandra Louis-Marie,Article utilisant une Infobox
Marjorie Gladman,https://fr.wikipedia.org/?curid=1333350,https://fr.wikipedia.org/wiki/Marjorie Gladman,Article \u00e0 illustrer Joueur de tennis
Marguerite de V\u00e9ny d'Arbouze,https://fr.wikipedia.org/?curid=13332838,https://fr.wikipedia.org/wiki/Marguerite de V\u00e9ny d'Arbouze,Page utilisant P569
Edith Hannam,https://fr.wikipedia.org/?curid=1333157,https://fr.wikipedia.org/wiki/Edith Hannam,Article utilisant une Infobox
Rachael Bella,https://fr.wikipedia.org/?curid=13331596,https://fr.wikipedia.org/wiki/Rachael Bella,Article \u00e0 illustrer Personnalit\u00e9 du cin\u00e9ma
Gracyn Wheeler,https://fr.wikipedia.org/?curid=1333473,https://fr.wikipedia.org/wiki/Gracyn Wheeler,Article utilisant une Infobox
Emma Chamberlain,https://fr.wikipedia.org/?curid=13331092,https://fr.wikipedia.org/wiki/Emma Chamberlain,Page utilisant P69
Taxi 4,https://fr.wikipedia.org/?curid=1329805,https://fr.wikipedia.org/wiki/Taxi 4,Article utilisant une Infobox
Tashi et Nungshi Malik,https://fr.wikipedia.org/?curid=13314302,https://fr.wikipedia.org/wiki/Tashi et Nungshi Malik,Article utilisant une Infobox
Isabel Edvardsson,https://fr.wikipedia.org/?curid=13316349,https://fr.wikipedia.org/wiki/Isabel Edvardsson,Article utilisant une Infobox
Sabine Reiner,https://fr.wikipedia.org/?curid=13306478,https://fr.wikipedia.org/wiki/Sabine Reiner,Article \u00e0 illustrer Athl\u00e8te
Lydia Miraoui,https://fr.wikipedia.org/?curid=13319345,https://fr.wikipedia.org/wiki/Lydia Miraoui,Article \u00e0 illustrer Footballeur
Vladim\u00edra Uhl\u00ed\u0159ov\u00e1,https://fr.wikipedia.org/?curid=1332531,https://fr.wikipedia.org/wiki/Vladim\u00edra Uhl\u00ed\u0159ov\u00e1,Article utilisant une Infobox
Beatrix Klein,https://fr.wikipedia.org/?curid=1332664,https://fr.wikipedia.org/wiki/Beatrix Klein,Article \u00e0 illustrer Joueur de tennis
Chanmina,https://fr.wikipedia.org/?curid=13327746,https://fr.wikipedia.org/wiki/Chanmina,Article utilisant une Infobox
Sabine Stelzm\u00fcller,https://fr.wikipedia.org/?curid=13312291,https://fr.wikipedia.org/wiki/Sabine Stelzm\u00fcller,Wikip\u00e9dia:\u00e9bauche athl\u00e8te autrichien
Dina Shihabi,https://fr.wikipedia.org/?curid=13310807,https://fr.wikipedia.org/wiki/Dina Shihabi,Page utilisant P569
Candy Darling,https://fr.wikipedia.org/?curid=1330910,https://fr.wikipedia.org/wiki/Candy Darling,Wikip\u00e9dia:\u00e9bauche acteur am\u00e9ricain
Kate Mulvany,https://fr.wikipedia.org/?curid=13295308,https://fr.wikipedia.org/wiki/Kate Mulvany,Page utilisant P569
Melissa Hutchison,https://fr.wikipedia.org/?curid=13299533,https://fr.wikipedia.org/wiki/Melissa Hutchison,Wikip\u00e9dia:\u00e9bauche jeu vid\u00e9o
Liste des duchesses d'Aquitaine,https://fr.wikipedia.org/?curid=13296910,https://fr.wikipedia.org/wiki/Liste des duchesses d'Aquitaine,Portail:Histoire/Articles li\u00e9s
Alejandra Gonz\u00e1lez Pino,https://fr.wikipedia.org/?curid=13403355,https://fr.wikipedia.org/wiki/Alejandra Gonz\u00e1lez Pino,Page utilisant P569
Liste des \u00e9pouses des seigneurs d'Elbeuf,https://fr.wikipedia.org/?curid=13401893,https://fr.wikipedia.org/wiki/Liste des \u00e9pouses des seigneurs d'Elbeuf,Portail:Normandie/Articles li\u00e9s
Dulce Nunes,https://fr.wikipedia.org/?curid=13407790,https://fr.wikipedia.org/wiki/Dulce Nunes,Article utilisant une Infobox
Lydie Adolphe,https://fr.wikipedia.org/?curid=13390868,https://fr.wikipedia.org/wiki/Lydie Adolphe,Wikip\u00e9dia:\u00e9bauche juriste fran\u00e7ais
Cremilda Santana,https://fr.wikipedia.org/?curid=13407206,https://fr.wikipedia.org/wiki/Cremilda Santana,Page utilisant P569
Trollz (chanson),https://fr.wikipedia.org/?curid=13410476,https://fr.wikipedia.org/wiki/Trollz (chanson),Article contenant un lien mort
Discographie de Teyana Taylor,https://fr.wikipedia.org/?curid=13410792,https://fr.wikipedia.org/wiki/Discographie de Teyana Taylor,Article utilisant une Infobox
Carly Craig,https://fr.wikipedia.org/?curid=13423908,https://fr.wikipedia.org/wiki/Carly Craig,Page utilisant P2031
Kim Hye-eun,https://fr.wikipedia.org/?curid=13424428,https://fr.wikipedia.org/wiki/Kim Hye-eun,Wikip\u00e9dia:\u00e9bauche acteur sud-cor\u00e9en
Marisol Romero,https://fr.wikipedia.org/?curid=13420145,https://fr.wikipedia.org/wiki/Marisol Romero,Article utilisant une Infobox
Mary Wilkinson,https://fr.wikipedia.org/?curid=13418433,https://fr.wikipedia.org/wiki/Mary Wilkinson,Article utilisant une Infobox
Liste des m\u00e9daill\u00e9s olympiques en cano\u00eb-kayak,https://fr.wikipedia.org/?curid=13419560,https://fr.wikipedia.org/wiki/Liste des m\u00e9daill\u00e9s olympiques en cano\u00eb-kayak,Portail:Cano\u00eb-kayak/Articles li\u00e9s
Kwon Nara,https://fr.wikipedia.org/?curid=13393559,https://fr.wikipedia.org/wiki/Kwon Nara,Article utilisant une Infobox
Zuliana Araya,https://fr.wikipedia.org/?curid=13398622,https://fr.wikipedia.org/wiki/Zuliana Araya,Page utilisant P569
Liste des comtesses et duchesses d'\u00c9tampes,https://fr.wikipedia.org/?curid=13396718,https://fr.wikipedia.org/wiki/Liste des comtesses et duchesses d'\u00c9tampes,Portail:Histoire/Articles li\u00e9s
Ruth Pickvance,https://fr.wikipedia.org/?curid=13427855,https://fr.wikipedia.org/wiki/Ruth Pickvance,Article \u00e0 illustrer Athl\u00e8te
"Avatar (film, 2009)",https://fr.wikipedia.org/?curid=1308596,"https://fr.wikipedia.org/wiki/Avatar (film, 2009)",Article contenant un lien mort
Ma\u00eblle (chanteuse),https://fr.wikipedia.org/?curid=12844000,https://fr.wikipedia.org/wiki/Ma\u00eblle (chanteuse),Page utilisant P569
Amy Lee,https://fr.wikipedia.org/?curid=169576,https://fr.wikipedia.org/wiki/Amy Lee,Article utilisant une Infobox
Queen Latifah,https://fr.wikipedia.org/?curid=17104,https://fr.wikipedia.org/wiki/Queen Latifah,Article utilisant une Infobox
Gwladys Nocera,https://fr.wikipedia.org/?curid=1750833,https://fr.wikipedia.org/wiki/Gwladys Nocera,Article utilisant une Infobox
Tatiana Kosintseva,https://fr.wikipedia.org/?curid=1735989,https://fr.wikipedia.org/wiki/Tatiana Kosintseva,Page utilisant P106
Anna Ushenina,https://fr.wikipedia.org/?curid=1736156,https://fr.wikipedia.org/wiki/Anna Ushenina,Wikip\u00e9dia:\u00e9bauche \u00e9checs
Gunn-Rita Dahle Flesj\u00e5,https://fr.wikipedia.org/?curid=1723585,https://fr.wikipedia.org/wiki/Gunn-Rita Dahle Flesj\u00e5,Page utilisant P1477
Shakira,https://fr.wikipedia.org/?curid=170765,https://fr.wikipedia.org/wiki/Shakira,Page en semi-protection longue
Dora l'exploratrice,https://fr.wikipedia.org/?curid=170506,https://fr.wikipedia.org/wiki/Dora l'exploratrice,Article contenant un lien mort
Danielle Dax,https://fr.wikipedia.org/?curid=1698209,https://fr.wikipedia.org/wiki/Danielle Dax,Page utilisant P569
Sophie de Gr\u00e8ce (1938),https://fr.wikipedia.org/?curid=169557,https://fr.wikipedia.org/wiki/Sophie de Gr\u00e8ce (1938),Article utilisant une Infobox
Caroline Maes,https://fr.wikipedia.org/?curid=1629599,https://fr.wikipedia.org/wiki/Caroline Maes,Article \u00e0 illustrer Joueur de tennis
Ylenia Scapin,https://fr.wikipedia.org/?curid=1733132,https://fr.wikipedia.org/wiki/Ylenia Scapin,Page utilisant P569
Petra Pecekov\u00e1,https://fr.wikipedia.org/?curid=1884187,https://fr.wikipedia.org/wiki/Petra Pecekov\u00e1,Page utilisant P569
Falilat Ogunkoya,https://fr.wikipedia.org/?curid=1883741,https://fr.wikipedia.org/wiki/Falilat Ogunkoya,Article \u00e0 illustrer Athl\u00e8te
Pauline Parmentier,https://fr.wikipedia.org/?curid=1910620,https://fr.wikipedia.org/wiki/Pauline Parmentier,Article utilisant une Infobox
Eva Per\u00f3n,https://fr.wikipedia.org/?curid=190322,https://fr.wikipedia.org/wiki/Eva Per\u00f3n,Article utilisant une Infobox
Ekaterina Makarova,https://fr.wikipedia.org/?curid=1905028,https://fr.wikipedia.org/wiki/Ekaterina Makarova,Article utilisant une Infobox
Andreja Klepa\u010d,https://fr.wikipedia.org/?curid=1905360,https://fr.wikipedia.org/wiki/Andreja Klepa\u010d,Article utilisant une Infobox
Teeyah,https://fr.wikipedia.org/?curid=1911081,https://fr.wikipedia.org/wiki/Teeyah,Article utilisant une Infobox
Am\u00e9lie Caz\u00e9,https://fr.wikipedia.org/?curid=1882736,https://fr.wikipedia.org/wiki/Am\u00e9lie Caz\u00e9,Article \u00e0 illustrer Sportif
Kerron Stewart,https://fr.wikipedia.org/?curid=1882921,https://fr.wikipedia.org/wiki/Kerron Stewart,Article utilisant une Infobox
Novlene Williams-Mills,https://fr.wikipedia.org/?curid=1882957,https://fr.wikipedia.org/wiki/Novlene Williams-Mills,Article utilisant une Infobox
Fancy Lala,https://fr.wikipedia.org/?curid=1898733,https://fr.wikipedia.org/wiki/Fancy Lala,Article utilisant une Infobox
Carmelita Jeter,https://fr.wikipedia.org/?curid=1912338,https://fr.wikipedia.org/wiki/Carmelita Jeter,Article utilisant une Infobox
Pulp Fiction,https://fr.wikipedia.org/?curid=18461,https://fr.wikipedia.org/wiki/Pulp Fiction,Article utilisant une Infobox
Maria Sharapova,https://fr.wikipedia.org/?curid=184497,https://fr.wikipedia.org/wiki/Maria Sharapova,Article contenant un appel \u00e0 traduction en anglais
John Isner,https://fr.wikipedia.org/?curid=1839036,https://fr.wikipedia.org/wiki/John Isner,Article contenant un lien mort
Grace Kelly (chanson),https://fr.wikipedia.org/?curid=1818960,https://fr.wikipedia.org/wiki/Grace Kelly (chanson),Article utilisant une Infobox
Julia Clair,https://fr.wikipedia.org/?curid=1897157,https://fr.wikipedia.org/wiki/Julia Clair,Article contenant un lien mort
Urszula Radwa\u0144ska,https://fr.wikipedia.org/?curid=1897304,https://fr.wikipedia.org/wiki/Urszula Radwa\u0144ska,Article utilisant une Infobox
Brooke Bennett,https://fr.wikipedia.org/?curid=1897488,https://fr.wikipedia.org/wiki/Brooke Bennett,Article \u00e0 illustrer Nageur
Sari Kauria,https://fr.wikipedia.org/?curid=1892149,https://fr.wikipedia.org/wiki/Sari Kauria,Wikip\u00e9dia:\u00e9bauche karat\u00e9ka finlandais
Sari Nyb\u00e4ck,https://fr.wikipedia.org/?curid=1892235,https://fr.wikipedia.org/wiki/Sari Nyb\u00e4ck,Wikip\u00e9dia:\u00e9bauche karat\u00e9ka finlandais
Marianne Tarva,https://fr.wikipedia.org/?curid=1892301,https://fr.wikipedia.org/wiki/Marianne Tarva,Wikip\u00e9dia:\u00e9bauche karat\u00e9ka finlandais
Melanie Melfort,https://fr.wikipedia.org/?curid=1892540,https://fr.wikipedia.org/wiki/Melanie Melfort,Article utilisant une Infobox
Sari Laine,https://fr.wikipedia.org/?curid=1892037,https://fr.wikipedia.org/wiki/Sari Laine,Page utilisant P569
Claudia Nitu,https://fr.wikipedia.org/?curid=1882999,https://fr.wikipedia.org/wiki/Claudia Nitu,Wikip\u00e9dia:\u00e9bauche karat\u00e9ka
Yuka Sato (karat\u00e9),https://fr.wikipedia.org/?curid=1883015,https://fr.wikipedia.org/wiki/Yuka Sato (karat\u00e9),Wikip\u00e9dia:\u00e9bauche karat\u00e9ka japonais
Shericka Williams,https://fr.wikipedia.org/?curid=1883017,https://fr.wikipedia.org/wiki/Shericka Williams,Wikip\u00e9dia:\u00e9bauche athl\u00e8te jama\u00efcain
Diana Schwab,https://fr.wikipedia.org/?curid=1883030,https://fr.wikipedia.org/wiki/Diana Schwab,Wikip\u00e9dia:\u00e9bauche karat\u00e9ka
Petra Naran\u0111a,https://fr.wikipedia.org/?curid=1890111,https://fr.wikipedia.org/wiki/Petra Naran\u0111a,Article contenant un lien mort
Vanesca Nortan,https://fr.wikipedia.org/?curid=1890213,https://fr.wikipedia.org/wiki/Vanesca Nortan,Page utilisant P569
Boris Becker,https://fr.wikipedia.org/?curid=242296,https://fr.wikipedia.org/wiki/Boris Becker,Article utilisant une Infobox
Tatiana Golovin,https://fr.wikipedia.org/?curid=264428,https://fr.wikipedia.org/wiki/Tatiana Golovin,Article utilisant une Infobox
Virginie Razzano,https://fr.wikipedia.org/?curid=264441,https://fr.wikipedia.org/wiki/Virginie Razzano,Article utilisant une Infobox
\u00c9milie Loit,https://fr.wikipedia.org/?curid=264444,https://fr.wikipedia.org/wiki/\u00c9milie Loit,Article utilisant une Infobox
Marion Bartoli,https://fr.wikipedia.org/?curid=264448,https://fr.wikipedia.org/wiki/Marion Bartoli,Article utilisant une Infobox
H\u00e9noutmir\u00ea,https://fr.wikipedia.org/?curid=2630927,https://fr.wikipedia.org/wiki/H\u00e9noutmir\u00ea,Pages utilisant WikiHiero
Karen Sillas,https://fr.wikipedia.org/?curid=2678362,https://fr.wikipedia.org/wiki/Karen Sillas,Wikip\u00e9dia:\u00e9bauche acteur am\u00e9ricain
Kelly Macdonald,https://fr.wikipedia.org/?curid=2803847,https://fr.wikipedia.org/wiki/Kelly Macdonald,Article utilisant une Infobox
Le Monde perdu : Jurassic Park,https://fr.wikipedia.org/?curid=256266,https://fr.wikipedia.org/wiki/Le Monde perdu : Jurassic Park,Article utilisant une Infobox
Muriel Hurtis,https://fr.wikipedia.org/?curid=256122,https://fr.wikipedia.org/wiki/Muriel Hurtis,Article utilisant une Infobox
Marinette Pichon,https://fr.wikipedia.org/?curid=264152,https://fr.wikipedia.org/wiki/Marinette Pichon,Article \u00e0 illustrer Footballeur
Charlotte Morel,https://fr.wikipedia.org/?curid=2792709,https://fr.wikipedia.org/wiki/Charlotte Morel,Article utilisant une Infobox
Amy Adams,https://fr.wikipedia.org/?curid=2787184,https://fr.wikipedia.org/wiki/Amy Adams,Article contenant un lien mort
Marie-Laure Brunet,https://fr.wikipedia.org/?curid=2794255,https://fr.wikipedia.org/wiki/Marie-Laure Brunet,Article utilisant une Infobox
Val\u00e9rie P\u00e9cresse,https://fr.wikipedia.org/?curid=278951,https://fr.wikipedia.org/wiki/Val\u00e9rie P\u00e9cresse,Article contenant un lien mort
Marie Bashir,https://fr.wikipedia.org/?curid=2784234,https://fr.wikipedia.org/wiki/Marie Bashir,Article contenant un lien mort
Pierre Perrault,https://fr.wikipedia.org/?curid=279971,https://fr.wikipedia.org/wiki/Pierre Perrault,Page utilisant P2031
Jean de Florette (film),https://fr.wikipedia.org/?curid=28001,https://fr.wikipedia.org/wiki/Jean de Florette (film),Article utilisant une Infobox
Liste des m\u00e9daill\u00e9s olympiques en handball,https://fr.wikipedia.org/?curid=2815906,https://fr.wikipedia.org/wiki/Liste des m\u00e9daill\u00e9s olympiques en handball,Portail:Handball/Articles li\u00e9s
Christine Arron,https://fr.wikipedia.org/?curid=28186,https://fr.wikipedia.org/wiki/Christine Arron,Article utilisant une Infobox
Laurent Jalabert,https://fr.wikipedia.org/?curid=28189,https://fr.wikipedia.org/wiki/Laurent Jalabert,Article contenant un lien mort
Divina Galica,https://fr.wikipedia.org/?curid=2819504,https://fr.wikipedia.org/wiki/Divina Galica,Article manquant de r\u00e9f\u00e9rences depuis novembre 2018
Sheila Dixon,https://fr.wikipedia.org/?curid=2819811,https://fr.wikipedia.org/wiki/Sheila Dixon,Article utilisant une Infobox
Ana Filip,https://fr.wikipedia.org/?curid=2817502,https://fr.wikipedia.org/wiki/Ana Filip,Article utilisant une Infobox
Jem (chanteuse),https://fr.wikipedia.org/?curid=2823803,https://fr.wikipedia.org/wiki/Jem (chanteuse),Wikip\u00e9dia:\u00e9bauche chanteur britannique
Cheyenne Kimball,https://fr.wikipedia.org/?curid=2518589,https://fr.wikipedia.org/wiki/Cheyenne Kimball,Wikip\u00e9dia:\u00e9bauche chanteur am\u00e9ricain
"La Plan\u00e8te des singes (film, 2001)",https://fr.wikipedia.org/?curid=251863,"https://fr.wikipedia.org/wiki/La Plan\u00e8te des singes (film, 2001)",Identifiant Allocin\u00e9 titre identique sur Wikidata
Princesse Mononok\u00e9,https://fr.wikipedia.org/?curid=2400,https://fr.wikipedia.org/wiki/Princesse Mononok\u00e9,Article utilisant une Infobox
Frida Boccara,https://fr.wikipedia.org/?curid=240020,https://fr.wikipedia.org/wiki/Frida Boccara,Article manquant de r\u00e9f\u00e9rences depuis f\u00e9vrier 2020
Ellen M\u00fcller-Preis,https://fr.wikipedia.org/?curid=2401809,https://fr.wikipedia.org/wiki/Ellen M\u00fcller-Preis,Article utilisant une Infobox
Lil Mama,https://fr.wikipedia.org/?curid=2493072,https://fr.wikipedia.org/wiki/Lil Mama,Article utilisant une Infobox
Annette Sikveland,https://fr.wikipedia.org/?curid=2489872,https://fr.wikipedia.org/wiki/Annette Sikveland,Article \u00e0 illustrer Sportif
Clint Eastwood (chanson),https://fr.wikipedia.org/?curid=2489946,https://fr.wikipedia.org/wiki/Clint Eastwood (chanson),Article utilisant une Infobox
Pi\u00e8ce de 50 centimes Marianne,https://fr.wikipedia.org/?curid=2498323,https://fr.wikipedia.org/wiki/Pi\u00e8ce de 50 centimes Marianne,Wikip\u00e9dia:\u00e9bauche numismatique
Florinda Bolkan,https://fr.wikipedia.org/?curid=2500294,https://fr.wikipedia.org/wiki/Florinda Bolkan,Article utilisant une Infobox
Marie-Claire Carr\u00e8re-G\u00e9e,https://fr.wikipedia.org/?curid=2501411,https://fr.wikipedia.org/wiki/Marie-Claire Carr\u00e8re-G\u00e9e,Article \u00e0 illustrer Personnalit\u00e9 politique
Dianne Feinstein,https://fr.wikipedia.org/?curid=250234,https://fr.wikipedia.org/wiki/Dianne Feinstein,Article utilisant une Infobox
Nadejda Alexieva,https://fr.wikipedia.org/?curid=2484024,https://fr.wikipedia.org/wiki/Nadejda Alexieva,Wikip\u00e9dia:\u00e9bauche biathlon
Berserk (manga),https://fr.wikipedia.org/?curid=24330,https://fr.wikipedia.org/wiki/Berserk (manga),Article contenant un appel \u00e0 traduction en japonais
Charlotte Kalla,https://fr.wikipedia.org/?curid=2447008,https://fr.wikipedia.org/wiki/Charlotte Kalla,Article utilisant une Infobox
Eve Torres,https://fr.wikipedia.org/?curid=2442924,https://fr.wikipedia.org/wiki/Eve Torres,Article contenant un lien mort
Ed Wood (film),https://fr.wikipedia.org/?curid=244317,https://fr.wikipedia.org/wiki/Ed Wood (film),Article utilisant une Infobox
Scott Lynch,https://fr.wikipedia.org/?curid=2496965,https://fr.wikipedia.org/wiki/Scott Lynch,Article utilisant une Infobox
Alix d'Unienville,https://fr.wikipedia.org/?curid=2497335,https://fr.wikipedia.org/wiki/Alix d'Unienville,Page utilisant P569
Sophie de Ronchi,https://fr.wikipedia.org/?curid=2496659,https://fr.wikipedia.org/wiki/Sophie de Ronchi,Article \u00e0 illustrer Nageur
Pi\u00e8ce de 5 centimes Marianne,https://fr.wikipedia.org/?curid=2496808,https://fr.wikipedia.org/wiki/Pi\u00e8ce de 5 centimes Marianne,Wikip\u00e9dia:\u00e9bauche numismatique
Wallada bint al-Mustakfi,https://fr.wikipedia.org/?curid=2567247,https://fr.wikipedia.org/wiki/Wallada bint al-Mustakfi,Page utilisant P569
Claudia Conserva,https://fr.wikipedia.org/?curid=2594263,https://fr.wikipedia.org/wiki/Claudia Conserva,Page utilisant P569
Malena Alterio,https://fr.wikipedia.org/?curid=3324557,https://fr.wikipedia.org/wiki/Malena Alterio,Wikip\u00e9dia:\u00e9bauche acteur espagnol
Alenka Godec,https://fr.wikipedia.org/?curid=3270170,https://fr.wikipedia.org/wiki/Alenka Godec,Wikip\u00e9dia:\u00e9bauche Slov\u00e9nie
Stephanie Brown Trafton,https://fr.wikipedia.org/?curid=3287607,https://fr.wikipedia.org/wiki/Stephanie Brown Trafton,Article utilisant une Infobox
Charlotte Becker,https://fr.wikipedia.org/?curid=3288513,https://fr.wikipedia.org/wiki/Charlotte Becker,Page utilisant P1477
Fatima-Zahra El Allami,https://fr.wikipedia.org/?curid=3312309,https://fr.wikipedia.org/wiki/Fatima-Zahra El Allami,Article \u00e0 illustrer Joueur de tennis
Champions olympiques allemands,https://fr.wikipedia.org/?curid=3309599,https://fr.wikipedia.org/wiki/Champions olympiques allemands,Portail:Sport/Articles li\u00e9s
Luise Keller,https://fr.wikipedia.org/?curid=3288118,https://fr.wikipedia.org/wiki/Luise Keller,Page utilisant P569
Carmen Campagne,https://fr.wikipedia.org/?curid=3299031,https://fr.wikipedia.org/wiki/Carmen Campagne,Article manquant de r\u00e9f\u00e9rences depuis septembre 2021
H\u00e9lia Souza,https://fr.wikipedia.org/?curid=3273776,https://fr.wikipedia.org/wiki/H\u00e9lia Souza,Article utilisant une Infobox
Adrienne Wilkinson,https://fr.wikipedia.org/?curid=3274946,https://fr.wikipedia.org/wiki/Adrienne Wilkinson,Article utilisant une Infobox
Marianne Steinbrecher,https://fr.wikipedia.org/?curid=3275211,https://fr.wikipedia.org/wiki/Marianne Steinbrecher,Article utilisant une Infobox
Fabiana de Oliveira,https://fr.wikipedia.org/?curid=3275544,https://fr.wikipedia.org/wiki/Fabiana de Oliveira,Article utilisant une Infobox
Cameron Wurf,https://fr.wikipedia.org/?curid=3275665,https://fr.wikipedia.org/wiki/Cameron Wurf,Page utilisant P1559
Ellen Saint,https://fr.wikipedia.org/?curid=3310279,https://fr.wikipedia.org/wiki/Ellen Saint,Wikip\u00e9dia:\u00e9bauche actrice pornographique tch\u00e8que
Svetlana Feofanova,https://fr.wikipedia.org/?curid=330979,https://fr.wikipedia.org/wiki/Svetlana Feofanova,Article utilisant une Infobox
Irina Polechtchouk,https://fr.wikipedia.org/?curid=3269464,https://fr.wikipedia.org/wiki/Irina Polechtchouk,Article utilisant une Infobox
Champions olympiques iraniens,https://fr.wikipedia.org/?curid=3263441,https://fr.wikipedia.org/wiki/Champions olympiques iraniens,Portail:Sport/Articles li\u00e9s
Akiko Ino,https://fr.wikipedia.org/?curid=3268966,https://fr.wikipedia.org/wiki/Akiko Ino,Article \u00e0 illustrer Joueur de volley-ball
Mariah Carey,https://fr.wikipedia.org/?curid=3104918,https://fr.wikipedia.org/wiki/Mariah Carey,Article contenant un lien mort
Ayl\u00edn M\u00fajica,https://fr.wikipedia.org/?curid=3099998,https://fr.wikipedia.org/wiki/Ayl\u00edn M\u00fajica,Article manquant de r\u00e9f\u00e9rences depuis f\u00e9vrier 2018
Jennifer Mundel,https://fr.wikipedia.org/?curid=3135765,https://fr.wikipedia.org/wiki/Jennifer Mundel,Article \u00e0 illustrer Joueur de tennis
Jelena Kostani\u0107,https://fr.wikipedia.org/?curid=3135768,https://fr.wikipedia.org/wiki/Jelena Kostani\u0107,Article utilisant une Infobox
Petra Marklund,https://fr.wikipedia.org/?curid=3134898,https://fr.wikipedia.org/wiki/Petra Marklund,Article utilisant une Infobox
Eileen Bennett,https://fr.wikipedia.org/?curid=3138756,https://fr.wikipedia.org/wiki/Eileen Bennett,Article utilisant une Infobox
Emilse Raponi,https://fr.wikipedia.org/?curid=3138783,https://fr.wikipedia.org/wiki/Emilse Raponi,Article \u00e0 illustrer Joueur de tennis
Emily Hood Westacott,https://fr.wikipedia.org/?curid=3138787,https://fr.wikipedia.org/wiki/Emily Hood Westacott,Article utilisant une Infobox
Esna Boyd,https://fr.wikipedia.org/?curid=3138794,https://fr.wikipedia.org/wiki/Esna Boyd,Article utilisant une Infobox
Ethel Bliss-Platt,https://fr.wikipedia.org/?curid=3138800,https://fr.wikipedia.org/wiki/Ethel Bliss-Platt,Article \u00e0 illustrer Joueur de tennis
Evonne Goolagong,https://fr.wikipedia.org/?curid=3138811,https://fr.wikipedia.org/wiki/Evonne Goolagong,Article utilisant une Infobox
Freda James,https://fr.wikipedia.org/?curid=3138825,https://fr.wikipedia.org/wiki/Freda James,Article utilisant une Infobox
Gretchen Rush,https://fr.wikipedia.org/?curid=3138839,https://fr.wikipedia.org/wiki/Gretchen Rush,Article \u00e0 illustrer Joueur de tennis
Hazel Redick-Smith,https://fr.wikipedia.org/?curid=3138842,https://fr.wikipedia.org/wiki/Hazel Redick-Smith,Article \u00e0 illustrer Joueur de tennis
Heide Schildknecht,https://fr.wikipedia.org/?curid=3138847,https://fr.wikipedia.org/wiki/Heide Schildknecht,Article \u00e0 illustrer Joueur de tennis
Glynis Coles,https://fr.wikipedia.org/?curid=3138865,https://fr.wikipedia.org/wiki/Glynis Coles,Article \u00e0 illustrer Joueur de tennis
Jessica Jacobs,https://fr.wikipedia.org/?curid=3135418,https://fr.wikipedia.org/wiki/Jessica Jacobs,Wikip\u00e9dia:\u00e9bauche acteur australien
Rebecca Soni,https://fr.wikipedia.org/?curid=3192317,https://fr.wikipedia.org/wiki/Rebecca Soni,Article utilisant une Infobox
Ana Maria Popescu,https://fr.wikipedia.org/?curid=3191999,https://fr.wikipedia.org/wiki/Ana Maria Popescu,Article utilisant une Infobox
Mar\u00eda Jos\u00e9 Mart\u00ednez S\u00e1nchez,https://fr.wikipedia.org/?curid=3193166,https://fr.wikipedia.org/wiki/Mar\u00eda Jos\u00e9 Mart\u00ednez S\u00e1nchez,Article utilisant une Infobox
Champions olympiques australiens,https://fr.wikipedia.org/?curid=3186738,https://fr.wikipedia.org/wiki/Champions olympiques australiens,Portail:Jeux olympiques/Articles li\u00e9s
Champions olympiques chinois,https://fr.wikipedia.org/?curid=3185011,https://fr.wikipedia.org/wiki/Champions olympiques chinois,Portail:Jeux olympiques/Articles li\u00e9s
Champions olympiques slovaques,https://fr.wikipedia.org/?curid=3184184,https://fr.wikipedia.org/wiki/Champions olympiques slovaques,Portail:Sport/Articles li\u00e9s
Champions olympiques de l'\u00c9quipe unifi\u00e9e,https://fr.wikipedia.org/?curid=3208227,https://fr.wikipedia.org/wiki/Champions olympiques de l'\u00c9quipe unifi\u00e9e,Portail:Sport/Articles li\u00e9s
Alicia Sacramone,https://fr.wikipedia.org/?curid=3206078,https://fr.wikipedia.org/wiki/Alicia Sacramone,Image locale correspondant \u00e0 celle de Wikidata
Bao Yingying,https://fr.wikipedia.org/?curid=3193593,https://fr.wikipedia.org/wiki/Bao Yingying,Wikip\u00e9dia:\u00e9bauche escrimeuse
Champions olympiques ukrainiens,https://fr.wikipedia.org/?curid=3207035,https://fr.wikipedia.org/wiki/Champions olympiques ukrainiens,Portail:Sport/Articles li\u00e9s
Liste des rois de Sicile,https://fr.wikipedia.org/?curid=320754,https://fr.wikipedia.org/wiki/Liste des rois de Sicile,Article utilisant une Infobox
Melaine Walker,https://fr.wikipedia.org/?curid=3207649,https://fr.wikipedia.org/wiki/Melaine Walker,Article utilisant une Infobox
Gouttes d'eau sur pierres br\u00fblantes,https://fr.wikipedia.org/?curid=320659,https://fr.wikipedia.org/wiki/Gouttes d'eau sur pierres br\u00fblantes,Wikip\u00e9dia:\u00e9bauche film fran\u00e7ais
Champions olympiques n\u00e9o-z\u00e9landais,https://fr.wikipedia.org/?curid=3183150,https://fr.wikipedia.org/wiki/Champions olympiques n\u00e9o-z\u00e9landais,Portail:Sport/Articles li\u00e9s
Suzanne Toase,https://fr.wikipedia.org/?curid=3080118,https://fr.wikipedia.org/wiki/Suzanne Toase,Wikip\u00e9dia:\u00e9bauche acteur britannique
Jackie Joyner-Kersee,https://fr.wikipedia.org/?curid=308203,https://fr.wikipedia.org/wiki/Jackie Joyner-Kersee,Article utilisant une Infobox
Carola H\u00e4ggkvist,https://fr.wikipedia.org/?curid=303361,https://fr.wikipedia.org/wiki/Carola H\u00e4ggkvist,Article manquant de r\u00e9f\u00e9rences depuis septembre 2016
Ingrid Chauvin,https://fr.wikipedia.org/?curid=304619,https://fr.wikipedia.org/wiki/Ingrid Chauvin,Article utilisant une Infobox
Anna Maria Perez de Tagle,https://fr.wikipedia.org/?curid=3083779,https://fr.wikipedia.org/wiki/Anna Maria Perez de Tagle,Article manquant de r\u00e9f\u00e9rences depuis avril 2019
Don Dracula,https://fr.wikipedia.org/?curid=3074133,https://fr.wikipedia.org/wiki/Don Dracula,Wikip\u00e9dia:\u00e9bauche manga
Prince Norman,https://fr.wikipedia.org/?curid=3074187,https://fr.wikipedia.org/wiki/Prince Norman,Article utilisant une Infobox
Kelly Holmes,https://fr.wikipedia.org/?curid=307284,https://fr.wikipedia.org/wiki/Kelly Holmes,Article utilisant une Infobox
Neslihan Demir,https://fr.wikipedia.org/?curid=3052108,https://fr.wikipedia.org/wiki/Neslihan Demir,Article utilisant une Infobox
Sandy M\u00f6lling,https://fr.wikipedia.org/?curid=3053827,https://fr.wikipedia.org/wiki/Sandy M\u00f6lling,Article utilisant une Infobox
Discographie de Vanessa Paradis,https://fr.wikipedia.org/?curid=3052348,https://fr.wikipedia.org/wiki/Discographie de Vanessa Paradis,Article utilisant une Infobox
Nnenna Freelon,https://fr.wikipedia.org/?curid=2982634,https://fr.wikipedia.org/wiki/Nnenna Freelon,Wikip\u00e9dia:\u00e9bauche jazz
Liste des m\u00e9daill\u00e9s olympiques masculins en natation,https://fr.wikipedia.org/?curid=299865,https://fr.wikipedia.org/wiki/Liste des m\u00e9daill\u00e9s olympiques masculins en natation,Article contenant un appel \u00e0 traduction en anglais
Lisa Bentley,https://fr.wikipedia.org/?curid=3011191,https://fr.wikipedia.org/wiki/Lisa Bentley,Article utilisant une Infobox
Breakout (album de Miley Cyrus),https://fr.wikipedia.org/?curid=3230788,https://fr.wikipedia.org/wiki/Breakout (album de Miley Cyrus),Article contenant un lien mort
Azza Besbes,https://fr.wikipedia.org/?curid=3215082,https://fr.wikipedia.org/wiki/Azza Besbes,Article contenant un lien mort
Irena Szewi\u0144ska,https://fr.wikipedia.org/?curid=324578,https://fr.wikipedia.org/wiki/Irena Szewi\u0144ska,Article utilisant une Infobox
To France,https://fr.wikipedia.org/?curid=3228118,https://fr.wikipedia.org/wiki/To France,Article contenant un appel \u00e0 traduction en anglais
Suzanne de Goede,https://fr.wikipedia.org/?curid=3228198,https://fr.wikipedia.org/wiki/Suzanne de Goede,Wikip\u00e9dia:\u00e9bauche coureur cycliste n\u00e9erlandais
The Sinister Urge (album),https://fr.wikipedia.org/?curid=3228245,https://fr.wikipedia.org/wiki/The Sinister Urge (album),Article manquant de r\u00e9f\u00e9rences depuis octobre 2022
Lyudmila Galkina,https://fr.wikipedia.org/?curid=3257185,https://fr.wikipedia.org/wiki/Lyudmila Galkina,Wikip\u00e9dia:\u00e9bauche athl\u00e8te russe
Megumi Kurihara,https://fr.wikipedia.org/?curid=3260051,https://fr.wikipedia.org/wiki/Megumi Kurihara,Article utilisant une Infobox
Petra Rossner,https://fr.wikipedia.org/?curid=3225420,https://fr.wikipedia.org/wiki/Petra Rossner,Page utilisant P569
Elisa (chanteuse),https://fr.wikipedia.org/?curid=320151,https://fr.wikipedia.org/wiki/Elisa (chanteuse),Article manquant de r\u00e9f\u00e9rences depuis d\u00e9cembre 2014
Champions olympiques suisses,https://fr.wikipedia.org/?curid=3202766,https://fr.wikipedia.org/wiki/Champions olympiques suisses,Portail:Jeux olympiques/Articles li\u00e9s
Joan Jett,https://fr.wikipedia.org/?curid=319585,https://fr.wikipedia.org/wiki/Joan Jett,Article utilisant une Infobox
Hyleas Fountain,https://fr.wikipedia.org/?curid=3199225,https://fr.wikipedia.org/wiki/Hyleas Fountain,Wikip\u00e9dia:\u00e9bauche athl\u00e8te am\u00e9ricain
M\u00e8re Teresa,https://fr.wikipedia.org/?curid=31061,https://fr.wikipedia.org/wiki/M\u00e8re Teresa,Article utilisant une Infobox
Minori Aoi,https://fr.wikipedia.org/?curid=3107780,https://fr.wikipedia.org/wiki/Minori Aoi,Article utilisant une Infobox
Honoka,https://fr.wikipedia.org/?curid=3177593,https://fr.wikipedia.org/wiki/Honoka,Article utilisant une Infobox
Seda Aslany\u00fcrek,https://fr.wikipedia.org/?curid=3101990,https://fr.wikipedia.org/wiki/Seda Aslany\u00fcrek,Article utilisant une Infobox
Sasha Cohen,https://fr.wikipedia.org/?curid=316273,https://fr.wikipedia.org/wiki/Sasha Cohen,Article utilisant une Infobox
Carolina Kostner,https://fr.wikipedia.org/?curid=316274,https://fr.wikipedia.org/wiki/Carolina Kostner,Article utilisant une Infobox
Brigitte Albrecht Loretan,https://fr.wikipedia.org/?curid=3161761,https://fr.wikipedia.org/wiki/Brigitte Albrecht Loretan,Wikip\u00e9dia:\u00e9bauche canton du Valais
Noelia,https://fr.wikipedia.org/?curid=3150836,https://fr.wikipedia.org/wiki/Noelia,Article utilisant une Infobox
Armel Le Cl\u00e9ac'h,https://fr.wikipedia.org/?curid=3159746,https://fr.wikipedia.org/wiki/Armel Le Cl\u00e9ac'h,Article utilisant une Infobox
Gia Farrell,https://fr.wikipedia.org/?curid=3161294,https://fr.wikipedia.org/wiki/Gia Farrell,Page utilisant P569
Amber Parkinson,https://fr.wikipedia.org/?curid=3158662,https://fr.wikipedia.org/wiki/Amber Parkinson,Article utilisant une Infobox
Ky\u014dko Ayana,https://fr.wikipedia.org/?curid=3152284,https://fr.wikipedia.org/wiki/Ky\u014dko Ayana,Article utilisant une Infobox
Maria Stuarda,https://fr.wikipedia.org/?curid=3156853,https://fr.wikipedia.org/wiki/Maria Stuarda,Article utilisant une Infobox
Hellraiser (comics),https://fr.wikipedia.org/?curid=3154957,https://fr.wikipedia.org/wiki/Hellraiser (comics),Portail:Horreur/Articles li\u00e9s
Regina Schleicher,https://fr.wikipedia.org/?curid=3170681,https://fr.wikipedia.org/wiki/Regina Schleicher,Wikip\u00e9dia:\u00e9bauche coureur cycliste allemand
Youri Egorov,https://fr.wikipedia.org/?curid=3170882,https://fr.wikipedia.org/wiki/Youri Egorov,Page utilisant P569
Elsbeth van Rooy-Vink,https://fr.wikipedia.org/?curid=3163977,https://fr.wikipedia.org/wiki/Elsbeth van Rooy-Vink,Wikip\u00e9dia:\u00e9bauche coureur cycliste n\u00e9erlandais
Aurore Kassambara,https://fr.wikipedia.org/?curid=3164008,https://fr.wikipedia.org/wiki/Aurore Kassambara,Wikip\u00e9dia:\u00e9bauche athl\u00e8te fran\u00e7ais
Colleen Moore,https://fr.wikipedia.org/?curid=3149053,https://fr.wikipedia.org/wiki/Colleen Moore,Article utilisant une Infobox
Ai Kurosawa,https://fr.wikipedia.org/?curid=3149167,https://fr.wikipedia.org/wiki/Ai Kurosawa,Article utilisant une Infobox
Silvia Farina,https://fr.wikipedia.org/?curid=3151862,https://fr.wikipedia.org/wiki/Silvia Farina,Article \u00e0 illustrer Joueur de tennis
Jennifer Suhr,https://fr.wikipedia.org/?curid=3142506,https://fr.wikipedia.org/wiki/Jennifer Suhr,Article utilisant une Infobox
Franck Cammas,https://fr.wikipedia.org/?curid=314206,https://fr.wikipedia.org/wiki/Franck Cammas,Article utilisant une Infobox
Judy Tegart,https://fr.wikipedia.org/?curid=3125114,https://fr.wikipedia.org/wiki/Judy Tegart,Article \u00e0 illustrer Joueur de tennis
Judy Connor,https://fr.wikipedia.org/?curid=3125118,https://fr.wikipedia.org/wiki/Judy Connor,Wikip\u00e9dia:\u00e9bauche sport
Joyce Fitch,https://fr.wikipedia.org/?curid=3125123,https://fr.wikipedia.org/wiki/Joyce Fitch,Article \u00e0 illustrer Joueur de tennis
Joyce Barclay,https://fr.wikipedia.org/?curid=3125127,https://fr.wikipedia.org/wiki/Joyce Barclay,Article \u00e0 illustrer Joueur de tennis
Joanne Russell,https://fr.wikipedia.org/?curid=3125132,https://fr.wikipedia.org/wiki/Joanne Russell,Article \u00e0 illustrer Joueur de tennis
Joan Hartigan,https://fr.wikipedia.org/?curid=3125137,https://fr.wikipedia.org/wiki/Joan Hartigan,Article utilisant une Infobox
Joan Fry,https://fr.wikipedia.org/?curid=3125144,https://fr.wikipedia.org/wiki/Joan Fry,Article utilisant une Infobox
Kiely Williams,https://fr.wikipedia.org/?curid=3132366,https://fr.wikipedia.org/wiki/Kiely Williams,Article utilisant une Infobox
Maki Wakui,https://fr.wikipedia.org/?curid=3131640,https://fr.wikipedia.org/wiki/Maki Wakui,Article utilisant une Infobox
Edwige Pitel,https://fr.wikipedia.org/?curid=3119924,https://fr.wikipedia.org/wiki/Edwige Pitel,Page utilisant P1477
Eunice Barber,https://fr.wikipedia.org/?curid=312077,https://fr.wikipedia.org/wiki/Eunice Barber,Article utilisant une Infobox
Laura Robson,https://fr.wikipedia.org/?curid=3130717,https://fr.wikipedia.org/wiki/Laura Robson,Article utilisant une Infobox
Zina Garrison,https://fr.wikipedia.org/?curid=3121372,https://fr.wikipedia.org/wiki/Zina Garrison,Article utilisant une Infobox
Naho Ozawa,https://fr.wikipedia.org/?curid=3126989,https://fr.wikipedia.org/wiki/Naho Ozawa,Article utilisant une Infobox
Iekaterina Gamova,https://fr.wikipedia.org/?curid=3116105,https://fr.wikipedia.org/wiki/Iekaterina Gamova,Article utilisant une Infobox
Inga Schneider,https://fr.wikipedia.org/?curid=3116137,https://fr.wikipedia.org/wiki/Inga Schneider,Wikip\u00e9dia:\u00e9bauche biathlon
Liste des conjoints des souverains danois,https://fr.wikipedia.org/?curid=3030574,https://fr.wikipedia.org/wiki/Liste des conjoints des souverains danois,Article contenant un appel \u00e0 traduction en anglais
Liste des reines de Norv\u00e8ge,https://fr.wikipedia.org/?curid=3034109,https://fr.wikipedia.org/wiki/Liste des reines de Norv\u00e8ge,Portail:Norv\u00e8ge/Articles li\u00e9s
Andr\u00e9e Watters,https://fr.wikipedia.org/?curid=3021968,https://fr.wikipedia.org/wiki/Andr\u00e9e Watters,Article utilisant une Infobox
Liste des m\u00e9daill\u00e9s en natation synchronis\u00e9e aux championnats du monde de natation,https://fr.wikipedia.org/?curid=3032043,https://fr.wikipedia.org/wiki/Liste des m\u00e9daill\u00e9s en natation synchronis\u00e9e aux championnats du monde de natation,Portail:Natation synchronis\u00e9e/Articles li\u00e9s
Anne Briand-Bouthiaux,https://fr.wikipedia.org/?curid=302782,https://fr.wikipedia.org/wiki/Anne Briand-Bouthiaux,Article utilisant une Infobox
Parminder Nagra,https://fr.wikipedia.org/?curid=304973,https://fr.wikipedia.org/wiki/Parminder Nagra,Article contenant un lien mort
Jenna Fischer,https://fr.wikipedia.org/?curid=3048114,https://fr.wikipedia.org/wiki/Jenna Fischer,Article contenant un lien mort
Princesse royale de Portugal,https://fr.wikipedia.org/?curid=3049461,https://fr.wikipedia.org/wiki/Princesse royale de Portugal,Portail:Portugal/Articles li\u00e9s
Stefka Kostadinova,https://fr.wikipedia.org/?curid=299781,https://fr.wikipedia.org/wiki/Stefka Kostadinova,Article contenant un lien mort
Stacy Dragila,https://fr.wikipedia.org/?curid=299790,https://fr.wikipedia.org/wiki/Stacy Dragila,Article utilisant une Infobox
Brigitte Simon-Glinel,https://fr.wikipedia.org/?curid=2996813,https://fr.wikipedia.org/wiki/Brigitte Simon-Glinel,Article \u00e0 illustrer Joueur de tennis
Oenone Wood,https://fr.wikipedia.org/?curid=2984504,https://fr.wikipedia.org/wiki/Oenone Wood,Page utilisant P569
Hubert Sauper,https://fr.wikipedia.org/?curid=208596,https://fr.wikipedia.org/wiki/Hubert Sauper,Wikip\u00e9dia:\u00e9bauche r\u00e9alisateur autrichien
Carlo Collodi,https://fr.wikipedia.org/?curid=21023,https://fr.wikipedia.org/wiki/Carlo Collodi,Article contenant un appel \u00e0 traduction en italien
Janet Fraiser,https://fr.wikipedia.org/?curid=225208,https://fr.wikipedia.org/wiki/Janet Fraiser,Article utilisant une Infobox
The Supremes,https://fr.wikipedia.org/?curid=225594,https://fr.wikipedia.org/wiki/The Supremes,Article utilisant une Infobox
Tessa Worley,https://fr.wikipedia.org/?curid=2162128,https://fr.wikipedia.org/wiki/Tessa Worley,Article utilisant une Infobox
Danse avec les loups,https://fr.wikipedia.org/?curid=218760,https://fr.wikipedia.org/wiki/Danse avec les loups,Article utilisant une Infobox
Pier Paolo Pasolini,https://fr.wikipedia.org/?curid=22320,https://fr.wikipedia.org/wiki/Pier Paolo Pasolini,Article utilisant une Infobox
Burgl F\u00e4rbinger,https://fr.wikipedia.org/?curid=2227501,https://fr.wikipedia.org/wiki/Burgl F\u00e4rbinger,Wikip\u00e9dia:\u00e9bauche ski alpin
"Les Aventuriers (film, 1967)",https://fr.wikipedia.org/?curid=223455,"https://fr.wikipedia.org/wiki/Les Aventuriers (film, 1967)",Article contenant un lien mort
Le Cinqui\u00e8me \u00c9l\u00e9ment,https://fr.wikipedia.org/?curid=221822,https://fr.wikipedia.org/wiki/Le Cinqui\u00e8me \u00c9l\u00e9ment,Article utilisant une Infobox
Barbara Henneberger,https://fr.wikipedia.org/?curid=2212785,https://fr.wikipedia.org/wiki/Barbara Henneberger,Page utilisant P569
Latanya Richardson,https://fr.wikipedia.org/?curid=2223273,https://fr.wikipedia.org/wiki/Latanya Richardson,Wikip\u00e9dia:\u00e9bauche acteur am\u00e9ricain
Jodie Foster,https://fr.wikipedia.org/?curid=2180073,https://fr.wikipedia.org/wiki/Jodie Foster,Article utilisant une Infobox
Beatriz Carvajal,https://fr.wikipedia.org/?curid=2202936,https://fr.wikipedia.org/wiki/Beatriz Carvajal,Wikip\u00e9dia:\u00e9bauche acteur espagnol
Miss Mexique,https://fr.wikipedia.org/?curid=2191181,https://fr.wikipedia.org/wiki/Miss Mexique,Article \u00e0 illustrer R\u00e9compense
Nichelle Nichols,https://fr.wikipedia.org/?curid=174521,https://fr.wikipedia.org/wiki/Nichelle Nichols,Page utilisant P569
Emma Samuelsson Werts\u00e9n,https://fr.wikipedia.org/?curid=1742286,https://fr.wikipedia.org/wiki/Emma Samuelsson Werts\u00e9n,Wikip\u00e9dia:\u00e9bauche escrimeuse
Marie-Jos\u00e9 P\u00e9rec,https://fr.wikipedia.org/?curid=174281,https://fr.wikipedia.org/wiki/Marie-Jos\u00e9 P\u00e9rec,Article utilisant une Infobox
Sandra V\u00f6lker,https://fr.wikipedia.org/?curid=1755388,https://fr.wikipedia.org/wiki/Sandra V\u00f6lker,Article \u00e0 illustrer Nageur
Andrew Motion,https://fr.wikipedia.org/?curid=1673704,https://fr.wikipedia.org/wiki/Andrew Motion,Page utilisant P569
Dorothy Workman,https://fr.wikipedia.org/?curid=1714862,https://fr.wikipedia.org/wiki/Dorothy Workman,Article \u00e0 illustrer Joueur de tennis
Elke Clijsters,https://fr.wikipedia.org/?curid=1714866,https://fr.wikipedia.org/wiki/Elke Clijsters,Article \u00e0 illustrer Joueur de tennis
Carol Lynn Baily,https://fr.wikipedia.org/?curid=1714869,https://fr.wikipedia.org/wiki/Carol Lynn Baily,Article \u00e0 illustrer Joueur de tennis
Charlotte Chapin,https://fr.wikipedia.org/?curid=1714874,https://fr.wikipedia.org/wiki/Charlotte Chapin,Article \u00e0 illustrer Joueur de tennis
Cecilia Rosado,https://fr.wikipedia.org/?curid=1714876,https://fr.wikipedia.org/wiki/Cecilia Rosado,Article \u00e0 illustrer Joueur de tennis
Carrie Cunningham,https://fr.wikipedia.org/?curid=1714880,https://fr.wikipedia.org/wiki/Carrie Cunningham,Article \u00e0 illustrer Joueur de tennis
Annabella Wistar,https://fr.wikipedia.org/?curid=1714898,https://fr.wikipedia.org/wiki/Annabella Wistar,Article \u00e0 illustrer Joueur de tennis
Annabel Ellwood,https://fr.wikipedia.org/?curid=1714900,https://fr.wikipedia.org/wiki/Annabel Ellwood,Article \u00e0 illustrer Joueur de tennis
Betty Hilton,https://fr.wikipedia.org/?curid=1714905,https://fr.wikipedia.org/wiki/Betty Hilton,Article \u00e0 illustrer Joueur de tennis
Beryl Bartlett,https://fr.wikipedia.org/?curid=1714907,https://fr.wikipedia.org/wiki/Beryl Bartlett,Article \u00e0 illustrer Joueur de tennis
Mary McIlquham,https://fr.wikipedia.org/?curid=1714908,https://fr.wikipedia.org/wiki/Mary McIlquham,Article utilisant une Infobox
Alison Burton,https://fr.wikipedia.org/?curid=1714910,https://fr.wikipedia.org/wiki/Alison Burton,Article utilisant une Infobox
Amoury Folmer-Hansen,https://fr.wikipedia.org/?curid=1714911,https://fr.wikipedia.org/wiki/Amoury Folmer-Hansen,Page utilisant P569
Alice Greene,https://fr.wikipedia.org/?curid=1714916,https://fr.wikipedia.org/wiki/Alice Greene,Article utilisant une Infobox
Ann Burdette Coe,https://fr.wikipedia.org/?curid=1714917,https://fr.wikipedia.org/wiki/Ann Burdette Coe,Article \u00e0 illustrer Joueur de tennis
Adeline McKinlay,https://fr.wikipedia.org/?curid=1714922,https://fr.wikipedia.org/wiki/Adeline McKinlay,Article \u00e0 illustrer Joueur de tennis
Porco Rosso,https://fr.wikipedia.org/?curid=171353,https://fr.wikipedia.org/wiki/Porco Rosso,Article contenant un appel \u00e0 traduction en anglais
Patricia Girard,https://fr.wikipedia.org/?curid=1714550,https://fr.wikipedia.org/wiki/Patricia Girard,Article utilisant une Infobox
Emma Leavitt-Morgan,https://fr.wikipedia.org/?curid=1714848,https://fr.wikipedia.org/wiki/Emma Leavitt-Morgan,Article utilisant une Infobox
Edith Arnheim,https://fr.wikipedia.org/?curid=1714851,https://fr.wikipedia.org/wiki/Edith Arnheim,Article utilisant une Infobox
Daphne Seeney,https://fr.wikipedia.org/?curid=1714855,https://fr.wikipedia.org/wiki/Daphne Seeney,Article \u00e0 illustrer Joueur de tennis
Dorothea K\u00f6ring,https://fr.wikipedia.org/?curid=1714859,https://fr.wikipedia.org/wiki/Dorothea K\u00f6ring,Article utilisant une Infobox
Dorothy Weston,https://fr.wikipedia.org/?curid=1714860,https://fr.wikipedia.org/wiki/Dorothy Weston,Article \u00e0 illustrer Joueur de tennis
Joan Ruth Winch,https://fr.wikipedia.org/?curid=1801582,https://fr.wikipedia.org/wiki/Joan Ruth Winch,Article \u00e0 illustrer Joueur de tennis
Barbara Scofield,https://fr.wikipedia.org/?curid=1675642,https://fr.wikipedia.org/wiki/Barbara Scofield,Article \u00e0 illustrer Joueur de tennis
Anastasia Pavlyuchenkova,https://fr.wikipedia.org/?curid=1684701,https://fr.wikipedia.org/wiki/Anastasia Pavlyuchenkova,Article utilisant une Infobox
Annick Girardin,https://fr.wikipedia.org/?curid=1683000,https://fr.wikipedia.org/wiki/Annick Girardin,Article utilisant une Infobox
Ginie Line,https://fr.wikipedia.org/?curid=1769723,https://fr.wikipedia.org/wiki/Ginie Line,Article utilisant une Infobox
Marjatta Kajosmaa,https://fr.wikipedia.org/?curid=1783639,https://fr.wikipedia.org/wiki/Marjatta Kajosmaa,Wikip\u00e9dia:\u00e9bauche ski de fond
Galina Pilyushenko,https://fr.wikipedia.org/?curid=1783641,https://fr.wikipedia.org/wiki/Galina Pilyushenko,Wikip\u00e9dia:\u00e9bauche ski de fond
Amy Williams (tennis),https://fr.wikipedia.org/?curid=1784537,https://fr.wikipedia.org/wiki/Amy Williams (tennis),Article \u00e0 illustrer Joueur de tennis
Hunter S. Thompson,https://fr.wikipedia.org/?curid=181507,https://fr.wikipedia.org/wiki/Hunter S. Thompson,Article manquant de r\u00e9f\u00e9rences depuis octobre 2010
Deborah Gravenstijn,https://fr.wikipedia.org/?curid=1798779,https://fr.wikipedia.org/wiki/Deborah Gravenstijn,Wikip\u00e9dia:\u00e9bauche judo
Marie-Caroline Le Pen,https://fr.wikipedia.org/?curid=177409,https://fr.wikipedia.org/wiki/Marie-Caroline Le Pen,Article utilisant une Infobox
Gauge (actrice pornographique),https://fr.wikipedia.org/?curid=177412,https://fr.wikipedia.org/wiki/Gauge (actrice pornographique),Article utilisant une Infobox
Mich\u00e8le Mouton,https://fr.wikipedia.org/?curid=176945,https://fr.wikipedia.org/wiki/Mich\u00e8le Mouton,Article utilisant une Infobox
Melinda et Melinda,https://fr.wikipedia.org/?curid=177706,https://fr.wikipedia.org/wiki/Melinda et Melinda,Article utilisant une Infobox
Pique-nique \u00e0 Hanging Rock,https://fr.wikipedia.org/?curid=231566,https://fr.wikipedia.org/wiki/Pique-nique \u00e0 Hanging Rock,Article utilisant une Infobox
G\u00e9rard Jugnot,https://fr.wikipedia.org/?curid=2270677,https://fr.wikipedia.org/wiki/G\u00e9rard Jugnot,Article utilisant une Infobox
Yang Wei (badminton),https://fr.wikipedia.org/?curid=2331771,https://fr.wikipedia.org/wiki/Yang Wei (badminton),Wikip\u00e9dia:\u00e9bauche badminton
Fiona Apple,https://fr.wikipedia.org/?curid=232665,https://fr.wikipedia.org/wiki/Fiona Apple,Article contenant un appel \u00e0 traduction en anglais
Anne Hidalgo,https://fr.wikipedia.org/?curid=235945,https://fr.wikipedia.org/wiki/Anne Hidalgo,Article contenant un lien mort
Maria Mutola,https://fr.wikipedia.org/?curid=229620,https://fr.wikipedia.org/wiki/Maria Mutola,Article utilisant une Infobox
First Aid Nursing Yeomanry,https://fr.wikipedia.org/?curid=2341237,https://fr.wikipedia.org/wiki/First Aid Nursing Yeomanry,Page utilisant une pr\u00e9sentation en colonnes avec un nombre fixe de colonnes
