Name,URL1,URL2,First Category
Sahar Moghadass,https://fr.wikipedia.org/?curid=14199153,https://fr.wikipedia.org/wiki/Sahar Moghadass,Recension temporaire pour le mod\u00e8le Ouvrage
Liudmila Samsonova,https://fr.wikipedia.org/?curid=14203356,https://fr.wikipedia.org/wiki/Liudmila Samsonova,Article utilisant une Infobox
Judith Collins,https://fr.wikipedia.org/?curid=14250722,https://fr.wikipedia.org/wiki/Judith Collins,Article contenant un appel \u00e0 traduction en anglais
Paul Georgenthum,https://fr.wikipedia.org/?curid=14249141,https://fr.wikipedia.org/wiki/Paul Georgenthum,Wikip\u00e9dia:\u00e9bauche triathl\u00e8te
Simon Viain,https://fr.wikipedia.org/?curid=14249487,https://fr.wikipedia.org/wiki/Simon Viain,Wikip\u00e9dia:\u00e9bauche triathl\u00e8te
Giulia Donato,https://fr.wikipedia.org/?curid=14105394,https://fr.wikipedia.org/wiki/Giulia Donato,Page utilisant P569
Nancy Chaffee,https://fr.wikipedia.org/?curid=1410497,https://fr.wikipedia.org/wiki/Nancy Chaffee,Article \u00e0 illustrer Joueur de tennis
Nancy Lyle,https://fr.wikipedia.org/?curid=1410175,https://fr.wikipedia.org/wiki/Nancy Lyle,Article \u00e0 illustrer Joueur de tennis
Marianne d'Alger,https://fr.wikipedia.org/?curid=142225,https://fr.wikipedia.org/wiki/Marianne d'Alger,Article \u00e0 illustrer Timbre
Hanna-Elisabeth M\u00fcller,https://fr.wikipedia.org/?curid=14847138,https://fr.wikipedia.org/wiki/Hanna-Elisabeth M\u00fcller,Page utilisant P569
Carolyn Krau,https://fr.wikipedia.org/?curid=14854032,https://fr.wikipedia.org/wiki/Carolyn Krau,Article \u00e0 illustrer Patineur artistique
Jean Walker-Smith,https://fr.wikipedia.org/?curid=14871718,https://fr.wikipedia.org/wiki/Jean Walker-Smith,Article \u00e0 illustrer Joueur de tennis
Varvara Gracheva,https://fr.wikipedia.org/?curid=14992539,https://fr.wikipedia.org/wiki/Varvara Gracheva,Article utilisant une Infobox
L\u00e9olia Jeanjean,https://fr.wikipedia.org/?curid=14995731,https://fr.wikipedia.org/wiki/L\u00e9olia Jeanjean,Article utilisant une Infobox
Zhang Yuxi,https://fr.wikipedia.org/?curid=14995926,https://fr.wikipedia.org/wiki/Zhang Yuxi,Article \u00e0 wikifier depuis mai 2022
Janee Kassanavoid,https://fr.wikipedia.org/?curid=14989830,https://fr.wikipedia.org/wiki/Janee Kassanavoid,Wikip\u00e9dia:\u00e9bauche athl\u00e9tisme
Mah\u00e9 Mauriat,https://fr.wikipedia.org/?curid=14984497,https://fr.wikipedia.org/wiki/Mah\u00e9 Mauriat,Article \u00e0 illustrer Joueur de volley-ball
Sabine Haewegene,https://fr.wikipedia.org/?curid=14984188,https://fr.wikipedia.org/wiki/Sabine Haewegene,Article \u00e0 illustrer Joueur de volley-ball
Malini Senehelatha Fonseka,https://fr.wikipedia.org/?curid=14980007,https://fr.wikipedia.org/wiki/Malini Senehelatha Fonseka,Page utilisant P569
Ataru Nakamura,https://fr.wikipedia.org/?curid=15007102,https://fr.wikipedia.org/wiki/Ataru Nakamura,Article utilisant une Infobox
Di mi nombre,https://fr.wikipedia.org/?curid=15006009,https://fr.wikipedia.org/wiki/Di mi nombre,Wikip\u00e9dia:\u00e9bauche chanson
Rose Matafeo,https://fr.wikipedia.org/?curid=15006396,https://fr.wikipedia.org/wiki/Rose Matafeo,Article \u00e0 wikifier depuis mai 2022
Manoel Messias,https://fr.wikipedia.org/?curid=15005459,https://fr.wikipedia.org/wiki/Manoel Messias,Wikip\u00e9dia:\u00e9bauche triathl\u00e8te
Valerie Barthelemy,https://fr.wikipedia.org/?curid=15005464,https://fr.wikipedia.org/wiki/Valerie Barthelemy,Wikip\u00e9dia:\u00e9bauche triathl\u00e8te
Marole Tchamba,https://fr.wikipedia.org/?curid=15007648,https://fr.wikipedia.org/wiki/Marole Tchamba,Page utilisant P19
Ismahane Lahmar,https://fr.wikipedia.org/?curid=14974077,https://fr.wikipedia.org/wiki/Ismahane Lahmar,Page utilisant P569
Liste des comtesses et duchesses de Cornouailles,https://fr.wikipedia.org/?curid=14974533,https://fr.wikipedia.org/wiki/Liste des comtesses et duchesses de Cornouailles,Portail:Monarchie/Articles li\u00e9s
Conjoint du premier ministre du Canada,https://fr.wikipedia.org/?curid=14974621,https://fr.wikipedia.org/wiki/Conjoint du premier ministre du Canada,Article utilisant une Infobox
Alina Lysenko,https://fr.wikipedia.org/?curid=14961959,https://fr.wikipedia.org/wiki/Alina Lysenko,Page utilisant P1813
Blandine Tona,https://fr.wikipedia.org/?curid=14960182,https://fr.wikipedia.org/wiki/Blandine Tona,Article manquant de r\u00e9f\u00e9rences depuis mai 2022
Daniel B\u00e6kkeg\u00e5rd,https://fr.wikipedia.org/?curid=14877528,https://fr.wikipedia.org/wiki/Daniel B\u00e6kkeg\u00e5rd,Wikip\u00e9dia:\u00e9bauche triathl\u00e8te
Tia Clayton,https://fr.wikipedia.org/?curid=14942335,https://fr.wikipedia.org/wiki/Tia Clayton,Wikip\u00e9dia:\u00e9bauche athl\u00e8te jama\u00efcain
Val\u00e9rie Fourneyron,https://fr.wikipedia.org/?curid=1479188,https://fr.wikipedia.org/wiki/Val\u00e9rie Fourneyron,Article utilisant une Infobox
Mariah Bell,https://fr.wikipedia.org/?curid=14776596,https://fr.wikipedia.org/wiki/Mariah Bell,Article utilisant une Infobox
Goran Ivani\u0161evi\u0107,https://fr.wikipedia.org/?curid=148439,https://fr.wikipedia.org/wiki/Goran Ivani\u0161evi\u0107,Article utilisant une Infobox
Laurel Halo,https://fr.wikipedia.org/?curid=14876556,https://fr.wikipedia.org/wiki/Laurel Halo,Article contenant un lien mort
Mallory Leconte,https://fr.wikipedia.org/?curid=14817288,https://fr.wikipedia.org/wiki/Mallory Leconte,Page utilisant P569
Kateryna Gornostai,https://fr.wikipedia.org/?curid=14817635,https://fr.wikipedia.org/wiki/Kateryna Gornostai,Page utilisant P569
Afton Williamson,https://fr.wikipedia.org/?curid=14815907,https://fr.wikipedia.org/wiki/Afton Williamson,Wikip\u00e9dia:\u00e9bauche acteur am\u00e9ricain
Sara Andersson,https://fr.wikipedia.org/?curid=14815676,https://fr.wikipedia.org/wiki/Sara Andersson,Article utilisant une Infobox
Ekaterina Kurakova,https://fr.wikipedia.org/?curid=14694777,https://fr.wikipedia.org/wiki/Ekaterina Kurakova,Wikip\u00e9dia:\u00e9bauche patinage artistique
Edith Bosch,https://fr.wikipedia.org/?curid=1476429,https://fr.wikipedia.org/wiki/Edith Bosch,Wikip\u00e9dia:\u00e9bauche judo
Jessica Lindell-Vikarby,https://fr.wikipedia.org/?curid=1476710,https://fr.wikipedia.org/wiki/Jessica Lindell-Vikarby,Wikip\u00e9dia:\u00e9bauche ski alpin
Carolina Miranda,https://fr.wikipedia.org/?curid=14734186,https://fr.wikipedia.org/wiki/Carolina Miranda,Article \u00e0 illustrer Personnalit\u00e9 du cin\u00e9ma
Deborah Levi,https://fr.wikipedia.org/?curid=14698024,https://fr.wikipedia.org/wiki/Deborah Levi,Wikip\u00e9dia:\u00e9bauche bobsleigh
Sylvia Hoffman,https://fr.wikipedia.org/?curid=14698066,https://fr.wikipedia.org/wiki/Sylvia Hoffman,Wikip\u00e9dia:\u00e9bauche bobsleigh
Natallia Safronava,https://fr.wikipedia.org/?curid=1472332,https://fr.wikipedia.org/wiki/Natallia Safronava,Wikip\u00e9dia:\u00e9bauche athl\u00e8te bi\u00e9lorusse
Rachael Karker,https://fr.wikipedia.org/?curid=14695197,https://fr.wikipedia.org/wiki/Rachael Karker,Wikip\u00e9dia:\u00e9bauche ski acrobatique
Anhelina Kalinina,https://fr.wikipedia.org/?curid=14846596,https://fr.wikipedia.org/wiki/Anhelina Kalinina,Article utilisant une Infobox
Cornelia Jakobs,https://fr.wikipedia.org/?curid=14846614,https://fr.wikipedia.org/wiki/Cornelia Jakobs,Article utilisant une Infobox
Lindsay Ell,https://fr.wikipedia.org/?curid=14859048,https://fr.wikipedia.org/wiki/Lindsay Ell,Article utilisant une Infobox
Lidy Stoppelman,https://fr.wikipedia.org/?curid=14868400,https://fr.wikipedia.org/wiki/Lidy Stoppelman,Article utilisant une Infobox
Vivianne H\u00e4rri,https://fr.wikipedia.org/?curid=14868482,https://fr.wikipedia.org/wiki/Vivianne H\u00e4rri,Article pouvant contenir un travail in\u00e9dit
High Guardian Spice,https://fr.wikipedia.org/?curid=14866641,https://fr.wikipedia.org/wiki/High Guardian Spice,Article contenant un appel \u00e0 traduction en anglais
Nos plus belles ann\u00e9es (chanson),https://fr.wikipedia.org/?curid=14847757,https://fr.wikipedia.org/wiki/Nos plus belles ann\u00e9es (chanson),Article utilisant une Infobox
Sarah Bergeron-Larouche,https://fr.wikipedia.org/?curid=14856757,https://fr.wikipedia.org/wiki/Sarah Bergeron-Larouche,Article utilisant une Infobox
Mei-Po Kwan,https://fr.wikipedia.org/?curid=14857636,https://fr.wikipedia.org/wiki/Mei-Po Kwan,Page utilisant P569
Jos\u00e9e Auclair,https://fr.wikipedia.org/?curid=1479711,https://fr.wikipedia.org/wiki/Jos\u00e9e Auclair,Page utilisant P569
Katri L\u00e4ike,https://fr.wikipedia.org/?curid=14821310,https://fr.wikipedia.org/wiki/Katri L\u00e4ike,Wikip\u00e9dia:\u00e9bauche coureur cycliste n\u00e9o-z\u00e9landais
Chris Leiferman,https://fr.wikipedia.org/?curid=14821312,https://fr.wikipedia.org/wiki/Chris Leiferman,Article \u00e0 illustrer Sportif
Return to Monkey Island,https://fr.wikipedia.org/?curid=14818940,https://fr.wikipedia.org/wiki/Return to Monkey Island,Page utilisant P407
Tope Oshin,https://fr.wikipedia.org/?curid=14822275,https://fr.wikipedia.org/wiki/Tope Oshin,Article utilisant une Infobox
Kristine Stav\u00e5s Skistad,https://fr.wikipedia.org/?curid=13891854,https://fr.wikipedia.org/wiki/Kristine Stav\u00e5s Skistad,Article \u00e0 illustrer Sportif
Ry\u014dko Tani,https://fr.wikipedia.org/?curid=152511,https://fr.wikipedia.org/wiki/Ry\u014dko Tani,Article \u00e0 illustrer Judoka
Markella Kavenagh,https://fr.wikipedia.org/?curid=15254093,https://fr.wikipedia.org/wiki/Markella Kavenagh,Page utilisant P569
Andi Sullivan,https://fr.wikipedia.org/?curid=15255582,https://fr.wikipedia.org/wiki/Andi Sullivan,Article sans source depuis octobre 2022
Isabeau Levito,https://fr.wikipedia.org/?curid=15252625,https://fr.wikipedia.org/wiki/Isabeau Levito,Article utilisant une Infobox
Margaret Crosland,https://fr.wikipedia.org/?curid=15251829,https://fr.wikipedia.org/wiki/Margaret Crosland,Article \u00e0 illustrer Patineur artistique
Yoshie Takeshita,https://fr.wikipedia.org/?curid=1525491,https://fr.wikipedia.org/wiki/Yoshie Takeshita,Article utilisant une Infobox
Maria Andreeva,https://fr.wikipedia.org/?curid=15257169,https://fr.wikipedia.org/wiki/Maria Andreeva,Page utilisant P569
Liste des reines de Mercie,https://fr.wikipedia.org/?curid=15259063,https://fr.wikipedia.org/wiki/Liste des reines de Mercie,Article contenant un appel \u00e0 traduction en anglais
Mara Kova\u010devi\u0107,https://fr.wikipedia.org/?curid=15237544,https://fr.wikipedia.org/wiki/Mara Kova\u010devi\u0107,Wikip\u00e9dia:\u00e9bauche judo
Klara Apotekar,https://fr.wikipedia.org/?curid=15237704,https://fr.wikipedia.org/wiki/Klara Apotekar,Wikip\u00e9dia:\u00e9bauche sportif slov\u00e8ne
Ivelina Ilieva,https://fr.wikipedia.org/?curid=15237719,https://fr.wikipedia.org/wiki/Ivelina Ilieva,Wikip\u00e9dia:\u00e9bauche sportif
G\u00fcl\u015fah Kocat\u00fcrk,https://fr.wikipedia.org/?curid=15237728,https://fr.wikipedia.org/wiki/G\u00fcl\u015fah Kocat\u00fcrk,Wikip\u00e9dia:\u00e9bauche sportif
Gulbadam Babamuratova,https://fr.wikipedia.org/?curid=15237748,https://fr.wikipedia.org/wiki/Gulbadam Babamuratova,Wikip\u00e9dia:\u00e9bauche sportif
Gefen Primo,https://fr.wikipedia.org/?curid=15237767,https://fr.wikipedia.org/wiki/Gefen Primo,Wikip\u00e9dia:\u00e9bauche judo
Vera Smith,https://fr.wikipedia.org/?curid=15237773,https://fr.wikipedia.org/wiki/Vera Smith,Article \u00e0 illustrer Patineur artistique
Garima Chaudhary,https://fr.wikipedia.org/?curid=15237789,https://fr.wikipedia.org/wiki/Garima Chaudhary,Wikip\u00e9dia:\u00e9bauche sportif indien
Esther Stam,https://fr.wikipedia.org/?curid=15237979,https://fr.wikipedia.org/wiki/Esther Stam,Wikip\u00e9dia:\u00e9bauche judo
Kathrin Unterwurzacher,https://fr.wikipedia.org/?curid=15233581,https://fr.wikipedia.org/wiki/Kathrin Unterwurzacher,Wikip\u00e9dia:\u00e9bauche sportif autrichien
Pascale Mainville,https://fr.wikipedia.org/?curid=15233633,https://fr.wikipedia.org/wiki/Pascale Mainville,Wikip\u00e9dia:\u00e9bauche judo
Filipa Cavalleri,https://fr.wikipedia.org/?curid=15233823,https://fr.wikipedia.org/wiki/Filipa Cavalleri,Wikip\u00e9dia:\u00e9bauche judo
Sandra K\u00f6ppen,https://fr.wikipedia.org/?curid=15233850,https://fr.wikipedia.org/wiki/Sandra K\u00f6ppen,Wikip\u00e9dia:\u00e9bauche judo
R\u00e9ka Pupp,https://fr.wikipedia.org/?curid=15233878,https://fr.wikipedia.org/wiki/R\u00e9ka Pupp,Wikip\u00e9dia:\u00e9bauche sportif hongrois
Guo Yufang,https://fr.wikipedia.org/?curid=15233942,https://fr.wikipedia.org/wiki/Guo Yufang,Page utilisant P569
Dayaris Mestre,https://fr.wikipedia.org/?curid=15238546,https://fr.wikipedia.org/wiki/Dayaris Mestre,Wikip\u00e9dia:\u00e9bauche sportif cubain
Anna Bernholm,https://fr.wikipedia.org/?curid=15238566,https://fr.wikipedia.org/wiki/Anna Bernholm,Wikip\u00e9dia:\u00e9bauche sportif su\u00e9dois
Ludmila Cristea,https://fr.wikipedia.org/?curid=15238614,https://fr.wikipedia.org/wiki/Ludmila Cristea,Wikip\u00e9dia:\u00e9bauche sportif
Ma\u0142gorzata Roszkowska,https://fr.wikipedia.org/?curid=15237225,https://fr.wikipedia.org/wiki/Ma\u0142gorzata Roszkowska,Article manquant de r\u00e9f\u00e9rences depuis janvier 2023
Maria Gontowicz-Sza\u0142as,https://fr.wikipedia.org/?curid=15237231,https://fr.wikipedia.org/wiki/Maria Gontowicz-Sza\u0142as,Wikip\u00e9dia:\u00e9bauche sportif polonais
Jade Picon,https://fr.wikipedia.org/?curid=15237265,https://fr.wikipedia.org/wiki/Jade Picon,Article \u00e0 wikifier depuis octobre 2022
Maru\u0161a \u0160tangar,https://fr.wikipedia.org/?curid=15237281,https://fr.wikipedia.org/wiki/Maru\u0161a \u0160tangar,Wikip\u00e9dia:\u00e9bauche sportif slov\u00e8ne
Iulia Leorda,https://fr.wikipedia.org/?curid=15237317,https://fr.wikipedia.org/wiki/Iulia Leorda,Wikip\u00e9dia:\u00e9bauche sportif
Milica Nikoli\u0107 (judokate),https://fr.wikipedia.org/?curid=15237456,https://fr.wikipedia.org/wiki/Milica Nikoli\u0107 (judokate),Wikip\u00e9dia:\u00e9bauche sportif serbe
Mabel Fonseca,https://fr.wikipedia.org/?curid=15236829,https://fr.wikipedia.org/wiki/Mabel Fonseca,Wikip\u00e9dia:\u00e9bauche judo
Magnus Ditlev,https://fr.wikipedia.org/?curid=15237062,https://fr.wikipedia.org/wiki/Magnus Ditlev,Wikip\u00e9dia:\u00e9bauche triathl\u00e8te
Max Neumann (triathlon),https://fr.wikipedia.org/?curid=15237063,https://fr.wikipedia.org/wiki/Max Neumann (triathlon),Wikip\u00e9dia:\u00e9bauche triathl\u00e8te
Juliane Robra,https://fr.wikipedia.org/?curid=15237085,https://fr.wikipedia.org/wiki/Juliane Robra,Wikip\u00e9dia:\u00e9bauche judo
Elvismar Rodr\u00edguez,https://fr.wikipedia.org/?curid=15238033,https://fr.wikipedia.org/wiki/Elvismar Rodr\u00edguez,Wikip\u00e9dia:\u00e9bauche judo
Chandler McDaniel,https://fr.wikipedia.org/?curid=15249878,https://fr.wikipedia.org/wiki/Chandler McDaniel,Article \u00e0 illustrer Footballeur
Ghost-Spider,https://fr.wikipedia.org/?curid=15247401,https://fr.wikipedia.org/wiki/Ghost-Spider,Article utilisant une Infobox
Kimmy Repond,https://fr.wikipedia.org/?curid=15248798,https://fr.wikipedia.org/wiki/Kimmy Repond,Article \u00e0 illustrer Patineur artistique
Alice Bellandi,https://fr.wikipedia.org/?curid=15224639,https://fr.wikipedia.org/wiki/Alice Bellandi,Wikip\u00e9dia:\u00e9bauche judo
Carmen Herrera (judokate),https://fr.wikipedia.org/?curid=15224406,https://fr.wikipedia.org/wiki/Carmen Herrera (judokate),Wikip\u00e9dia:\u00e9bauche sportif espagnol
Tessie Savelkouls,https://fr.wikipedia.org/?curid=15226460,https://fr.wikipedia.org/wiki/Tessie Savelkouls,Wikip\u00e9dia:\u00e9bauche sportif
Takako Kobayashi,https://fr.wikipedia.org/?curid=15226473,https://fr.wikipedia.org/wiki/Takako Kobayashi,Wikip\u00e9dia:\u00e9bauche judo
Zhang Zhehui,https://fr.wikipedia.org/?curid=15225938,https://fr.wikipedia.org/wiki/Zhang Zhehui,Wikip\u00e9dia:\u00e9bauche judo
Zhang Di,https://fr.wikipedia.org/?curid=15225973,https://fr.wikipedia.org/wiki/Zhang Di,Wikip\u00e9dia:\u00e9bauche judo
Yvonne Wansart,https://fr.wikipedia.org/?curid=15225997,https://fr.wikipedia.org/wiki/Yvonne Wansart,Wikip\u00e9dia:\u00e9bauche judo
Yelyzaveta Kalanina,https://fr.wikipedia.org/?curid=15226041,https://fr.wikipedia.org/wiki/Yelyzaveta Kalanina,Wikip\u00e9dia:\u00e9bauche sportif
Wang Juan (judokate),https://fr.wikipedia.org/?curid=15226316,https://fr.wikipedia.org/wiki/Wang Juan (judokate),Wikip\u00e9dia:\u00e9bauche judo
Vera Moskalyuk,https://fr.wikipedia.org/?curid=15226343,https://fr.wikipedia.org/wiki/Vera Moskalyuk,Wikip\u00e9dia:\u00e9bauche sportif
Varvara Massyagina,https://fr.wikipedia.org/?curid=15226380,https://fr.wikipedia.org/wiki/Varvara Massyagina,Wikip\u00e9dia:\u00e9bauche sportif
Vanessa Zambotti,https://fr.wikipedia.org/?curid=15226394,https://fr.wikipedia.org/wiki/Vanessa Zambotti,Wikip\u00e9dia:\u00e9bauche sportif
Tsvetana Bozhilova,https://fr.wikipedia.org/?curid=15226427,https://fr.wikipedia.org/wiki/Tsvetana Bozhilova,Wikip\u00e9dia:\u00e9bauche sportif
Tetiana Beliaieva,https://fr.wikipedia.org/?curid=15226444,https://fr.wikipedia.org/wiki/Tetiana Beliaieva,Wikip\u00e9dia:\u00e9bauche sportif
Alessandra Giungi,https://fr.wikipedia.org/?curid=15223500,https://fr.wikipedia.org/wiki/Alessandra Giungi,Wikip\u00e9dia:\u00e9bauche sportif italien
Liste des distinctions de Dario Argento,https://fr.wikipedia.org/?curid=15212942,https://fr.wikipedia.org/wiki/Liste des distinctions de Dario Argento,Portail:Cin\u00e9ma italien/Articles li\u00e9s
Sophie Roberge,https://fr.wikipedia.org/?curid=15234562,https://fr.wikipedia.org/wiki/Sophie Roberge,Wikip\u00e9dia:\u00e9bauche judo
Cinzia Cavazzuti,https://fr.wikipedia.org/?curid=15232038,https://fr.wikipedia.org/wiki/Cinzia Cavazzuti,Wikip\u00e9dia:\u00e9bauche sportif italien
Erica Barbieri,https://fr.wikipedia.org/?curid=15232046,https://fr.wikipedia.org/wiki/Erica Barbieri,Wikip\u00e9dia:\u00e9bauche judo
Giuseppina Macr\u00ec,https://fr.wikipedia.org/?curid=15232483,https://fr.wikipedia.org/wiki/Giuseppina Macr\u00ec,Article manquant de r\u00e9f\u00e9rences depuis octobre 2022
Karen Roberts,https://fr.wikipedia.org/?curid=15233532,https://fr.wikipedia.org/wiki/Karen Roberts,Wikip\u00e9dia:\u00e9bauche judo
Joyce Heron,https://fr.wikipedia.org/?curid=15233542,https://fr.wikipedia.org/wiki/Joyce Heron,Wikip\u00e9dia:\u00e9bauche sportif
Mariela Spacek,https://fr.wikipedia.org/?curid=15233576,https://fr.wikipedia.org/wiki/Mariela Spacek,Wikip\u00e9dia:\u00e9bauche judo
Kim Na-young (judokate),https://fr.wikipedia.org/?curid=15231544,https://fr.wikipedia.org/wiki/Kim Na-young (judokate),Wikip\u00e9dia:\u00e9bauche judo
Kim Kyung-ok,https://fr.wikipedia.org/?curid=15231561,https://fr.wikipedia.org/wiki/Kim Kyung-ok,Wikip\u00e9dia:\u00e9bauche judo
Choi Sook-ie,https://fr.wikipedia.org/?curid=15231659,https://fr.wikipedia.org/wiki/Choi Sook-ie,Wikip\u00e9dia:\u00e9bauche judo
BB Gandanghari,https://fr.wikipedia.org/?curid=15013513,https://fr.wikipedia.org/wiki/BB Gandanghari,Page utilisant P569
Chelsea Sodaro,https://fr.wikipedia.org/?curid=15014208,https://fr.wikipedia.org/wiki/Chelsea Sodaro,Article \u00e0 illustrer Sportif
Samia Fikri,https://fr.wikipedia.org/?curid=15057866,https://fr.wikipedia.org/wiki/Samia Fikri,P413 absent de Wikidata
Astrid Bonami,https://fr.wikipedia.org/?curid=15055795,https://fr.wikipedia.org/wiki/Astrid Bonami,Wikip\u00e9dia:\u00e9bauche hockey sur gazon
Vanessa Blockmans,https://fr.wikipedia.org/?curid=15055803,https://fr.wikipedia.org/wiki/Vanessa Blockmans,Wikip\u00e9dia:\u00e9bauche hockey sur gazon
Talitha Diggs,https://fr.wikipedia.org/?curid=15058968,https://fr.wikipedia.org/wiki/Talitha Diggs,Wikip\u00e9dia:\u00e9bauche athl\u00e9tisme
Emer Kenny,https://fr.wikipedia.org/?curid=15192943,https://fr.wikipedia.org/wiki/Emer Kenny,Article \u00e0 wikifier depuis septembre 2022
Silvana Chausheva,https://fr.wikipedia.org/?curid=15194191,https://fr.wikipedia.org/wiki/Silvana Chausheva,Wikip\u00e9dia:\u00e9bauche joueuse de volley-ball
Fiordaliza Cofil,https://fr.wikipedia.org/?curid=15086522,https://fr.wikipedia.org/wiki/Fiordaliza Cofil,Article utilisant une Infobox
Zineb Redouani,https://fr.wikipedia.org/?curid=15099297,https://fr.wikipedia.org/wiki/Zineb Redouani,Wikip\u00e9dia:\u00e9bauche footballeuse
Assia Zouhair,https://fr.wikipedia.org/?curid=15099457,https://fr.wikipedia.org/wiki/Assia Zouhair,Wikip\u00e9dia:\u00e9bauche footballeuse
Oihana Azkorbebeitia,https://fr.wikipedia.org/?curid=15097034,https://fr.wikipedia.org/wiki/Oihana Azkorbebeitia,Article utilisant une Infobox
Iris Pessey,https://fr.wikipedia.org/?curid=15095619,https://fr.wikipedia.org/wiki/Iris Pessey,Article \u00e0 illustrer Sportif
Chloe Kelly,https://fr.wikipedia.org/?curid=15095626,https://fr.wikipedia.org/wiki/Chloe Kelly,Article utilisant une Infobox
Am\u00e9lie Mbaye,https://fr.wikipedia.org/?curid=15096029,https://fr.wikipedia.org/wiki/Am\u00e9lie Mbaye,Article \u00e0 illustrer Personnalit\u00e9 du cin\u00e9ma
Alia Armstrong,https://fr.wikipedia.org/?curid=15100016,https://fr.wikipedia.org/wiki/Alia Armstrong,Wikip\u00e9dia:\u00e9bauche athl\u00e9tisme
Reetta Hurske,https://fr.wikipedia.org/?curid=15177062,https://fr.wikipedia.org/wiki/Reetta Hurske,Article utilisant une Infobox
Sian Clifford,https://fr.wikipedia.org/?curid=15175362,https://fr.wikipedia.org/wiki/Sian Clifford,Article \u00e0 wikifier depuis septembre 2022
Julia Fox,https://fr.wikipedia.org/?curid=15176266,https://fr.wikipedia.org/wiki/Julia Fox,Article \u00e0 wikifier depuis septembre 2022
Ludivine Blanc,https://fr.wikipedia.org/?curid=15183163,https://fr.wikipedia.org/wiki/Ludivine Blanc,Article \u00e0 wikifier depuis septembre 2022
Martina Samadan,https://fr.wikipedia.org/?curid=15181157,https://fr.wikipedia.org/wiki/Martina Samadan,Article utilisant une Infobox
Lisa Jeanpierre,https://fr.wikipedia.org/?curid=15181168,https://fr.wikipedia.org/wiki/Lisa Jeanpierre,Article utilisant une Infobox
Alysa Liu,https://fr.wikipedia.org/?curid=15207474,https://fr.wikipedia.org/wiki/Alysa Liu,Article utilisant une Infobox
NaLyssa Smith,https://fr.wikipedia.org/?curid=15209735,https://fr.wikipedia.org/wiki/NaLyssa Smith,Article utilisant une Infobox
Mei (Overwatch),https://fr.wikipedia.org/?curid=15186222,https://fr.wikipedia.org/wiki/Mei (Overwatch),Article \u00e0 wikifier depuis septembre 2022
Renata Zaraz\u00faa,https://fr.wikipedia.org/?curid=15205195,https://fr.wikipedia.org/wiki/Renata Zaraz\u00faa,Article utilisant une Infobox
Sandra Drzymalska,https://fr.wikipedia.org/?curid=15202124,https://fr.wikipedia.org/wiki/Sandra Drzymalska,Page utilisant P569
Manon Deketer,https://fr.wikipedia.org/?curid=15200015,https://fr.wikipedia.org/wiki/Manon Deketer,Wikip\u00e9dia:\u00e9bauche judo
Laetitia du Cou\u00ebdic,https://fr.wikipedia.org/?curid=15199827,https://fr.wikipedia.org/wiki/Laetitia du Cou\u00ebdic,Page utilisant P569
Edina Begi\u0107,https://fr.wikipedia.org/?curid=15199973,https://fr.wikipedia.org/wiki/Edina Begi\u0107,Article \u00e0 illustrer Joueur de volley-ball
Milica Ivkovi\u0107,https://fr.wikipedia.org/?curid=15196062,https://fr.wikipedia.org/wiki/Milica Ivkovi\u0107,Wikip\u00e9dia:\u00e9bauche joueuse de volley-ball
Tara Morice,https://fr.wikipedia.org/?curid=15167110,https://fr.wikipedia.org/wiki/Tara Morice,Article \u00e0 wikifier depuis septembre 2022
Camila Morrone,https://fr.wikipedia.org/?curid=15169278,https://fr.wikipedia.org/wiki/Camila Morrone,Page utilisant P569
Alexandra Lazic,https://fr.wikipedia.org/?curid=15166009,https://fr.wikipedia.org/wiki/Alexandra Lazic,Article utilisant une Infobox
Emily Ngii,https://fr.wikipedia.org/?curid=15050591,https://fr.wikipedia.org/wiki/Emily Ngii,Wikip\u00e9dia:\u00e9bauche athl\u00e8te k\u00e9nyan
Julien Alfred,https://fr.wikipedia.org/?curid=15046566,https://fr.wikipedia.org/wiki/Julien Alfred,Article \u00e0 illustrer Athl\u00e8te
Martine \u00c9tienne,https://fr.wikipedia.org/?curid=15046610,https://fr.wikipedia.org/wiki/Martine \u00c9tienne,Article \u00e0 illustrer Personnalit\u00e9 politique
Karissa Schweizer,https://fr.wikipedia.org/?curid=15046838,https://fr.wikipedia.org/wiki/Karissa Schweizer,Wikip\u00e9dia:\u00e9bauche athl\u00e8te am\u00e9ricain
Anna Hall,https://fr.wikipedia.org/?curid=15047004,https://fr.wikipedia.org/wiki/Anna Hall,Wikip\u00e9dia:\u00e9bauche athl\u00e8te am\u00e9ricain
Caroline Nyaga,https://fr.wikipedia.org/?curid=15047940,https://fr.wikipedia.org/wiki/Caroline Nyaga,Wikip\u00e9dia:\u00e9bauche athl\u00e8te k\u00e9nyan
Marianne Maximi,https://fr.wikipedia.org/?curid=15048093,https://fr.wikipedia.org/wiki/Marianne Maximi,Article utilisant une Infobox
Milion\u00e0ria,https://fr.wikipedia.org/?curid=15048827,https://fr.wikipedia.org/wiki/Milion\u00e0ria,Wikip\u00e9dia:\u00e9bauche chanson
Elizabeth Taylor,https://fr.wikipedia.org/?curid=150171,https://fr.wikipedia.org/wiki/Elizabeth Taylor,Article contenant un lien mort
Nabila Idoughi,https://fr.wikipedia.org/?curid=15034303,https://fr.wikipedia.org/wiki/Nabila Idoughi,Article \u00e0 illustrer Footballeur
Alaysha Johnson,https://fr.wikipedia.org/?curid=15034781,https://fr.wikipedia.org/wiki/Alaysha Johnson,Wikip\u00e9dia:\u00e9bauche athl\u00e9tisme
"Le Faucon maltais (film, 1941)",https://fr.wikipedia.org/?curid=150306,"https://fr.wikipedia.org/wiki/Le Faucon maltais (film, 1941)",Article utilisant une Infobox
Zsanett Bragmayer,https://fr.wikipedia.org/?curid=15051128,https://fr.wikipedia.org/wiki/Zsanett Bragmayer,Wikip\u00e9dia:\u00e9bauche triathl\u00e8te
Werkuha Getachew,https://fr.wikipedia.org/?curid=15052296,https://fr.wikipedia.org/wiki/Werkuha Getachew,Wikip\u00e9dia:\u00e9bauche athl\u00e8te \u00e9thiopien
Jarinter Mwasya,https://fr.wikipedia.org/?curid=15052503,https://fr.wikipedia.org/wiki/Jarinter Mwasya,Wikip\u00e9dia:\u00e9bauche athl\u00e8te k\u00e9nyan
Heike Mei\u00dfner,https://fr.wikipedia.org/?curid=1505417,https://fr.wikipedia.org/wiki/Heike Mei\u00dfner,Wikip\u00e9dia:\u00e9bauche athl\u00e8te allemand
Liste des marquises et duchesses de Montferrat,https://fr.wikipedia.org/?curid=15053768,https://fr.wikipedia.org/wiki/Liste des marquises et duchesses de Montferrat,Portail:Moyen \u00c2ge/Articles li\u00e9s
M\u00e9lanie Thomin,https://fr.wikipedia.org/?curid=15045628,https://fr.wikipedia.org/wiki/M\u00e9lanie Thomin,Article utilisant une Infobox
Christelle D'Intorni,https://fr.wikipedia.org/?curid=15045708,https://fr.wikipedia.org/wiki/Christelle D'Intorni,Article utilisant une Infobox
Prisca Thevenot,https://fr.wikipedia.org/?curid=15045728,https://fr.wikipedia.org/wiki/Prisca Thevenot,Article \u00e0 illustrer Personnalit\u00e9 politique
Sabrina Agresti-Roubache,https://fr.wikipedia.org/?curid=15045757,https://fr.wikipedia.org/wiki/Sabrina Agresti-Roubache,Page semi-prot\u00e9g\u00e9e
Katja Kiuru,https://fr.wikipedia.org/?curid=15045879,https://fr.wikipedia.org/wiki/Katja Kiuru,Page utilisant P569
V\u00e9ronique Kossenda Rey,https://fr.wikipedia.org/?curid=15043068,https://fr.wikipedia.org/wiki/V\u00e9ronique Kossenda Rey,Article \u00e0 illustrer Athl\u00e8te
Noura Ennadi,https://fr.wikipedia.org/?curid=15043258,https://fr.wikipedia.org/wiki/Noura Ennadi,Article utilisant une Infobox
Marwa Hassani,https://fr.wikipedia.org/?curid=15060327,https://fr.wikipedia.org/wiki/Marwa Hassani,P413 absent de Wikidata
Laura Redondo,https://fr.wikipedia.org/?curid=15063821,https://fr.wikipedia.org/wiki/Laura Redondo,Wikip\u00e9dia:\u00e9bauche athl\u00e9tisme
El\u00edna Tz\u00e9ngko,https://fr.wikipedia.org/?curid=15019642,https://fr.wikipedia.org/wiki/El\u00edna Tz\u00e9ngko,Wikip\u00e9dia:\u00e9bauche athl\u00e8te
Lamara Distin,https://fr.wikipedia.org/?curid=15038483,https://fr.wikipedia.org/wiki/Lamara Distin,Wikip\u00e9dia:\u00e9bauche athl\u00e9tisme
Lene Retzius,https://fr.wikipedia.org/?curid=15038609,https://fr.wikipedia.org/wiki/Lene Retzius,Wikip\u00e9dia:\u00e9bauche athl\u00e9tisme
Annik K\u00e4lin,https://fr.wikipedia.org/?curid=15039004,https://fr.wikipedia.org/wiki/Annik K\u00e4lin,Wikip\u00e9dia:\u00e9bauche athl\u00e9tisme
Tyra Gittens,https://fr.wikipedia.org/?curid=15039035,https://fr.wikipedia.org/wiki/Tyra Gittens,Wikip\u00e9dia:\u00e9bauche athl\u00e9tisme
Maud Bregeon,https://fr.wikipedia.org/?curid=15037600,https://fr.wikipedia.org/wiki/Maud Bregeon,Article \u00e0 illustrer Personnalit\u00e9 politique
L\u00e9a Soldner,https://fr.wikipedia.org/?curid=15014599,https://fr.wikipedia.org/wiki/L\u00e9a Soldner,Article utilisant une Infobox
Sara Ram\u00edrez,https://fr.wikipedia.org/?curid=1502843,https://fr.wikipedia.org/wiki/Sara Ram\u00edrez,Article utilisant une Infobox
Isabel Di Tella,https://fr.wikipedia.org/?curid=15026542,https://fr.wikipedia.org/wiki/Isabel Di Tella,Wikip\u00e9dia:\u00e9bauche escrimeuse
Elise Cranny,https://fr.wikipedia.org/?curid=15024120,https://fr.wikipedia.org/wiki/Elise Cranny,Wikip\u00e9dia:\u00e9bauche athl\u00e8te am\u00e9ricain
Liste des conjoints des souverains irlandais,https://fr.wikipedia.org/?curid=14979225,https://fr.wikipedia.org/wiki/Liste des conjoints des souverains irlandais,Article manquant de r\u00e9f\u00e9rences depuis mai 2022
Katrina Matthews,https://fr.wikipedia.org/?curid=14979282,https://fr.wikipedia.org/wiki/Katrina Matthews,Article \u00e0 illustrer Sportif
Shira Rishony,https://fr.wikipedia.org/?curid=14947542,https://fr.wikipedia.org/wiki/Shira Rishony,Wikip\u00e9dia:\u00e9bauche judo
Gili Sharir,https://fr.wikipedia.org/?curid=14947558,https://fr.wikipedia.org/wiki/Gili Sharir,Wikip\u00e9dia:\u00e9bauche judo
Raz Hershko,https://fr.wikipedia.org/?curid=14947566,https://fr.wikipedia.org/wiki/Raz Hershko,Wikip\u00e9dia:\u00e9bauche judo
Inbar Lanir,https://fr.wikipedia.org/?curid=14947570,https://fr.wikipedia.org/wiki/Inbar Lanir,Wikip\u00e9dia:\u00e9bauche judo
Rajasthan,https://fr.wikipedia.org/?curid=14948,https://fr.wikipedia.org/wiki/Rajasthan,Article contenant un appel \u00e0 traduction en anglais
Chelcee Grimes,https://fr.wikipedia.org/?curid=14955715,https://fr.wikipedia.org/wiki/Chelcee Grimes,Article \u00e0 wikifier depuis mai 2022
Shifra Lerer,https://fr.wikipedia.org/?curid=15023330,https://fr.wikipedia.org/wiki/Shifra Lerer,Page utilisant P569
Lillian Cramer,https://fr.wikipedia.org/?curid=15276876,https://fr.wikipedia.org/wiki/Lillian Cramer,Article \u00e0 illustrer Patineur artistique
A\u00efcha Narim\u00e8ne Dahleb,https://fr.wikipedia.org/?curid=15288524,https://fr.wikipedia.org/wiki/A\u00efcha Narim\u00e8ne Dahleb,Wikip\u00e9dia:\u00e9bauche karat\u00e9
Maryame Atiq,https://fr.wikipedia.org/?curid=15286920,https://fr.wikipedia.org/wiki/Maryame Atiq,Wikip\u00e9dia:\u00e9bauche footballeuse
Jess Park,https://fr.wikipedia.org/?curid=15290674,https://fr.wikipedia.org/wiki/Jess Park,Article utilisant une Infobox
Houda Elmestour,https://fr.wikipedia.org/?curid=15290736,https://fr.wikipedia.org/wiki/Houda Elmestour,Wikip\u00e9dia:\u00e9bauche footballeuse
Marika Rivera,https://fr.wikipedia.org/?curid=15304786,https://fr.wikipedia.org/wiki/Marika Rivera,Page utilisant P27
Ilona Mitrecey,https://fr.wikipedia.org/?curid=1530229,https://fr.wikipedia.org/wiki/Ilona Mitrecey,Article manquant de r\u00e9f\u00e9rences depuis mars 2022
Chika Aoki,https://fr.wikipedia.org/?curid=15277182,https://fr.wikipedia.org/wiki/Chika Aoki,Article utilisant une Infobox
Shirra Kenworthy,https://fr.wikipedia.org/?curid=15277503,https://fr.wikipedia.org/wiki/Shirra Kenworthy,Article \u00e0 illustrer Patineur artistique
Collin Chartier,https://fr.wikipedia.org/?curid=15262083,https://fr.wikipedia.org/wiki/Collin Chartier,Wikip\u00e9dia:\u00e9bauche triathl\u00e8te
Jason West,https://fr.wikipedia.org/?curid=15262084,https://fr.wikipedia.org/wiki/Jason West,Wikip\u00e9dia:\u00e9bauche triathl\u00e8te
Inge Jell,https://fr.wikipedia.org/?curid=15262355,https://fr.wikipedia.org/wiki/Inge Jell,Page utilisant P106
Rebecca Cheptegei,https://fr.wikipedia.org/?curid=15277698,https://fr.wikipedia.org/wiki/Rebecca Cheptegei,Article utilisant une Infobox
Dina Eltabaa,https://fr.wikipedia.org/?curid=15264320,https://fr.wikipedia.org/wiki/Dina Eltabaa,Article manquant de r\u00e9f\u00e9rences depuis novembre 2022
Adam Peterman,https://fr.wikipedia.org/?curid=15274580,https://fr.wikipedia.org/wiki/Adam Peterman,Article \u00e0 illustrer Athl\u00e8te
C\u00e9cile Agnel,https://fr.wikipedia.org/?curid=15275989,https://fr.wikipedia.org/wiki/C\u00e9cile Agnel,Wikip\u00e9dia:\u00e9bauche sportif fran\u00e7ais
Han Ga-in,https://fr.wikipedia.org/?curid=15314549,https://fr.wikipedia.org/wiki/Han Ga-in,Page utilisant P569
Jennifer Winget,https://fr.wikipedia.org/?curid=15313076,https://fr.wikipedia.org/wiki/Jennifer Winget,Page utilisant P569
Wendy Richard,https://fr.wikipedia.org/?curid=15283760,https://fr.wikipedia.org/wiki/Wendy Richard,Page utilisant des donn\u00e9es de Wikidata \u00e0 traduire de l'anglais
Dorothy Jenkins,https://fr.wikipedia.org/?curid=15281769,https://fr.wikipedia.org/wiki/Dorothy Jenkins,Article \u00e0 illustrer Patineur artistique
Carolina Torres,https://fr.wikipedia.org/?curid=15262654,https://fr.wikipedia.org/wiki/Carolina Torres,Wikip\u00e9dia:\u00e9bauche athl\u00e8te
Christine Fr\u00e9chette,https://fr.wikipedia.org/?curid=15264073,https://fr.wikipedia.org/wiki/Christine Fr\u00e9chette,Article \u00e0 illustrer Personnalit\u00e9 politique
Diamara Planell,https://fr.wikipedia.org/?curid=15264881,https://fr.wikipedia.org/wiki/Diamara Planell,Article manquant de r\u00e9f\u00e9rences depuis novembre 2022
Ioulia Moussiyenko,https://fr.wikipedia.org/?curid=15273453,https://fr.wikipedia.org/wiki/Ioulia Moussiyenko,Wikip\u00e9dia:\u00e9bauche joueuse de basket-ball
Shihomi Fukushima,https://fr.wikipedia.org/?curid=15273589,https://fr.wikipedia.org/wiki/Shihomi Fukushima,Article \u00e0 illustrer Escrimeur
Solenne Billouin,https://fr.wikipedia.org/?curid=15217946,https://fr.wikipedia.org/wiki/Solenne Billouin,Page utilisant P569
Aina Suzuki,https://fr.wikipedia.org/?curid=15229856,https://fr.wikipedia.org/wiki/Aina Suzuki,Article contenant un lien mort
Gulzhan Issanova,https://fr.wikipedia.org/?curid=15228215,https://fr.wikipedia.org/wiki/Gulzhan Issanova,Wikip\u00e9dia:\u00e9bauche judo
Shen Jun,https://fr.wikipedia.org/?curid=15228249,https://fr.wikipedia.org/wiki/Shen Jun,Wikip\u00e9dia:\u00e9bauche judo
Monique van der Lee,https://fr.wikipedia.org/?curid=15230566,https://fr.wikipedia.org/wiki/Monique van der Lee,Wikip\u00e9dia:\u00e9bauche sportif n\u00e9erlandais
Luise Malzahn,https://fr.wikipedia.org/?curid=15230684,https://fr.wikipedia.org/wiki/Luise Malzahn,Wikip\u00e9dia:\u00e9bauche judo
Franziska Konitz,https://fr.wikipedia.org/?curid=15230693,https://fr.wikipedia.org/wiki/Franziska Konitz,Wikip\u00e9dia:\u00e9bauche sportif allemand
Anja von Rekowski,https://fr.wikipedia.org/?curid=15230716,https://fr.wikipedia.org/wiki/Anja von Rekowski,Wikip\u00e9dia:\u00e9bauche judo
Cecilia Blanco,https://fr.wikipedia.org/?curid=15230269,https://fr.wikipedia.org/wiki/Cecilia Blanco,Wikip\u00e9dia:\u00e9bauche judo
Lynn Roethke,https://fr.wikipedia.org/?curid=15230294,https://fr.wikipedia.org/wiki/Lynn Roethke,Wikip\u00e9dia:\u00e9bauche sportif am\u00e9ricain
Charlee Minkin,https://fr.wikipedia.org/?curid=15230339,https://fr.wikipedia.org/wiki/Charlee Minkin,Wikip\u00e9dia:\u00e9bauche sportif am\u00e9ricain
Angelica Delgado,https://fr.wikipedia.org/?curid=15230352,https://fr.wikipedia.org/wiki/Angelica Delgado,Wikip\u00e9dia:\u00e9bauche judo
Chloe Lattanzi,https://fr.wikipedia.org/?curid=15230400,https://fr.wikipedia.org/wiki/Chloe Lattanzi,Article contenant un lien mort
Mar\u00eda Mercedes Pacheco,https://fr.wikipedia.org/?curid=15230490,https://fr.wikipedia.org/wiki/Mar\u00eda Mercedes Pacheco,Page utilisant P569
Karin Kienhuis,https://fr.wikipedia.org/?curid=15230519,https://fr.wikipedia.org/wiki/Karin Kienhuis,Wikip\u00e9dia:\u00e9bauche judo
Sanne Verhagen,https://fr.wikipedia.org/?curid=15230554,https://fr.wikipedia.org/wiki/Sanne Verhagen,Wikip\u00e9dia:\u00e9bauche judo
Lindsay Webster,https://fr.wikipedia.org/?curid=15229125,https://fr.wikipedia.org/wiki/Lindsay Webster,Article \u00e0 illustrer Athl\u00e8te
Ksenia Chibisova,https://fr.wikipedia.org/?curid=15229506,https://fr.wikipedia.org/wiki/Ksenia Chibisova,Page utilisant P569
Irina Zabludina,https://fr.wikipedia.org/?curid=15229516,https://fr.wikipedia.org/wiki/Irina Zabludina,Page utilisant P569
Daria Kurbonmamadova,https://fr.wikipedia.org/?curid=15229523,https://fr.wikipedia.org/wiki/Daria Kurbonmamadova,Page utilisant P569
Nami Nabekura,https://fr.wikipedia.org/?curid=15229584,https://fr.wikipedia.org/wiki/Nami Nabekura,Article \u00e0 illustrer Judoka
Li Zhongyun,https://fr.wikipedia.org/?curid=15228743,https://fr.wikipedia.org/wiki/Li Zhongyun,Wikip\u00e9dia:\u00e9bauche judo
Li Shufang,https://fr.wikipedia.org/?curid=15228762,https://fr.wikipedia.org/wiki/Li Shufang,Wikip\u00e9dia:\u00e9bauche judo
He Hongmei,https://fr.wikipedia.org/?curid=15228799,https://fr.wikipedia.org/wiki/He Hongmei,Wikip\u00e9dia:\u00e9bauche judo
Chen Fei,https://fr.wikipedia.org/?curid=15228806,https://fr.wikipedia.org/wiki/Chen Fei,Wikip\u00e9dia:\u00e9bauche judo
Elisabetta Cocciaretto,https://fr.wikipedia.org/?curid=15105689,https://fr.wikipedia.org/wiki/Elisabetta Cocciaretto,Article utilisant une Infobox
Amy Kane,https://fr.wikipedia.org/?curid=15105855,https://fr.wikipedia.org/wiki/Amy Kane,Article \u00e0 wikifier depuis juillet 2022
Charokee Young,https://fr.wikipedia.org/?curid=15101947,https://fr.wikipedia.org/wiki/Charokee Young,Wikip\u00e9dia:\u00e9bauche athl\u00e8te jama\u00efcain
Nicole Yeargin,https://fr.wikipedia.org/?curid=15101960,https://fr.wikipedia.org/wiki/Nicole Yeargin,Wikip\u00e9dia:\u00e9bauche athl\u00e8te britannique
Leticia Oro Melo,https://fr.wikipedia.org/?curid=15100636,https://fr.wikipedia.org/wiki/Leticia Oro Melo,Wikip\u00e9dia:\u00e9bauche athl\u00e8te br\u00e9silien
Liu Xiaomei,https://fr.wikipedia.org/?curid=15085002,https://fr.wikipedia.org/wiki/Liu Xiaomei,Wikip\u00e9dia:\u00e9bauche athl\u00e8te chinois
Angela Tanui,https://fr.wikipedia.org/?curid=15068973,https://fr.wikipedia.org/wiki/Angela Tanui,Page utilisant P569
Solenn Compper,https://fr.wikipedia.org/?curid=15069232,https://fr.wikipedia.org/wiki/Solenn Compper,Wikip\u00e9dia:\u00e9bauche athl\u00e9tisme
Liste des \u00e9pouses royales birmanes,https://fr.wikipedia.org/?curid=15069396,https://fr.wikipedia.org/wiki/Liste des \u00e9pouses royales birmanes,Page utilisant P31
Fran\u00e7oise Gignoux,https://fr.wikipedia.org/?curid=15088947,https://fr.wikipedia.org/wiki/Fran\u00e7oise Gignoux,Article utilisant une Infobox
Katarzyna Zdzieb\u0142o,https://fr.wikipedia.org/?curid=15085939,https://fr.wikipedia.org/wiki/Katarzyna Zdzieb\u0142o,Article \u00e0 illustrer Athl\u00e8te
Sandra Mairhofer,https://fr.wikipedia.org/?curid=15088336,https://fr.wikipedia.org/wiki/Sandra Mairhofer,Wikip\u00e9dia:\u00e9bauche triathl\u00e8te
Morfydd Clark,https://fr.wikipedia.org/?curid=15089417,https://fr.wikipedia.org/wiki/Morfydd Clark,Page utilisant P569
Celin Bizet Ildhus\u00f8y,https://fr.wikipedia.org/?curid=15089690,https://fr.wikipedia.org/wiki/Celin Bizet Ildhus\u00f8y,Article \u00e0 illustrer Footballeur
Anne-Marie Leduc,https://fr.wikipedia.org/?curid=15088018,https://fr.wikipedia.org/wiki/Anne-Marie Leduc,Article \u00e0 illustrer Sportif
Kennedy Simon,https://fr.wikipedia.org/?curid=15087120,https://fr.wikipedia.org/wiki/Kennedy Simon,Article \u00e0 illustrer Athl\u00e8te
Imane Saoud,https://fr.wikipedia.org/?curid=15073526,https://fr.wikipedia.org/wiki/Imane Saoud,Article utilisant une Infobox
Tepuaraurii Teriitahi,https://fr.wikipedia.org/?curid=15094659,https://fr.wikipedia.org/wiki/Tepuaraurii Teriitahi,Article \u00e0 illustrer Personnalit\u00e9 politique
Hanane A\u00eft El Haj,https://fr.wikipedia.org/?curid=15095284,https://fr.wikipedia.org/wiki/Hanane A\u00eft El Haj,Article utilisant une Infobox
Judith Jeptum Korir,https://fr.wikipedia.org/?curid=15090006,https://fr.wikipedia.org/wiki/Judith Jeptum Korir,Article \u00e0 illustrer Athl\u00e8te
Kimberly Williamson,https://fr.wikipedia.org/?curid=15091865,https://fr.wikipedia.org/wiki/Kimberly Williamson,Wikip\u00e9dia:\u00e9bauche athl\u00e8te
Rapha\u00eblle Strub,https://fr.wikipedia.org/?curid=15093500,https://fr.wikipedia.org/wiki/Rapha\u00eblle Strub,Wikip\u00e9dia:\u00e9bauche ski alpin
Simone Troxler,https://fr.wikipedia.org/?curid=15090471,https://fr.wikipedia.org/wiki/Simone Troxler,Article utilisant une Infobox
Arlette Grosso,https://fr.wikipedia.org/?curid=15090635,https://fr.wikipedia.org/wiki/Arlette Grosso,Wikip\u00e9dia:\u00e9bauche ski alpin
Marija Tolj,https://fr.wikipedia.org/?curid=15066125,https://fr.wikipedia.org/wiki/Marija Tolj,Article \u00e0 illustrer Athl\u00e8te
Joselyn Brea,https://fr.wikipedia.org/?curid=15081145,https://fr.wikipedia.org/wiki/Joselyn Brea,Wikip\u00e9dia:\u00e9bauche sportif v\u00e9n\u00e9zu\u00e9lien
Ranya Senhaji,https://fr.wikipedia.org/?curid=15082657,https://fr.wikipedia.org/wiki/Ranya Senhaji,Wikip\u00e9dia:\u00e9bauche footballeuse
Zoe B\u00e4ckstedt,https://fr.wikipedia.org/?curid=15084507,https://fr.wikipedia.org/wiki/Zoe B\u00e4ckstedt,Page utilisant P1477
Fatima Tagnaout,https://fr.wikipedia.org/?curid=15083456,https://fr.wikipedia.org/wiki/Fatima Tagnaout,Article utilisant une Infobox
Ebony Morrison,https://fr.wikipedia.org/?curid=15083636,https://fr.wikipedia.org/wiki/Ebony Morrison,Article \u00e0 illustrer Athl\u00e8te
Suzanne Thiolli\u00e8re,https://fr.wikipedia.org/?curid=15083768,https://fr.wikipedia.org/wiki/Suzanne Thiolli\u00e8re,Wikip\u00e9dia:\u00e9bauche ski alpin
Nouhaila Sedki,https://fr.wikipedia.org/?curid=15111764,https://fr.wikipedia.org/wiki/Nouhaila Sedki,Wikip\u00e9dia:\u00e9bauche footballeuse
Anna Hahner,https://fr.wikipedia.org/?curid=15108140,https://fr.wikipedia.org/wiki/Anna Hahner,Article utilisant une Infobox
Liv Hovde,https://fr.wikipedia.org/?curid=15079087,https://fr.wikipedia.org/wiki/Liv Hovde,Article utilisant une Infobox
Barbara Thompson,https://fr.wikipedia.org/?curid=15079106,https://fr.wikipedia.org/wiki/Barbara Thompson,Article utilisant une Infobox
Jule Brand,https://fr.wikipedia.org/?curid=15075668,https://fr.wikipedia.org/wiki/Jule Brand,Article utilisant une Infobox
Khadija Er-Rmichi,https://fr.wikipedia.org/?curid=15096829,https://fr.wikipedia.org/wiki/Khadija Er-Rmichi,Wikip\u00e9dia:\u00e9bauche footballeuse
Salma Bouguerch,https://fr.wikipedia.org/?curid=15112356,https://fr.wikipedia.org/wiki/Salma Bouguerch,Wikip\u00e9dia:\u00e9bauche footballeuse
Adriana Vilago\u0161,https://fr.wikipedia.org/?curid=15066957,https://fr.wikipedia.org/wiki/Adriana Vilago\u0161,Wikip\u00e9dia:\u00e9bauche athl\u00e9tisme
N\u00faria Gil,https://fr.wikipedia.org/?curid=15073999,https://fr.wikipedia.org/wiki/N\u00faria Gil,Article utilisant une Infobox
Mathilde Sagnes,https://fr.wikipedia.org/?curid=15072404,https://fr.wikipedia.org/wiki/Mathilde Sagnes,Article utilisant une Infobox
Giulia Imperio,https://fr.wikipedia.org/?curid=15065450,https://fr.wikipedia.org/wiki/Giulia Imperio,Page utilisant P569
Emma Muscat,https://fr.wikipedia.org/?curid=14712327,https://fr.wikipedia.org/wiki/Emma Muscat,Wikip\u00e9dia:\u00e9bauche chanteur
Polina Knoroz,https://fr.wikipedia.org/?curid=14703217,https://fr.wikipedia.org/wiki/Polina Knoroz,Article \u00e0 illustrer Athl\u00e8te
Emma Finucane,https://fr.wikipedia.org/?curid=14948894,https://fr.wikipedia.org/wiki/Emma Finucane,Page utilisant P569
Mina Libeer,https://fr.wikipedia.org/?curid=14947109,https://fr.wikipedia.org/wiki/Mina Libeer,Wikip\u00e9dia:\u00e9bauche judo
Anna Comet,https://fr.wikipedia.org/?curid=14892299,https://fr.wikipedia.org/wiki/Anna Comet,Article utilisant une Infobox
Marjorie Finlay,https://fr.wikipedia.org/?curid=14896313,https://fr.wikipedia.org/wiki/Marjorie Finlay,Article \u00e0 wikifier depuis avril 2022
Kate Starbird,https://fr.wikipedia.org/?curid=14891184,https://fr.wikipedia.org/wiki/Kate Starbird,Page utilisant P569
Utami Hayashishita,https://fr.wikipedia.org/?curid=14891538,https://fr.wikipedia.org/wiki/Utami Hayashishita,Page utilisant P27
Jackson Laundry,https://fr.wikipedia.org/?curid=14921343,https://fr.wikipedia.org/wiki/Jackson Laundry,Article \u00e0 illustrer Sportif
Andrea del Boca,https://fr.wikipedia.org/?curid=14888511,https://fr.wikipedia.org/wiki/Andrea del Boca,Article contenant un lien mort
Barbara Aigner,https://fr.wikipedia.org/?curid=14843079,https://fr.wikipedia.org/wiki/Barbara Aigner,Article \u00e0 illustrer Sportif
Talina Gantenbein,https://fr.wikipedia.org/?curid=14844476,https://fr.wikipedia.org/wiki/Talina Gantenbein,Article utilisant une Infobox
Talia Ryder,https://fr.wikipedia.org/?curid=14936153,https://fr.wikipedia.org/wiki/Talia Ryder,Wikip\u00e9dia:\u00e9bauche personnalit\u00e9 am\u00e9ricaine
Davina Michelle,https://fr.wikipedia.org/?curid=14937902,https://fr.wikipedia.org/wiki/Davina Michelle,Article utilisant une Infobox
La Fama,https://fr.wikipedia.org/?curid=14910403,https://fr.wikipedia.org/wiki/La Fama,Article utilisant une Infobox
Loni Steele Sosthand,https://fr.wikipedia.org/?curid=14910784,https://fr.wikipedia.org/wiki/Loni Steele Sosthand,Article \u00e0 illustrer Personnalit\u00e9 du cin\u00e9ma
Lemlem Hailu,https://fr.wikipedia.org/?curid=14826263,https://fr.wikipedia.org/wiki/Lemlem Hailu,Wikip\u00e9dia:\u00e9bauche athl\u00e8te \u00e9thiopien
Zhu Daqing,https://fr.wikipedia.org/?curid=14829082,https://fr.wikipedia.org/wiki/Zhu Daqing,Article \u00e0 illustrer Sportif
Zhang Mengqiu,https://fr.wikipedia.org/?curid=14829106,https://fr.wikipedia.org/wiki/Zhang Mengqiu,Wikip\u00e9dia:\u00e9bauche sportif chinois
Ebba \u00c5rsj\u00f6,https://fr.wikipedia.org/?curid=14829132,https://fr.wikipedia.org/wiki/Ebba \u00c5rsj\u00f6,Article utilisant une Infobox
Liu Sitong,https://fr.wikipedia.org/?curid=14829150,https://fr.wikipedia.org/wiki/Liu Sitong,Article \u00e0 illustrer Sportif
Guo Yujie,https://fr.wikipedia.org/?curid=14829499,https://fr.wikipedia.org/wiki/Guo Yujie,Article \u00e0 illustrer Sportif
Sarah Orban,https://fr.wikipedia.org/?curid=14930392,https://fr.wikipedia.org/wiki/Sarah Orban,Page utilisant P569
Rhian Edmunds,https://fr.wikipedia.org/?curid=14930414,https://fr.wikipedia.org/wiki/Rhian Edmunds,Page utilisant P569
Nadja Pasternack,https://fr.wikipedia.org/?curid=14931891,https://fr.wikipedia.org/wiki/Nadja Pasternack,Page utilisant P569
Alexandra Rexov\u00e1,https://fr.wikipedia.org/?curid=14831294,https://fr.wikipedia.org/wiki/Alexandra Rexov\u00e1,Article \u00e0 illustrer Sportif
Noreen Corcoran,https://fr.wikipedia.org/?curid=14840724,https://fr.wikipedia.org/wiki/Noreen Corcoran,Page utilisant P569
Alice Waddington,https://fr.wikipedia.org/?curid=14837937,https://fr.wikipedia.org/wiki/Alice Waddington,Page utilisant P569
Yang Hongqiong,https://fr.wikipedia.org/?curid=14834742,https://fr.wikipedia.org/wiki/Yang Hongqiong,Article \u00e0 illustrer Sportif
Krilan Le Bihan,https://fr.wikipedia.org/?curid=15126890,https://fr.wikipedia.org/wiki/Krilan Le Bihan,Wikip\u00e9dia:\u00e9bauche triathl\u00e8te
Isabel Marie Gose,https://fr.wikipedia.org/?curid=15132083,https://fr.wikipedia.org/wiki/Isabel Marie Gose,Article \u00e0 illustrer Nageur
Quinta Brunson,https://fr.wikipedia.org/?curid=15152523,https://fr.wikipedia.org/wiki/Quinta Brunson,Article \u00e0 illustrer Personnalit\u00e9 du cin\u00e9ma
Daniela Carneiro,https://fr.wikipedia.org/?curid=15152525,https://fr.wikipedia.org/wiki/Daniela Carneiro,Wikip\u00e9dia:\u00e9bauche personnalit\u00e9 politique br\u00e9silienne
Frederic Funk,https://fr.wikipedia.org/?curid=15154334,https://fr.wikipedia.org/wiki/Frederic Funk,Wikip\u00e9dia:\u00e9bauche triathl\u00e8te
Raquel Gonz\u00e1lez (athl\u00e9tisme),https://fr.wikipedia.org/?curid=15147439,https://fr.wikipedia.org/wiki/Raquel Gonz\u00e1lez (athl\u00e9tisme),Wikip\u00e9dia:\u00e9bauche athl\u00e8te espagnol
Gaia Sabbatini,https://fr.wikipedia.org/?curid=15147461,https://fr.wikipedia.org/wiki/Gaia Sabbatini,Page utilisant P569
Emma Lombardi,https://fr.wikipedia.org/?curid=15129831,https://fr.wikipedia.org/wiki/Emma Lombardi,Page utilisant P569
Manon Hily,https://fr.wikipedia.org/?curid=15131265,https://fr.wikipedia.org/wiki/Manon Hily,Article utilisant une Infobox
V\u00f5 Th\u1ecb Th\u1eafng,https://fr.wikipedia.org/?curid=15131302,https://fr.wikipedia.org/wiki/V\u00f5 Th\u1ecb Th\u1eafng,Page utilisant P27
Samuel Dickinson,https://fr.wikipedia.org/?curid=15133330,https://fr.wikipedia.org/wiki/Samuel Dickinson,Wikip\u00e9dia:\u00e9bauche triathl\u00e8te
Rebecca Petch,https://fr.wikipedia.org/?curid=15135114,https://fr.wikipedia.org/wiki/Rebecca Petch,Page utilisant P569
Sophie Edwards,https://fr.wikipedia.org/?curid=15135148,https://fr.wikipedia.org/wiki/Sophie Edwards,Page utilisant P569
Marie-Julie Bonnin,https://fr.wikipedia.org/?curid=15134055,https://fr.wikipedia.org/wiki/Marie-Julie Bonnin,Article utilisant une Infobox
Nikola Sibiak,https://fr.wikipedia.org/?curid=15137071,https://fr.wikipedia.org/wiki/Nikola Sibiak,Page utilisant P569
Chloe Moran,https://fr.wikipedia.org/?curid=15135474,https://fr.wikipedia.org/wiki/Chloe Moran,Page utilisant P569
Nikola Wielowska,https://fr.wikipedia.org/?curid=15137582,https://fr.wikipedia.org/wiki/Nikola Wielowska,Page utilisant P569
"Yo x Ti, Tu x Mi",https://fr.wikipedia.org/?curid=15138109,"https://fr.wikipedia.org/wiki/Yo x Ti, Tu x Mi",Wikip\u00e9dia:\u00e9bauche chanson
Gwendolyn Lycett,https://fr.wikipedia.org/?curid=15118667,https://fr.wikipedia.org/wiki/Gwendolyn Lycett,Article \u00e0 illustrer Patineur artistique
Rhasidat Adeleke,https://fr.wikipedia.org/?curid=15128260,https://fr.wikipedia.org/wiki/Rhasidat Adeleke,Wikip\u00e9dia:\u00e9bauche athl\u00e8te irlandais
Rania Salmi,https://fr.wikipedia.org/?curid=15123695,https://fr.wikipedia.org/wiki/Rania Salmi,Article \u00e0 illustrer Footballeur
Eros Vol\u00fasia,https://fr.wikipedia.org/?curid=15117719,https://fr.wikipedia.org/wiki/Eros Vol\u00fasia,Page utilisant P569
Maxime Hueber-Moosbrugger,https://fr.wikipedia.org/?curid=15124083,https://fr.wikipedia.org/wiki/Maxime Hueber-Moosbrugger,Wikip\u00e9dia:\u00e9bauche triathl\u00e8te
Sa\u00efna Manotte,https://fr.wikipedia.org/?curid=15119985,https://fr.wikipedia.org/wiki/Sa\u00efna Manotte,Article utilisant une Infobox
Barbara Wyatt,https://fr.wikipedia.org/?curid=15145762,https://fr.wikipedia.org/wiki/Barbara Wyatt,Article \u00e0 illustrer Patineur artistique
Eluned King,https://fr.wikipedia.org/?curid=15145816,https://fr.wikipedia.org/wiki/Eluned King,Page utilisant P569
Matea Parlov Ko\u0161tro,https://fr.wikipedia.org/?curid=15144313,https://fr.wikipedia.org/wiki/Matea Parlov Ko\u0161tro,Article utilisant une Infobox
Anna Noguera,https://fr.wikipedia.org/?curid=15145219,https://fr.wikipedia.org/wiki/Anna Noguera,Wikip\u00e9dia:\u00e9bauche triathl\u00e8te
Luca Koz\u00e1k,https://fr.wikipedia.org/?curid=15146384,https://fr.wikipedia.org/wiki/Luca Koz\u00e1k,Wikip\u00e9dia:\u00e9bauche athl\u00e8te hongrois
Lea Meyer,https://fr.wikipedia.org/?curid=15146396,https://fr.wikipedia.org/wiki/Lea Meyer,Wikip\u00e9dia:\u00e9bauche athl\u00e8te allemand
Elizabeth Bird,https://fr.wikipedia.org/?curid=15146407,https://fr.wikipedia.org/wiki/Elizabeth Bird,Wikip\u00e9dia:\u00e9bauche athl\u00e8te britannique
Zaynab Dosso,https://fr.wikipedia.org/?curid=15146644,https://fr.wikipedia.org/wiki/Zaynab Dosso,Wikip\u00e9dia:\u00e9bauche athl\u00e8te italien
Dalia Kaddari,https://fr.wikipedia.org/?curid=15146676,https://fr.wikipedia.org/wiki/Dalia Kaddari,Wikip\u00e9dia:\u00e9bauche athl\u00e8te italien
Valda Osborn,https://fr.wikipedia.org/?curid=15146435,https://fr.wikipedia.org/wiki/Valda Osborn,Page utilisant P570
Nazanin Bayati,https://fr.wikipedia.org/?curid=15154990,https://fr.wikipedia.org/wiki/Nazanin Bayati,Page utilisant P569
Justine Gu\u00e9rard,https://fr.wikipedia.org/?curid=15156812,https://fr.wikipedia.org/wiki/Justine Gu\u00e9rard,Wikip\u00e9dia:\u00e9bauche triathl\u00e8te
