Name,URL1,URL2,First Category
Jolien Wittock,https://fr.wikipedia.org/?curid=4983974,https://fr.wikipedia.org/wiki/Jolien Wittock,Article \u00e0 illustrer Joueur de volley-ball
Lonneke Sl\u00f6etjes,https://fr.wikipedia.org/?curid=4983987,https://fr.wikipedia.org/wiki/Lonneke Sl\u00f6etjes,Article utilisant une Infobox
Marielle Jaffe,https://fr.wikipedia.org/?curid=4984078,https://fr.wikipedia.org/wiki/Marielle Jaffe,Article utilisant une Infobox
Veronica Angeloni,https://fr.wikipedia.org/?curid=4990326,https://fr.wikipedia.org/wiki/Veronica Angeloni,Article utilisant une Infobox
Asuman Karakoyun,https://fr.wikipedia.org/?curid=4990345,https://fr.wikipedia.org/wiki/Asuman Karakoyun,Article \u00e0 illustrer Joueur de volley-ball
Polen \u00dcnver,https://fr.wikipedia.org/?curid=5026063,https://fr.wikipedia.org/wiki/Polen \u00dcnver,Article utilisant une Infobox
Serena Williams,https://fr.wikipedia.org/?curid=50346,https://fr.wikipedia.org/wiki/Serena Williams,Article utilisant une Infobox
Troupe de la Com\u00e9die-Fran\u00e7aise en 1754,https://fr.wikipedia.org/?curid=503347,https://fr.wikipedia.org/wiki/Troupe de la Com\u00e9die-Fran\u00e7aise en 1754,Portail:Th\u00e9\u00e2tre/Articles li\u00e9s
Tamurapan,https://fr.wikipedia.org/?curid=5028285,https://fr.wikipedia.org/wiki/Tamurapan,Article utilisant une Infobox
Melissa Horn,https://fr.wikipedia.org/?curid=5032811,https://fr.wikipedia.org/wiki/Melissa Horn,Article contenant un lien mort
Nicole Koolhaas,https://fr.wikipedia.org/?curid=5032813,https://fr.wikipedia.org/wiki/Nicole Koolhaas,Article utilisant une Infobox
Natalia Gontcharova (volley-ball),https://fr.wikipedia.org/?curid=5032835,https://fr.wikipedia.org/wiki/Natalia Gontcharova (volley-ball),Article utilisant une Infobox
Anastasija Reiberger,https://fr.wikipedia.org/?curid=5031023,https://fr.wikipedia.org/wiki/Anastasija Reiberger,Wikip\u00e9dia:\u00e9bauche athl\u00e8te allemand
Carolina Zardo,https://fr.wikipedia.org/?curid=5008930,https://fr.wikipedia.org/wiki/Carolina Zardo,Wikip\u00e9dia:\u00e9bauche joueuse italienne de volley-ball
Tabia Charles,https://fr.wikipedia.org/?curid=5016717,https://fr.wikipedia.org/wiki/Tabia Charles,Wikip\u00e9dia:\u00e9bauche athl\u00e8te canadien
Shelby Lynne,https://fr.wikipedia.org/?curid=5021246,https://fr.wikipedia.org/wiki/Shelby Lynne,Article contenant un lien mort
Joke Renneboogh,https://fr.wikipedia.org/?curid=5023316,https://fr.wikipedia.org/wiki/Joke Renneboogh,Article utilisant une Infobox
Ga-in,https://fr.wikipedia.org/?curid=5010580,https://fr.wikipedia.org/wiki/Ga-in,Article utilisant une Infobox
Tiffany Porter,https://fr.wikipedia.org/?curid=5268745,https://fr.wikipedia.org/wiki/Tiffany Porter,Article utilisant une Infobox
Women's Army Corps,https://fr.wikipedia.org/?curid=5269637,https://fr.wikipedia.org/wiki/Women's Army Corps,Wikip\u00e9dia:\u00e9bauche Seconde Guerre mondiale
Liste des comtesses de Flandre,https://fr.wikipedia.org/?curid=5265023,https://fr.wikipedia.org/wiki/Liste des comtesses de Flandre,Article avec source \u00e0 lier
Sara Takanashi,https://fr.wikipedia.org/?curid=5251723,https://fr.wikipedia.org/wiki/Sara Takanashi,Article contenant un lien mort
Barbara Raudner,https://fr.wikipedia.org/?curid=5251832,https://fr.wikipedia.org/wiki/Barbara Raudner,Wikip\u00e9dia:\u00e9bauche escalade
Tatiana Chtchoukina,https://fr.wikipedia.org/?curid=5274708,https://fr.wikipedia.org/wiki/Tatiana Chtchoukina,Article \u00e0 illustrer Joueur de volley-ball
Crystl Bustos,https://fr.wikipedia.org/?curid=5276371,https://fr.wikipedia.org/wiki/Crystl Bustos,Article \u00e0 illustrer Sportif
Laura Berg (softball),https://fr.wikipedia.org/?curid=5276387,https://fr.wikipedia.org/wiki/Laura Berg (softball),Article utilisant une Infobox
Evi Sachenbacher-Stehle,https://fr.wikipedia.org/?curid=527639,https://fr.wikipedia.org/wiki/Evi Sachenbacher-Stehle,Article utilisant une Infobox
Lovieanne Jung,https://fr.wikipedia.org/?curid=5276424,https://fr.wikipedia.org/wiki/Lovieanne Jung,Wikip\u00e9dia:\u00e9bauche Jeux olympiques
Momoko Takahashi,https://fr.wikipedia.org/?curid=5276617,https://fr.wikipedia.org/wiki/Momoko Takahashi,Wikip\u00e9dia:\u00e9bauche athl\u00e8te japonais
Serena Malvestito,https://fr.wikipedia.org/?curid=5285688,https://fr.wikipedia.org/wiki/Serena Malvestito,Wikip\u00e9dia:\u00e9bauche joueuse italienne de volley-ball
Natalia Korobkova,https://fr.wikipedia.org/?curid=5285700,https://fr.wikipedia.org/wiki/Natalia Korobkova,Article \u00e0 illustrer Joueur de volley-ball
Gizem \u00d6rge,https://fr.wikipedia.org/?curid=5285721,https://fr.wikipedia.org/wiki/Gizem \u00d6rge,Article utilisant une Infobox
Gamze K\u0131l\u0131\u00e7,https://fr.wikipedia.org/?curid=5287718,https://fr.wikipedia.org/wiki/Gamze K\u0131l\u0131\u00e7,Article utilisant une Infobox
J\u00e9r\u00e9my Ferrari,https://fr.wikipedia.org/?curid=5284874,https://fr.wikipedia.org/wiki/J\u00e9r\u00e9my Ferrari,Page utilisant P569
Yana Panteleyeva,https://fr.wikipedia.org/?curid=5287062,https://fr.wikipedia.org/wiki/Yana Panteleyeva,Wikip\u00e9dia:\u00e9bauche athl\u00e8te russe
Mayan Smith-Gobat,https://fr.wikipedia.org/?curid=5264223,https://fr.wikipedia.org/wiki/Mayan Smith-Gobat,Wikip\u00e9dia:\u00e9bauche escalade
Emily Harrington,https://fr.wikipedia.org/?curid=5264694,https://fr.wikipedia.org/wiki/Emily Harrington,Article \u00e0 d\u00e9jargoniser
Irina Smirnova,https://fr.wikipedia.org/?curid=5281265,https://fr.wikipedia.org/wiki/Irina Smirnova,Article \u00e0 illustrer Joueur de volley-ball
Miniriye Vatansever,https://fr.wikipedia.org/?curid=5281286,https://fr.wikipedia.org/wiki/Miniriye Vatansever,Article \u00e0 illustrer Joueur de volley-ball
Barbara Ogier,https://fr.wikipedia.org/?curid=5281834,https://fr.wikipedia.org/wiki/Barbara Ogier,Article utilisant une Infobox
Miroslava Vavrinec,https://fr.wikipedia.org/?curid=528027,https://fr.wikipedia.org/wiki/Miroslava Vavrinec,Article utilisant une Infobox
Amanda Freed,https://fr.wikipedia.org/?curid=5280545,https://fr.wikipedia.org/wiki/Amanda Freed,Wikip\u00e9dia:\u00e9bauche Jeux olympiques
Jenny Topping,https://fr.wikipedia.org/?curid=5280550,https://fr.wikipedia.org/wiki/Jenny Topping,Wikip\u00e9dia:\u00e9bauche Jeux olympiques
Lori Harrigan,https://fr.wikipedia.org/?curid=5280561,https://fr.wikipedia.org/wiki/Lori Harrigan,Wikip\u00e9dia:\u00e9bauche Jeux olympiques
Lisa Fernandez,https://fr.wikipedia.org/?curid=5280569,https://fr.wikipedia.org/wiki/Lisa Fernandez,Article utilisant une Infobox
Donata Jancewicz,https://fr.wikipedia.org/?curid=5282954,https://fr.wikipedia.org/wiki/Donata Jancewicz,Wikip\u00e9dia:\u00e9bauche athl\u00e8te polonais
Stefania Okaka,https://fr.wikipedia.org/?curid=5283333,https://fr.wikipedia.org/wiki/Stefania Okaka,Wikip\u00e9dia:\u00e9bauche joueuse italienne de volley-ball
Miki Matsubara,https://fr.wikipedia.org/?curid=5283539,https://fr.wikipedia.org/wiki/Miki Matsubara,Article manquant de r\u00e9f\u00e9rences depuis novembre 2020
Paule-Marguerite Fran\u00e7oise de Gondi,https://fr.wikipedia.org/?curid=5281151,https://fr.wikipedia.org/wiki/Paule-Marguerite Fran\u00e7oise de Gondi,Wikip\u00e9dia:\u00e9bauche France du Grand Si\u00e8cle
Luna Carocci,https://fr.wikipedia.org/?curid=5281208,https://fr.wikipedia.org/wiki/Luna Carocci,Wikip\u00e9dia:\u00e9bauche joueuse italienne de volley-ball
Irina Soukhova,https://fr.wikipedia.org/?curid=5278992,https://fr.wikipedia.org/wiki/Irina Soukhova,Article \u00e0 illustrer Joueur de volley-ball
Ferda Bulut,https://fr.wikipedia.org/?curid=5279024,https://fr.wikipedia.org/wiki/Ferda Bulut,Article utilisant une Infobox
Jarmila Klime\u0161ov\u00e1,https://fr.wikipedia.org/?curid=5270233,https://fr.wikipedia.org/wiki/Jarmila Klime\u0161ov\u00e1,Wikip\u00e9dia:\u00e9bauche athl\u00e8te tch\u00e8que
Florence Baverel-Robert,https://fr.wikipedia.org/?curid=527033,https://fr.wikipedia.org/wiki/Florence Baverel-Robert,Article \u00e0 illustrer Sportif
Pavlina Filipova,https://fr.wikipedia.org/?curid=527037,https://fr.wikipedia.org/wiki/Pavlina Filipova,Wikip\u00e9dia:\u00e9bauche biathlon
Katja Demut,https://fr.wikipedia.org/?curid=5270871,https://fr.wikipedia.org/wiki/Katja Demut,Wikip\u00e9dia:\u00e9bauche athl\u00e8te allemand
Luc\u00eda Paraja,https://fr.wikipedia.org/?curid=5272030,https://fr.wikipedia.org/wiki/Luc\u00eda Paraja,Article \u00e0 illustrer Joueur de volley-ball
Ksenia Bondar,https://fr.wikipedia.org/?curid=5259427,https://fr.wikipedia.org/wiki/Ksenia Bondar,Article utilisant une Infobox
Kinga Ociepka,https://fr.wikipedia.org/?curid=5255969,https://fr.wikipedia.org/wiki/Kinga Ociepka,Wikip\u00e9dia:\u00e9bauche escalade
Jacqueline Seifriedsberger,https://fr.wikipedia.org/?curid=5254951,https://fr.wikipedia.org/wiki/Jacqueline Seifriedsberger,Article utilisant une Infobox
Eva L\u00f3pez,https://fr.wikipedia.org/?curid=5255023,https://fr.wikipedia.org/wiki/Eva L\u00f3pez,Wikip\u00e9dia:\u00e9bauche escalade
Selin Toy,https://fr.wikipedia.org/?curid=5255175,https://fr.wikipedia.org/wiki/Selin Toy,Article utilisant une Infobox
Mariya Lasitskene,https://fr.wikipedia.org/?curid=5254451,https://fr.wikipedia.org/wiki/Mariya Lasitskene,Article utilisant une Infobox
Takecia Jameson,https://fr.wikipedia.org/?curid=5257143,https://fr.wikipedia.org/wiki/Takecia Jameson,Wikip\u00e9dia:\u00e9bauche athl\u00e8te am\u00e9ricain
Ioulia Ilina,https://fr.wikipedia.org/?curid=5257219,https://fr.wikipedia.org/wiki/Ioulia Ilina,Article \u00e0 illustrer Joueur de volley-ball
\u0160pela Rogelj,https://fr.wikipedia.org/?curid=5256746,https://fr.wikipedia.org/wiki/\u0160pela Rogelj,Article utilisant une Infobox
Olesya Syreva,https://fr.wikipedia.org/?curid=5256980,https://fr.wikipedia.org/wiki/Olesya Syreva,Wikip\u00e9dia:\u00e9bauche athl\u00e8te russe
Lisa Urech,https://fr.wikipedia.org/?curid=5257011,https://fr.wikipedia.org/wiki/Lisa Urech,Wikip\u00e9dia:\u00e9bauche athl\u00e8te suisse
Louise Portal,https://fr.wikipedia.org/?curid=526109,https://fr.wikipedia.org/wiki/Louise Portal,Article utilisant une Infobox
Chiara Dall'Ora,https://fr.wikipedia.org/?curid=5261234,https://fr.wikipedia.org/wiki/Chiara Dall'Ora,Wikip\u00e9dia:\u00e9bauche joueuse italienne de volley-ball
Constance (com\u00e9dienne),https://fr.wikipedia.org/?curid=5263217,https://fr.wikipedia.org/wiki/Constance (com\u00e9dienne),Article contenant un lien mort
Cemre Erol,https://fr.wikipedia.org/?curid=5263265,https://fr.wikipedia.org/wiki/Cemre Erol,Article utilisant une Infobox
P\u0131nar Cankarpusat,https://fr.wikipedia.org/?curid=5263288,https://fr.wikipedia.org/wiki/P\u0131nar Cankarpusat,Article utilisant une Infobox
Luisa Iovane,https://fr.wikipedia.org/?curid=5263730,https://fr.wikipedia.org/wiki/Luisa Iovane,Wikip\u00e9dia:\u00e9bauche escalade
Liliya Shobukhova,https://fr.wikipedia.org/?curid=5262727,https://fr.wikipedia.org/wiki/Liliya Shobukhova,Wikip\u00e9dia:\u00e9bauche athl\u00e8te russe
Renata Colombo,https://fr.wikipedia.org/?curid=5252858,https://fr.wikipedia.org/wiki/Renata Colombo,Article utilisant une Infobox
Y\u016bki It\u014d,https://fr.wikipedia.org/?curid=5252566,https://fr.wikipedia.org/wiki/Y\u016bki It\u014d,Article utilisant une Infobox
Dara (chanteuse),https://fr.wikipedia.org/?curid=5253284,https://fr.wikipedia.org/wiki/Dara (chanteuse),Article utilisant une Infobox
Liliya Gafiyatullina,https://fr.wikipedia.org/?curid=5253317,https://fr.wikipedia.org/wiki/Liliya Gafiyatullina,Wikip\u00e9dia:\u00e9bauche athl\u00e8te russe
Leona Graham,https://fr.wikipedia.org/?curid=5290420,https://fr.wikipedia.org/wiki/Leona Graham,Article contenant un lien mort
Pia Sundhage,https://fr.wikipedia.org/?curid=5051981,https://fr.wikipedia.org/wiki/Pia Sundhage,Wikip\u00e9dia:\u00e9bauche entra\u00eeneur su\u00e9dois de football
Jonna Mendes,https://fr.wikipedia.org/?curid=505222,https://fr.wikipedia.org/wiki/Jonna Mendes,Wikip\u00e9dia:\u00e9bauche ski alpin
Anna Vania Mello,https://fr.wikipedia.org/?curid=5044011,https://fr.wikipedia.org/wiki/Anna Vania Mello,Wikip\u00e9dia:\u00e9bauche joueuse italienne de volley-ball
Ekaterina Curculosse,https://fr.wikipedia.org/?curid=5041977,https://fr.wikipedia.org/wiki/Ekaterina Curculosse,Article utilisant une Infobox
Chang Kai-chen,https://fr.wikipedia.org/?curid=5050538,https://fr.wikipedia.org/wiki/Chang Kai-chen,Article utilisant une Infobox
Magaly Carvajal,https://fr.wikipedia.org/?curid=5068517,https://fr.wikipedia.org/wiki/Magaly Carvajal,Article \u00e0 illustrer Joueur de volley-ball
\u0160\u00e1rka Barborkov\u00e1,https://fr.wikipedia.org/?curid=5068551,https://fr.wikipedia.org/wiki/\u0160\u00e1rka Barborkov\u00e1,Article \u00e0 illustrer Joueur de volley-ball
Y\u016bko \u014cshima,https://fr.wikipedia.org/?curid=5050905,https://fr.wikipedia.org/wiki/Y\u016bko \u014cshima,Wikip\u00e9dia:\u00e9bauche chanteur japonais
Ielena Ponomareva,https://fr.wikipedia.org/?curid=5053511,https://fr.wikipedia.org/wiki/Ielena Ponomareva,Article \u00e0 illustrer Joueur de volley-ball
Tatiana Kholina,https://fr.wikipedia.org/?curid=5055347,https://fr.wikipedia.org/wiki/Tatiana Kholina,Article \u00e0 illustrer Joueur de volley-ball
Katherine Hull,https://fr.wikipedia.org/?curid=5055970,https://fr.wikipedia.org/wiki/Katherine Hull,Wikip\u00e9dia:\u00e9bauche golf
Natalya Ivanova (athl\u00e9tisme),https://fr.wikipedia.org/?curid=5073324,https://fr.wikipedia.org/wiki/Natalya Ivanova (athl\u00e9tisme),Wikip\u00e9dia:\u00e9bauche athl\u00e8te russe
Joyce Silva,https://fr.wikipedia.org/?curid=5070485,https://fr.wikipedia.org/wiki/Joyce Silva,Article \u00e0 illustrer Joueur de volley-ball
Krist\u00fdna Boulov\u00e1,https://fr.wikipedia.org/?curid=5070502,https://fr.wikipedia.org/wiki/Krist\u00fdna Boulov\u00e1,Article \u00e0 illustrer Joueur de volley-ball
"Hannah Montana, le film (bande originale)",https://fr.wikipedia.org/?curid=5057163,"https://fr.wikipedia.org/wiki/Hannah Montana, le film (bande originale)",Article manquant de r\u00e9f\u00e9rences depuis octobre 2016
Helga Arendt,https://fr.wikipedia.org/?curid=5057360,https://fr.wikipedia.org/wiki/Helga Arendt,Wikip\u00e9dia:\u00e9bauche athl\u00e8te allemand
Dragana Marinkovi\u0107,https://fr.wikipedia.org/?curid=5057617,https://fr.wikipedia.org/wiki/Dragana Marinkovi\u0107,Article utilisant une Infobox
Maria Perepelkina,https://fr.wikipedia.org/?curid=5057643,https://fr.wikipedia.org/wiki/Maria Perepelkina,Article utilisant une Infobox
Missy Giove,https://fr.wikipedia.org/?curid=5075441,https://fr.wikipedia.org/wiki/Missy Giove,Wikip\u00e9dia:\u00e9bauche coureur cycliste am\u00e9ricain
\u00d3lga Vasd\u00e9ki,https://fr.wikipedia.org/?curid=5075538,https://fr.wikipedia.org/wiki/\u00d3lga Vasd\u00e9ki,Article \u00e0 illustrer Athl\u00e8te
Rachel Atherton,https://fr.wikipedia.org/?curid=5075588,https://fr.wikipedia.org/wiki/Rachel Atherton,Page utilisant P569
Juliana Furtado,https://fr.wikipedia.org/?curid=5075849,https://fr.wikipedia.org/wiki/Juliana Furtado,Wikip\u00e9dia:\u00e9bauche coureur cycliste am\u00e9ricain
Chiara Di Iulio,https://fr.wikipedia.org/?curid=5063229,https://fr.wikipedia.org/wiki/Chiara Di Iulio,Wikip\u00e9dia:\u00e9bauche joueuse italienne de volley-ball
Aneta Havl\u00ed\u010dkov\u00e1,https://fr.wikipedia.org/?curid=5063263,https://fr.wikipedia.org/wiki/Aneta Havl\u00ed\u010dkov\u00e1,Article utilisant une Infobox
Jessie Volt,https://fr.wikipedia.org/?curid=5064403,https://fr.wikipedia.org/wiki/Jessie Volt,Article utilisant une Infobox
Chiara Arcangeli,https://fr.wikipedia.org/?curid=5066021,https://fr.wikipedia.org/wiki/Chiara Arcangeli,Wikip\u00e9dia:\u00e9bauche joueuse italienne de volley-ball
Olga Melnik,https://fr.wikipedia.org/?curid=5066235,https://fr.wikipedia.org/wiki/Olga Melnik,Wikip\u00e9dia:\u00e9bauche sports d'hiver
Shelia Burrell,https://fr.wikipedia.org/?curid=5064126,https://fr.wikipedia.org/wiki/Shelia Burrell,Article \u00e0 illustrer Athl\u00e8te
Maria H\u00f6fl-Riesch,https://fr.wikipedia.org/?curid=506507,https://fr.wikipedia.org/wiki/Maria H\u00f6fl-Riesch,Article utilisant une Infobox
Lisa Thomsen,https://fr.wikipedia.org/?curid=5041603,https://fr.wikipedia.org/wiki/Lisa Thomsen,Article utilisant une Infobox
Olga Romanovska,https://fr.wikipedia.org/?curid=5041860,https://fr.wikipedia.org/wiki/Olga Romanovska,Article utilisant une Infobox
Tomomi Itano,https://fr.wikipedia.org/?curid=5046622,https://fr.wikipedia.org/wiki/Tomomi Itano,Article utilisant une Infobox
Victoria Valyukevich,https://fr.wikipedia.org/?curid=5048873,https://fr.wikipedia.org/wiki/Victoria Valyukevich,Wikip\u00e9dia:\u00e9bauche athl\u00e8te russe
Natalia Morozova,https://fr.wikipedia.org/?curid=5049233,https://fr.wikipedia.org/wiki/Natalia Morozova,Article \u00e0 illustrer Joueur de volley-ball
Yana Maksimava,https://fr.wikipedia.org/?curid=5011880,https://fr.wikipedia.org/wiki/Yana Maksimava,Wikip\u00e9dia:\u00e9bauche athl\u00e8te bi\u00e9lorusse
Tina \u0160utej,https://fr.wikipedia.org/?curid=5011919,https://fr.wikipedia.org/wiki/Tina \u0160utej,Wikip\u00e9dia:\u00e9bauche athl\u00e8te slov\u00e8ne
Romina Lamas,https://fr.wikipedia.org/?curid=5011147,https://fr.wikipedia.org/wiki/Romina Lamas,Article \u00e0 illustrer Joueur de volley-ball
Kathy Radzuweit,https://fr.wikipedia.org/?curid=5011187,https://fr.wikipedia.org/wiki/Kathy Radzuweit,Article utilisant une Infobox
Isolde Kostner,https://fr.wikipedia.org/?curid=501345,https://fr.wikipedia.org/wiki/Isolde Kostner,Page utilisant P569
X\u00e9nia Siska,https://fr.wikipedia.org/?curid=4941305,https://fr.wikipedia.org/wiki/X\u00e9nia Siska,Wikip\u00e9dia:\u00e9bauche athl\u00e8te hongrois
Karoline Bjerkeli Gr\u00f8vdal,https://fr.wikipedia.org/?curid=4940279,https://fr.wikipedia.org/wiki/Karoline Bjerkeli Gr\u00f8vdal,Article utilisant une Infobox
D\u00f3ra Horv\u00e1th,https://fr.wikipedia.org/?curid=4940321,https://fr.wikipedia.org/wiki/D\u00f3ra Horv\u00e1th,Article utilisant une Infobox
Kayla Harrison,https://fr.wikipedia.org/?curid=4940844,https://fr.wikipedia.org/wiki/Kayla Harrison,Article utilisant une Infobox
Ana Bjelica,https://fr.wikipedia.org/?curid=4946212,https://fr.wikipedia.org/wiki/Ana Bjelica,Article utilisant une Infobox
Hanka Pachale,https://fr.wikipedia.org/?curid=4946253,https://fr.wikipedia.org/wiki/Hanka Pachale,Article utilisant une Infobox
Francesca Marcon,https://fr.wikipedia.org/?curid=4946308,https://fr.wikipedia.org/wiki/Francesca Marcon,Wikip\u00e9dia:\u00e9bauche joueuse italienne de volley-ball
Ivana Plchotov\u00e1,https://fr.wikipedia.org/?curid=4944122,https://fr.wikipedia.org/wiki/Ivana Plchotov\u00e1,Article utilisant une Infobox
Anna Makarova,https://fr.wikipedia.org/?curid=4944164,https://fr.wikipedia.org/wiki/Anna Makarova,Article utilisant une Infobox
Nuestra Belleza Jalisco,https://fr.wikipedia.org/?curid=4932345,https://fr.wikipedia.org/wiki/Nuestra Belleza Jalisco,Portail:Mexique/Articles li\u00e9s
Alesia Turava,https://fr.wikipedia.org/?curid=4932681,https://fr.wikipedia.org/wiki/Alesia Turava,Wikip\u00e9dia:\u00e9bauche athl\u00e8te bi\u00e9lorusse
Ramona Puerari,https://fr.wikipedia.org/?curid=4973633,https://fr.wikipedia.org/wiki/Ramona Puerari,Wikip\u00e9dia:\u00e9bauche joueuse italienne de volley-ball
Moana Ballarini,https://fr.wikipedia.org/?curid=4933144,https://fr.wikipedia.org/wiki/Moana Ballarini,Wikip\u00e9dia:\u00e9bauche joueuse italienne de volley-ball
Yolanda Chen,https://fr.wikipedia.org/?curid=4961043,https://fr.wikipedia.org/wiki/Yolanda Chen,Wikip\u00e9dia:\u00e9bauche athl\u00e8te russe
Julia Sawalha,https://fr.wikipedia.org/?curid=4961989,https://fr.wikipedia.org/wiki/Julia Sawalha,Wikip\u00e9dia:\u00e9bauche acteur britannique
Giulia Decordi,https://fr.wikipedia.org/?curid=4962490,https://fr.wikipedia.org/wiki/Giulia Decordi,Wikip\u00e9dia:\u00e9bauche joueuse italienne de volley-ball
Sin\u00e9ad O'Connor,https://fr.wikipedia.org/?curid=497105,https://fr.wikipedia.org/wiki/Sin\u00e9ad O'Connor,Article contenant un appel \u00e0 traduction en anglais
Alexandra Panova,https://fr.wikipedia.org/?curid=4971145,https://fr.wikipedia.org/wiki/Alexandra Panova,Article utilisant une Infobox
Megan Mullally,https://fr.wikipedia.org/?curid=497163,https://fr.wikipedia.org/wiki/Megan Mullally,Article utilisant une Infobox
Katja Jontes,https://fr.wikipedia.org/?curid=4937336,https://fr.wikipedia.org/wiki/Katja Jontes,Article utilisant une Infobox
Heike Beier,https://fr.wikipedia.org/?curid=4937377,https://fr.wikipedia.org/wiki/Heike Beier,Article utilisant une Infobox
Ana Grbac,https://fr.wikipedia.org/?curid=4937404,https://fr.wikipedia.org/wiki/Ana Grbac,Article utilisant une Infobox
Marta Bechis,https://fr.wikipedia.org/?curid=4937437,https://fr.wikipedia.org/wiki/Marta Bechis,Wikip\u00e9dia:\u00e9bauche joueuse italienne de volley-ball
Mary Keitany,https://fr.wikipedia.org/?curid=4934241,https://fr.wikipedia.org/wiki/Mary Keitany,Article utilisant une Infobox
Svetlana Moskalets,https://fr.wikipedia.org/?curid=4938950,https://fr.wikipedia.org/wiki/Svetlana Moskalets,Wikip\u00e9dia:\u00e9bauche athl\u00e8te russe
Jillian Camarena,https://fr.wikipedia.org/?curid=4937570,https://fr.wikipedia.org/wiki/Jillian Camarena,Article utilisant une Infobox
Florence Picaut,https://fr.wikipedia.org/?curid=496495,https://fr.wikipedia.org/wiki/Florence Picaut,Article \u00e0 illustrer Athl\u00e8te
Ludovica Orazi,https://fr.wikipedia.org/?curid=4951782,https://fr.wikipedia.org/wiki/Ludovica Orazi,Wikip\u00e9dia:\u00e9bauche joueuse italienne de volley-ball
Yuka Nishida,https://fr.wikipedia.org/?curid=4950194,https://fr.wikipedia.org/wiki/Yuka Nishida,Article \u00e0 illustrer Sportif
Kaori Matsumoto,https://fr.wikipedia.org/?curid=4950209,https://fr.wikipedia.org/wiki/Kaori Matsumoto,Article \u00e0 illustrer Sportif
Miki Tanaka,https://fr.wikipedia.org/?curid=4950330,https://fr.wikipedia.org/wiki/Miki Tanaka,Article utilisant une Infobox
Yoriko Kunihara,https://fr.wikipedia.org/?curid=4950355,https://fr.wikipedia.org/wiki/Yoriko Kunihara,Article \u00e0 illustrer Sportif
Fabienne Keller,https://fr.wikipedia.org/?curid=49990,https://fr.wikipedia.org/wiki/Fabienne Keller,Article contenant un lien mort
Diana Ramona Marc,https://fr.wikipedia.org/?curid=4999732,https://fr.wikipedia.org/wiki/Diana Ramona Marc,Article utilisant une Infobox
Irene Padua,https://fr.wikipedia.org/?curid=4997357,https://fr.wikipedia.org/wiki/Irene Padua,Wikip\u00e9dia:\u00e9bauche joueuse italienne de volley-ball
Ievguenia Startseva,https://fr.wikipedia.org/?curid=4997393,https://fr.wikipedia.org/wiki/Ievguenia Startseva,Article utilisant une Infobox
Svetlana Kryoutchkova,https://fr.wikipedia.org/?curid=5001918,https://fr.wikipedia.org/wiki/Svetlana Kryoutchkova,Article utilisant une Infobox
Olga Za\u00eftseva (biathlon),https://fr.wikipedia.org/?curid=500458,https://fr.wikipedia.org/wiki/Olga Za\u00eftseva (biathlon),Article utilisant une Infobox
Barbara Campanari,https://fr.wikipedia.org/?curid=5003711,https://fr.wikipedia.org/wiki/Barbara Campanari,Wikip\u00e9dia:\u00e9bauche joueuse italienne de volley-ball
Marina Zambelli,https://fr.wikipedia.org/?curid=4992510,https://fr.wikipedia.org/wiki/Marina Zambelli,Wikip\u00e9dia:\u00e9bauche joueuse italienne de volley-ball
Atanaska Koyumdzhieva,https://fr.wikipedia.org/?curid=4992537,https://fr.wikipedia.org/wiki/Atanaska Koyumdzhieva,Article utilisant une Infobox
Mirjam Liimask,https://fr.wikipedia.org/?curid=4962116,https://fr.wikipedia.org/wiki/Mirjam Liimask,Wikip\u00e9dia:\u00e9bauche athl\u00e8te estonien
Monica Iag\u0103r,https://fr.wikipedia.org/?curid=4979362,https://fr.wikipedia.org/wiki/Monica Iag\u0103r,Wikip\u00e9dia:\u00e9bauche athl\u00e8te roumain
Aksana (catch),https://fr.wikipedia.org/?curid=4951308,https://fr.wikipedia.org/wiki/Aksana (catch),Page utilisant P27
Sandra Gomis,https://fr.wikipedia.org/?curid=5318504,https://fr.wikipedia.org/wiki/Sandra Gomis,Wikip\u00e9dia:\u00e9bauche athl\u00e8te fran\u00e7ais
Chiara Lapi,https://fr.wikipedia.org/?curid=5317833,https://fr.wikipedia.org/wiki/Chiara Lapi,Wikip\u00e9dia:\u00e9bauche joueuse italienne de volley-ball
Ioulia Koutioukova,https://fr.wikipedia.org/?curid=5317861,https://fr.wikipedia.org/wiki/Ioulia Koutioukova,Article utilisant une Infobox
Lucie Louette Kanning,https://fr.wikipedia.org/?curid=5440157,https://fr.wikipedia.org/wiki/Lucie Louette Kanning,Wikip\u00e9dia:\u00e9bauche judo
Kelsie Hendry,https://fr.wikipedia.org/?curid=5440445,https://fr.wikipedia.org/wiki/Kelsie Hendry,Wikip\u00e9dia:\u00e9bauche athl\u00e8te canadien
Claudia Gesell,https://fr.wikipedia.org/?curid=5443807,https://fr.wikipedia.org/wiki/Claudia Gesell,Wikip\u00e9dia:\u00e9bauche athl\u00e8te allemand
Ebba Jungmark,https://fr.wikipedia.org/?curid=5339294,https://fr.wikipedia.org/wiki/Ebba Jungmark,Wikip\u00e9dia:\u00e9bauche athl\u00e8te su\u00e9dois
Deeyah Khan,https://fr.wikipedia.org/?curid=5323088,https://fr.wikipedia.org/wiki/Deeyah Khan,Article utilisant une Infobox
Linda Marguet,https://fr.wikipedia.org/?curid=5339851,https://fr.wikipedia.org/wiki/Linda Marguet,Wikip\u00e9dia:\u00e9bauche athl\u00e8te fran\u00e7ais
Floria Gue\u00ef,https://fr.wikipedia.org/?curid=5340077,https://fr.wikipedia.org/wiki/Floria Gue\u00ef,Article utilisant une Infobox
L\u00e6titia Denis,https://fr.wikipedia.org/?curid=5340145,https://fr.wikipedia.org/wiki/L\u00e6titia Denis,Wikip\u00e9dia:\u00e9bauche athl\u00e8te fran\u00e7ais
Make Her Say,https://fr.wikipedia.org/?curid=5865515,https://fr.wikipedia.org/wiki/Make Her Say,Article contenant un lien mort
Chantal Bournissen,https://fr.wikipedia.org/?curid=584743,https://fr.wikipedia.org/wiki/Chantal Bournissen,Article \u00e0 illustrer Sportif
Sabryn Genet,https://fr.wikipedia.org/?curid=5851198,https://fr.wikipedia.org/wiki/Sabryn Genet,Article \u00e0 illustrer Personnalit\u00e9 du cin\u00e9ma
Ma\u0142gorzata Skorupa,https://fr.wikipedia.org/?curid=5851290,https://fr.wikipedia.org/wiki/Ma\u0142gorzata Skorupa,Article utilisant une Infobox
Maria Samo\u00eflova,https://fr.wikipedia.org/?curid=5856692,https://fr.wikipedia.org/wiki/Maria Samo\u00eflova,Article \u00e0 illustrer Joueur de volley-ball
Tamari Miyashiro,https://fr.wikipedia.org/?curid=5853650,https://fr.wikipedia.org/wiki/Tamari Miyashiro,Wikip\u00e9dia:\u00e9bauche joueuse am\u00e9ricaine de volley-ball
Irma (chanteuse),https://fr.wikipedia.org/?curid=5861598,https://fr.wikipedia.org/wiki/Irma (chanteuse),Article contenant un lien mort
Annie Guay,https://fr.wikipedia.org/?curid=5880471,https://fr.wikipedia.org/wiki/Annie Guay,Article utilisant une Infobox
Ielizaveta Touktamycheva,https://fr.wikipedia.org/?curid=5880066,https://fr.wikipedia.org/wiki/Ielizaveta Touktamycheva,Wikip\u00e9dia:\u00e9bauche patinage artistique
Le\u00efla Chaibi,https://fr.wikipedia.org/?curid=6327330,https://fr.wikipedia.org/wiki/Le\u00efla Chaibi,Article utilisant une Infobox
Simone Souza,https://fr.wikipedia.org/?curid=6329358,https://fr.wikipedia.org/wiki/Simone Souza,Article \u00e0 illustrer Joueur de volley-ball
Amy Frazier,https://fr.wikipedia.org/?curid=622210,https://fr.wikipedia.org/wiki/Amy Frazier,Article utilisant une Infobox
Victoria Beckham,https://fr.wikipedia.org/?curid=622238,https://fr.wikipedia.org/wiki/Victoria Beckham,Article contenant un lien mort
Monika R\u00e1ko\u0161ov\u00e1,https://fr.wikipedia.org/?curid=6221313,https://fr.wikipedia.org/wiki/Monika R\u00e1ko\u0161ov\u00e1,Article \u00e0 illustrer Joueur de volley-ball
Agn\u00e8s Jaoui,https://fr.wikipedia.org/?curid=62203,https://fr.wikipedia.org/wiki/Agn\u00e8s Jaoui,Article utilisant une Infobox
Dinah Washington,https://fr.wikipedia.org/?curid=621729,https://fr.wikipedia.org/wiki/Dinah Washington,Page utilisant P569
Karin Rossley,https://fr.wikipedia.org/?curid=6321675,https://fr.wikipedia.org/wiki/Karin Rossley,Wikip\u00e9dia:\u00e9bauche athl\u00e8te allemand
Chlo\u00e9 Dufour-Lapointe,https://fr.wikipedia.org/?curid=6320152,https://fr.wikipedia.org/wiki/Chlo\u00e9 Dufour-Lapointe,Article utilisant une Infobox
Catherine Capdevielle,https://fr.wikipedia.org/?curid=6330503,https://fr.wikipedia.org/wiki/Catherine Capdevielle,Article utilisant une Infobox
Teairra Mari,https://fr.wikipedia.org/?curid=6334276,https://fr.wikipedia.org/wiki/Teairra Mari,Article manquant de r\u00e9f\u00e9rences depuis juin 2012
Abeba Aregawi,https://fr.wikipedia.org/?curid=6335284,https://fr.wikipedia.org/wiki/Abeba Aregawi,Article utilisant une Infobox
Jacqueline Emerson,https://fr.wikipedia.org/?curid=6301554,https://fr.wikipedia.org/wiki/Jacqueline Emerson,Article utilisant une Infobox
Bae Doo-na,https://fr.wikipedia.org/?curid=6295823,https://fr.wikipedia.org/wiki/Bae Doo-na,Article utilisant une Infobox
Lucie Smutn\u00e1,https://fr.wikipedia.org/?curid=6306632,https://fr.wikipedia.org/wiki/Lucie Smutn\u00e1,Article utilisant une Infobox
Heo Ga-yoon,https://fr.wikipedia.org/?curid=6308350,https://fr.wikipedia.org/wiki/Heo Ga-yoon,Article utilisant une Infobox
Rabia \u00d6z\u015fahan,https://fr.wikipedia.org/?curid=6306591,https://fr.wikipedia.org/wiki/Rabia \u00d6z\u015fahan,Article \u00e0 illustrer Joueur de volley-ball
Kathy Bonsen,https://fr.wikipedia.org/?curid=6306608,https://fr.wikipedia.org/wiki/Kathy Bonsen,Article \u00e0 illustrer Joueur de volley-ball
Marie-Lise Pilote,https://fr.wikipedia.org/?curid=632210,https://fr.wikipedia.org/wiki/Marie-Lise Pilote,Article manquant de r\u00e9f\u00e9rences depuis octobre 2017
Laure Obelink,https://fr.wikipedia.org/?curid=6324393,https://fr.wikipedia.org/wiki/Laure Obelink,Article \u00e0 illustrer Joueur de volley-ball
Clara Alonso,https://fr.wikipedia.org/?curid=6293102,https://fr.wikipedia.org/wiki/Clara Alonso,Article manquant de r\u00e9f\u00e9rences depuis juillet 2018
Sof\u00eda Sakor\u00e1fa,https://fr.wikipedia.org/?curid=6310794,https://fr.wikipedia.org/wiki/Sof\u00eda Sakor\u00e1fa,Wikip\u00e9dia:\u00e9bauche athl\u00e8te grec
Josje Huisman,https://fr.wikipedia.org/?curid=6300458,https://fr.wikipedia.org/wiki/Josje Huisman,Article utilisant une Infobox
Alenka Bikar,https://fr.wikipedia.org/?curid=6300488,https://fr.wikipedia.org/wiki/Alenka Bikar,Wikip\u00e9dia:\u00e9bauche athl\u00e8te slov\u00e8ne
Liste des ministres danoises,https://fr.wikipedia.org/?curid=6302627,https://fr.wikipedia.org/wiki/Liste des ministres danoises,Article contenant un appel \u00e0 traduction en anglais
Son Ji-hyun,https://fr.wikipedia.org/?curid=6302503,https://fr.wikipedia.org/wiki/Son Ji-hyun,Article utilisant une Infobox
Liste des conjoints des souverains \u00e9cossais,https://fr.wikipedia.org/?curid=6295241,https://fr.wikipedia.org/wiki/Liste des conjoints des souverains \u00e9cossais,Article contenant un appel \u00e0 traduction en anglais
Pensionnaire de la Com\u00e9die-Fran\u00e7aise,https://fr.wikipedia.org/?curid=6304413,https://fr.wikipedia.org/wiki/Pensionnaire de la Com\u00e9die-Fran\u00e7aise,Wikip\u00e9dia:\u00e9bauche th\u00e9\u00e2tre
Freya Aelbrecht,https://fr.wikipedia.org/?curid=6304738,https://fr.wikipedia.org/wiki/Freya Aelbrecht,Article utilisant une Infobox
Bianca Gommans,https://fr.wikipedia.org/?curid=6313215,https://fr.wikipedia.org/wiki/Bianca Gommans,Article \u00e0 illustrer Joueur de volley-ball
Dance Again World Tour,https://fr.wikipedia.org/?curid=6313338,https://fr.wikipedia.org/wiki/Dance Again World Tour,Article manquant de r\u00e9f\u00e9rences depuis novembre 2012
Follow the Leader (chanson),https://fr.wikipedia.org/?curid=6317546,https://fr.wikipedia.org/wiki/Follow the Leader (chanson),Article utilisant une Infobox
Pound the Alarm,https://fr.wikipedia.org/?curid=6317389,https://fr.wikipedia.org/wiki/Pound the Alarm,Article utilisant une Infobox
Sudha Singh,https://fr.wikipedia.org/?curid=6314678,https://fr.wikipedia.org/wiki/Sudha Singh,Wikip\u00e9dia:\u00e9bauche athl\u00e8te indien
Miss Indon\u00e9sie,https://fr.wikipedia.org/?curid=6316439,https://fr.wikipedia.org/wiki/Miss Indon\u00e9sie,Wikip\u00e9dia:\u00e9bauche concours de beaut\u00e9
Miss Br\u00e9sil,https://fr.wikipedia.org/?curid=6316441,https://fr.wikipedia.org/wiki/Miss Br\u00e9sil,Article \u00e0 illustrer R\u00e9compense
Roosa Koskelo,https://fr.wikipedia.org/?curid=6300330,https://fr.wikipedia.org/wiki/Roosa Koskelo,Article utilisant une Infobox
Jelena Jankovi\u0107,https://fr.wikipedia.org/?curid=660090,https://fr.wikipedia.org/wiki/Jelena Jankovi\u0107,Article utilisant une Infobox
Ramona Fradon,https://fr.wikipedia.org/?curid=6592578,https://fr.wikipedia.org/wiki/Ramona Fradon,Article utilisant une Infobox
Celin St\u00f6hr,https://fr.wikipedia.org/?curid=6599216,https://fr.wikipedia.org/wiki/Celin St\u00f6hr,Article \u00e0 illustrer Joueur de volley-ball
Melissa Benoist,https://fr.wikipedia.org/?curid=6615233,https://fr.wikipedia.org/wiki/Melissa Benoist,Article contenant un lien mort
Le\u00efla Piccard,https://fr.wikipedia.org/?curid=661533,https://fr.wikipedia.org/wiki/Le\u00efla Piccard,Wikip\u00e9dia:\u00e9bauche ski alpin
Margareta Keszeg,https://fr.wikipedia.org/?curid=6620195,https://fr.wikipedia.org/wiki/Margareta Keszeg,Wikip\u00e9dia:\u00e9bauche athl\u00e8te roumain
Heike Hartwig,https://fr.wikipedia.org/?curid=6617939,https://fr.wikipedia.org/wiki/Heike Hartwig,Wikip\u00e9dia:\u00e9bauche athl\u00e8te allemand
Renate Riek,https://fr.wikipedia.org/?curid=6664254,https://fr.wikipedia.org/wiki/Renate Riek,Article \u00e0 illustrer Joueur de volley-ball
Blair Brown (volley-ball),https://fr.wikipedia.org/?curid=6664407,https://fr.wikipedia.org/wiki/Blair Brown (volley-ball),Wikip\u00e9dia:\u00e9bauche joueuse am\u00e9ricaine de volley-ball
Shana Williams,https://fr.wikipedia.org/?curid=6684961,https://fr.wikipedia.org/wiki/Shana Williams,Wikip\u00e9dia:\u00e9bauche athl\u00e8te am\u00e9ricain
Susanna P\u00f6yki\u00f6,https://fr.wikipedia.org/?curid=668110,https://fr.wikipedia.org/wiki/Susanna P\u00f6yki\u00f6,Wikip\u00e9dia:\u00e9bauche patinage artistique
Justine Robbeson,https://fr.wikipedia.org/?curid=6793422,https://fr.wikipedia.org/wiki/Justine Robbeson,Wikip\u00e9dia:\u00e9bauche athl\u00e8te sud-africain
Gabriela Soukalov\u00e1,https://fr.wikipedia.org/?curid=6793647,https://fr.wikipedia.org/wiki/Gabriela Soukalov\u00e1,Article utilisant une Infobox
Bojana Stojkovi\u0107,https://fr.wikipedia.org/?curid=6798084,https://fr.wikipedia.org/wiki/Bojana Stojkovi\u0107,Article \u00e0 illustrer Joueur de volley-ball
Asuman Atik,https://fr.wikipedia.org/?curid=6798163,https://fr.wikipedia.org/wiki/Asuman Atik,Article \u00e0 illustrer Joueur de volley-ball
Mariane Amaro,https://fr.wikipedia.org/?curid=6794087,https://fr.wikipedia.org/wiki/Mariane Amaro,Wikip\u00e9dia:\u00e9bauche footballeuse
Anne Kyll\u00f6nen,https://fr.wikipedia.org/?curid=6797490,https://fr.wikipedia.org/wiki/Anne Kyll\u00f6nen,Wikip\u00e9dia:\u00e9bauche sportif finlandais
C\u00e9line Dodin,https://fr.wikipedia.org/?curid=6797996,https://fr.wikipedia.org/wiki/C\u00e9line Dodin,Page utilisant P569
Darya Safonova,https://fr.wikipedia.org/?curid=6769551,https://fr.wikipedia.org/wiki/Darya Safonova,Wikip\u00e9dia:\u00e9bauche athl\u00e8te russe
Andrea Fonseka,https://fr.wikipedia.org/?curid=6756516,https://fr.wikipedia.org/wiki/Andrea Fonseka,Article contenant un appel \u00e0 traduction en anglais
Cansu \u00c7etin,https://fr.wikipedia.org/?curid=6766653,https://fr.wikipedia.org/wiki/Cansu \u00c7etin,Article utilisant une Infobox
Ceren Kestireng\u00f6z,https://fr.wikipedia.org/?curid=6766688,https://fr.wikipedia.org/wiki/Ceren Kestireng\u00f6z,Article \u00e0 illustrer Joueur de volley-ball
Gu Siyu,https://fr.wikipedia.org/?curid=6774314,https://fr.wikipedia.org/wiki/Gu Siyu,Wikip\u00e9dia:\u00e9bauche athl\u00e8te chinois
Agathe Degorces,https://fr.wikipedia.org/?curid=6774608,https://fr.wikipedia.org/wiki/Agathe Degorces,Article utilisant une Infobox
Javiera Su\u00e1rez,https://fr.wikipedia.org/?curid=6774908,https://fr.wikipedia.org/wiki/Javiera Su\u00e1rez,Article utilisant une Infobox
Pamela Jiles (journaliste),https://fr.wikipedia.org/?curid=6774975,https://fr.wikipedia.org/wiki/Pamela Jiles (journaliste),Wikip\u00e9dia:\u00e9bauche personnalit\u00e9 politique chilienne
Martine Ek Hagen,https://fr.wikipedia.org/?curid=6776300,https://fr.wikipedia.org/wiki/Martine Ek Hagen,Wikip\u00e9dia:\u00e9bauche ski de fond
Viktoriya Mirtcheva,https://fr.wikipedia.org/?curid=6776948,https://fr.wikipedia.org/wiki/Viktoriya Mirtcheva,Article \u00e0 illustrer Joueur de basket-ball
Odette Mistoul,https://fr.wikipedia.org/?curid=6776972,https://fr.wikipedia.org/wiki/Odette Mistoul,Wikip\u00e9dia:\u00e9bauche athl\u00e8te
Tatyana Tro\u00efna,https://fr.wikipedia.org/?curid=6776982,https://fr.wikipedia.org/wiki/Tatyana Tro\u00efna,Article \u00e0 illustrer Joueur de basket-ball
Kinga B\u0105k,https://fr.wikipedia.org/?curid=6762010,https://fr.wikipedia.org/wiki/Kinga B\u0105k,Article utilisant une Infobox
Natalia Brussa,https://fr.wikipedia.org/?curid=6762050,https://fr.wikipedia.org/wiki/Natalia Brussa,Wikip\u00e9dia:\u00e9bauche joueuse italienne de volley-ball
Veronika Popova,https://fr.wikipedia.org/?curid=6762178,https://fr.wikipedia.org/wiki/Veronika Popova,Article utilisant une Infobox
Anna Gaw\u0119cka,https://fr.wikipedia.org/?curid=6760077,https://fr.wikipedia.org/wiki/Anna Gaw\u0119cka,Article utilisant une Infobox
Meagan Ganzer,https://fr.wikipedia.org/?curid=6760092,https://fr.wikipedia.org/wiki/Meagan Ganzer,Wikip\u00e9dia:\u00e9bauche joueuse am\u00e9ricaine de volley-ball
Petra Chocov\u00e1,https://fr.wikipedia.org/?curid=6762927,https://fr.wikipedia.org/wiki/Petra Chocov\u00e1,Article utilisant une Infobox
Olena Pidhrushna,https://fr.wikipedia.org/?curid=6760160,https://fr.wikipedia.org/wiki/Olena Pidhrushna,Article utilisant une Infobox
La Grande Sophie,https://fr.wikipedia.org/?curid=675304,https://fr.wikipedia.org/wiki/La Grande Sophie,Article contenant un lien mort
Maria Usifo,https://fr.wikipedia.org/?curid=6776786,https://fr.wikipedia.org/wiki/Maria Usifo,Wikip\u00e9dia:\u00e9bauche athl\u00e8te nig\u00e9rian
Inesa Visgaudait\u0117,https://fr.wikipedia.org/?curid=6776837,https://fr.wikipedia.org/wiki/Inesa Visgaudait\u0117,Wikip\u00e9dia:\u00e9bauche basket-ball
Laina Badiane,https://fr.wikipedia.org/?curid=6776888,https://fr.wikipedia.org/wiki/Laina Badiane,Wikip\u00e9dia:\u00e9bauche joueuse fran\u00e7aise de basket-ball
Alifatou Djibril,https://fr.wikipedia.org/?curid=6785764,https://fr.wikipedia.org/wiki/Alifatou Djibril,Wikip\u00e9dia:\u00e9bauche athl\u00e8te
Olga Romasko,https://fr.wikipedia.org/?curid=658728,https://fr.wikipedia.org/wiki/Olga Romasko,Wikip\u00e9dia:\u00e9bauche biathlon
Ielena Sokolova (patinage artistique),https://fr.wikipedia.org/?curid=658245,https://fr.wikipedia.org/wiki/Ielena Sokolova (patinage artistique),Wikip\u00e9dia:\u00e9bauche patinage artistique
Ekaterina Vinogradova,https://fr.wikipedia.org/?curid=658289,https://fr.wikipedia.org/wiki/Ekaterina Vinogradova,Wikip\u00e9dia:\u00e9bauche biathlon
Irina Nikoultchina,https://fr.wikipedia.org/?curid=658309,https://fr.wikipedia.org/wiki/Irina Nikoultchina,Wikip\u00e9dia:\u00e9bauche biathlon
Sun Ribo,https://fr.wikipedia.org/?curid=658680,https://fr.wikipedia.org/wiki/Sun Ribo,Wikip\u00e9dia:\u00e9bauche biathlon
Merlin Palacios,https://fr.wikipedia.org/?curid=6555926,https://fr.wikipedia.org/wiki/Merlin Palacios,Wikip\u00e9dia:\u00e9bauche athl\u00e8te colombien
Rita Kirst,https://fr.wikipedia.org/?curid=6610753,https://fr.wikipedia.org/wiki/Rita Kirst,Wikip\u00e9dia:\u00e9bauche athl\u00e8te allemand
Mandy Minella,https://fr.wikipedia.org/?curid=6630513,https://fr.wikipedia.org/wiki/Mandy Minella,Article utilisant une Infobox
Maki Wada,https://fr.wikipedia.org/?curid=6628137,https://fr.wikipedia.org/wiki/Maki Wada,Wikip\u00e9dia:\u00e9bauche athl\u00e8te japonais
Yuri (chanteuse),https://fr.wikipedia.org/?curid=663183,https://fr.wikipedia.org/wiki/Yuri (chanteuse),Article manquant de r\u00e9f\u00e9rences depuis d\u00e9cembre 2022
Sandra Gasser,https://fr.wikipedia.org/?curid=6569358,https://fr.wikipedia.org/wiki/Sandra Gasser,Wikip\u00e9dia:\u00e9bauche athl\u00e8te suisse
Nicole Pani,https://fr.wikipedia.org/?curid=6575085,https://fr.wikipedia.org/wiki/Nicole Pani,Article \u00e0 illustrer Athl\u00e8te
Christelle Laura Douibi,https://fr.wikipedia.org/?curid=6581766,https://fr.wikipedia.org/wiki/Christelle Laura Douibi,Wikip\u00e9dia:\u00e9bauche ski alpin
Fontella Bass,https://fr.wikipedia.org/?curid=6606163,https://fr.wikipedia.org/wiki/Fontella Bass,Page utilisant P569
Haley Reinhart,https://fr.wikipedia.org/?curid=6577128,https://fr.wikipedia.org/wiki/Haley Reinhart,Article utilisant une Infobox
Monique Drilhon,https://fr.wikipedia.org/?curid=6570536,https://fr.wikipedia.org/wiki/Monique Drilhon,Article utilisant une Infobox
Masquerade (chanson de Nicki Minaj),https://fr.wikipedia.org/?curid=6570678,https://fr.wikipedia.org/wiki/Masquerade (chanson de Nicki Minaj),Article utilisant une Infobox
Virginie Jouault,https://fr.wikipedia.org/?curid=6575984,https://fr.wikipedia.org/wiki/Virginie Jouault,Article utilisant une Infobox
Lauren Alaina,https://fr.wikipedia.org/?curid=6577048,https://fr.wikipedia.org/wiki/Lauren Alaina,Wikip\u00e9dia:\u00e9bauche chanteur am\u00e9ricain
Antoaneta Stefanova,https://fr.wikipedia.org/?curid=657357,https://fr.wikipedia.org/wiki/Antoaneta Stefanova,Page utilisant P1559
Anna Kozak,https://fr.wikipedia.org/?curid=6576485,https://fr.wikipedia.org/wiki/Anna Kozak,Wikip\u00e9dia:\u00e9bauche athl\u00e8te bi\u00e9lorusse
Anett P\u00f6tzsch,https://fr.wikipedia.org/?curid=657470,https://fr.wikipedia.org/wiki/Anett P\u00f6tzsch,Wikip\u00e9dia:\u00e9bauche patinage artistique
Zemfira,https://fr.wikipedia.org/?curid=659413,https://fr.wikipedia.org/wiki/Zemfira,Wikip\u00e9dia:\u00e9bauche culture russe
Julie Masse,https://fr.wikipedia.org/?curid=662704,https://fr.wikipedia.org/wiki/Julie Masse,Wikip\u00e9dia:\u00e9bauche chanteur qu\u00e9b\u00e9cois
Three Jumps Ahead,https://fr.wikipedia.org/?curid=6615955,https://fr.wikipedia.org/wiki/Three Jumps Ahead,Wikip\u00e9dia:\u00e9bauche film am\u00e9ricain
Anne Gu\u00e9rette,https://fr.wikipedia.org/?curid=6625999,https://fr.wikipedia.org/wiki/Anne Gu\u00e9rette,Article contenant un lien mort
Ines Bibernell,https://fr.wikipedia.org/?curid=6623295,https://fr.wikipedia.org/wiki/Ines Bibernell,Wikip\u00e9dia:\u00e9bauche athl\u00e8te allemand
Svetlana Kitova,https://fr.wikipedia.org/?curid=6623374,https://fr.wikipedia.org/wiki/Svetlana Kitova,Wikip\u00e9dia:\u00e9bauche athl\u00e8te sovi\u00e9tique
Ana\u00efs Jomby,https://fr.wikipedia.org/?curid=6503999,https://fr.wikipedia.org/wiki/Ana\u00efs Jomby,Wikip\u00e9dia:\u00e9bauche basket-ball
Zhao Yunlei,https://fr.wikipedia.org/?curid=6504074,https://fr.wikipedia.org/wiki/Zhao Yunlei,Wikip\u00e9dia:\u00e9bauche badminton
Twinkle Khanna,https://fr.wikipedia.org/?curid=6512134,https://fr.wikipedia.org/wiki/Twinkle Khanna,Article contenant un lien mort
Ganna Burbelyuk,https://fr.wikipedia.org/?curid=6505336,https://fr.wikipedia.org/wiki/Ganna Burbelyuk,Article \u00e0 illustrer Joueur de volley-ball
Sophie Rodriguez,https://fr.wikipedia.org/?curid=650803,https://fr.wikipedia.org/wiki/Sophie Rodriguez,Article \u00e0 illustrer Sportif
Justyna Kowalczyk-Tekieli,https://fr.wikipedia.org/?curid=655026,https://fr.wikipedia.org/wiki/Justyna Kowalczyk-Tekieli,Article utilisant une Infobox
Kristin St\u00f8rmer Steira,https://fr.wikipedia.org/?curid=655032,https://fr.wikipedia.org/wiki/Kristin St\u00f8rmer Steira,Article utilisant une Infobox
Viktoria Volchkova,https://fr.wikipedia.org/?curid=655793,https://fr.wikipedia.org/wiki/Viktoria Volchkova,Wikip\u00e9dia:\u00e9bauche patinage artistique
Lillian Lorraine,https://fr.wikipedia.org/?curid=6507503,https://fr.wikipedia.org/wiki/Lillian Lorraine,Wikip\u00e9dia:\u00e9bauche acteur am\u00e9ricain
Ekaterina Bleskina,https://fr.wikipedia.org/?curid=6506663,https://fr.wikipedia.org/wiki/Ekaterina Bleskina,Wikip\u00e9dia:\u00e9bauche athl\u00e8te russe
Patricia Germain,https://fr.wikipedia.org/?curid=6506770,https://fr.wikipedia.org/wiki/Patricia Germain,Article contenant un lien mort
Evelyne Leu,https://fr.wikipedia.org/?curid=652603,https://fr.wikipedia.org/wiki/Evelyne Leu,Article utilisant une Infobox
Melissa Stockwell,https://fr.wikipedia.org/?curid=6526814,https://fr.wikipedia.org/wiki/Melissa Stockwell,Page utilisant P569
Alla Shishkina,https://fr.wikipedia.org/?curid=6524919,https://fr.wikipedia.org/wiki/Alla Shishkina,Wikip\u00e9dia:\u00e9bauche personnalit\u00e9 russe
Etenesh Diro,https://fr.wikipedia.org/?curid=6525088,https://fr.wikipedia.org/wiki/Etenesh Diro,Wikip\u00e9dia:\u00e9bauche athl\u00e8te \u00e9thiopien
Binta Drammeh,https://fr.wikipedia.org/?curid=6519491,https://fr.wikipedia.org/wiki/Binta Drammeh,Article utilisant une Infobox
Ekaterina Renzhina,https://fr.wikipedia.org/?curid=6533408,https://fr.wikipedia.org/wiki/Ekaterina Renzhina,Wikip\u00e9dia:\u00e9bauche athl\u00e8te russe
Ievguenia Gorokhova,https://fr.wikipedia.org/?curid=6536202,https://fr.wikipedia.org/wiki/Ievguenia Gorokhova,Article \u00e0 illustrer Joueur de volley-ball
Iekaterina Vorobiova,https://fr.wikipedia.org/?curid=6534360,https://fr.wikipedia.org/wiki/Iekaterina Vorobiova,Article \u00e0 illustrer Joueur de volley-ball
Melissa Don\u00e0,https://fr.wikipedia.org/?curid=6534369,https://fr.wikipedia.org/wiki/Melissa Don\u00e0,Wikip\u00e9dia:\u00e9bauche joueuse italienne de volley-ball
Rebecca Lyne,https://fr.wikipedia.org/?curid=6571668,https://fr.wikipedia.org/wiki/Rebecca Lyne,Wikip\u00e9dia:\u00e9bauche athl\u00e8te britannique
Chandra Crawford,https://fr.wikipedia.org/?curid=652629,https://fr.wikipedia.org/wiki/Chandra Crawford,Article utilisant une Infobox
Monika Kaserer,https://fr.wikipedia.org/?curid=654316,https://fr.wikipedia.org/wiki/Monika Kaserer,Page utilisant P569
Chen Lu (patinage artistique),https://fr.wikipedia.org/?curid=654320,https://fr.wikipedia.org/wiki/Chen Lu (patinage artistique),Wikip\u00e9dia:\u00e9bauche patinage artistique
Gerda Weissensteiner,https://fr.wikipedia.org/?curid=654441,https://fr.wikipedia.org/wiki/Gerda Weissensteiner,Wikip\u00e9dia:\u00e9bauche bobsleigh
Shizuka Arakawa,https://fr.wikipedia.org/?curid=654404,https://fr.wikipedia.org/wiki/Shizuka Arakawa,Article utilisant une Infobox
Fernanda Isis,https://fr.wikipedia.org/?curid=6518961,https://fr.wikipedia.org/wiki/Fernanda Isis,Article \u00e0 illustrer Joueur de volley-ball
Maria Nikola\u00efevna Kouznetsova,https://fr.wikipedia.org/?curid=6519163,https://fr.wikipedia.org/wiki/Maria Nikola\u00efevna Kouznetsova,Page utilisant P19
Olga Belkina,https://fr.wikipedia.org/?curid=6516260,https://fr.wikipedia.org/wiki/Olga Belkina,Wikip\u00e9dia:\u00e9bauche athl\u00e8te russe
Marina Nichi\u0219enco,https://fr.wikipedia.org/?curid=6516724,https://fr.wikipedia.org/wiki/Marina Nichi\u0219enco,Wikip\u00e9dia:\u00e9bauche athl\u00e8te
Elis\u00e2ngela Adriano,https://fr.wikipedia.org/?curid=6517395,https://fr.wikipedia.org/wiki/Elis\u00e2ngela Adriano,Wikip\u00e9dia:\u00e9bauche athl\u00e8te br\u00e9silien
Shannen Doherty,https://fr.wikipedia.org/?curid=65403,https://fr.wikipedia.org/wiki/Shannen Doherty,Article utilisant une Infobox
Katherine Parkinson,https://fr.wikipedia.org/?curid=6540471,https://fr.wikipedia.org/wiki/Katherine Parkinson,Wikip\u00e9dia:\u00e9bauche acteur anglais
Sung Yu-ri,https://fr.wikipedia.org/?curid=6563722,https://fr.wikipedia.org/wiki/Sung Yu-ri,Article utilisant une Infobox
Alena Sidko,https://fr.wikipedia.org/?curid=655352,https://fr.wikipedia.org/wiki/Alena Sidko,Wikip\u00e9dia:\u00e9bauche ski de fond
Christelle Diallo,https://fr.wikipedia.org/?curid=6554398,https://fr.wikipedia.org/wiki/Christelle Diallo,Article utilisant une Infobox
Diane Copenhagen,https://fr.wikipedia.org/?curid=6560637,https://fr.wikipedia.org/wiki/Diane Copenhagen,Wikip\u00e9dia:\u00e9bauche joueuse am\u00e9ricaine de volley-ball
Jolanda Neff,https://fr.wikipedia.org/?curid=6563151,https://fr.wikipedia.org/wiki/Jolanda Neff,Page utilisant P569
Nadia Fanchini,https://fr.wikipedia.org/?curid=655995,https://fr.wikipedia.org/wiki/Nadia Fanchini,Article utilisant une Infobox
Peachy Kellmeyer,https://fr.wikipedia.org/?curid=6522712,https://fr.wikipedia.org/wiki/Peachy Kellmeyer,Article \u00e0 illustrer Joueur de tennis
Lila Toner,https://fr.wikipedia.org/?curid=6521018,https://fr.wikipedia.org/wiki/Lila Toner,Article \u00e0 illustrer Joueur de volley-ball
Ingrid Wendl,https://fr.wikipedia.org/?curid=6520595,https://fr.wikipedia.org/wiki/Ingrid Wendl,Wikip\u00e9dia:\u00e9bauche personnalit\u00e9 autrichienne
Sara Ballantyne,https://fr.wikipedia.org/?curid=6523592,https://fr.wikipedia.org/wiki/Sara Ballantyne,Wikip\u00e9dia:\u00e9bauche coureur cycliste am\u00e9ricain
Right Thru Me,https://fr.wikipedia.org/?curid=6523775,https://fr.wikipedia.org/wiki/Right Thru Me,Article contenant un lien mort
Isabelle Duchesnay,https://fr.wikipedia.org/?curid=671968,https://fr.wikipedia.org/wiki/Isabelle Duchesnay,Article utilisant une Infobox
Lee Da-hae,https://fr.wikipedia.org/?curid=6719218,https://fr.wikipedia.org/wiki/Lee Da-hae,Article manquant de r\u00e9f\u00e9rences depuis novembre 2012
Maya Diab,https://fr.wikipedia.org/?curid=6717645,https://fr.wikipedia.org/wiki/Maya Diab,Article manquant de r\u00e9f\u00e9rences depuis avril 2012
M\u00f3r Muman,https://fr.wikipedia.org/?curid=6717800,https://fr.wikipedia.org/wiki/M\u00f3r Muman,Page utilisant P22
Indira Terrero,https://fr.wikipedia.org/?curid=6717913,https://fr.wikipedia.org/wiki/Indira Terrero,Wikip\u00e9dia:\u00e9bauche athl\u00e8te cubain
Shae-Lynn Bourne,https://fr.wikipedia.org/?curid=671534,https://fr.wikipedia.org/wiki/Shae-Lynn Bourne,Wikip\u00e9dia:\u00e9bauche patinage artistique
Eva Romanov\u00e1,https://fr.wikipedia.org/?curid=670796,https://fr.wikipedia.org/wiki/Eva Romanov\u00e1,Wikip\u00e9dia:\u00e9bauche patinage artistique
Anja Schneider,https://fr.wikipedia.org/?curid=6732359,https://fr.wikipedia.org/wiki/Anja Schneider,Wikip\u00e9dia:\u00e9bauche musicien allemand
Bahanur G\u00f6kalp,https://fr.wikipedia.org/?curid=6734636,https://fr.wikipedia.org/wiki/Bahanur G\u00f6kalp,Article \u00e0 illustrer Joueur de volley-ball
Natalia Simonenko,https://fr.wikipedia.org/?curid=6734697,https://fr.wikipedia.org/wiki/Natalia Simonenko,Wikip\u00e9dia:\u00e9bauche joueuse de volley-ball
Marilyn Cochran,https://fr.wikipedia.org/?curid=673489,https://fr.wikipedia.org/wiki/Marilyn Cochran,Article manquant de r\u00e9f\u00e9rences depuis mars 2021
Les Sentiers de la perdition (film),https://fr.wikipedia.org/?curid=673186,https://fr.wikipedia.org/wiki/Les Sentiers de la perdition (film),Article utilisant une Infobox
Alexandra Pretorius,https://fr.wikipedia.org/?curid=6732182,https://fr.wikipedia.org/wiki/Alexandra Pretorius,Article utilisant une Infobox
Soraia Santos,https://fr.wikipedia.org/?curid=6750989,https://fr.wikipedia.org/wiki/Soraia Santos,Article utilisant une Infobox
Carina Vogt,https://fr.wikipedia.org/?curid=6751557,https://fr.wikipedia.org/wiki/Carina Vogt,Article utilisant une Infobox
Natalia Linitchouk,https://fr.wikipedia.org/?curid=670989,https://fr.wikipedia.org/wiki/Natalia Linitchouk,Wikip\u00e9dia:\u00e9bauche patinage artistique
Meghan Addy,https://fr.wikipedia.org/?curid=6715058,https://fr.wikipedia.org/wiki/Meghan Addy,Wikip\u00e9dia:\u00e9bauche athl\u00e8te am\u00e9ricain
Dyan Webber,https://fr.wikipedia.org/?curid=6714806,https://fr.wikipedia.org/wiki/Dyan Webber,Wikip\u00e9dia:\u00e9bauche athl\u00e8te am\u00e9ricain
Viktoria Tchervova,https://fr.wikipedia.org/?curid=6728342,https://fr.wikipedia.org/wiki/Viktoria Tchervova,Article \u00e0 illustrer Joueur de volley-ball
Laura Marano,https://fr.wikipedia.org/?curid=6727877,https://fr.wikipedia.org/wiki/Laura Marano,Wikip\u00e9dia:\u00e9bauche acteur am\u00e9ricain
Antonia de Rendinger,https://fr.wikipedia.org/?curid=6725850,https://fr.wikipedia.org/wiki/Antonia de Rendinger,Wikip\u00e9dia:\u00e9bauche humour
Nikolina Kova\u010di\u0107,https://fr.wikipedia.org/?curid=6726241,https://fr.wikipedia.org/wiki/Nikolina Kova\u010di\u0107,Article \u00e0 illustrer Joueur de volley-ball
Birg\u00fcl G\u00fcler,https://fr.wikipedia.org/?curid=6726290,https://fr.wikipedia.org/wiki/Birg\u00fcl G\u00fcler,Article utilisant une Infobox
Terri Dendy,https://fr.wikipedia.org/?curid=6714319,https://fr.wikipedia.org/wiki/Terri Dendy,Wikip\u00e9dia:\u00e9bauche athl\u00e8te am\u00e9ricain
Flirtisha Harris,https://fr.wikipedia.org/?curid=6714390,https://fr.wikipedia.org/wiki/Flirtisha Harris,Wikip\u00e9dia:\u00e9bauche athl\u00e8te am\u00e9ricain
Jo Fenn,https://fr.wikipedia.org/?curid=6743154,https://fr.wikipedia.org/wiki/Jo Fenn,Wikip\u00e9dia:\u00e9bauche athl\u00e8te britannique
Yelena Gulyayeva,https://fr.wikipedia.org/?curid=6743263,https://fr.wikipedia.org/wiki/Yelena Gulyayeva,Wikip\u00e9dia:\u00e9bauche athl\u00e8te russe
Gunta Ba\u0161ko-Melnb\u0101rde,https://fr.wikipedia.org/?curid=6744097,https://fr.wikipedia.org/wiki/Gunta Ba\u0161ko-Melnb\u0101rde,Wikip\u00e9dia:\u00e9bauche joueuse de basket-ball
Pirjo H\u00e4ggman,https://fr.wikipedia.org/?curid=6744315,https://fr.wikipedia.org/wiki/Pirjo H\u00e4ggman,Wikip\u00e9dia:\u00e9bauche athl\u00e8te finlandais
Eleonora Bruno,https://fr.wikipedia.org/?curid=6743598,https://fr.wikipedia.org/wiki/Eleonora Bruno,Wikip\u00e9dia:\u00e9bauche joueuse italienne de volley-ball
Angelika Bulbak,https://fr.wikipedia.org/?curid=6743690,https://fr.wikipedia.org/wiki/Angelika Bulbak,Article utilisant une Infobox
