Name,URL1,URL2,First Category
Bilan saison par saison du Cavigal Nice,https://fr.wikipedia.org/?curid=10267577,https://fr.wikipedia.org/wiki/Bilan saison par saison du Cavigal Nice,Portail:Basket-ball/Articles li\u00e9s
Alicia Kaye,https://fr.wikipedia.org/?curid=10271786,https://fr.wikipedia.org/wiki/Alicia Kaye,Article utilisant une Infobox
Warren Whiteley,https://fr.wikipedia.org/?curid=10269726,https://fr.wikipedia.org/wiki/Warren Whiteley,Article utilisant une Infobox
LP (chanteuse),https://fr.wikipedia.org/?curid=10272684,https://fr.wikipedia.org/wiki/LP (chanteuse),Article utilisant une Infobox
Lee Ya-hsuan,https://fr.wikipedia.org/?curid=10279614,https://fr.wikipedia.org/wiki/Lee Ya-hsuan,Article \u00e0 illustrer Joueur de tennis
Kathleen Van Hove,https://fr.wikipedia.org/?curid=10279794,https://fr.wikipedia.org/wiki/Kathleen Van Hove,Article \u00e0 illustrer Athl\u00e8te
Yezi,https://fr.wikipedia.org/?curid=10281345,https://fr.wikipedia.org/wiki/Yezi,Article contenant un lien mort
Dia (chanteuse),https://fr.wikipedia.org/?curid=10282059,https://fr.wikipedia.org/wiki/Dia (chanteuse),Article utilisant une Infobox
April Mullen,https://fr.wikipedia.org/?curid=10283227,https://fr.wikipedia.org/wiki/April Mullen,Article utilisant une Infobox
Sonja Tajsich,https://fr.wikipedia.org/?curid=10283377,https://fr.wikipedia.org/wiki/Sonja Tajsich,Article utilisant une Infobox
Ivanie Blondin,https://fr.wikipedia.org/?curid=10283410,https://fr.wikipedia.org/wiki/Ivanie Blondin,Page utilisant P569
Morgan Tuck,https://fr.wikipedia.org/?curid=10259371,https://fr.wikipedia.org/wiki/Morgan Tuck,Article utilisant une Infobox
Sarah Gertrude Shapiro,https://fr.wikipedia.org/?curid=10285190,https://fr.wikipedia.org/wiki/Sarah Gertrude Shapiro,Article utilisant une Infobox
Qin Kanying,https://fr.wikipedia.org/?curid=10285401,https://fr.wikipedia.org/wiki/Qin Kanying,Page utilisant P569
Ma Zhenxia,https://fr.wikipedia.org/?curid=10292979,https://fr.wikipedia.org/wiki/Ma Zhenxia,Wikip\u00e9dia:\u00e9bauche athl\u00e8te chinois
Kristina Rako\u010devi\u0107,https://fr.wikipedia.org/?curid=10293353,https://fr.wikipedia.org/wiki/Kristina Rako\u010devi\u0107,Wikip\u00e9dia:\u00e9bauche athl\u00e8te
Beatrice Nedberge Llano,https://fr.wikipedia.org/?curid=10293364,https://fr.wikipedia.org/wiki/Beatrice Nedberge Llano,Wikip\u00e9dia:\u00e9bauche athl\u00e8te norv\u00e9gien
Klaudia Maruszewska,https://fr.wikipedia.org/?curid=10293369,https://fr.wikipedia.org/wiki/Klaudia Maruszewska,Wikip\u00e9dia:\u00e9bauche athl\u00e8te polonais
Gina Fedon,https://fr.wikipedia.org/?curid=10291521,https://fr.wikipedia.org/wiki/Gina Fedon,Wikip\u00e9dia:\u00e9bauche astronome am\u00e9ricain
Anna Zita Maria Stricker,https://fr.wikipedia.org/?curid=10291535,https://fr.wikipedia.org/wiki/Anna Zita Maria Stricker,Page utilisant P569
Tiffany James,https://fr.wikipedia.org/?curid=10292862,https://fr.wikipedia.org/wiki/Tiffany James,Wikip\u00e9dia:\u00e9bauche athl\u00e8te jama\u00efcain
Beyenu Degefa,https://fr.wikipedia.org/?curid=10292884,https://fr.wikipedia.org/wiki/Beyenu Degefa,Wikip\u00e9dia:\u00e9bauche athl\u00e8te \u00e9thiopien
Cl\u00e9lia Reuse-Rard,https://fr.wikipedia.org/?curid=10263966,https://fr.wikipedia.org/wiki/Cl\u00e9lia Reuse-Rard,Article \u00e0 illustrer Athl\u00e8te
Stina Troest,https://fr.wikipedia.org/?curid=10264003,https://fr.wikipedia.org/wiki/Stina Troest,Article utilisant une Infobox
Jeannie Longo,https://fr.wikipedia.org/?curid=102511,https://fr.wikipedia.org/wiki/Jeannie Longo,Article utilisant une Infobox
Lisa Roberts Gillan,https://fr.wikipedia.org/?curid=10251345,https://fr.wikipedia.org/wiki/Lisa Roberts Gillan,Article \u00e0 illustrer Personnalit\u00e9 du cin\u00e9ma
Kaat Hannes,https://fr.wikipedia.org/?curid=10307722,https://fr.wikipedia.org/wiki/Kaat Hannes,Page utilisant P569
Liste des m\u00e9daill\u00e9s aux Jeux olympiques d'\u00e9t\u00e9 de 1976,https://fr.wikipedia.org/?curid=10200995,https://fr.wikipedia.org/wiki/Liste des m\u00e9daill\u00e9s aux Jeux olympiques d'\u00e9t\u00e9 de 1976,Page utilisant une pr\u00e9sentation en colonnes avec un nombre fixe de colonnes
Elizabeth Banks,https://fr.wikipedia.org/?curid=1539577,https://fr.wikipedia.org/wiki/Elizabeth Banks,Article utilisant une Infobox
Maurine Dornelles Gon\u00e7alves,https://fr.wikipedia.org/?curid=15363876,https://fr.wikipedia.org/wiki/Maurine Dornelles Gon\u00e7alves,Page utilisant P27
Shiina Natsukawa,https://fr.wikipedia.org/?curid=15367129,https://fr.wikipedia.org/wiki/Shiina Natsukawa,Page utilisant P569
D\u00f3ris Monteiro,https://fr.wikipedia.org/?curid=15379636,https://fr.wikipedia.org/wiki/D\u00f3ris Monteiro,Page utilisant P569
Chelsea Noble,https://fr.wikipedia.org/?curid=15377972,https://fr.wikipedia.org/wiki/Chelsea Noble,Page utilisant P569
Linnea Berthelsen,https://fr.wikipedia.org/?curid=15384282,https://fr.wikipedia.org/wiki/Linnea Berthelsen,Page utilisant P569
Jhoselyn Camargo,https://fr.wikipedia.org/?curid=15384504,https://fr.wikipedia.org/wiki/Jhoselyn Camargo,Article \u00e0 illustrer Athl\u00e8te
Lauren Lyle,https://fr.wikipedia.org/?curid=15393722,https://fr.wikipedia.org/wiki/Lauren Lyle,Page utilisant P569
Liste des joueuses de l'\u00e9quipe de R\u00e9publique d'Irlande f\u00e9minine de football,https://fr.wikipedia.org/?curid=15415829,https://fr.wikipedia.org/wiki/Liste des joueuses de l'\u00e9quipe de R\u00e9publique d'Irlande f\u00e9minine de football,Portail:Football/Articles li\u00e9s
Ruby Cruz,https://fr.wikipedia.org/?curid=15415390,https://fr.wikipedia.org/wiki/Ruby Cruz,Article \u00e0 illustrer Personnalit\u00e9 du cin\u00e9ma
Jeon Yeo-been,https://fr.wikipedia.org/?curid=15415445,https://fr.wikipedia.org/wiki/Jeon Yeo-been,Page utilisant P569
Ivana Alawi,https://fr.wikipedia.org/?curid=15413327,https://fr.wikipedia.org/wiki/Ivana Alawi,Wikip\u00e9dia:\u00e9bauche acteur philippin
Britt Weerman,https://fr.wikipedia.org/?curid=15414790,https://fr.wikipedia.org/wiki/Britt Weerman,Wikip\u00e9dia:\u00e9bauche athl\u00e8te n\u00e9erlandais
Ayesha Takia,https://fr.wikipedia.org/?curid=1538519,https://fr.wikipedia.org/wiki/Ayesha Takia,Wikip\u00e9dia:\u00e9bauche acteur indien
Joo Ye-rim,https://fr.wikipedia.org/?curid=15389224,https://fr.wikipedia.org/wiki/Joo Ye-rim,Page utilisant P569
Olivia Dean,https://fr.wikipedia.org/?curid=15389973,https://fr.wikipedia.org/wiki/Olivia Dean,Article utilisant une Infobox
Ameya Anilkumar,https://fr.wikipedia.org/?curid=15386781,https://fr.wikipedia.org/wiki/Ameya Anilkumar,Page utilisant P569
Georgette Herbos,https://fr.wikipedia.org/?curid=15363054,https://fr.wikipedia.org/wiki/Georgette Herbos,Page utilisant P569
Kim Se-jeong,https://fr.wikipedia.org/?curid=15374444,https://fr.wikipedia.org/wiki/Kim Se-jeong,Article utilisant une Infobox
Ver\u00f3nica Rodr\u00edguez,https://fr.wikipedia.org/?curid=15373301,https://fr.wikipedia.org/wiki/Ver\u00f3nica Rodr\u00edguez,Page utilisant P569
Lynda Sherazade,https://fr.wikipedia.org/?curid=15375966,https://fr.wikipedia.org/wiki/Lynda Sherazade,Page utilisant P569
Mimi Kuzyk,https://fr.wikipedia.org/?curid=15409399,https://fr.wikipedia.org/wiki/Mimi Kuzyk,Page utilisant P569
Lucio Cinti,https://fr.wikipedia.org/?curid=15412180,https://fr.wikipedia.org/wiki/Lucio Cinti,Article utilisant une Infobox
Yasmina Laaroussi,https://fr.wikipedia.org/?curid=15130584,https://fr.wikipedia.org/wiki/Yasmina Laaroussi,Wikip\u00e9dia:\u00e9bauche footballeuse
Nathan Guerbeur,https://fr.wikipedia.org/?curid=15126879,https://fr.wikipedia.org/wiki/Nathan Guerbeur,Wikip\u00e9dia:\u00e9bauche triathl\u00e8te
Jaide Stepter Baynes,https://fr.wikipedia.org/?curid=15128602,https://fr.wikipedia.org/wiki/Jaide Stepter Baynes,Wikip\u00e9dia:\u00e9bauche athl\u00e9tisme
Alfred Hitchcock,https://fr.wikipedia.org/?curid=149,https://fr.wikipedia.org/wiki/Alfred Hitchcock,Article \u00e0 r\u00e9f\u00e9rence insuffisante
Zhana Todorova,https://fr.wikipedia.org/?curid=15194211,https://fr.wikipedia.org/wiki/Zhana Todorova,Wikip\u00e9dia:\u00e9bauche joueuse de volley-ball
Aleksandra Lisowska,https://fr.wikipedia.org/?curid=15140804,https://fr.wikipedia.org/wiki/Aleksandra Lisowska,Wikip\u00e9dia:\u00e9bauche athl\u00e8te polonais
Emily Willis,https://fr.wikipedia.org/?curid=15188205,https://fr.wikipedia.org/wiki/Emily Willis,Article utilisant une Infobox
Giuditta Turini,https://fr.wikipedia.org/?curid=15187211,https://fr.wikipedia.org/wiki/Giuditta Turini,Article \u00e0 illustrer Athl\u00e8te
Da\u00efna Bourma,https://fr.wikipedia.org/?curid=15172322,https://fr.wikipedia.org/wiki/Da\u00efna Bourma,Article \u00e0 illustrer Footballeur
Denyzee,https://fr.wikipedia.org/?curid=15158629,https://fr.wikipedia.org/wiki/Denyzee,Page utilisant P569
Chelsea Vowel,https://fr.wikipedia.org/?curid=15158798,https://fr.wikipedia.org/wiki/Chelsea Vowel,Page utilisant P19
Super Freaky Girl,https://fr.wikipedia.org/?curid=15178277,https://fr.wikipedia.org/wiki/Super Freaky Girl,Article utilisant une Infobox
Atsede Habtamu,https://fr.wikipedia.org/?curid=15181179,https://fr.wikipedia.org/wiki/Atsede Habtamu,Page utilisant P569
Bad Liar (chanson de Selena Gomez),https://fr.wikipedia.org/?curid=15155135,https://fr.wikipedia.org/wiki/Bad Liar (chanson de Selena Gomez),Wikip\u00e9dia:\u00e9bauche chanson
Katie Schide,https://fr.wikipedia.org/?curid=15157870,https://fr.wikipedia.org/wiki/Katie Schide,Page utilisant P569
Juliette Fidon-Lebleu,https://fr.wikipedia.org/?curid=15166021,https://fr.wikipedia.org/wiki/Juliette Fidon-Lebleu,Article \u00e0 illustrer Joueur de volley-ball
Patricia Rivadeneira,https://fr.wikipedia.org/?curid=15156987,https://fr.wikipedia.org/wiki/Patricia Rivadeneira,Wikip\u00e9dia:\u00e9bauche acteur chilien
Pienso en tu mir\u00e1,https://fr.wikipedia.org/?curid=15005951,https://fr.wikipedia.org/wiki/Pienso en tu mir\u00e1,Wikip\u00e9dia:\u00e9bauche chanson
Bagdad (chanson de Rosal\u00eda),https://fr.wikipedia.org/?curid=15006085,https://fr.wikipedia.org/wiki/Bagdad (chanson de Rosal\u00eda),Wikip\u00e9dia:\u00e9bauche chanson
Angelina Topi\u0107,https://fr.wikipedia.org/?curid=15006681,https://fr.wikipedia.org/wiki/Angelina Topi\u0107,Wikip\u00e9dia:\u00e9bauche athl\u00e8te serbe
L\u00e9andra Olinga Andela,https://fr.wikipedia.org/?curid=15007156,https://fr.wikipedia.org/wiki/L\u00e9andra Olinga Andela,Article utilisant une Infobox
Nienke Brinkman,https://fr.wikipedia.org/?curid=15004546,https://fr.wikipedia.org/wiki/Nienke Brinkman,Article utilisant une Infobox
Nono Flavy,https://fr.wikipedia.org/?curid=15007793,https://fr.wikipedia.org/wiki/Nono Flavy,Page utilisant P569
Luisa Baptista,https://fr.wikipedia.org/?curid=15005460,https://fr.wikipedia.org/wiki/Luisa Baptista,Wikip\u00e9dia:\u00e9bauche triathl\u00e8te
Sara P\u00e9rez Sala,https://fr.wikipedia.org/?curid=15005461,https://fr.wikipedia.org/wiki/Sara P\u00e9rez Sala,Wikip\u00e9dia:\u00e9bauche triathl\u00e8te
Bence Bics\u00e1k,https://fr.wikipedia.org/?curid=15005463,https://fr.wikipedia.org/wiki/Bence Bics\u00e1k,Wikip\u00e9dia:\u00e9bauche triathl\u00e8te
Malamente,https://fr.wikipedia.org/?curid=15005764,https://fr.wikipedia.org/wiki/Malamente,Wikip\u00e9dia:\u00e9bauche chanson
Ado (chanteuse),https://fr.wikipedia.org/?curid=15029546,https://fr.wikipedia.org/wiki/Ado (chanteuse),Traduction \u00e0 revoir
Sabrina Labiod,https://fr.wikipedia.org/?curid=15032647,https://fr.wikipedia.org/wiki/Sabrina Labiod,Wikip\u00e9dia:\u00e9bauche footballeuse
Abby Steiner,https://fr.wikipedia.org/?curid=15033418,https://fr.wikipedia.org/wiki/Abby Steiner,Wikip\u00e9dia:\u00e9bauche athl\u00e9tisme
Bethany Black,https://fr.wikipedia.org/?curid=15046902,https://fr.wikipedia.org/wiki/Bethany Black,Page utilisant P569
Manon Bernard (volley-ball),https://fr.wikipedia.org/?curid=15047656,https://fr.wikipedia.org/wiki/Manon Bernard (volley-ball),Article utilisant une Infobox
Mari Rantasila,https://fr.wikipedia.org/?curid=15046483,https://fr.wikipedia.org/wiki/Mari Rantasila,Article manquant de r\u00e9f\u00e9rences depuis janvier 2023
Charlotte Leduc,https://fr.wikipedia.org/?curid=15048161,https://fr.wikipedia.org/wiki/Charlotte Leduc,Article \u00e0 illustrer Personnalit\u00e9 politique
Haruka Kitaguchi,https://fr.wikipedia.org/?curid=15019674,https://fr.wikipedia.org/wiki/Haruka Kitaguchi,Wikip\u00e9dia:\u00e9bauche athl\u00e8te
Scarlett la Queen,https://fr.wikipedia.org/?curid=15019373,https://fr.wikipedia.org/wiki/Scarlett la Queen,Page utilisant P569
Sabah Seghir,https://fr.wikipedia.org/?curid=15039871,https://fr.wikipedia.org/wiki/Sabah Seghir,Recension temporaire pour le mod\u00e8le Article
Jeanick Fournier,https://fr.wikipedia.org/?curid=15039405,https://fr.wikipedia.org/wiki/Jeanick Fournier,Article avec source \u00e0 lier
Sayuri,https://fr.wikipedia.org/?curid=15039675,https://fr.wikipedia.org/wiki/Sayuri,Page utilisant P742
Rose Yeboah,https://fr.wikipedia.org/?curid=15035812,https://fr.wikipedia.org/wiki/Rose Yeboah,Wikip\u00e9dia:\u00e9bauche athl\u00e8te ghan\u00e9en
Alessia Dipol,https://fr.wikipedia.org/?curid=15016480,https://fr.wikipedia.org/wiki/Alessia Dipol,Article \u00e0 illustrer Sportif
Leyanis P\u00e9rez,https://fr.wikipedia.org/?curid=15000969,https://fr.wikipedia.org/wiki/Leyanis P\u00e9rez,Wikip\u00e9dia:\u00e9bauche athl\u00e8te cubain
Zheng Qinwen,https://fr.wikipedia.org/?curid=15002199,https://fr.wikipedia.org/wiki/Zheng Qinwen,Article utilisant une Infobox
Liste des princesses de Lorraine,https://fr.wikipedia.org/?curid=15002517,https://fr.wikipedia.org/wiki/Liste des princesses de Lorraine,Article contenant un appel \u00e0 traduction en anglais
Gigi Gorgeous,https://fr.wikipedia.org/?curid=15002637,https://fr.wikipedia.org/wiki/Gigi Gorgeous,Page utilisant P569
Helen Park,https://fr.wikipedia.org/?curid=15027062,https://fr.wikipedia.org/wiki/Helen Park,Article \u00e0 wikifier depuis juin 2022
Carine M\u00e9kam,https://fr.wikipedia.org/?curid=15026452,https://fr.wikipedia.org/wiki/Carine M\u00e9kam,Article \u00e0 illustrer Athl\u00e8te
Vivienne Medrano,https://fr.wikipedia.org/?curid=14942208,https://fr.wikipedia.org/wiki/Vivienne Medrano,Article \u00e0 wikifier depuis avril 2022
Camille Moutard,https://fr.wikipedia.org/?curid=14935802,https://fr.wikipedia.org/wiki/Camille Moutard,Article \u00e0 illustrer Athl\u00e8te
Giuseppe Botero,https://fr.wikipedia.org/?curid=14930137,https://fr.wikipedia.org/wiki/Giuseppe Botero,Article utilisant une Infobox
Sarah Van Dam,https://fr.wikipedia.org/?curid=15295689,https://fr.wikipedia.org/wiki/Sarah Van Dam,Page utilisant P569
Sorana C\u00eerstea,https://fr.wikipedia.org/?curid=1529188,https://fr.wikipedia.org/wiki/Sorana C\u00eerstea,Article utilisant une Infobox
Chiara Pogneaux,https://fr.wikipedia.org/?curid=15302385,https://fr.wikipedia.org/wiki/Chiara Pogneaux,Article utilisant une Infobox
Camille Mendoza,https://fr.wikipedia.org/?curid=15300612,https://fr.wikipedia.org/wiki/Camille Mendoza,Page utilisant P569
Kata Janza,https://fr.wikipedia.org/?curid=15299711,https://fr.wikipedia.org/wiki/Kata Janza,Wikip\u00e9dia:\u00e9bauche chanteur hongrois
Hold My Hand (chanson de Lady Gaga),https://fr.wikipedia.org/?curid=15288839,https://fr.wikipedia.org/wiki/Hold My Hand (chanson de Lady Gaga),Article utilisant une Infobox
Holy Fvck,https://fr.wikipedia.org/?curid=15289031,https://fr.wikipedia.org/wiki/Holy Fvck,Article contenant un appel \u00e0 traduction en anglais
Kathleen Noone,https://fr.wikipedia.org/?curid=15287583,https://fr.wikipedia.org/wiki/Kathleen Noone,Page utilisant P27
Amita Berthier,https://fr.wikipedia.org/?curid=15287681,https://fr.wikipedia.org/wiki/Amita Berthier,Page utilisant des arguments dupliqu\u00e9s dans les appels de mod\u00e8le
Mirjana Jokovi\u0107,https://fr.wikipedia.org/?curid=15281536,https://fr.wikipedia.org/wiki/Mirjana Jokovi\u0107,Page utilisant P569
Mawar Eva de Jongh,https://fr.wikipedia.org/?curid=15281688,https://fr.wikipedia.org/wiki/Mawar Eva de Jongh,Article contenant un appel \u00e0 traduction en indon\u00e9sien
Barbora Macurov\u00e1,https://fr.wikipedia.org/?curid=15284460,https://fr.wikipedia.org/wiki/Barbora Macurov\u00e1,Article \u00e0 illustrer Athl\u00e8te
Vanesha Prescilla,https://fr.wikipedia.org/?curid=15280216,https://fr.wikipedia.org/wiki/Vanesha Prescilla,Article utilisant une Infobox
No Candle No Light,https://fr.wikipedia.org/?curid=15263475,https://fr.wikipedia.org/wiki/No Candle No Light,Wikip\u00e9dia:\u00e9bauche chanson
Marta Onofre,https://fr.wikipedia.org/?curid=15263609,https://fr.wikipedia.org/wiki/Marta Onofre,Wikip\u00e9dia:\u00e9bauche athl\u00e8te
Liste des joueuses d'Angers Basket 49,https://fr.wikipedia.org/?curid=15263773,https://fr.wikipedia.org/wiki/Liste des joueuses d'Angers Basket 49,Article contenant un appel \u00e0 traduction en anglais
Rosalie Knapp,https://fr.wikipedia.org/?curid=15276862,https://fr.wikipedia.org/wiki/Rosalie Knapp,Article \u00e0 illustrer Patineur artistique
Fatim Fofana,https://fr.wikipedia.org/?curid=15276159,https://fr.wikipedia.org/wiki/Fatim Fofana,Wikip\u00e9dia:\u00e9bauche judo
Deolane Bezerra,https://fr.wikipedia.org/?curid=15251115,https://fr.wikipedia.org/wiki/Deolane Bezerra,Article utilisant une Infobox
Margaret Purce,https://fr.wikipedia.org/?curid=15256507,https://fr.wikipedia.org/wiki/Margaret Purce,Article utilisant une Infobox
Be\u00f1at Marmissolle,https://fr.wikipedia.org/?curid=15247538,https://fr.wikipedia.org/wiki/Be\u00f1at Marmissolle,Wikip\u00e9dia:\u00e9bauche athl\u00e8te fran\u00e7ais
Cecilia Underwood,https://fr.wikipedia.org/?curid=15260020,https://fr.wikipedia.org/wiki/Cecilia Underwood,Article utilisant une Infobox
Hedy Stenuf,https://fr.wikipedia.org/?curid=15259006,https://fr.wikipedia.org/wiki/Hedy Stenuf,Article \u00e0 illustrer Patineur artistique
Bianca Maria Dittrich,https://fr.wikipedia.org/?curid=15257418,https://fr.wikipedia.org/wiki/Bianca Maria Dittrich,Article utilisant une Infobox
Fatma Elbendary,https://fr.wikipedia.org/?curid=15264107,https://fr.wikipedia.org/wiki/Fatma Elbendary,Article manquant de r\u00e9f\u00e9rences depuis novembre 2022
Jennifer Dodds,https://fr.wikipedia.org/?curid=15265579,https://fr.wikipedia.org/wiki/Jennifer Dodds,Wikip\u00e9dia:\u00e9bauche curling
Dominique Randle,https://fr.wikipedia.org/?curid=15250105,https://fr.wikipedia.org/wiki/Dominique Randle,Article \u00e0 illustrer Footballeur
Maria McLean,https://fr.wikipedia.org/?curid=15255019,https://fr.wikipedia.org/wiki/Maria McLean,Article \u00e0 illustrer Patineur artistique
Jimena Florit,https://fr.wikipedia.org/?curid=14877526,https://fr.wikipedia.org/wiki/Jimena Florit,Wikip\u00e9dia:\u00e9bauche coureur cycliste argentin
Hedda Zu Putlitz,https://fr.wikipedia.org/?curid=14877527,https://fr.wikipedia.org/wiki/Hedda Zu Putlitz,Wikip\u00e9dia:\u00e9bauche coureur cycliste allemand
Hsieh Hsin-ying,https://fr.wikipedia.org/?curid=14907236,https://fr.wikipedia.org/wiki/Hsieh Hsin-ying,Wikip\u00e9dia:\u00e9bauche acteur ta\u00efwanais
Fan Pengfei,https://fr.wikipedia.org/?curid=14903470,https://fr.wikipedia.org/wiki/Fan Pengfei,Traduction \u00e0 revoir
Megan Oldham,https://fr.wikipedia.org/?curid=14896147,https://fr.wikipedia.org/wiki/Megan Oldham,Article \u00e0 illustrer Sportif
Sophie Lewis,https://fr.wikipedia.org/?curid=14897555,https://fr.wikipedia.org/wiki/Sophie Lewis,Page utilisant P569
Liste des comtesses et duchesses de Nevers,https://fr.wikipedia.org/?curid=14880143,https://fr.wikipedia.org/wiki/Liste des comtesses et duchesses de Nevers,Portail:Ni\u00e8vre/Articles li\u00e9s
Adrienne Dore,https://fr.wikipedia.org/?curid=14875379,https://fr.wikipedia.org/wiki/Adrienne Dore,Page utilisant P569
Elena Stoffel,https://fr.wikipedia.org/?curid=14875399,https://fr.wikipedia.org/wiki/Elena Stoffel,Article \u00e0 illustrer Sportif
Liste de peintures de Marie-Guillemine Benoist,https://fr.wikipedia.org/?curid=14889864,https://fr.wikipedia.org/wiki/Liste de peintures de Marie-Guillemine Benoist,Wikip\u00e9dia:\u00e9bauche peinture
Pauline Lecarpentier,https://fr.wikipedia.org/?curid=14893889,https://fr.wikipedia.org/wiki/Pauline Lecarpentier,Page utilisant P569
Kendra Dacher,https://fr.wikipedia.org/?curid=14894028,https://fr.wikipedia.org/wiki/Kendra Dacher,Page utilisant P569
Marion Th\u00e9nault,https://fr.wikipedia.org/?curid=14684350,https://fr.wikipedia.org/wiki/Marion Th\u00e9nault,Wikip\u00e9dia:\u00e9bauche ski acrobatique
Katherine Sauerbrey,https://fr.wikipedia.org/?curid=14683793,https://fr.wikipedia.org/wiki/Katherine Sauerbrey,Wikip\u00e9dia:\u00e9bauche sportif allemand
Angelina Golikova,https://fr.wikipedia.org/?curid=14686351,https://fr.wikipedia.org/wiki/Angelina Golikova,Article \u00e0 illustrer Sportif
Kokomo Murase,https://fr.wikipedia.org/?curid=14689798,https://fr.wikipedia.org/wiki/Kokomo Murase,Article \u00e0 illustrer Sportif
Sydney Peterson,https://fr.wikipedia.org/?curid=14843671,https://fr.wikipedia.org/wiki/Sydney Peterson,Article \u00e0 illustrer Sportif
Beatriz Michelena,https://fr.wikipedia.org/?curid=14861954,https://fr.wikipedia.org/wiki/Beatriz Michelena,Page utilisant P569
Ditaji Kambundji,https://fr.wikipedia.org/?curid=14860804,https://fr.wikipedia.org/wiki/Ditaji Kambundji,Wikip\u00e9dia:\u00e9bauche athl\u00e8te suisse
Mikiah Brisco,https://fr.wikipedia.org/?curid=14860385,https://fr.wikipedia.org/wiki/Mikiah Brisco,Wikip\u00e9dia:\u00e9bauche athl\u00e8te am\u00e9ricain
Marybeth Sant-Price,https://fr.wikipedia.org/?curid=14860388,https://fr.wikipedia.org/wiki/Marybeth Sant-Price,Wikip\u00e9dia:\u00e9bauche athl\u00e8te am\u00e9ricain
Elinor Purrier St. Pierre,https://fr.wikipedia.org/?curid=14862502,https://fr.wikipedia.org/wiki/Elinor Purrier St. Pierre,Wikip\u00e9dia:\u00e9bauche athl\u00e8te am\u00e9ricain
Angela Asher,https://fr.wikipedia.org/?curid=15213379,https://fr.wikipedia.org/wiki/Angela Asher,Page utilisant P19
Michelle Nicolini,https://fr.wikipedia.org/?curid=15219410,https://fr.wikipedia.org/wiki/Michelle Nicolini,Wikip\u00e9dia:\u00e9bauche sportif br\u00e9silien
Haseki,https://fr.wikipedia.org/?curid=15218189,https://fr.wikipedia.org/wiki/Haseki,Portail:Empire ottoman/Articles li\u00e9s
Sonia Snelling,https://fr.wikipedia.org/?curid=15218562,https://fr.wikipedia.org/wiki/Sonia Snelling,Article \u00e0 illustrer Patineur artistique
Yoko Sakaue,https://fr.wikipedia.org/?curid=15226023,https://fr.wikipedia.org/wiki/Yoko Sakaue,Wikip\u00e9dia:\u00e9bauche judo
Yang Junxia,https://fr.wikipedia.org/?curid=15226256,https://fr.wikipedia.org/wiki/Yang Junxia,Wikip\u00e9dia:\u00e9bauche judo
Xu Yuhua (judokate),https://fr.wikipedia.org/?curid=15226285,https://fr.wikipedia.org/wiki/Xu Yuhua (judokate),Wikip\u00e9dia:\u00e9bauche judo
Wu Shugen,https://fr.wikipedia.org/?curid=15226308,https://fr.wikipedia.org/wiki/Wu Shugen,Wikip\u00e9dia:\u00e9bauche judo
Vera Koval,https://fr.wikipedia.org/?curid=15226360,https://fr.wikipedia.org/wiki/Vera Koval,Wikip\u00e9dia:\u00e9bauche judo
Uta K\u00fchnen,https://fr.wikipedia.org/?curid=15226414,https://fr.wikipedia.org/wiki/Uta K\u00fchnen,Wikip\u00e9dia:\u00e9bauche sportif
Katharina Haecker,https://fr.wikipedia.org/?curid=15224556,https://fr.wikipedia.org/wiki/Katharina Haecker,Wikip\u00e9dia:\u00e9bauche judo
Alexandra Schreiber,https://fr.wikipedia.org/?curid=15224626,https://fr.wikipedia.org/wiki/Alexandra Schreiber,Wikip\u00e9dia:\u00e9bauche judo
Amy Cotton,https://fr.wikipedia.org/?curid=15224660,https://fr.wikipedia.org/wiki/Amy Cotton,Wikip\u00e9dia:\u00e9bauche judo
Mariana Silva,https://fr.wikipedia.org/?curid=15224778,https://fr.wikipedia.org/wiki/Mariana Silva,Wikip\u00e9dia:\u00e9bauche judo
Maryna Prokofyeva,https://fr.wikipedia.org/?curid=15224852,https://fr.wikipedia.org/wiki/Maryna Prokofyeva,Wikip\u00e9dia:\u00e9bauche sportif
Giovanna Blanco,https://fr.wikipedia.org/?curid=15224889,https://fr.wikipedia.org/wiki/Giovanna Blanco,Wikip\u00e9dia:\u00e9bauche judo
Szofi \u00d6zbas,https://fr.wikipedia.org/?curid=15224924,https://fr.wikipedia.org/wiki/Szofi \u00d6zbas,Article \u00e0 illustrer Judoka
Alycia Parks,https://fr.wikipedia.org/?curid=15225075,https://fr.wikipedia.org/wiki/Alycia Parks,Article utilisant une Infobox
Svetlana Gundarenko,https://fr.wikipedia.org/?curid=15226494,https://fr.wikipedia.org/wiki/Svetlana Gundarenko,Wikip\u00e9dia:\u00e9bauche judo
Tatyana Shishkina,https://fr.wikipedia.org/?curid=15226925,https://fr.wikipedia.org/wiki/Tatyana Shishkina,Wikip\u00e9dia:\u00e9bauche judo
Svitlana Iaromka,https://fr.wikipedia.org/?curid=15226944,https://fr.wikipedia.org/wiki/Svitlana Iaromka,Wikip\u00e9dia:\u00e9bauche sportif
Andreja Le\u0161ki,https://fr.wikipedia.org/?curid=15223657,https://fr.wikipedia.org/wiki/Andreja Le\u0161ki,Article utilisant une Infobox
Hiroe Nakai,https://fr.wikipedia.org/?curid=15212105,https://fr.wikipedia.org/wiki/Hiroe Nakai,Page utilisant P569
Troupe de la Com\u00e9die-Fran\u00e7aise en 1680,https://fr.wikipedia.org/?curid=1524402,https://fr.wikipedia.org/wiki/Troupe de la Com\u00e9die-Fran\u00e7aise en 1680,Portail:Th\u00e9\u00e2tre/Articles li\u00e9s
Marcello Ugazio,https://fr.wikipedia.org/?curid=15244030,https://fr.wikipedia.org/wiki/Marcello Ugazio,Article utilisant une Infobox
Fiona O'Sullivan,https://fr.wikipedia.org/?curid=15215603,https://fr.wikipedia.org/wiki/Fiona O'Sullivan,Article utilisant une Infobox
Anissa Belkasmi,https://fr.wikipedia.org/?curid=15220439,https://fr.wikipedia.org/wiki/Anissa Belkasmi,Article \u00e0 illustrer Footballeur
Lauren Bell,https://fr.wikipedia.org/?curid=15234012,https://fr.wikipedia.org/wiki/Lauren Bell,Page utilisant P569
Anna Morris,https://fr.wikipedia.org/?curid=15234049,https://fr.wikipedia.org/wiki/Anna Morris,Page utilisant P569
Kong Ja-young,https://fr.wikipedia.org/?curid=15231522,https://fr.wikipedia.org/wiki/Kong Ja-young,Wikip\u00e9dia:\u00e9bauche judo
Kim Young-ran (judokate),https://fr.wikipedia.org/?curid=15231531,https://fr.wikipedia.org/wiki/Kim Young-ran (judokate),Wikip\u00e9dia:\u00e9bauche judo
Kim Jan-di (judokate),https://fr.wikipedia.org/?curid=15231575,https://fr.wikipedia.org/wiki/Kim Jan-di (judokate),Wikip\u00e9dia:\u00e9bauche judo
Kang Yu-jeong,https://fr.wikipedia.org/?curid=15231629,https://fr.wikipedia.org/wiki/Kang Yu-jeong,Wikip\u00e9dia:\u00e9bauche judo
Ri Kyong-ok,https://fr.wikipedia.org/?curid=15231668,https://fr.wikipedia.org/wiki/Ri Kyong-ok,Wikip\u00e9dia:\u00e9bauche judo
Catherine Roberge,https://fr.wikipedia.org/?curid=15233602,https://fr.wikipedia.org/wiki/Catherine Roberge,Wikip\u00e9dia:\u00e9bauche judo
Joliane Melan\u00e7on,https://fr.wikipedia.org/?curid=15233627,https://fr.wikipedia.org/wiki/Joliane Melan\u00e7on,Wikip\u00e9dia:\u00e9bauche judo
Niki Jenkins,https://fr.wikipedia.org/?curid=15233637,https://fr.wikipedia.org/wiki/Niki Jenkins,Wikip\u00e9dia:\u00e9bauche judo
Catarina Costa,https://fr.wikipedia.org/?curid=15233820,https://fr.wikipedia.org/wiki/Catarina Costa,Wikip\u00e9dia:\u00e9bauche judo
Paula Saldanha,https://fr.wikipedia.org/?curid=15233827,https://fr.wikipedia.org/wiki/Paula Saldanha,Wikip\u00e9dia:\u00e9bauche judo
Sandra Bacher,https://fr.wikipedia.org/?curid=15233862,https://fr.wikipedia.org/wiki/Sandra Bacher,Wikip\u00e9dia:\u00e9bauche sportif am\u00e9ricain
Yuan Liying,https://fr.wikipedia.org/?curid=15233960,https://fr.wikipedia.org/wiki/Yuan Liying,Page utilisant P569
Dolly de Leon,https://fr.wikipedia.org/?curid=15236056,https://fr.wikipedia.org/wiki/Dolly de Leon,Article manquant de r\u00e9f\u00e9rences depuis octobre 2022
Barbara Andolina,https://fr.wikipedia.org/?curid=15232023,https://fr.wikipedia.org/wiki/Barbara Andolina,Wikip\u00e9dia:\u00e9bauche sportif italien
Francesca Milani,https://fr.wikipedia.org/?curid=15232074,https://fr.wikipedia.org/wiki/Francesca Milani,Wikip\u00e9dia:\u00e9bauche judo
Giovanna Tortora,https://fr.wikipedia.org/?curid=15232085,https://fr.wikipedia.org/wiki/Giovanna Tortora,Wikip\u00e9dia:\u00e9bauche judo
Maria Teresa Motta,https://fr.wikipedia.org/?curid=15232497,https://fr.wikipedia.org/wiki/Maria Teresa Motta,Article manquant de r\u00e9f\u00e9rences depuis octobre 2022
Michelle Rogers,https://fr.wikipedia.org/?curid=15233505,https://fr.wikipedia.org/wiki/Michelle Rogers,Wikip\u00e9dia:\u00e9bauche judo
Diane Bell (judokate),https://fr.wikipedia.org/?curid=15233557,https://fr.wikipedia.org/wiki/Diane Bell (judokate),Wikip\u00e9dia:\u00e9bauche judo
Chloe Cowen,https://fr.wikipedia.org/?curid=15233562,https://fr.wikipedia.org/wiki/Chloe Cowen,Wikip\u00e9dia:\u00e9bauche judo
Hedvig Karakas,https://fr.wikipedia.org/?curid=15237204,https://fr.wikipedia.org/wiki/Hedvig Karakas,Wikip\u00e9dia:\u00e9bauche sportif hongrois
Bernadett Baczk\u00f3,https://fr.wikipedia.org/?curid=15237210,https://fr.wikipedia.org/wiki/Bernadett Baczk\u00f3,Wikip\u00e9dia:\u00e9bauche sportif hongrois
Marijana Mi\u0161kovi\u0107,https://fr.wikipedia.org/?curid=15237294,https://fr.wikipedia.org/wiki/Marijana Mi\u0161kovi\u0107,Wikip\u00e9dia:\u00e9bauche sportif croate
Moira de Villiers,https://fr.wikipedia.org/?curid=15237427,https://fr.wikipedia.org/wiki/Moira de Villiers,Wikip\u00e9dia:\u00e9bauche judo
Michaela Vernerov\u00e1,https://fr.wikipedia.org/?curid=15237490,https://fr.wikipedia.org/wiki/Michaela Vernerov\u00e1,Wikip\u00e9dia:\u00e9bauche sportif tch\u00e8que
Diyora Keldiyorova,https://fr.wikipedia.org/?curid=15238045,https://fr.wikipedia.org/wiki/Diyora Keldiyorova,Wikip\u00e9dia:\u00e9bauche sportif ouzbek
Dilara Lokmanhekim,https://fr.wikipedia.org/?curid=15238052,https://fr.wikipedia.org/wiki/Dilara Lokmanhekim,Wikip\u00e9dia:\u00e9bauche sportif turc
Daria Skrypnik,https://fr.wikipedia.org/?curid=15238079,https://fr.wikipedia.org/wiki/Daria Skrypnik,Wikip\u00e9dia:\u00e9bauche sportif bi\u00e9lorusse
Nilmari Santini,https://fr.wikipedia.org/?curid=15236736,https://fr.wikipedia.org/wiki/Nilmari Santini,Wikip\u00e9dia:\u00e9bauche judo
Isabelle Schmutz,https://fr.wikipedia.org/?curid=15237096,https://fr.wikipedia.org/wiki/Isabelle Schmutz,Wikip\u00e9dia:\u00e9bauche judo
Liliko Ogasawara,https://fr.wikipedia.org/?curid=15237653,https://fr.wikipedia.org/wiki/Liliko Ogasawara,Wikip\u00e9dia:\u00e9bauche judo
Lien Chen-ling,https://fr.wikipedia.org/?curid=15237682,https://fr.wikipedia.org/wiki/Lien Chen-ling,Wikip\u00e9dia:\u00e9bauche judo
Carole Jane Pachl,https://fr.wikipedia.org/?curid=15237831,https://fr.wikipedia.org/wiki/Carole Jane Pachl,Article \u00e0 illustrer Patineur artistique
Khishigbatyn Erdenet-Od,https://fr.wikipedia.org/?curid=15237996,https://fr.wikipedia.org/wiki/Khishigbatyn Erdenet-Od,Wikip\u00e9dia:\u00e9bauche sportif
Keira D'Amato,https://fr.wikipedia.org/?curid=15201554,https://fr.wikipedia.org/wiki/Keira D'Amato,Wikip\u00e9dia:\u00e9bauche athl\u00e9tisme
Kimia Yousofi,https://fr.wikipedia.org/?curid=15195615,https://fr.wikipedia.org/wiki/Kimia Yousofi,Page utilisant P569
Donita Sparks,https://fr.wikipedia.org/?curid=15204866,https://fr.wikipedia.org/wiki/Donita Sparks,Page utilisant P569
Chantal Han,https://fr.wikipedia.org/?curid=15230602,https://fr.wikipedia.org/wiki/Chantal Han,Wikip\u00e9dia:\u00e9bauche judo
Raffaella Imbriani,https://fr.wikipedia.org/?curid=15230665,https://fr.wikipedia.org/wiki/Raffaella Imbriani,Wikip\u00e9dia:\u00e9bauche sportif allemand
Frauke Eickhoff,https://fr.wikipedia.org/?curid=15230700,https://fr.wikipedia.org/wiki/Frauke Eickhoff,Wikip\u00e9dia:\u00e9bauche sportif allemand
Claudia Weber,https://fr.wikipedia.org/?curid=15230720,https://fr.wikipedia.org/wiki/Claudia Weber,Wikip\u00e9dia:\u00e9bauche judo
Claudia Malzahn,https://fr.wikipedia.org/?curid=15230729,https://fr.wikipedia.org/wiki/Claudia Malzahn,Wikip\u00e9dia:\u00e9bauche sportif allemand
Daria Davydova,https://fr.wikipedia.org/?curid=15229501,https://fr.wikipedia.org/wiki/Daria Davydova,Wikip\u00e9dia:\u00e9bauche judo
Natalia Yukhareva,https://fr.wikipedia.org/?curid=15229504,https://fr.wikipedia.org/wiki/Natalia Yukhareva,Page utilisant P569
Irina Rodina,https://fr.wikipedia.org/?curid=15229547,https://fr.wikipedia.org/wiki/Irina Rodina,Page utilisant P569
Sae Nakazawa,https://fr.wikipedia.org/?curid=15229570,https://fr.wikipedia.org/wiki/Sae Nakazawa,Wikip\u00e9dia:\u00e9bauche judo
Keiko Teshima,https://fr.wikipedia.org/?curid=15229607,https://fr.wikipedia.org/wiki/Keiko Teshima,Wikip\u00e9dia:\u00e9bauche judo
Bianca Costa,https://fr.wikipedia.org/?curid=15228000,https://fr.wikipedia.org/wiki/Bianca Costa,Page utilisant P569
Sholpan Kaliyeva,https://fr.wikipedia.org/?curid=15228191,https://fr.wikipedia.org/wiki/Sholpan Kaliyeva,Wikip\u00e9dia:\u00e9bauche judo
Marian Urdabayeva,https://fr.wikipedia.org/?curid=15228197,https://fr.wikipedia.org/wiki/Marian Urdabayeva,Wikip\u00e9dia:\u00e9bauche judo
Shiho Tanaka (judokate),https://fr.wikipedia.org/?curid=15228231,https://fr.wikipedia.org/wiki/Shiho Tanaka (judokate),Article \u00e0 illustrer Judoka
Sharon Lee (judokate),https://fr.wikipedia.org/?curid=15228289,https://fr.wikipedia.org/wiki/Sharon Lee (judokate),Wikip\u00e9dia:\u00e9bauche sportif britannique
Megumi Horikawa,https://fr.wikipedia.org/?curid=15228321,https://fr.wikipedia.org/wiki/Megumi Horikawa,Wikip\u00e9dia:\u00e9bauche sportif japonais
Sayaka Matsumoto,https://fr.wikipedia.org/?curid=15230162,https://fr.wikipedia.org/wiki/Sayaka Matsumoto,Wikip\u00e9dia:\u00e9bauche judo
Sara \u00c1lvarez,https://fr.wikipedia.org/?curid=15230186,https://fr.wikipedia.org/wiki/Sara \u00c1lvarez,Page utilisant P569
Oiana Blanco,https://fr.wikipedia.org/?curid=15230212,https://fr.wikipedia.org/wiki/Oiana Blanco,Wikip\u00e9dia:\u00e9bauche judo
Mar\u00eda M\u00f3nica Merenciano,https://fr.wikipedia.org/?curid=15230239,https://fr.wikipedia.org/wiki/Mar\u00eda M\u00f3nica Merenciano,Wikip\u00e9dia:\u00e9bauche sportif espagnol
Julia Figueroa,https://fr.wikipedia.org/?curid=15230252,https://fr.wikipedia.org/wiki/Julia Figueroa,Wikip\u00e9dia:\u00e9bauche judo
Colleen Rosensteel,https://fr.wikipedia.org/?curid=15230315,https://fr.wikipedia.org/wiki/Colleen Rosensteel,Wikip\u00e9dia:\u00e9bauche judo
Celita Schutz,https://fr.wikipedia.org/?curid=15230345,https://fr.wikipedia.org/wiki/Celita Schutz,Wikip\u00e9dia:\u00e9bauche judo
Maryna Pryshchepa,https://fr.wikipedia.org/?curid=15230380,https://fr.wikipedia.org/wiki/Maryna Pryshchepa,Wikip\u00e9dia:\u00e9bauche judo
Anastasiia Matrosova,https://fr.wikipedia.org/?curid=15230402,https://fr.wikipedia.org/wiki/Anastasiia Matrosova,Wikip\u00e9dia:\u00e9bauche sportif ukrainien
Julie Michaux,https://fr.wikipedia.org/?curid=15230494,https://fr.wikipedia.org/wiki/Julie Michaux,Page utilisant P569
Carola Uilenhoed,https://fr.wikipedia.org/?curid=15230498,https://fr.wikipedia.org/wiki/Carola Uilenhoed,Wikip\u00e9dia:\u00e9bauche judo
Ne\u015fe \u015eensoy,https://fr.wikipedia.org/?curid=15230529,https://fr.wikipedia.org/wiki/Ne\u015fe \u015eensoy,Wikip\u00e9dia:\u00e9bauche judo
Sanne Vermeer,https://fr.wikipedia.org/?curid=15230547,https://fr.wikipedia.org/wiki/Sanne Vermeer,Wikip\u00e9dia:\u00e9bauche sportif n\u00e9erlandais
Ma Yingnan,https://fr.wikipedia.org/?curid=15228691,https://fr.wikipedia.org/wiki/Ma Yingnan,Wikip\u00e9dia:\u00e9bauche judo
Liu Yuxiang,https://fr.wikipedia.org/?curid=15228718,https://fr.wikipedia.org/wiki/Liu Yuxiang,Wikip\u00e9dia:\u00e9bauche judo
Li Aiyue,https://fr.wikipedia.org/?curid=15228778,https://fr.wikipedia.org/wiki/Li Aiyue,Wikip\u00e9dia:\u00e9bauche judo
Leng Chunhui,https://fr.wikipedia.org/?curid=15228795,https://fr.wikipedia.org/wiki/Leng Chunhui,Wikip\u00e9dia:\u00e9bauche judo
Park Ji-young,https://fr.wikipedia.org/?curid=15231492,https://fr.wikipedia.org/wiki/Park Ji-young,Wikip\u00e9dia:\u00e9bauche judo
Lee So-yeon,https://fr.wikipedia.org/?curid=15231510,https://fr.wikipedia.org/wiki/Lee So-yeon,Wikip\u00e9dia:\u00e9bauche judo
Lee Eun-hee,https://fr.wikipedia.org/?curid=15231515,https://fr.wikipedia.org/wiki/Lee Eun-hee,Wikip\u00e9dia:\u00e9bauche judo
Broti Gupta,https://fr.wikipedia.org/?curid=15203174,https://fr.wikipedia.org/wiki/Broti Gupta,Article \u00e0 illustrer Personnalit\u00e9 du cin\u00e9ma
St\u00e9phanie Malarme,https://fr.wikipedia.org/?curid=15199669,https://fr.wikipedia.org/wiki/St\u00e9phanie Malarme,Article orphelin depuis septembre 2022
Morgan Barban\u00e7on,https://fr.wikipedia.org/?curid=15199741,https://fr.wikipedia.org/wiki/Morgan Barban\u00e7on,Page utilisant P569
Tigist Assefa,https://fr.wikipedia.org/?curid=15201293,https://fr.wikipedia.org/wiki/Tigist Assefa,Article utilisant une Infobox
Vikt\u00f3ria Madar\u00e1sz,https://fr.wikipedia.org/?curid=15147414,https://fr.wikipedia.org/wiki/Vikt\u00f3ria Madar\u00e1sz,Wikip\u00e9dia:\u00e9bauche athl\u00e8te hongrois
Saskia Feige,https://fr.wikipedia.org/?curid=15147448,https://fr.wikipedia.org/wiki/Saskia Feige,Wikip\u00e9dia:\u00e9bauche athl\u00e8te allemand
Tereza Fi\u0161erov\u00e1,https://fr.wikipedia.org/?curid=15154775,https://fr.wikipedia.org/wiki/Tereza Fi\u0161erov\u00e1,Wikip\u00e9dia:\u00e9bauche cano\u00eb-kayak
Jessie Knight,https://fr.wikipedia.org/?curid=15101981,https://fr.wikipedia.org/wiki/Jessie Knight,Wikip\u00e9dia:\u00e9bauche athl\u00e8te britannique
Elisa Sortini,https://fr.wikipedia.org/?curid=15120179,https://fr.wikipedia.org/wiki/Elisa Sortini,Article utilisant une Infobox
Maryna Er Gorbach,https://fr.wikipedia.org/?curid=15120293,https://fr.wikipedia.org/wiki/Maryna Er Gorbach,Wikip\u00e9dia:\u00e9bauche r\u00e9alisateur ukrainien
Fatima Ezzahra Akif,https://fr.wikipedia.org/?curid=15120777,https://fr.wikipedia.org/wiki/Fatima Ezzahra Akif,Article \u00e0 illustrer Footballeur
Camilla Magliano,https://fr.wikipedia.org/?curid=15118124,https://fr.wikipedia.org/wiki/Camilla Magliano,Article utilisant une Infobox
Mariam Sidib\u00e9,https://fr.wikipedia.org/?curid=15121658,https://fr.wikipedia.org/wiki/Mariam Sidib\u00e9,Article utilisant une Infobox
Nour Imane Addi,https://fr.wikipedia.org/?curid=15124856,https://fr.wikipedia.org/wiki/Nour Imane Addi,Article \u00e0 illustrer Footballeur
Kim Clavel,https://fr.wikipedia.org/?curid=15122340,https://fr.wikipedia.org/wiki/Kim Clavel,Article \u00e0 illustrer Boxeur
Ricarda Bauernfeind,https://fr.wikipedia.org/?curid=15122954,https://fr.wikipedia.org/wiki/Ricarda Bauernfeind,Page utilisant P569
Tiphaine Sevin,https://fr.wikipedia.org/?curid=15125396,https://fr.wikipedia.org/wiki/Tiphaine Sevin,Article \u00e0 illustrer Joueur de volley-ball
Sophia Laukli,https://fr.wikipedia.org/?curid=15133856,https://fr.wikipedia.org/wiki/Sophia Laukli,Article \u00e0 illustrer Sportif
Park Ju-hyun,https://fr.wikipedia.org/?curid=15133924,https://fr.wikipedia.org/wiki/Park Ju-hyun,Wikip\u00e9dia:\u00e9bauche acteur sud-cor\u00e9en
\u00c9milie Acquistapace,https://fr.wikipedia.org/?curid=15132660,https://fr.wikipedia.org/wiki/\u00c9milie Acquistapace,Wikip\u00e9dia:\u00e9bauche aviron
Olivia King,https://fr.wikipedia.org/?curid=15135135,https://fr.wikipedia.org/wiki/Olivia King,Page utilisant P569
Rodrigo Gonz\u00e1lez (triathlon),https://fr.wikipedia.org/?curid=15133331,https://fr.wikipedia.org/wiki/Rodrigo Gonz\u00e1lez (triathlon),Wikip\u00e9dia:\u00e9bauche triathl\u00e8te
Matthew Hauser,https://fr.wikipedia.org/?curid=15113341,https://fr.wikipedia.org/wiki/Matthew Hauser,Wikip\u00e9dia:\u00e9bauche triathl\u00e8te
Mojca Koligar,https://fr.wikipedia.org/?curid=15052504,https://fr.wikipedia.org/wiki/Mojca Koligar,Article \u00e0 illustrer Athl\u00e8te
Diana Gomes,https://fr.wikipedia.org/?curid=15063031,https://fr.wikipedia.org/wiki/Diana Gomes,Wikip\u00e9dia:\u00e9bauche footballeuse
Jule Niemeier,https://fr.wikipedia.org/?curid=15064299,https://fr.wikipedia.org/wiki/Jule Niemeier,Article utilisant une Infobox
Sabina Moya,https://fr.wikipedia.org/?curid=15061222,https://fr.wikipedia.org/wiki/Sabina Moya,Wikip\u00e9dia:\u00e9bauche athl\u00e8te colombien
Cl\u00e9ment Mignon (triathlon),https://fr.wikipedia.org/?curid=15058338,https://fr.wikipedia.org/wiki/Cl\u00e9ment Mignon (triathlon),Page utilisant P569
Sara Alonso,https://fr.wikipedia.org/?curid=15057004,https://fr.wikipedia.org/wiki/Sara Alonso,Article utilisant une Infobox
Nesryne El Chad,https://fr.wikipedia.org/?curid=15055599,https://fr.wikipedia.org/wiki/Nesryne El Chad,Article utilisant une Infobox
Melissa Jefferson,https://fr.wikipedia.org/?curid=15058960,https://fr.wikipedia.org/wiki/Melissa Jefferson,Wikip\u00e9dia:\u00e9bauche athl\u00e9tisme
Lisa Hahner,https://fr.wikipedia.org/?curid=15108166,https://fr.wikipedia.org/wiki/Lisa Hahner,Article utilisant une Infobox
Laurence Parent,https://fr.wikipedia.org/?curid=15107648,https://fr.wikipedia.org/wiki/Laurence Parent,Article utilisant une Infobox
Britton Wilson,https://fr.wikipedia.org/?curid=15100675,https://fr.wikipedia.org/wiki/Britton Wilson,Wikip\u00e9dia:\u00e9bauche athl\u00e9tisme
Antig\u00f3ni Drisbi\u00f3ti,https://fr.wikipedia.org/?curid=15139403,https://fr.wikipedia.org/wiki/Antig\u00f3ni Drisbi\u00f3ti,Wikip\u00e9dia:\u00e9bauche athl\u00e8te grec
Elena Ballesteros,https://fr.wikipedia.org/?curid=15135510,https://fr.wikipedia.org/wiki/Elena Ballesteros,Page utilisant P19
Noa Kirel,https://fr.wikipedia.org/?curid=15135666,https://fr.wikipedia.org/wiki/Noa Kirel,Page utilisant P569
Jesper Svensson,https://fr.wikipedia.org/?curid=15145220,https://fr.wikipedia.org/wiki/Jesper Svensson,Wikip\u00e9dia:\u00e9bauche triathl\u00e8te
Ewa R\u00f3\u017ca\u0144ska,https://fr.wikipedia.org/?curid=15145645,https://fr.wikipedia.org/wiki/Ewa R\u00f3\u017ca\u0144ska,Wikip\u00e9dia:\u00e9bauche athl\u00e8te polonais
Lowri Thomas,https://fr.wikipedia.org/?curid=15145709,https://fr.wikipedia.org/wiki/Lowri Thomas,Page utilisant P569
Maddie Leech,https://fr.wikipedia.org/?curid=15145846,https://fr.wikipedia.org/wiki/Maddie Leech,Page utilisant P569
Anna Wielgosz,https://fr.wikipedia.org/?curid=15146334,https://fr.wikipedia.org/wiki/Anna Wielgosz,Wikip\u00e9dia:\u00e9bauche athl\u00e8te polonais
Doriane Pin,https://fr.wikipedia.org/?curid=15144293,https://fr.wikipedia.org/wiki/Doriane Pin,Article utilisant une Infobox
Alessia Pavese,https://fr.wikipedia.org/?curid=15146688,https://fr.wikipedia.org/wiki/Alessia Pavese,Wikip\u00e9dia:\u00e9bauche athl\u00e8te italien
Jessica Conrad,https://fr.wikipedia.org/?curid=13767691,https://fr.wikipedia.org/wiki/Jessica Conrad,Article \u00e0 illustrer Personnalit\u00e9 du cin\u00e9ma
Fabienne Hartweger,https://fr.wikipedia.org/?curid=13819955,https://fr.wikipedia.org/wiki/Fabienne Hartweger,Wikip\u00e9dia:\u00e9bauche biathlon
Colette Guyard,https://fr.wikipedia.org/?curid=13820278,https://fr.wikipedia.org/wiki/Colette Guyard,Wikip\u00e9dia:\u00e9bauche footballeuse fran\u00e7aise
Megan Bankes,https://fr.wikipedia.org/?curid=13820440,https://fr.wikipedia.org/wiki/Megan Bankes,Wikip\u00e9dia:\u00e9bauche biathlon
Ellen van Langen,https://fr.wikipedia.org/?curid=1381735,https://fr.wikipedia.org/wiki/Ellen van Langen,Wikip\u00e9dia:\u00e9bauche athl\u00e8te n\u00e9erlandais
Hanna Sola,https://fr.wikipedia.org/?curid=13810532,https://fr.wikipedia.org/wiki/Hanna Sola,Wikip\u00e9dia:\u00e9bauche biathlon
Oph\u00e9lie Meilleroux,https://fr.wikipedia.org/?curid=1381177,https://fr.wikipedia.org/wiki/Oph\u00e9lie Meilleroux,Article utilisant une Infobox
Ally Wollaston,https://fr.wikipedia.org/?curid=13779633,https://fr.wikipedia.org/wiki/Ally Wollaston,Page utilisant P569
Ruth Gemmell,https://fr.wikipedia.org/?curid=13828814,https://fr.wikipedia.org/wiki/Ruth Gemmell,Article contenant un lien mort
Amandine Ch\u00e9ron,https://fr.wikipedia.org/?curid=13791675,https://fr.wikipedia.org/wiki/Amandine Ch\u00e9ron,Article \u00e0 illustrer Joueur de basket-ball
Ekaterina Iourieva,https://fr.wikipedia.org/?curid=1379212,https://fr.wikipedia.org/wiki/Ekaterina Iourieva,Wikip\u00e9dia:\u00e9bauche biathlon
Leah Metcalf,https://fr.wikipedia.org/?curid=13782776,https://fr.wikipedia.org/wiki/Leah Metcalf,Article utilisant une Infobox
Maeve Plouffe,https://fr.wikipedia.org/?curid=13780108,https://fr.wikipedia.org/wiki/Maeve Plouffe,Page utilisant P569
Sara Errani,https://fr.wikipedia.org/?curid=1378418,https://fr.wikipedia.org/wiki/Sara Errani,Article utilisant une Infobox
Guidina Dal Sasso,https://fr.wikipedia.org/?curid=13772681,https://fr.wikipedia.org/wiki/Guidina Dal Sasso,Article \u00e0 illustrer Sportif
Emily Shearman,https://fr.wikipedia.org/?curid=13775897,https://fr.wikipedia.org/wiki/Emily Shearman,Wikip\u00e9dia:\u00e9bauche cyclisme sur piste
\u00c9lise Mari\u00e9,https://fr.wikipedia.org/?curid=13778045,https://fr.wikipedia.org/wiki/\u00c9lise Mari\u00e9,Article \u00e0 illustrer Joueur de basket-ball
Ida Lien,https://fr.wikipedia.org/?curid=13780705,https://fr.wikipedia.org/wiki/Ida Lien,Wikip\u00e9dia:\u00e9bauche sportif norv\u00e9gien
Joelly Belleka,https://fr.wikipedia.org/?curid=13781156,https://fr.wikipedia.org/wiki/Joelly Belleka,Article \u00e0 illustrer Joueur de basket-ball
Millicent Tanner,https://fr.wikipedia.org/?curid=13723200,https://fr.wikipedia.org/wiki/Millicent Tanner,Wikip\u00e9dia:\u00e9bauche coureur cycliste britannique
Blaine Ridge-Davis,https://fr.wikipedia.org/?curid=13723222,https://fr.wikipedia.org/wiki/Blaine Ridge-Davis,Wikip\u00e9dia:\u00e9bauche coureur cycliste britannique
Andrea Stojadinov,https://fr.wikipedia.org/?curid=13718220,https://fr.wikipedia.org/wiki/Andrea Stojadinov,Wikip\u00e9dia:\u00e9bauche judo
Katharina Menz,https://fr.wikipedia.org/?curid=13718232,https://fr.wikipedia.org/wiki/Katharina Menz,Wikip\u00e9dia:\u00e9bauche judo
Alberthiene Endah,https://fr.wikipedia.org/?curid=13720611,https://fr.wikipedia.org/wiki/Alberthiene Endah,Page utilisant P569
Kissa Sins,https://fr.wikipedia.org/?curid=13723465,https://fr.wikipedia.org/wiki/Kissa Sins,Page utilisant P569
It Ain't Me,https://fr.wikipedia.org/?curid=13719427,https://fr.wikipedia.org/wiki/It Ain't Me,Article utilisant une Infobox
Ander Okamika,https://fr.wikipedia.org/?curid=13771036,https://fr.wikipedia.org/wiki/Ander Okamika,Wikip\u00e9dia:\u00e9bauche coureur cycliste espagnol
Bao Shanju,https://fr.wikipedia.org/?curid=13773525,https://fr.wikipedia.org/wiki/Bao Shanju,Page utilisant P569
Laura Rogora,https://fr.wikipedia.org/?curid=13667009,https://fr.wikipedia.org/wiki/Laura Rogora,Wikip\u00e9dia:\u00e9bauche escalade
Tadeja Brankovi\u010d-Likozar,https://fr.wikipedia.org/?curid=1287500,https://fr.wikipedia.org/wiki/Tadeja Brankovi\u010d-Likozar,Wikip\u00e9dia:\u00e9bauche biathlon
Nurul Izzah Anwar,https://fr.wikipedia.org/?curid=12876102,https://fr.wikipedia.org/wiki/Nurul Izzah Anwar,Article utilisant une Infobox
Marion Bertrand,https://fr.wikipedia.org/?curid=1287634,https://fr.wikipedia.org/wiki/Marion Bertrand,Article utilisant une Infobox
Elvira \u00d6berg,https://fr.wikipedia.org/?curid=13072926,https://fr.wikipedia.org/wiki/Elvira \u00d6berg,Article utilisant une Infobox
Mar\u00eda P\u00eda Fern\u00e1ndez,https://fr.wikipedia.org/?curid=13127758,https://fr.wikipedia.org/wiki/Mar\u00eda P\u00eda Fern\u00e1ndez,Wikip\u00e9dia:\u00e9bauche athl\u00e8te
Liste des m\u00e9daill\u00e9s aux Jeux olympiques d'\u00e9t\u00e9 de 1956,https://fr.wikipedia.org/?curid=13128025,https://fr.wikipedia.org/wiki/Liste des m\u00e9daill\u00e9s aux Jeux olympiques d'\u00e9t\u00e9 de 1956,Page utilisant une pr\u00e9sentation en colonnes avec un nombre fixe de colonnes
Kati Winkler,https://fr.wikipedia.org/?curid=1312682,https://fr.wikipedia.org/wiki/Kati Winkler,Wikip\u00e9dia:\u00e9bauche patinage artistique
Chrissy Costanza,https://fr.wikipedia.org/?curid=13123080,https://fr.wikipedia.org/wiki/Chrissy Costanza,Article manquant de r\u00e9f\u00e9rences depuis mai 2020
Discographie d'Ang\u00e8le,https://fr.wikipedia.org/?curid=13125104,https://fr.wikipedia.org/wiki/Discographie d'Ang\u00e8le,Article utilisant une Infobox
Afia Mala,https://fr.wikipedia.org/?curid=13125412,https://fr.wikipedia.org/wiki/Afia Mala,Page utilisant P569
Morgan Arritola,https://fr.wikipedia.org/?curid=13028890,https://fr.wikipedia.org/wiki/Morgan Arritola,Article utilisant une Infobox
Barbara Mati\u0107,https://fr.wikipedia.org/?curid=13050262,https://fr.wikipedia.org/wiki/Barbara Mati\u0107,Wikip\u00e9dia:\u00e9bauche judo
Lola Ponce,https://fr.wikipedia.org/?curid=13188033,https://fr.wikipedia.org/wiki/Lola Ponce,Page utilisant P569
Sylvia Tyson,https://fr.wikipedia.org/?curid=13188261,https://fr.wikipedia.org/wiki/Sylvia Tyson,Article utilisant une Infobox
Bernadette Meier-Br\u00e4ndle,https://fr.wikipedia.org/?curid=13207205,https://fr.wikipedia.org/wiki/Bernadette Meier-Br\u00e4ndle,Article utilisant une Infobox
Gaby Sch\u00fctz,https://fr.wikipedia.org/?curid=13209548,https://fr.wikipedia.org/wiki/Gaby Sch\u00fctz,Article \u00e0 illustrer Athl\u00e8te
Yulduz Usmanova,https://fr.wikipedia.org/?curid=1320956,https://fr.wikipedia.org/wiki/Yulduz Usmanova,Page utilisant P569
Chitrangada Singh,https://fr.wikipedia.org/?curid=13209915,https://fr.wikipedia.org/wiki/Chitrangada Singh,Wikip\u00e9dia:\u00e9bauche acteur indien
Janina Hettich-Walz,https://fr.wikipedia.org/?curid=13209917,https://fr.wikipedia.org/wiki/Janina Hettich-Walz,Article utilisant une Infobox
Mandy Takhar,https://fr.wikipedia.org/?curid=13268512,https://fr.wikipedia.org/wiki/Mandy Takhar,Page utilisant P551
June Markham,https://fr.wikipedia.org/?curid=13269384,https://fr.wikipedia.org/wiki/June Markham,Wikip\u00e9dia:\u00e9bauche patinage artistique
Kim So-won,https://fr.wikipedia.org/?curid=13269712,https://fr.wikipedia.org/wiki/Kim So-won,Article utilisant une Infobox
Nike Bent,https://fr.wikipedia.org/?curid=1327054,https://fr.wikipedia.org/wiki/Nike Bent,Wikip\u00e9dia:\u00e9bauche ski alpin
Exy,https://fr.wikipedia.org/?curid=13244950,https://fr.wikipedia.org/wiki/Exy,Article utilisant une Infobox
Nina Aysagher,https://fr.wikipedia.org/?curid=13230979,https://fr.wikipedia.org/wiki/Nina Aysagher,Article \u00e0 illustrer Patineur artistique
Nosipho Dumisa,https://fr.wikipedia.org/?curid=13243810,https://fr.wikipedia.org/wiki/Nosipho Dumisa,Article \u00e0 illustrer Personnalit\u00e9 du cin\u00e9ma
Ana\u00efs Sabri\u00e9,https://fr.wikipedia.org/?curid=13246028,https://fr.wikipedia.org/wiki/Ana\u00efs Sabri\u00e9,Article utilisant une Infobox
Asinnajaq,https://fr.wikipedia.org/?curid=13246251,https://fr.wikipedia.org/wiki/Asinnajaq,Page utilisant P569
Park Soo-bin,https://fr.wikipedia.org/?curid=13247077,https://fr.wikipedia.org/wiki/Park Soo-bin,Wikip\u00e9dia:\u00e9bauche chanteur sud-cor\u00e9en
Liste des m\u00e9daill\u00e9s aux Jeux olympiques d'\u00e9t\u00e9 de 1964,https://fr.wikipedia.org/?curid=13265867,https://fr.wikipedia.org/wiki/Liste des m\u00e9daill\u00e9s aux Jeux olympiques d'\u00e9t\u00e9 de 1964,Page utilisant une pr\u00e9sentation en colonnes avec un nombre fixe de colonnes
Amandine Miquel,https://fr.wikipedia.org/?curid=13265915,https://fr.wikipedia.org/wiki/Amandine Miquel,Article \u00e0 illustrer Footballeur
Jade Bird,https://fr.wikipedia.org/?curid=13265949,https://fr.wikipedia.org/wiki/Jade Bird,Article utilisant une Infobox
\u00c9lodie Nakkach,https://fr.wikipedia.org/?curid=13264946,https://fr.wikipedia.org/wiki/\u00c9lodie Nakkach,Article utilisant une Infobox
Kanika Maheshwari,https://fr.wikipedia.org/?curid=13265076,https://fr.wikipedia.org/wiki/Kanika Maheshwari,Page utilisant P569
Kethna Louis,https://fr.wikipedia.org/?curid=13263559,https://fr.wikipedia.org/wiki/Kethna Louis,Article \u00e0 illustrer Footballeur
Fetish,https://fr.wikipedia.org/?curid=13249660,https://fr.wikipedia.org/wiki/Fetish,Article contenant un appel \u00e0 traduction en anglais
\u00c9lise Poncet,https://fr.wikipedia.org/?curid=13262575,https://fr.wikipedia.org/wiki/\u00c9lise Poncet,Article \u00e0 illustrer Athl\u00e8te
Meng Mei Qi,https://fr.wikipedia.org/?curid=13260946,https://fr.wikipedia.org/wiki/Meng Mei Qi,Article utilisant une Infobox
Cheng Xiao,https://fr.wikipedia.org/?curid=13257784,https://fr.wikipedia.org/wiki/Cheng Xiao,Article utilisant une Infobox
