Name,URL1,URL2,First Category
Maria Therese Tviberg,https://fr.wikipedia.org/?curid=9795561,https://fr.wikipedia.org/wiki/Maria Therese Tviberg,Page utilisant P569
Elaine Zayak,https://fr.wikipedia.org/?curid=987480,https://fr.wikipedia.org/wiki/Elaine Zayak,Wikip\u00e9dia:\u00e9bauche patinage artistique
Konomi Suzuki,https://fr.wikipedia.org/?curid=9874947,https://fr.wikipedia.org/wiki/Konomi Suzuki,Article utilisant une Infobox
Joanna Lawn,https://fr.wikipedia.org/?curid=9866468,https://fr.wikipedia.org/wiki/Joanna Lawn,Wikip\u00e9dia:\u00e9bauche triathlon
Wendee Levy,https://fr.wikipedia.org/?curid=9850249,https://fr.wikipedia.org/wiki/Wendee Levy,Page utilisant P569
Gabriela Gun\u010d\u00edkov\u00e1,https://fr.wikipedia.org/?curid=9850417,https://fr.wikipedia.org/wiki/Gabriela Gun\u010d\u00edkov\u00e1,Wikip\u00e9dia:\u00e9bauche chanteur
S\u0259mra R\u0259himli,https://fr.wikipedia.org/?curid=9850444,https://fr.wikipedia.org/wiki/S\u0259mra R\u0259himli,Wikip\u00e9dia:\u00e9bauche chanteur
Annamaria Mazzetti,https://fr.wikipedia.org/?curid=9869711,https://fr.wikipedia.org/wiki/Annamaria Mazzetti,Article utilisant une Infobox
Quanera Hayes,https://fr.wikipedia.org/?curid=9870021,https://fr.wikipedia.org/wiki/Quanera Hayes,Wikip\u00e9dia:\u00e9bauche athl\u00e8te am\u00e9ricain
Ruedi Wild,https://fr.wikipedia.org/?curid=9870180,https://fr.wikipedia.org/wiki/Ruedi Wild,Article utilisant une Infobox
Marta Hazas,https://fr.wikipedia.org/?curid=9870837,https://fr.wikipedia.org/wiki/Marta Hazas,Article utilisant une Infobox
Maik Petzold,https://fr.wikipedia.org/?curid=9868510,https://fr.wikipedia.org/wiki/Maik Petzold,Wikip\u00e9dia:\u00e9bauche triathlon
Nadia Cortassa,https://fr.wikipedia.org/?curid=9869396,https://fr.wikipedia.org/wiki/Nadia Cortassa,Wikip\u00e9dia:\u00e9bauche triathl\u00e8te
Loles Le\u00f3n,https://fr.wikipedia.org/?curid=987594,https://fr.wikipedia.org/wiki/Loles Le\u00f3n,Wikip\u00e9dia:\u00e9bauche acteur espagnol
Chelsea Wolfe,https://fr.wikipedia.org/?curid=9894068,https://fr.wikipedia.org/wiki/Chelsea Wolfe,Page utilisant P569
Svetla Zlateva,https://fr.wikipedia.org/?curid=9894337,https://fr.wikipedia.org/wiki/Svetla Zlateva,Wikip\u00e9dia:\u00e9bauche athl\u00e8te bulgare
Anna Andreyeva,https://fr.wikipedia.org/?curid=9896125,https://fr.wikipedia.org/wiki/Anna Andreyeva,Wikip\u00e9dia:\u00e9bauche athl\u00e8te sovi\u00e9tique
Malin Buska,https://fr.wikipedia.org/?curid=9896411,https://fr.wikipedia.org/wiki/Malin Buska,Wikip\u00e9dia:\u00e9bauche acteur su\u00e9dois
Faye McClelland,https://fr.wikipedia.org/?curid=9893378,https://fr.wikipedia.org/wiki/Faye McClelland,Article utilisant une Infobox
Kelly Williamson,https://fr.wikipedia.org/?curid=9893418,https://fr.wikipedia.org/wiki/Kelly Williamson,Article utilisant une Infobox
Ewa Gryziecka,https://fr.wikipedia.org/?curid=9894858,https://fr.wikipedia.org/wiki/Ewa Gryziecka,Wikip\u00e9dia:\u00e9bauche athl\u00e8te polonais
Antoaneta Todorova,https://fr.wikipedia.org/?curid=9894894,https://fr.wikipedia.org/wiki/Antoaneta Todorova,Wikip\u00e9dia:\u00e9bauche athl\u00e8te bulgare
Zdenka \u0160ilhav\u00e1,https://fr.wikipedia.org/?curid=9894989,https://fr.wikipedia.org/wiki/Zdenka \u0160ilhav\u00e1,Wikip\u00e9dia:\u00e9bauche athl\u00e8te tch\u00e8que
Galina Savinkova,https://fr.wikipedia.org/?curid=9895032,https://fr.wikipedia.org/wiki/Galina Savinkova,Wikip\u00e9dia:\u00e9bauche athl\u00e8te sovi\u00e9tique
Amy B. Jordan,https://fr.wikipedia.org/?curid=9856930,https://fr.wikipedia.org/wiki/Amy B. Jordan,Page utilisant P27
Ricarda Haaser,https://fr.wikipedia.org/?curid=9857434,https://fr.wikipedia.org/wiki/Ricarda Haaser,Wikip\u00e9dia:\u00e9bauche ski alpin
Celina Mikolajczak,https://fr.wikipedia.org/?curid=9857647,https://fr.wikipedia.org/wiki/Celina Mikolajczak,Page utilisant P19
Aline Danioth,https://fr.wikipedia.org/?curid=9822406,https://fr.wikipedia.org/wiki/Aline Danioth,Article utilisant une Infobox
Little Simz,https://fr.wikipedia.org/?curid=9899925,https://fr.wikipedia.org/wiki/Little Simz,Article utilisant une Infobox
Daniella Cicardini,https://fr.wikipedia.org/?curid=9858179,https://fr.wikipedia.org/wiki/Daniella Cicardini,Page utilisant des donn\u00e9es de Wikidata \u00e0 traduire de l'anglais
Daria Guidetti,https://fr.wikipedia.org/?curid=9855566,https://fr.wikipedia.org/wiki/Daria Guidetti,Page utilisant P569
Ingrid Landmark Tandrevold,https://fr.wikipedia.org/?curid=9862175,https://fr.wikipedia.org/wiki/Ingrid Landmark Tandrevold,Page utilisant des donn\u00e9es de Wikidata \u00e0 traduire de l'anglais
Julia Ransom,https://fr.wikipedia.org/?curid=9860504,https://fr.wikipedia.org/wiki/Julia Ransom,Wikip\u00e9dia:\u00e9bauche biathlon
Angelique Widjaja,https://fr.wikipedia.org/?curid=986229,https://fr.wikipedia.org/wiki/Angelique Widjaja,Article utilisant une Infobox
Alexandra Manly,https://fr.wikipedia.org/?curid=9862511,https://fr.wikipedia.org/wiki/Alexandra Manly,Page utilisant P569
St\u00e9phanie Foretz,https://fr.wikipedia.org/?curid=986254,https://fr.wikipedia.org/wiki/St\u00e9phanie Foretz,Article manquant de r\u00e9f\u00e9rences depuis ao\u00fbt 2020
Virginia Wade,https://fr.wikipedia.org/?curid=986296,https://fr.wikipedia.org/wiki/Virginia Wade,Article \u00e0 illustrer Joueur de tennis
Britta Martin,https://fr.wikipedia.org/?curid=9861345,https://fr.wikipedia.org/wiki/Britta Martin,Article \u00e0 illustrer Sportif
Tatyana Ossipova,https://fr.wikipedia.org/?curid=9788193,https://fr.wikipedia.org/wiki/Tatyana Ossipova,Wikip\u00e9dia:\u00e9bauche ski de fond
Irene Cadurisch,https://fr.wikipedia.org/?curid=9788402,https://fr.wikipedia.org/wiki/Irene Cadurisch,Wikip\u00e9dia:\u00e9bauche biathlon
Tessa Niles,https://fr.wikipedia.org/?curid=9788667,https://fr.wikipedia.org/wiki/Tessa Niles,Article utilisant une Infobox
Sofie Skoog,https://fr.wikipedia.org/?curid=9785156,https://fr.wikipedia.org/wiki/Sofie Skoog,Article utilisant une Infobox
Haley Johnson,https://fr.wikipedia.org/?curid=9785855,https://fr.wikipedia.org/wiki/Haley Johnson,Article utilisant une Infobox
Anna Lebedeva,https://fr.wikipedia.org/?curid=9785933,https://fr.wikipedia.org/wiki/Anna Lebedeva,Article \u00e0 illustrer Sportif
Alia Ouabdesselam,https://fr.wikipedia.org/?curid=9873881,https://fr.wikipedia.org/wiki/Alia Ouabdesselam,Wikip\u00e9dia:\u00e9bauche patinage artistique
Emi Hasegawa,https://fr.wikipedia.org/?curid=9888031,https://fr.wikipedia.org/wiki/Emi Hasegawa,Page utilisant P569
Bente Landheim,https://fr.wikipedia.org/?curid=9888082,https://fr.wikipedia.org/wiki/Bente Landheim,Wikip\u00e9dia:\u00e9bauche sportif norv\u00e9gien
Michelle Danner,https://fr.wikipedia.org/?curid=9889828,https://fr.wikipedia.org/wiki/Michelle Danner,Page utilisant P569
Tatiana Akimova,https://fr.wikipedia.org/?curid=9848753,https://fr.wikipedia.org/wiki/Tatiana Akimova,Article utilisant une Infobox
Chlo\u00e9 Dygert,https://fr.wikipedia.org/?curid=9854565,https://fr.wikipedia.org/wiki/Chlo\u00e9 Dygert,Page utilisant P569
Ciara Horne,https://fr.wikipedia.org/?curid=9854728,https://fr.wikipedia.org/wiki/Ciara Horne,Page utilisant P1477
Maria Antonella Barucci,https://fr.wikipedia.org/?curid=9844672,https://fr.wikipedia.org/wiki/Maria Antonella Barucci,Wikip\u00e9dia:\u00e9bauche astronome italien
Yoko Ono,https://fr.wikipedia.org/?curid=98494,https://fr.wikipedia.org/wiki/Yoko Ono,Article manquant de r\u00e9f\u00e9rences depuis mai 2015
Miss Br\u00e9sil 1959,https://fr.wikipedia.org/?curid=9775507,https://fr.wikipedia.org/wiki/Miss Br\u00e9sil 1959,Article \u00e0 illustrer Miss
Baiba Bendika,https://fr.wikipedia.org/?curid=9776684,https://fr.wikipedia.org/wiki/Baiba Bendika,Article utilisant une Infobox
Muriel Gunn,https://fr.wikipedia.org/?curid=9776269,https://fr.wikipedia.org/wiki/Muriel Gunn,Wikip\u00e9dia:\u00e9bauche athl\u00e8te britannique
Gudaf Tsegay,https://fr.wikipedia.org/?curid=9795142,https://fr.wikipedia.org/wiki/Gudaf Tsegay,Article utilisant une Infobox
Carla Quevedo,https://fr.wikipedia.org/?curid=9795238,https://fr.wikipedia.org/wiki/Carla Quevedo,Article utilisant une Infobox
Rosella Ayane,https://fr.wikipedia.org/?curid=9795431,https://fr.wikipedia.org/wiki/Rosella Ayane,Article utilisant une Infobox
Ang\u00e9lina Lanza,https://fr.wikipedia.org/?curid=9808155,https://fr.wikipedia.org/wiki/Ang\u00e9lina Lanza,Article utilisant une Infobox
Jung Soon-ok,https://fr.wikipedia.org/?curid=9830220,https://fr.wikipedia.org/wiki/Jung Soon-ok,Wikip\u00e9dia:\u00e9bauche athl\u00e8te sud-cor\u00e9en
Kim Hee-sun (athl\u00e9tisme),https://fr.wikipedia.org/?curid=9831465,https://fr.wikipedia.org/wiki/Kim Hee-sun (athl\u00e9tisme),Wikip\u00e9dia:\u00e9bauche athl\u00e8te sud-cor\u00e9en
Lee Myung-sun,https://fr.wikipedia.org/?curid=9831550,https://fr.wikipedia.org/wiki/Lee Myung-sun,Wikip\u00e9dia:\u00e9bauche athl\u00e8te sud-cor\u00e9en
Kang Na-ru,https://fr.wikipedia.org/?curid=9831765,https://fr.wikipedia.org/wiki/Kang Na-ru,Wikip\u00e9dia:\u00e9bauche athl\u00e8te sud-cor\u00e9en
Sophina Brown,https://fr.wikipedia.org/?curid=9832989,https://fr.wikipedia.org/wiki/Sophina Brown,Page utilisant P569
Linsey Corbin,https://fr.wikipedia.org/?curid=9949502,https://fr.wikipedia.org/wiki/Linsey Corbin,Article \u00e0 illustrer Sportif
Kathryn Ross,https://fr.wikipedia.org/?curid=9968003,https://fr.wikipedia.org/wiki/Kathryn Ross,Wikip\u00e9dia:\u00e9bauche aviron
Miss Br\u00e9sil 1960,https://fr.wikipedia.org/?curid=9980629,https://fr.wikipedia.org/wiki/Miss Br\u00e9sil 1960,Article \u00e0 illustrer Miss
Lauren Komanski,https://fr.wikipedia.org/?curid=9980701,https://fr.wikipedia.org/wiki/Lauren Komanski,Page utilisant P1477
Christine Bleakley,https://fr.wikipedia.org/?curid=9984528,https://fr.wikipedia.org/wiki/Christine Bleakley,Article utilisant une Infobox
The Mumbai Murders,https://fr.wikipedia.org/?curid=9981653,https://fr.wikipedia.org/wiki/The Mumbai Murders,Wikip\u00e9dia:\u00e9bauche film indien
Gilberto Gonz\u00e1lez,https://fr.wikipedia.org/?curid=9990085,https://fr.wikipedia.org/wiki/Gilberto Gonz\u00e1lez,Article \u00e0 illustrer Sportif
\u0130pek Soylu,https://fr.wikipedia.org/?curid=9969241,https://fr.wikipedia.org/wiki/\u0130pek Soylu,Article utilisant une Infobox
Nad\u00e8ge Ait-Ibrahim,https://fr.wikipedia.org/?curid=9991897,https://fr.wikipedia.org/wiki/Nad\u00e8ge Ait-Ibrahim,Wikip\u00e9dia:\u00e9bauche karat\u00e9ka fran\u00e7ais
Claudia Riegler (ski alpin),https://fr.wikipedia.org/?curid=999222,https://fr.wikipedia.org/wiki/Claudia Riegler (ski alpin),Wikip\u00e9dia:\u00e9bauche ski alpin
Barbara Kantorov\u00e1,https://fr.wikipedia.org/?curid=9990355,https://fr.wikipedia.org/wiki/Barbara Kantorov\u00e1,Wikip\u00e9dia:\u00e9bauche personnalit\u00e9 slovaque
Sofija Novoseli\u0107,https://fr.wikipedia.org/?curid=9990447,https://fr.wikipedia.org/wiki/Sofija Novoseli\u0107,Wikip\u00e9dia:\u00e9bauche ski alpin
Mar\u00eda Guadalupe Gonz\u00e1lez,https://fr.wikipedia.org/?curid=9993283,https://fr.wikipedia.org/wiki/Mar\u00eda Guadalupe Gonz\u00e1lez,Wikip\u00e9dia:\u00e9bauche athl\u00e8te mexicain
Kathy Kuykendall,https://fr.wikipedia.org/?curid=9941051,https://fr.wikipedia.org/wiki/Kathy Kuykendall,Article \u00e0 illustrer Joueur de tennis
Anna Chicherova,https://fr.wikipedia.org/?curid=997339,https://fr.wikipedia.org/wiki/Anna Chicherova,Article utilisant une Infobox
Star Trek: Starfleet Command II - Empires at War,https://fr.wikipedia.org/?curid=9979241,https://fr.wikipedia.org/wiki/Star Trek: Starfleet Command II - Empires at War,Wikip\u00e9dia:\u00e9bauche jeu vid\u00e9o
Shane Reed,https://fr.wikipedia.org/?curid=9977257,https://fr.wikipedia.org/wiki/Shane Reed,Wikip\u00e9dia:\u00e9bauche triathlon
Rachel Banham,https://fr.wikipedia.org/?curid=9978728,https://fr.wikipedia.org/wiki/Rachel Banham,Article utilisant une Infobox
Miss Belgique 2006,https://fr.wikipedia.org/?curid=9978244,https://fr.wikipedia.org/wiki/Miss Belgique 2006,Article \u00e0 illustrer Miss
Star Trek: New Worlds,https://fr.wikipedia.org/?curid=9978284,https://fr.wikipedia.org/wiki/Star Trek: New Worlds,Wikip\u00e9dia:\u00e9bauche jeu vid\u00e9o
Kathy Jordan,https://fr.wikipedia.org/?curid=997907,https://fr.wikipedia.org/wiki/Kathy Jordan,Article \u00e0 illustrer Joueur de tennis
Twin Peaks: The Return,https://fr.wikipedia.org/?curid=9966378,https://fr.wikipedia.org/wiki/Twin Peaks: The Return,Article utilisant une Infobox
Lieselot Decroix,https://fr.wikipedia.org/?curid=9960440,https://fr.wikipedia.org/wiki/Lieselot Decroix,Page utilisant P569
Moran Samuel,https://fr.wikipedia.org/?curid=9968465,https://fr.wikipedia.org/wiki/Moran Samuel,Wikip\u00e9dia:\u00e9bauche aviron
Rachel Morris,https://fr.wikipedia.org/?curid=9967899,https://fr.wikipedia.org/wiki/Rachel Morris,Wikip\u00e9dia:\u00e9bauche aviron
Varatchaya Wongteanchai,https://fr.wikipedia.org/?curid=9834566,https://fr.wikipedia.org/wiki/Varatchaya Wongteanchai,Article utilisant une Infobox
Yang Zhaoxuan,https://fr.wikipedia.org/?curid=9834598,https://fr.wikipedia.org/wiki/Yang Zhaoxuan,Article utilisant une Infobox
Hillary Clinton,https://fr.wikipedia.org/?curid=98348,https://fr.wikipedia.org/wiki/Hillary Clinton,Article utilisant une Infobox
Raynard Tissink,https://fr.wikipedia.org/?curid=9946538,https://fr.wikipedia.org/wiki/Raynard Tissink,Article utilisant une Infobox
M\u00e9lanie Astles,https://fr.wikipedia.org/?curid=9944049,https://fr.wikipedia.org/wiki/M\u00e9lanie Astles,Article manquant de r\u00e9f\u00e9rences depuis d\u00e9cembre 2016
Lisa Gunnarsson,https://fr.wikipedia.org/?curid=9944069,https://fr.wikipedia.org/wiki/Lisa Gunnarsson,Article utilisant une Infobox
Sananas,https://fr.wikipedia.org/?curid=9950105,https://fr.wikipedia.org/wiki/Sananas,Article utilisant une Infobox
Richie Cunningham,https://fr.wikipedia.org/?curid=9954745,https://fr.wikipedia.org/wiki/Richie Cunningham,Article \u00e0 illustrer Sportif
Talitha Bateman,https://fr.wikipedia.org/?curid=9959490,https://fr.wikipedia.org/wiki/Talitha Bateman,Wikip\u00e9dia:\u00e9bauche acteur am\u00e9ricain
Urvashi Rautela,https://fr.wikipedia.org/?curid=9959503,https://fr.wikipedia.org/wiki/Urvashi Rautela,Article utilisant une Infobox
\u00c7a\u011fla B\u00fcy\u00fckak\u00e7ay,https://fr.wikipedia.org/?curid=9960046,https://fr.wikipedia.org/wiki/\u00c7a\u011fla B\u00fcy\u00fckak\u00e7ay,Article utilisant une Infobox
Alexandra Tondeur,https://fr.wikipedia.org/?curid=9950515,https://fr.wikipedia.org/wiki/Alexandra Tondeur,Article utilisant une Infobox
Justien Grillet,https://fr.wikipedia.org/?curid=9947640,https://fr.wikipedia.org/wiki/Justien Grillet,Wikip\u00e9dia:\u00e9bauche athl\u00e8te belge
Miss Br\u00e9sil 1961,https://fr.wikipedia.org/?curid=9986754,https://fr.wikipedia.org/wiki/Miss Br\u00e9sil 1961,Article \u00e0 illustrer Miss
Joyce Mel\u00e9ndez,https://fr.wikipedia.org/?curid=9986908,https://fr.wikipedia.org/wiki/Joyce Mel\u00e9ndez,Wikip\u00e9dia:\u00e9bauche athl\u00e8te portoricain
Rosamund Musgrave,https://fr.wikipedia.org/?curid=9987998,https://fr.wikipedia.org/wiki/Rosamund Musgrave,Wikip\u00e9dia:\u00e9bauche sportif britannique
St\u00e9phanie Martin,https://fr.wikipedia.org/?curid=9995290,https://fr.wikipedia.org/wiki/St\u00e9phanie Martin,Page utilisant P569
Sandra Arenas,https://fr.wikipedia.org/?curid=9997249,https://fr.wikipedia.org/wiki/Sandra Arenas,Wikip\u00e9dia:\u00e9bauche athl\u00e8te colombien
Ana Free,https://fr.wikipedia.org/?curid=3984166,https://fr.wikipedia.org/wiki/Ana Free,Article sans source depuis mars 2023
Liste d'acteurs ayant incarn\u00e9 un pr\u00e9sident \u00e0 l'\u00e9cran,https://fr.wikipedia.org/?curid=1891400,https://fr.wikipedia.org/wiki/Liste d'acteurs ayant incarn\u00e9 un pr\u00e9sident \u00e0 l'\u00e9cran,Wikip\u00e9dia:\u00e9bauche liste
Liste d'acteurs et actrices ayant jou\u00e9 une divinit\u00e9 \u00e0 l'\u00e9cran,https://fr.wikipedia.org/?curid=1902385,https://fr.wikipedia.org/wiki/Liste d'acteurs et actrices ayant jou\u00e9 une divinit\u00e9 \u00e0 l'\u00e9cran,Wikip\u00e9dia:\u00e9bauche liste
Mar\u00eda Elisa Camargo,https://fr.wikipedia.org/?curid=10541429,https://fr.wikipedia.org/wiki/Mar\u00eda Elisa Camargo,Wikip\u00e9dia:\u00e9bauche acteur \u00e9quatorien
Charne Bosman,https://fr.wikipedia.org/?curid=10572255,https://fr.wikipedia.org/wiki/Charne Bosman,Article contenant un lien mort
Olga Morozova,https://fr.wikipedia.org/?curid=1057128,https://fr.wikipedia.org/wiki/Olga Morozova,Article \u00e0 illustrer Joueur de tennis
Christine Scheyer,https://fr.wikipedia.org/?curid=10570918,https://fr.wikipedia.org/wiki/Christine Scheyer,Wikip\u00e9dia:\u00e9bauche ski alpin
"Le Bon, la Brute et le Truand",https://fr.wikipedia.org/?curid=105110,"https://fr.wikipedia.org/wiki/Le Bon, la Brute et le Truand",Article utilisant une Infobox
Mur des cin\u00e9astes,https://fr.wikipedia.org/?curid=10511051,https://fr.wikipedia.org/wiki/Mur des cin\u00e9astes,Article manquant de r\u00e9f\u00e9rences depuis d\u00e9cembre 2016
Ni Ni,https://fr.wikipedia.org/?curid=10512324,https://fr.wikipedia.org/wiki/Ni Ni,Article utilisant une Infobox
Mariaan de Swardt,https://fr.wikipedia.org/?curid=1051249,https://fr.wikipedia.org/wiki/Mariaan de Swardt,Article \u00e0 illustrer Joueur de tennis
Idina Menzel,https://fr.wikipedia.org/?curid=1049493,https://fr.wikipedia.org/wiki/Idina Menzel,Wikip\u00e9dia:\u00e9bauche acteur am\u00e9ricain
Ta\u0165\u00e1na Kucha\u0159ov\u00e1,https://fr.wikipedia.org/?curid=1060362,https://fr.wikipedia.org/wiki/Ta\u0165\u00e1na Kucha\u0159ov\u00e1,Wikip\u00e9dia:\u00e9bauche personnalit\u00e9 tch\u00e8que
Olga Zaytseva (athl\u00e9tisme),https://fr.wikipedia.org/?curid=1060175,https://fr.wikipedia.org/wiki/Olga Zaytseva (athl\u00e9tisme),Wikip\u00e9dia:\u00e9bauche athl\u00e8te russe
Maria Jelinek,https://fr.wikipedia.org/?curid=1061601,https://fr.wikipedia.org/wiki/Maria Jelinek,Wikip\u00e9dia:\u00e9bauche patinage artistique
Poppy (chanteuse),https://fr.wikipedia.org/?curid=10613355,https://fr.wikipedia.org/wiki/Poppy (chanteuse),Page utilisant P569
Sonya Belousova,https://fr.wikipedia.org/?curid=10617686,https://fr.wikipedia.org/wiki/Sonya Belousova,Article contenant un lien mort
Symphora B\u00e9hi,https://fr.wikipedia.org/?curid=10586972,https://fr.wikipedia.org/wiki/Symphora B\u00e9hi,Wikip\u00e9dia:\u00e9bauche athl\u00e8te fran\u00e7ais
Jurgen Dereere,https://fr.wikipedia.org/?curid=10586990,https://fr.wikipedia.org/wiki/Jurgen Dereere,Wikip\u00e9dia:\u00e9bauche triathl\u00e8te
Alice Dubois,https://fr.wikipedia.org/?curid=10587312,https://fr.wikipedia.org/wiki/Alice Dubois,Wikip\u00e9dia:\u00e9bauche judo
Martine Dupond,https://fr.wikipedia.org/?curid=10587397,https://fr.wikipedia.org/wiki/Martine Dupond,Article \u00e0 illustrer Sportif
Sylvie Meloux,https://fr.wikipedia.org/?curid=10587431,https://fr.wikipedia.org/wiki/Sylvie Meloux,Wikip\u00e9dia:\u00e9bauche judo
Aline Batailler,https://fr.wikipedia.org/?curid=10587475,https://fr.wikipedia.org/wiki/Aline Batailler,Wikip\u00e9dia:\u00e9bauche judo
Kerstin Walther,https://fr.wikipedia.org/?curid=10589732,https://fr.wikipedia.org/wiki/Kerstin Walther,Wikip\u00e9dia:\u00e9bauche athl\u00e9tisme
Corinne Diacre,https://fr.wikipedia.org/?curid=1057650,https://fr.wikipedia.org/wiki/Corinne Diacre,Article \u00e0 illustrer Footballeur
Chardine Sloof,https://fr.wikipedia.org/?curid=10576936,https://fr.wikipedia.org/wiki/Chardine Sloof,Article utilisant une Infobox
Jennifer Brady,https://fr.wikipedia.org/?curid=10584207,https://fr.wikipedia.org/wiki/Jennifer Brady,Article utilisant une Infobox
Dolorita Fuchs-Gerber,https://fr.wikipedia.org/?curid=10582227,https://fr.wikipedia.org/wiki/Dolorita Fuchs-Gerber,Wikip\u00e9dia:\u00e9bauche triathl\u00e8te
Alina Shukh,https://fr.wikipedia.org/?curid=10600371,https://fr.wikipedia.org/wiki/Alina Shukh,Article utilisant une Infobox
KittiB,https://fr.wikipedia.org/?curid=10600911,https://fr.wikipedia.org/wiki/KittiB,Article utilisant une Infobox
Martine Bordet,https://fr.wikipedia.org/?curid=10600219,https://fr.wikipedia.org/wiki/Martine Bordet,Article contenant un lien mort
Jonas Colting,https://fr.wikipedia.org/?curid=10598426,https://fr.wikipedia.org/wiki/Jonas Colting,Wikip\u00e9dia:\u00e9bauche triathl\u00e8te
Jesse Thomas (triathlon),https://fr.wikipedia.org/?curid=10597348,https://fr.wikipedia.org/wiki/Jesse Thomas (triathlon),Wikip\u00e9dia:\u00e9bauche triathl\u00e8te
Lena S\u00f6derqvist,https://fr.wikipedia.org/?curid=10597719,https://fr.wikipedia.org/wiki/Lena S\u00f6derqvist,Wikip\u00e9dia:\u00e9bauche triathlon
Cheetah (rappeuse),https://fr.wikipedia.org/?curid=10601180,https://fr.wikipedia.org/wiki/Cheetah (rappeuse),Article contenant un lien mort
Haley Lu Richardson,https://fr.wikipedia.org/?curid=10608665,https://fr.wikipedia.org/wiki/Haley Lu Richardson,Wikip\u00e9dia:\u00e9bauche acteur am\u00e9ricain
Eleonora Cortini,https://fr.wikipedia.org/?curid=10609759,https://fr.wikipedia.org/wiki/Eleonora Cortini,Article \u00e0 illustrer Mannequin
Camila Mendes,https://fr.wikipedia.org/?curid=10608942,https://fr.wikipedia.org/wiki/Camila Mendes,Article utilisant une Infobox
NC.A,https://fr.wikipedia.org/?curid=10591016,https://fr.wikipedia.org/wiki/NC.A,Article utilisant une Infobox
Raina,https://fr.wikipedia.org/?curid=10591188,https://fr.wikipedia.org/wiki/Raina,Article utilisant une Infobox
Janet Hatfield,https://fr.wikipedia.org/?curid=10891369,https://fr.wikipedia.org/wiki/Janet Hatfield,Wikip\u00e9dia:\u00e9bauche triathl\u00e8te
G\u00e9raldine Ruckstuhl,https://fr.wikipedia.org/?curid=10891852,https://fr.wikipedia.org/wiki/G\u00e9raldine Ruckstuhl,Article utilisant une Infobox
Park Ye-eun,https://fr.wikipedia.org/?curid=10891884,https://fr.wikipedia.org/wiki/Park Ye-eun,Article utilisant une Infobox
Sakura Sena,https://fr.wikipedia.org/?curid=1089258,https://fr.wikipedia.org/wiki/Sakura Sena,Article utilisant une Infobox
Mary Agnes Donoghue,https://fr.wikipedia.org/?curid=10888778,https://fr.wikipedia.org/wiki/Mary Agnes Donoghue,Wikip\u00e9dia:\u00e9bauche r\u00e9alisateur am\u00e9ricain
Laura Forgia,https://fr.wikipedia.org/?curid=10870725,https://fr.wikipedia.org/wiki/Laura Forgia,Article \u00e0 illustrer Mannequin
Yohan Le Berre,https://fr.wikipedia.org/?curid=10885360,https://fr.wikipedia.org/wiki/Yohan Le Berre,Wikip\u00e9dia:\u00e9bauche triathl\u00e8te
Hilda Ramos,https://fr.wikipedia.org/?curid=10885380,https://fr.wikipedia.org/wiki/Hilda Ramos,Wikip\u00e9dia:\u00e9bauche athl\u00e8te cubain
Vaani Kapoor,https://fr.wikipedia.org/?curid=10884869,https://fr.wikipedia.org/wiki/Vaani Kapoor,Wikip\u00e9dia:\u00e9bauche acteur indien
Coleen Sommer,https://fr.wikipedia.org/?curid=10886419,https://fr.wikipedia.org/wiki/Coleen Sommer,Wikip\u00e9dia:\u00e9bauche athl\u00e9tisme
Quoi (chanson),https://fr.wikipedia.org/?curid=10855478,https://fr.wikipedia.org/wiki/Quoi (chanson),Article utilisant une Infobox
Aleia Hobbs,https://fr.wikipedia.org/?curid=10879716,https://fr.wikipedia.org/wiki/Aleia Hobbs,Wikip\u00e9dia:\u00e9bauche athl\u00e9tisme
Ellen Tittel,https://fr.wikipedia.org/?curid=10873888,https://fr.wikipedia.org/wiki/Ellen Tittel,Article utilisant une Infobox
Carl Fredrik Hagen,https://fr.wikipedia.org/?curid=10874060,https://fr.wikipedia.org/wiki/Carl Fredrik Hagen,Page utilisant P569
Louise d'Orl\u00e9ans (1882-1958),https://fr.wikipedia.org/?curid=1087622,https://fr.wikipedia.org/wiki/Louise d'Orl\u00e9ans (1882-1958),Article utilisant une Infobox
Megan Tapper,https://fr.wikipedia.org/?curid=10876548,https://fr.wikipedia.org/wiki/Megan Tapper,Wikip\u00e9dia:\u00e9bauche athl\u00e8te jama\u00efcain
Kyron McMaster,https://fr.wikipedia.org/?curid=10876583,https://fr.wikipedia.org/wiki/Kyron McMaster,Article utilisant une Infobox
Malibu (chanson),https://fr.wikipedia.org/?curid=10856793,https://fr.wikipedia.org/wiki/Malibu (chanson),Article utilisant une Infobox
Pamela Susan Shoop,https://fr.wikipedia.org/?curid=10859066,https://fr.wikipedia.org/wiki/Pamela Susan Shoop,Article \u00e0 illustrer Personnalit\u00e9 du cin\u00e9ma
Barbara Andrea Buenahora,https://fr.wikipedia.org/?curid=10906734,https://fr.wikipedia.org/wiki/Barbara Andrea Buenahora,Wikip\u00e9dia:\u00e9bauche triathl\u00e8te
Andrea Leand,https://fr.wikipedia.org/?curid=1090719,https://fr.wikipedia.org/wiki/Andrea Leand,Article \u00e0 illustrer Joueur de tennis
Heike Funk,https://fr.wikipedia.org/?curid=10907521,https://fr.wikipedia.org/wiki/Heike Funk,Wikip\u00e9dia:\u00e9bauche triathl\u00e8te
Siegfried Ferstl,https://fr.wikipedia.org/?curid=10907538,https://fr.wikipedia.org/wiki/Siegfried Ferstl,Wikip\u00e9dia:\u00e9bauche triathlon
Kristin M\u00f6ller,https://fr.wikipedia.org/?curid=10904415,https://fr.wikipedia.org/wiki/Kristin M\u00f6ller,Wikip\u00e9dia:\u00e9bauche triathlon
Joelle Franzmann,https://fr.wikipedia.org/?curid=10905019,https://fr.wikipedia.org/wiki/Joelle Franzmann,Wikip\u00e9dia:\u00e9bauche triathl\u00e8te
Volodymyr Polikarpenko,https://fr.wikipedia.org/?curid=10907578,https://fr.wikipedia.org/wiki/Volodymyr Polikarpenko,Wikip\u00e9dia:\u00e9bauche triathl\u00e8te
Yariatou Tour\u00e9,https://fr.wikipedia.org/?curid=10907597,https://fr.wikipedia.org/wiki/Yariatou Tour\u00e9,Wikip\u00e9dia:\u00e9bauche athl\u00e8te fran\u00e7ais
Sun Tiantian,https://fr.wikipedia.org/?curid=1090779,https://fr.wikipedia.org/wiki/Sun Tiantian,Article \u00e0 illustrer Joueur de tennis
Ariane Monticeli,https://fr.wikipedia.org/?curid=10903757,https://fr.wikipedia.org/wiki/Ariane Monticeli,Wikip\u00e9dia:\u00e9bauche triathlon
Lim Ji-yeon,https://fr.wikipedia.org/?curid=10913230,https://fr.wikipedia.org/wiki/Lim Ji-yeon,Article utilisant une Infobox
Malwina Kopron,https://fr.wikipedia.org/?curid=10910729,https://fr.wikipedia.org/wiki/Malwina Kopron,Wikip\u00e9dia:\u00e9bauche athl\u00e9tisme
Sasha Lane,https://fr.wikipedia.org/?curid=10912471,https://fr.wikipedia.org/wiki/Sasha Lane,Article utilisant une Infobox
Li Ting (tennis),https://fr.wikipedia.org/?curid=1091291,https://fr.wikipedia.org/wiki/Li Ting (tennis),Article \u00e0 illustrer Joueur de tennis
Am\u00e9lie d'Orl\u00e9ans,https://fr.wikipedia.org/?curid=1091187,https://fr.wikipedia.org/wiki/Am\u00e9lie d'Orl\u00e9ans,Article avec source \u00e0 lier
Patricia Buval,https://fr.wikipedia.org/?curid=10906066,https://fr.wikipedia.org/wiki/Patricia Buval,Wikip\u00e9dia:\u00e9bauche athl\u00e8te fran\u00e7ais
Fatima Hajjami,https://fr.wikipedia.org/?curid=10906085,https://fr.wikipedia.org/wiki/Fatima Hajjami,Wikip\u00e9dia:\u00e9bauche athl\u00e8te fran\u00e7ais
Isabelle Demongeot,https://fr.wikipedia.org/?curid=1091837,https://fr.wikipedia.org/wiki/Isabelle Demongeot,Article \u00e0 illustrer Joueur de tennis
Heidi Dalton,https://fr.wikipedia.org/?curid=10901902,https://fr.wikipedia.org/wiki/Heidi Dalton,Page utilisant P569
Dominique Provost-Chalkley,https://fr.wikipedia.org/?curid=10897711,https://fr.wikipedia.org/wiki/Dominique Provost-Chalkley,Article utilisant une Infobox
Medalion Rahimi,https://fr.wikipedia.org/?curid=10897783,https://fr.wikipedia.org/wiki/Medalion Rahimi,Article \u00e0 illustrer Personnalit\u00e9 du cin\u00e9ma
Mama Sana,https://fr.wikipedia.org/?curid=10894457,https://fr.wikipedia.org/wiki/Mama Sana,Page utilisant P569
Sandra Cacic,https://fr.wikipedia.org/?curid=1089453,https://fr.wikipedia.org/wiki/Sandra Cacic,Article \u00e0 illustrer Joueur de tennis
Miho Komatsu,https://fr.wikipedia.org/?curid=10860482,https://fr.wikipedia.org/wiki/Miho Komatsu,Article utilisant une Infobox
Mission impossible : Fallout,https://fr.wikipedia.org/?curid=10781232,https://fr.wikipedia.org/wiki/Mission impossible : Fallout,Article utilisant une Infobox
Parvathy Omanakuttan,https://fr.wikipedia.org/?curid=10782979,https://fr.wikipedia.org/wiki/Parvathy Omanakuttan,Article utilisant une Infobox
Liste de compositrices de musique classique,https://fr.wikipedia.org/?curid=10699801,https://fr.wikipedia.org/wiki/Liste de compositrices de musique classique,Portail:Musique classique/Articles li\u00e9s
Tei Shi,https://fr.wikipedia.org/?curid=10776033,https://fr.wikipedia.org/wiki/Tei Shi,Page utilisant P569
Rachel McBride,https://fr.wikipedia.org/?curid=10776279,https://fr.wikipedia.org/wiki/Rachel McBride,Wikip\u00e9dia:\u00e9bauche triathlon
Anne White,https://fr.wikipedia.org/?curid=1077637,https://fr.wikipedia.org/wiki/Anne White,Article utilisant une Infobox
Mary Lou Piatek,https://fr.wikipedia.org/?curid=1077646,https://fr.wikipedia.org/wiki/Mary Lou Piatek,Article \u00e0 illustrer Joueur de tennis
Lisa Bonder,https://fr.wikipedia.org/?curid=1077689,https://fr.wikipedia.org/wiki/Lisa Bonder,Article \u00e0 illustrer Joueur de tennis
C\u00e9lia Martinez,https://fr.wikipedia.org/?curid=10778425,https://fr.wikipedia.org/wiki/C\u00e9lia Martinez,Article \u00e0 illustrer Sportif
Beth Herr,https://fr.wikipedia.org/?curid=1077730,https://fr.wikipedia.org/wiki/Beth Herr,Article \u00e0 illustrer Joueur de tennis
Normani,https://fr.wikipedia.org/?curid=10778157,https://fr.wikipedia.org/wiki/Normani,Article utilisant une Infobox
Fran\u00e7ois Truffaut,https://fr.wikipedia.org/?curid=10655,https://fr.wikipedia.org/wiki/Fran\u00e7ois Truffaut,Page utilisant P119
Azara Garc\u00eda,https://fr.wikipedia.org/?curid=10676220,https://fr.wikipedia.org/wiki/Azara Garc\u00eda,Wikip\u00e9dia:\u00e9bauche athl\u00e8te espagnol
Miss Rwanda 2016,https://fr.wikipedia.org/?curid=10673827,https://fr.wikipedia.org/wiki/Miss Rwanda 2016,Article \u00e0 illustrer Miss
Helin\u00e4 Marjamaa,https://fr.wikipedia.org/?curid=10725556,https://fr.wikipedia.org/wiki/Helin\u00e4 Marjamaa,Wikip\u00e9dia:\u00e9bauche athl\u00e9tisme
Michelle Wu (triathlon),https://fr.wikipedia.org/?curid=10725197,https://fr.wikipedia.org/wiki/Michelle Wu (triathlon),Wikip\u00e9dia:\u00e9bauche triathlon
Karyn Ballance,https://fr.wikipedia.org/?curid=10725344,https://fr.wikipedia.org/wiki/Karyn Ballance,Wikip\u00e9dia:\u00e9bauche triathl\u00e8te
Era Istrefi,https://fr.wikipedia.org/?curid=10722048,https://fr.wikipedia.org/wiki/Era Istrefi,Article au ton publicitaire/Liste compl\u00e8te
Sandy Collins,https://fr.wikipedia.org/?curid=1077064,https://fr.wikipedia.org/wiki/Sandy Collins,Article \u00e0 illustrer Joueur de tennis
Michaela Pa\u0161tikov\u00e1,https://fr.wikipedia.org/?curid=1077172,https://fr.wikipedia.org/wiki/Michaela Pa\u0161tikov\u00e1,Article \u00e0 illustrer Joueur de tennis
Andreea Vanc,https://fr.wikipedia.org/?curid=1077187,https://fr.wikipedia.org/wiki/Andreea Vanc,Article utilisant une Infobox
Erhard Wolfaardt,https://fr.wikipedia.org/?curid=10775156,https://fr.wikipedia.org/wiki/Erhard Wolfaardt,Wikip\u00e9dia:\u00e9bauche triathl\u00e8te
Sabrina Gole\u0161,https://fr.wikipedia.org/?curid=1077290,https://fr.wikipedia.org/wiki/Sabrina Gole\u0161,Article \u00e0 illustrer Joueur de tennis
Gloria Pizzichini,https://fr.wikipedia.org/?curid=1077132,https://fr.wikipedia.org/wiki/Gloria Pizzichini,Article \u00e0 illustrer Joueur de tennis
Alyvia Alyn Lind,https://fr.wikipedia.org/?curid=10773181,https://fr.wikipedia.org/wiki/Alyvia Alyn Lind,Article utilisant une Infobox
Tamara Pangelova,https://fr.wikipedia.org/?curid=10735338,https://fr.wikipedia.org/wiki/Tamara Pangelova,Article utilisant une Infobox
Petra Burka,https://fr.wikipedia.org/?curid=1075950,https://fr.wikipedia.org/wiki/Petra Burka,Wikip\u00e9dia:\u00e9bauche patinage artistique
Myst III: Exile,https://fr.wikipedia.org/?curid=107599,https://fr.wikipedia.org/wiki/Myst III: Exile,Page utilisant des donn\u00e9es de Wikidata \u00e0 traduire de l'anglais
Bego\u00f1a G\u00f3mez,https://fr.wikipedia.org/?curid=10761740,https://fr.wikipedia.org/wiki/Bego\u00f1a G\u00f3mez,Wikip\u00e9dia:\u00e9bauche judo
Tom Evans (triathlon),https://fr.wikipedia.org/?curid=10761940,https://fr.wikipedia.org/wiki/Tom Evans (triathlon),Wikip\u00e9dia:\u00e9bauche triathl\u00e8te
Jeff Symonds,https://fr.wikipedia.org/?curid=10762015,https://fr.wikipedia.org/wiki/Jeff Symonds,Wikip\u00e9dia:\u00e9bauche triathlon
Jeanine Cicognini,https://fr.wikipedia.org/?curid=10758077,https://fr.wikipedia.org/wiki/Jeanine Cicognini,Page utilisant P569
Grit Hammer,https://fr.wikipedia.org/?curid=10761188,https://fr.wikipedia.org/wiki/Grit Hammer,Wikip\u00e9dia:\u00e9bauche athl\u00e8te allemand
Lidiya Yurkova,https://fr.wikipedia.org/?curid=10760953,https://fr.wikipedia.org/wiki/Lidiya Yurkova,Wikip\u00e9dia:\u00e9bauche athl\u00e8te
Margaret Conkey,https://fr.wikipedia.org/?curid=10751571,https://fr.wikipedia.org/wiki/Margaret Conkey,Article contenant un lien mort
Yekaterina Rozenberg,https://fr.wikipedia.org/?curid=10753147,https://fr.wikipedia.org/wiki/Yekaterina Rozenberg,Wikip\u00e9dia:\u00e9bauche athl\u00e9tisme
Christ\u00edna Papad\u00e1ki,https://fr.wikipedia.org/?curid=1075341,https://fr.wikipedia.org/wiki/Christ\u00edna Papad\u00e1ki,Article \u00e0 illustrer Joueur de tennis
Ievguenia Koulikovska\u00efa,https://fr.wikipedia.org/?curid=1075348,https://fr.wikipedia.org/wiki/Ievguenia Koulikovska\u00efa,Article \u00e0 illustrer Joueur de tennis
Tina Kri\u017ean,https://fr.wikipedia.org/?curid=1075365,https://fr.wikipedia.org/wiki/Tina Kri\u017ean,Article \u00e0 illustrer Joueur de tennis
Kristina Riis-Johannessen,https://fr.wikipedia.org/?curid=10754537,https://fr.wikipedia.org/wiki/Kristina Riis-Johannessen,Wikip\u00e9dia:\u00e9bauche ski alpin
Regina Mar\u0161\u00edkov\u00e1,https://fr.wikipedia.org/?curid=1075478,https://fr.wikipedia.org/wiki/Regina Mar\u0161\u00edkov\u00e1,Article \u00e0 illustrer Joueur de tennis
Paula Smith,https://fr.wikipedia.org/?curid=1075504,https://fr.wikipedia.org/wiki/Paula Smith,Article \u00e0 illustrer Joueur de tennis
Nathalie Herreman,https://fr.wikipedia.org/?curid=1075189,https://fr.wikipedia.org/wiki/Nathalie Herreman,Article \u00e0 illustrer Joueur de tennis
Alycia Moulton,https://fr.wikipedia.org/?curid=1075207,https://fr.wikipedia.org/wiki/Alycia Moulton,Article utilisant une Infobox
Janet Lee,https://fr.wikipedia.org/?curid=1075237,https://fr.wikipedia.org/wiki/Janet Lee,Article \u00e0 illustrer Joueur de tennis
Rosalyn Fairbank,https://fr.wikipedia.org/?curid=1075636,https://fr.wikipedia.org/wiki/Rosalyn Fairbank,Article \u00e0 illustrer Joueur de tennis
Emma Bilham,https://fr.wikipedia.org/?curid=10738877,https://fr.wikipedia.org/wiki/Emma Bilham,Wikip\u00e9dia:\u00e9bauche triathl\u00e8te
Bas Diederen,https://fr.wikipedia.org/?curid=10739102,https://fr.wikipedia.org/wiki/Bas Diederen,Wikip\u00e9dia:\u00e9bauche triathl\u00e8te
Lisa Marangon,https://fr.wikipedia.org/?curid=10735521,https://fr.wikipedia.org/wiki/Lisa Marangon,Wikip\u00e9dia:\u00e9bauche triathl\u00e8te
Sweet Emma Barrett,https://fr.wikipedia.org/?curid=10742763,https://fr.wikipedia.org/wiki/Sweet Emma Barrett,Article utilisant une Infobox
Doreen Elliott,https://fr.wikipedia.org/?curid=1055959,https://fr.wikipedia.org/wiki/Doreen Elliott,Article utilisant une Infobox
Priska Nufer,https://fr.wikipedia.org/?curid=10560892,https://fr.wikipedia.org/wiki/Priska Nufer,Wikip\u00e9dia:\u00e9bauche ski alpin
Elizabeth Lyles,https://fr.wikipedia.org/?curid=10537816,https://fr.wikipedia.org/wiki/Elizabeth Lyles,Wikip\u00e9dia:\u00e9bauche triathlon
Laura Montalvo,https://fr.wikipedia.org/?curid=1050319,https://fr.wikipedia.org/wiki/Laura Montalvo,Article \u00e0 illustrer Joueur de tennis
Miss Belgique 2002,https://fr.wikipedia.org/?curid=10501569,https://fr.wikipedia.org/wiki/Miss Belgique 2002,Article \u00e0 illustrer Miss
Liste des mannequins de Victoria's Secret,https://fr.wikipedia.org/?curid=1052218,https://fr.wikipedia.org/wiki/Liste des mannequins de Victoria's Secret,Article contenant un appel \u00e0 traduction en anglais
Corinne Abraham,https://fr.wikipedia.org/?curid=10538249,https://fr.wikipedia.org/wiki/Corinne Abraham,Article utilisant une Infobox
Rebecca Preston,https://fr.wikipedia.org/?curid=10538316,https://fr.wikipedia.org/wiki/Rebecca Preston,Wikip\u00e9dia:\u00e9bauche triathlon
Side to Side,https://fr.wikipedia.org/?curid=10548002,https://fr.wikipedia.org/wiki/Side to Side,Wikip\u00e9dia:\u00e9bauche chanson
Borghild L\u00f8vset,https://fr.wikipedia.org/?curid=10565012,https://fr.wikipedia.org/wiki/Borghild L\u00f8vset,Wikip\u00e9dia:\u00e9bauche cyclisme
Shi Jiayou,https://fr.wikipedia.org/?curid=10565388,https://fr.wikipedia.org/wiki/Shi Jiayou,Wikip\u00e9dia:\u00e9bauche astronome
Paolo Riva,https://fr.wikipedia.org/?curid=10566014,https://fr.wikipedia.org/wiki/Paolo Riva,Wikip\u00e9dia:\u00e9bauche triathlon
Anastasiya Merkushyna,https://fr.wikipedia.org/?curid=10562320,https://fr.wikipedia.org/wiki/Anastasiya Merkushyna,Wikip\u00e9dia:\u00e9bauche biathlon
Lesley Turner,https://fr.wikipedia.org/?curid=1056255,https://fr.wikipedia.org/wiki/Lesley Turner,Article utilisant une Infobox
Richard Stannard (triathlon),https://fr.wikipedia.org/?curid=10553905,https://fr.wikipedia.org/wiki/Richard Stannard (triathlon),Wikip\u00e9dia:\u00e9bauche triathl\u00e8te
Pilar Hidalgo,https://fr.wikipedia.org/?curid=10554157,https://fr.wikipedia.org/wiki/Pilar Hidalgo,Wikip\u00e9dia:\u00e9bauche triathl\u00e8te
Marianne des Fran\u00e7ais,https://fr.wikipedia.org/?curid=105542,https://fr.wikipedia.org/wiki/Marianne des Fran\u00e7ais,Article \u00e0 illustrer Timbre
Miss Belgique 2001,https://fr.wikipedia.org/?curid=10501794,https://fr.wikipedia.org/wiki/Miss Belgique 2001,Article \u00e0 illustrer Miss
Miriam Oremans,https://fr.wikipedia.org/?curid=1052539,https://fr.wikipedia.org/wiki/Miriam Oremans,Article utilisant une Infobox
Kristie Boogert,https://fr.wikipedia.org/?curid=1052550,https://fr.wikipedia.org/wiki/Kristie Boogert,Article utilisant une Infobox
Mercedes Paz,https://fr.wikipedia.org/?curid=1052772,https://fr.wikipedia.org/wiki/Mercedes Paz,Article utilisant une Infobox
Dagmara Domi\u0144czyk,https://fr.wikipedia.org/?curid=10527826,https://fr.wikipedia.org/wiki/Dagmara Domi\u0144czyk,Article utilisant une Infobox
Maria Chorets,https://fr.wikipedia.org/?curid=10536199,https://fr.wikipedia.org/wiki/Maria Chorets,Wikip\u00e9dia:\u00e9bauche triathlon
\u00c9dith Butler,https://fr.wikipedia.org/?curid=1053984,https://fr.wikipedia.org/wiki/\u00c9dith Butler,Article manquant de r\u00e9f\u00e9rences depuis septembre 2013
Niyola,https://fr.wikipedia.org/?curid=10535687,https://fr.wikipedia.org/wiki/Niyola,Wikip\u00e9dia:\u00e9bauche chanteur
Nicole Ross,https://fr.wikipedia.org/?curid=10484687,https://fr.wikipedia.org/wiki/Nicole Ross,Article utilisant une Infobox
Liste des m\u00e9daill\u00e9s olympiques en ski alpin,https://fr.wikipedia.org/?curid=10496390,https://fr.wikipedia.org/wiki/Liste des m\u00e9daill\u00e9s olympiques en ski alpin,Portail:Jeux olympiques/Articles li\u00e9s
Miss Belgique 2003,https://fr.wikipedia.org/?curid=10499703,https://fr.wikipedia.org/wiki/Miss Belgique 2003,Article \u00e0 illustrer Miss
Miss Belgique 2004,https://fr.wikipedia.org/?curid=10499751,https://fr.wikipedia.org/wiki/Miss Belgique 2004,Article \u00e0 illustrer Miss
Emma Hinze,https://fr.wikipedia.org/?curid=10522637,https://fr.wikipedia.org/wiki/Emma Hinze,Page utilisant P569
Lauriane Lamperim,https://fr.wikipedia.org/?curid=10534308,https://fr.wikipedia.org/wiki/Lauriane Lamperim,Pas d'image locale ni d'image sur Wikidata
\u00c5sa Svensson,https://fr.wikipedia.org/?curid=1053182,https://fr.wikipedia.org/wiki/\u00c5sa Svensson,Article \u00e0 illustrer Joueur de tennis
Miss USA 2016,https://fr.wikipedia.org/?curid=10532178,https://fr.wikipedia.org/wiki/Miss USA 2016,Article contenant un lien mort
Rene Simpson,https://fr.wikipedia.org/?curid=1080951,https://fr.wikipedia.org/wiki/Rene Simpson,Article \u00e0 illustrer Joueur de tennis
C\u0103t\u0103lina Cristea,https://fr.wikipedia.org/?curid=1080957,https://fr.wikipedia.org/wiki/C\u0103t\u0103lina Cristea,Article \u00e0 illustrer Joueur de tennis
Arthur's Theme (Best That You Can Do),https://fr.wikipedia.org/?curid=10809593,https://fr.wikipedia.org/wiki/Arthur's Theme (Best That You Can Do),Article contenant un appel \u00e0 traduction en anglais
Marta Marrero,https://fr.wikipedia.org/?curid=1084560,https://fr.wikipedia.org/wiki/Marta Marrero,Article \u00e0 illustrer Joueur de tennis
Antonella Serra Zanetti,https://fr.wikipedia.org/?curid=1084586,https://fr.wikipedia.org/wiki/Antonella Serra Zanetti,Article utilisant une Infobox
Katie Moon,https://fr.wikipedia.org/?curid=10844752,https://fr.wikipedia.org/wiki/Katie Moon,Article utilisant une Infobox
Maxim Kriat,https://fr.wikipedia.org/?curid=10798289,https://fr.wikipedia.org/wiki/Maxim Kriat,Wikip\u00e9dia:\u00e9bauche triathlon
Kirill Kot\u0161egarov,https://fr.wikipedia.org/?curid=10798466,https://fr.wikipedia.org/wiki/Kirill Kot\u0161egarov,Wikip\u00e9dia:\u00e9bauche triathlon
Esther Bialas,https://fr.wikipedia.org/?curid=10822420,https://fr.wikipedia.org/wiki/Esther Bialas,Wikip\u00e9dia:\u00e9bauche r\u00e9alisateur allemand
Juliette Armanet,https://fr.wikipedia.org/?curid=10826106,https://fr.wikipedia.org/wiki/Juliette Armanet,Page dont la protection est \u00e0 v\u00e9rifier
Norfalia Carabal\u00ed,https://fr.wikipedia.org/?curid=10825456,https://fr.wikipedia.org/wiki/Norfalia Carabal\u00ed,Wikip\u00e9dia:\u00e9bauche athl\u00e8te colombien
Kim Sae-rom,https://fr.wikipedia.org/?curid=10828819,https://fr.wikipedia.org/wiki/Kim Sae-rom,Page utilisant P569
Gretchen Corbett,https://fr.wikipedia.org/?curid=10827484,https://fr.wikipedia.org/wiki/Gretchen Corbett,Article utilisant une Infobox
Alicia Ortu\u00f1o,https://fr.wikipedia.org/?curid=1083476,https://fr.wikipedia.org/wiki/Alicia Ortu\u00f1o,Article \u00e0 illustrer Joueur de tennis
Nadia Podoroska,https://fr.wikipedia.org/?curid=10793161,https://fr.wikipedia.org/wiki/Nadia Podoroska,Article utilisant une Infobox
Tyler Stewart,https://fr.wikipedia.org/?curid=10793234,https://fr.wikipedia.org/wiki/Tyler Stewart,Wikip\u00e9dia:\u00e9bauche triathlon
Belinda Cordwell,https://fr.wikipedia.org/?curid=1078951,https://fr.wikipedia.org/wiki/Belinda Cordwell,Article \u00e0 illustrer Joueur de tennis
Zhu Lin (tennis),https://fr.wikipedia.org/?curid=10812881,https://fr.wikipedia.org/wiki/Zhu Lin (tennis),Article utilisant une Infobox
Federica Bonsignori,https://fr.wikipedia.org/?curid=1080999,https://fr.wikipedia.org/wiki/Federica Bonsignori,Article \u00e0 illustrer Joueur de tennis
Olga Lugina,https://fr.wikipedia.org/?curid=1081013,https://fr.wikipedia.org/wiki/Olga Lugina,Article \u00e0 illustrer Joueur de tennis
Marianne Dubuc (patinage artistique),https://fr.wikipedia.org/?curid=10810157,https://fr.wikipedia.org/wiki/Marianne Dubuc (patinage artistique),Wikip\u00e9dia:\u00e9bauche patinage artistique
Sylvia Plischke,https://fr.wikipedia.org/?curid=1081406,https://fr.wikipedia.org/wiki/Sylvia Plischke,Article \u00e0 illustrer Joueur de tennis
Louise-Charlotte de Bourbon-Siciles,https://fr.wikipedia.org/?curid=1081506,https://fr.wikipedia.org/wiki/Louise-Charlotte de Bourbon-Siciles,Article utilisant une Infobox
Am\u00e9lie Cocheteux,https://fr.wikipedia.org/?curid=1081143,https://fr.wikipedia.org/wiki/Am\u00e9lie Cocheteux,Article manquant de r\u00e9f\u00e9rences depuis ao\u00fbt 2020
Gudrun Stock,https://fr.wikipedia.org/?curid=10811830,https://fr.wikipedia.org/wiki/Gudrun Stock,Page utilisant P569
Estelle Raffai,https://fr.wikipedia.org/?curid=10811106,https://fr.wikipedia.org/wiki/Estelle Raffai,Wikip\u00e9dia:\u00e9bauche athl\u00e9tisme
Gemma Arenas Alc\u00e1zar,https://fr.wikipedia.org/?curid=10815212,https://fr.wikipedia.org/wiki/Gemma Arenas Alc\u00e1zar,Wikip\u00e9dia:\u00e9bauche athl\u00e8te espagnol
Racquel Sheath,https://fr.wikipedia.org/?curid=10815233,https://fr.wikipedia.org/wiki/Racquel Sheath,Page utilisant P569
Bonnie Gadusek,https://fr.wikipedia.org/?curid=1080321,https://fr.wikipedia.org/wiki/Bonnie Gadusek,Article \u00e0 illustrer Joueur de tennis
Elise Burgin,https://fr.wikipedia.org/?curid=1079203,https://fr.wikipedia.org/wiki/Elise Burgin,Article \u00e0 illustrer Joueur de tennis
H\u00e9l\u00e8ne Receveaux,https://fr.wikipedia.org/?curid=10805666,https://fr.wikipedia.org/wiki/H\u00e9l\u00e8ne Receveaux,Article \u00e0 illustrer Judoka
Natasha Hansen,https://fr.wikipedia.org/?curid=10807730,https://fr.wikipedia.org/wiki/Natasha Hansen,Page utilisant P569
Olha Bibik,https://fr.wikipedia.org/?curid=10807540,https://fr.wikipedia.org/wiki/Olha Bibik,Wikip\u00e9dia:\u00e9bauche athl\u00e8te ukrainien
Karin Kschwendt,https://fr.wikipedia.org/?curid=1078811,https://fr.wikipedia.org/wiki/Karin Kschwendt,Article \u00e0 illustrer Joueur de tennis
Astrid Rondero,https://fr.wikipedia.org/?curid=10836311,https://fr.wikipedia.org/wiki/Astrid Rondero,Wikip\u00e9dia:\u00e9bauche r\u00e9alisateur mexicain
Dana Dragomir,https://fr.wikipedia.org/?curid=10840397,https://fr.wikipedia.org/wiki/Dana Dragomir,Page utilisant P569
Petr Vabrou\u0161ek,https://fr.wikipedia.org/?curid=10796803,https://fr.wikipedia.org/wiki/Petr Vabrou\u0161ek,Wikip\u00e9dia:\u00e9bauche triathl\u00e8te
Emily Lima,https://fr.wikipedia.org/?curid=10793554,https://fr.wikipedia.org/wiki/Emily Lima,Article \u00e0 illustrer Footballeur
Marcella Mesker,https://fr.wikipedia.org/?curid=1079384,https://fr.wikipedia.org/wiki/Marcella Mesker,Article utilisant une Infobox
Rachel Bloom,https://fr.wikipedia.org/?curid=10787668,https://fr.wikipedia.org/wiki/Rachel Bloom,Wikip\u00e9dia:\u00e9bauche acteur am\u00e9ricain
The Cure (chanson),https://fr.wikipedia.org/?curid=10794091,https://fr.wikipedia.org/wiki/The Cure (chanson),Article contenant un lien mort
Isabel Cueto,https://fr.wikipedia.org/?curid=1079560,https://fr.wikipedia.org/wiki/Isabel Cueto,Article \u00e0 illustrer Joueur de tennis
Rougui Sow,https://fr.wikipedia.org/?curid=10791054,https://fr.wikipedia.org/wiki/Rougui Sow,Wikip\u00e9dia:\u00e9bauche athl\u00e9tisme
Ann Grossman,https://fr.wikipedia.org/?curid=1079597,https://fr.wikipedia.org/wiki/Ann Grossman,Article \u00e0 illustrer Joueur de tennis
Stephanie Kusie,https://fr.wikipedia.org/?curid=10796884,https://fr.wikipedia.org/wiki/Stephanie Kusie,Article utilisant une Infobox
Naomi Long,https://fr.wikipedia.org/?curid=10798950,https://fr.wikipedia.org/wiki/Naomi Long,Wikip\u00e9dia:\u00e9bauche personnalit\u00e9 politique britannique
Miss Afrique du Sud 2014,https://fr.wikipedia.org/?curid=10788520,https://fr.wikipedia.org/wiki/Miss Afrique du Sud 2014,Article \u00e0 illustrer Miss
Mana Endo,https://fr.wikipedia.org/?curid=1078866,https://fr.wikipedia.org/wiki/Mana Endo,Article \u00e0 illustrer Joueur de tennis
Mar\u00eda Emilia Salerni,https://fr.wikipedia.org/?curid=1080137,https://fr.wikipedia.org/wiki/Mar\u00eda Emilia Salerni,Article \u00e0 illustrer Joueur de tennis
Helena Vildov\u00e1,https://fr.wikipedia.org/?curid=1080153,https://fr.wikipedia.org/wiki/Helena Vildov\u00e1,Article \u00e0 illustrer Joueur de tennis
Eugenia Maniokova,https://fr.wikipedia.org/?curid=1080052,https://fr.wikipedia.org/wiki/Eugenia Maniokova,Article \u00e0 illustrer Joueur de tennis
Luz Casal,https://fr.wikipedia.org/?curid=108007,https://fr.wikipedia.org/wiki/Luz Casal,Page utilisant P569
Mirka Ko\u017eeluhov\u00e1,https://fr.wikipedia.org/?curid=1080159,https://fr.wikipedia.org/wiki/Mirka Ko\u017eeluhov\u00e1,Article \u00e0 illustrer Joueur de tennis
Zhang Jiewen,https://fr.wikipedia.org/?curid=11012077,https://fr.wikipedia.org/wiki/Zhang Jiewen,Wikip\u00e9dia:\u00e9bauche badminton
Claudine Vita,https://fr.wikipedia.org/?curid=11014310,https://fr.wikipedia.org/wiki/Claudine Vita,Wikip\u00e9dia:\u00e9bauche athl\u00e8te allemand
Zs\u00f3fia Kov\u00e1cs (triathlon),https://fr.wikipedia.org/?curid=10992936,https://fr.wikipedia.org/wiki/Zs\u00f3fia Kov\u00e1cs (triathlon),Wikip\u00e9dia:\u00e9bauche triathlon
Dani Veloso,https://fr.wikipedia.org/?curid=10993081,https://fr.wikipedia.org/wiki/Dani Veloso,Article \u00e0 illustrer Footballeur
Finette Agyapong,https://fr.wikipedia.org/?curid=10993122,https://fr.wikipedia.org/wiki/Finette Agyapong,Wikip\u00e9dia:\u00e9bauche athl\u00e8te britannique
Liste des m\u00e9daill\u00e9es olympiques en softball,https://fr.wikipedia.org/?curid=10993147,https://fr.wikipedia.org/wiki/Liste des m\u00e9daill\u00e9es olympiques en softball,Portail:Baseball/Articles li\u00e9s
Marylie Limousin,https://fr.wikipedia.org/?curid=11010499,https://fr.wikipedia.org/wiki/Marylie Limousin,Page utilisant P569
Horan (chanteuse),https://fr.wikipedia.org/?curid=11010744,https://fr.wikipedia.org/wiki/Horan (chanteuse),Article utilisant une Infobox
Julie Berthier,https://fr.wikipedia.org/?curid=11012405,https://fr.wikipedia.org/wiki/Julie Berthier,Wikip\u00e9dia:\u00e9bauche natation
Peter et David Paul,https://fr.wikipedia.org/?curid=11010217,https://fr.wikipedia.org/wiki/Peter et David Paul,Article \u00e0 illustrer Personnalit\u00e9 du cin\u00e9ma
Suran (chanteuse),https://fr.wikipedia.org/?curid=11010255,https://fr.wikipedia.org/wiki/Suran (chanteuse),Article utilisant une Infobox
Daniella Hill,https://fr.wikipedia.org/?curid=11008841,https://fr.wikipedia.org/wiki/Daniella Hill,Wikip\u00e9dia:\u00e9bauche athl\u00e8te am\u00e9ricain
Carolina Mendes,https://fr.wikipedia.org/?curid=11008880,https://fr.wikipedia.org/wiki/Carolina Mendes,Article \u00e0 illustrer Footballeur
Sarah Reinertsen,https://fr.wikipedia.org/?curid=10979723,https://fr.wikipedia.org/wiki/Sarah Reinertsen,Wikip\u00e9dia:\u00e9bauche triathlon
Linky Boshoff,https://fr.wikipedia.org/?curid=1097748,https://fr.wikipedia.org/wiki/Linky Boshoff,Article \u00e0 illustrer Joueur de tennis
Jane Egan,https://fr.wikipedia.org/?curid=10977939,https://fr.wikipedia.org/wiki/Jane Egan,Wikip\u00e9dia:\u00e9bauche triathl\u00e8te
Charlene Lipsey,https://fr.wikipedia.org/?curid=10977973,https://fr.wikipedia.org/wiki/Charlene Lipsey,Wikip\u00e9dia:\u00e9bauche athl\u00e8te am\u00e9ricain
Ilionis Guillaume,https://fr.wikipedia.org/?curid=10999827,https://fr.wikipedia.org/wiki/Ilionis Guillaume,Wikip\u00e9dia:\u00e9bauche athl\u00e8te fran\u00e7ais
Edite Fernandes,https://fr.wikipedia.org/?curid=11000030,https://fr.wikipedia.org/wiki/Edite Fernandes,Article \u00e0 illustrer Footballeur
Dmytro Nikitin,https://fr.wikipedia.org/?curid=10998458,https://fr.wikipedia.org/wiki/Dmytro Nikitin,Page utilisant P569
Am\u00e9lie Kretz,https://fr.wikipedia.org/?curid=10999649,https://fr.wikipedia.org/wiki/Am\u00e9lie Kretz,Article \u00e0 illustrer Sportif
Aaron Scheidies,https://fr.wikipedia.org/?curid=10980863,https://fr.wikipedia.org/wiki/Aaron Scheidies,Wikip\u00e9dia:\u00e9bauche triathlon
Allysa Seely,https://fr.wikipedia.org/?curid=10980938,https://fr.wikipedia.org/wiki/Allysa Seely,Wikip\u00e9dia:\u00e9bauche triathl\u00e8te
Anna Emilie M\u00f8ller,https://fr.wikipedia.org/?curid=10985902,https://fr.wikipedia.org/wiki/Anna Emilie M\u00f8ller,Wikip\u00e9dia:\u00e9bauche athl\u00e8te danois
We Don't Talk Anymore,https://fr.wikipedia.org/?curid=10987980,https://fr.wikipedia.org/wiki/We Don't Talk Anymore,Wikip\u00e9dia:\u00e9bauche chanson
Sarah Gautreau,https://fr.wikipedia.org/?curid=10986377,https://fr.wikipedia.org/wiki/Sarah Gautreau,Wikip\u00e9dia:\u00e9bauche athl\u00e8te fran\u00e7ais
Mar\u00eda P\u00e9rez (athl\u00e9tisme),https://fr.wikipedia.org/?curid=10986434,https://fr.wikipedia.org/wiki/Mar\u00eda P\u00e9rez (athl\u00e9tisme),Wikip\u00e9dia:\u00e9bauche athl\u00e8te espagnol
Kirsten Kasper,https://fr.wikipedia.org/?curid=10987034,https://fr.wikipedia.org/wiki/Kirsten Kasper,Wikip\u00e9dia:\u00e9bauche triathl\u00e8te
Prisca Duvernay,https://fr.wikipedia.org/?curid=10986145,https://fr.wikipedia.org/wiki/Prisca Duvernay,Wikip\u00e9dia:\u00e9bauche athl\u00e8te fran\u00e7ais
Chen Yang (athl\u00e9tisme),https://fr.wikipedia.org/?curid=10984607,https://fr.wikipedia.org/wiki/Chen Yang (athl\u00e9tisme),Wikip\u00e9dia:\u00e9bauche athl\u00e8te chinois
Ingrid van Lubek,https://fr.wikipedia.org/?curid=10987366,https://fr.wikipedia.org/wiki/Ingrid van Lubek,Wikip\u00e9dia:\u00e9bauche triathlon
Sione Jongstra,https://fr.wikipedia.org/?curid=10987448,https://fr.wikipedia.org/wiki/Sione Jongstra,Wikip\u00e9dia:\u00e9bauche triathl\u00e8te
Stephanie Forrester,https://fr.wikipedia.org/?curid=10989934,https://fr.wikipedia.org/wiki/Stephanie Forrester,Wikip\u00e9dia:\u00e9bauche triathl\u00e8te
Kevin Collington,https://fr.wikipedia.org/?curid=10997270,https://fr.wikipedia.org/wiki/Kevin Collington,Wikip\u00e9dia:\u00e9bauche triathl\u00e8te
David McNamee (triathlon),https://fr.wikipedia.org/?curid=10994138,https://fr.wikipedia.org/wiki/David McNamee (triathlon),Wikip\u00e9dia:\u00e9bauche triathlon
Trevor Wurtele,https://fr.wikipedia.org/?curid=10994407,https://fr.wikipedia.org/wiki/Trevor Wurtele,Wikip\u00e9dia:\u00e9bauche triathlon
Aileen Reid,https://fr.wikipedia.org/?curid=10994525,https://fr.wikipedia.org/wiki/Aileen Reid,Wikip\u00e9dia:\u00e9bauche triathlon
Pedro Gomes (triathlon),https://fr.wikipedia.org/?curid=10994847,https://fr.wikipedia.org/wiki/Pedro Gomes (triathlon),Wikip\u00e9dia:\u00e9bauche triathl\u00e8te
