Name,URL1,URL2,First Category
"Alfred Hitchcock pr\u00e9sente (s\u00e9rie t\u00e9l\u00e9vis\u00e9e, 1985)",https://fr.wikipedia.org/?curid=1447764,"https://fr.wikipedia.org/wiki/Alfred Hitchcock pr\u00e9sente (s\u00e9rie t\u00e9l\u00e9vis\u00e9e, 1985)",Article utilisant une Infobox
Joan Tozzer,https://fr.wikipedia.org/?curid=14505428,https://fr.wikipedia.org/wiki/Joan Tozzer,Article \u00e0 illustrer Patineur artistique
M\u00f3nica Zalaquett,https://fr.wikipedia.org/?curid=14505456,https://fr.wikipedia.org/wiki/M\u00f3nica Zalaquett,Article utilisant une Infobox
Cobie Smulders,https://fr.wikipedia.org/?curid=1452199,https://fr.wikipedia.org/wiki/Cobie Smulders,Article contenant un lien mort
Cendrine Browne,https://fr.wikipedia.org/?curid=14522425,https://fr.wikipedia.org/wiki/Cendrine Browne,Article utilisant une Infobox
Li Xin (ski de fond),https://fr.wikipedia.org/?curid=14526386,https://fr.wikipedia.org/wiki/Li Xin (ski de fond),Wikip\u00e9dia:\u00e9bauche ski de fond
An Yu-jin,https://fr.wikipedia.org/?curid=14527665,https://fr.wikipedia.org/wiki/An Yu-jin,Article utilisant une Infobox
Sharon Firisua,https://fr.wikipedia.org/?curid=14503775,https://fr.wikipedia.org/wiki/Sharon Firisua,Wikip\u00e9dia:\u00e9bauche Salomon
Liste des m\u00e9daill\u00e9s aux Jeux paralympiques d'hiver de 2022,https://fr.wikipedia.org/?curid=14554197,https://fr.wikipedia.org/wiki/Liste des m\u00e9daill\u00e9s aux Jeux paralympiques d'hiver de 2022,Portail:Handisport/Articles li\u00e9s
Bhavani Devi Chadalavada Anandha,https://fr.wikipedia.org/?curid=14541593,https://fr.wikipedia.org/wiki/Bhavani Devi Chadalavada Anandha,Article utilisant une Infobox
Sandra Sassine,https://fr.wikipedia.org/?curid=14546881,https://fr.wikipedia.org/wiki/Sandra Sassine,Article \u00e0 illustrer Escrimeur
Eleonora Sears,https://fr.wikipedia.org/?curid=1454356,https://fr.wikipedia.org/wiki/Eleonora Sears,Article utilisant une Infobox
Cynthia Kauffman,https://fr.wikipedia.org/?curid=14493915,https://fr.wikipedia.org/wiki/Cynthia Kauffman,Wikip\u00e9dia:\u00e9bauche patinage artistique
Maurice Clavel (triathlon),https://fr.wikipedia.org/?curid=14574752,https://fr.wikipedia.org/wiki/Maurice Clavel (triathlon),Wikip\u00e9dia:\u00e9bauche triathl\u00e8te
Haley Chura,https://fr.wikipedia.org/?curid=14574754,https://fr.wikipedia.org/wiki/Haley Chura,Wikip\u00e9dia:\u00e9bauche triathl\u00e8te
Lydia Hiernickel,https://fr.wikipedia.org/?curid=14575496,https://fr.wikipedia.org/wiki/Lydia Hiernickel,Wikip\u00e9dia:\u00e9bauche sportif suisse
Anne-Marie Comeau,https://fr.wikipedia.org/?curid=14575900,https://fr.wikipedia.org/wiki/Anne-Marie Comeau,Article \u00e0 illustrer Sportif
Leani Ratri Oktila,https://fr.wikipedia.org/?curid=14570572,https://fr.wikipedia.org/wiki/Leani Ratri Oktila,Article utilisant une Infobox
Caitlin Patterson,https://fr.wikipedia.org/?curid=14572649,https://fr.wikipedia.org/wiki/Caitlin Patterson,Wikip\u00e9dia:\u00e9bauche ski de fond
Anna Comarella,https://fr.wikipedia.org/?curid=14573549,https://fr.wikipedia.org/wiki/Anna Comarella,Wikip\u00e9dia:\u00e9bauche sportif italien
Erica Batchelor,https://fr.wikipedia.org/?curid=14571734,https://fr.wikipedia.org/wiki/Erica Batchelor,Article \u00e0 illustrer Patineur artistique
Barbora Havl\u00ed\u010dkov\u00e1,https://fr.wikipedia.org/?curid=14572040,https://fr.wikipedia.org/wiki/Barbora Havl\u00ed\u010dkov\u00e1,Article \u00e0 illustrer Sportif
Monika Salkute,https://fr.wikipedia.org/?curid=14573564,https://fr.wikipedia.org/wiki/Monika Salkute,Article utilisant une Infobox
Sara Pellegrini,https://fr.wikipedia.org/?curid=14570855,https://fr.wikipedia.org/wiki/Sara Pellegrini,Article utilisant une Infobox
Edith Secord,https://fr.wikipedia.org/?curid=14511851,https://fr.wikipedia.org/wiki/Edith Secord,Article \u00e0 illustrer Patineur artistique
Nej',https://fr.wikipedia.org/?curid=14510008,https://fr.wikipedia.org/wiki/Nej',Wikip\u00e9dia:\u00e9bauche musicien fran\u00e7ais
Catherine McClements,https://fr.wikipedia.org/?curid=14518713,https://fr.wikipedia.org/wiki/Catherine McClements,Page utilisant P569
D\u00e9mons (chanson d'Ang\u00e8le),https://fr.wikipedia.org/?curid=14516213,https://fr.wikipedia.org/wiki/D\u00e9mons (chanson d'Ang\u00e8le),Article utilisant une Infobox
Laura Muller,https://fr.wikipedia.org/?curid=14501948,https://fr.wikipedia.org/wiki/Laura Muller,Article \u00e0 illustrer Footballeur
Kim Batten,https://fr.wikipedia.org/?curid=1450448,https://fr.wikipedia.org/wiki/Kim Batten,Wikip\u00e9dia:\u00e9bauche athl\u00e8te am\u00e9ricain
Ronisia,https://fr.wikipedia.org/?curid=14539082,https://fr.wikipedia.org/wiki/Ronisia,Page utilisant P569
Liste des premi\u00e8res femmes par m\u00e9tier ou fonction au Qu\u00e9bec,https://fr.wikipedia.org/?curid=14533455,https://fr.wikipedia.org/wiki/Liste des premi\u00e8res femmes par m\u00e9tier ou fonction au Qu\u00e9bec,Article contenant un appel \u00e0 traduction en anglais
Lucia Scardoni,https://fr.wikipedia.org/?curid=14495036,https://fr.wikipedia.org/wiki/Lucia Scardoni,Article utilisant une Infobox
Satenik,https://fr.wikipedia.org/?curid=13516382,https://fr.wikipedia.org/wiki/Satenik,Article utilisant une Infobox
Cornelia Bouman,https://fr.wikipedia.org/?curid=1353233,https://fr.wikipedia.org/wiki/Cornelia Bouman,Article utilisant une Infobox
Helena Patursson,https://fr.wikipedia.org/?curid=13535711,https://fr.wikipedia.org/wiki/Helena Patursson,Wikip\u00e9dia:Tentative d'adoption en ao\u00fbt 2023
Liste des comtesses et duchesses de Guise,https://fr.wikipedia.org/?curid=13530561,https://fr.wikipedia.org/wiki/Liste des comtesses et duchesses de Guise,Portail:Histoire/Articles li\u00e9s
Deborah Coleman,https://fr.wikipedia.org/?curid=13560562,https://fr.wikipedia.org/wiki/Deborah Coleman,Page utilisant P569
Rani Rosius,https://fr.wikipedia.org/?curid=13561547,https://fr.wikipedia.org/wiki/Rani Rosius,Article utilisant une Infobox
Sue Jones-Davies,https://fr.wikipedia.org/?curid=13555124,https://fr.wikipedia.org/wiki/Sue Jones-Davies,Page utilisant P569
Ariela Barer,https://fr.wikipedia.org/?curid=13558638,https://fr.wikipedia.org/wiki/Ariela Barer,Article utilisant une Infobox
Sylvia Lance,https://fr.wikipedia.org/?curid=1349701,https://fr.wikipedia.org/wiki/Sylvia Lance,Article utilisant une Infobox
Ekaterina Alexandrovska\u00efa,https://fr.wikipedia.org/?curid=13482537,https://fr.wikipedia.org/wiki/Ekaterina Alexandrovska\u00efa,Wikip\u00e9dia:\u00e9bauche patinage artistique
Danelle Ballengee,https://fr.wikipedia.org/?curid=13490218,https://fr.wikipedia.org/wiki/Danelle Ballengee,Article utilisant une Infobox
Midnight Sky,https://fr.wikipedia.org/?curid=13539095,https://fr.wikipedia.org/wiki/Midnight Sky,Wikip\u00e9dia:\u00e9bauche chanson
Carmen Giannattasio,https://fr.wikipedia.org/?curid=13541322,https://fr.wikipedia.org/wiki/Carmen Giannattasio,Page utilisant P569
Femke Bol,https://fr.wikipedia.org/?curid=13541716,https://fr.wikipedia.org/wiki/Femke Bol,Article utilisant une Infobox
Kathrin Schweinberger,https://fr.wikipedia.org/?curid=13541292,https://fr.wikipedia.org/wiki/Kathrin Schweinberger,Page utilisant P569
Lynna Irby,https://fr.wikipedia.org/?curid=13529085,https://fr.wikipedia.org/wiki/Lynna Irby,Wikip\u00e9dia:\u00e9bauche athl\u00e8te am\u00e9ricain
Maria Fiodorova,https://fr.wikipedia.org/?curid=13432432,https://fr.wikipedia.org/wiki/Maria Fiodorova,Page utilisant P569
Je suis un aventurier,https://fr.wikipedia.org/?curid=1344644,https://fr.wikipedia.org/wiki/Je suis un aventurier,Article utilisant une Infobox
Michelle Rodr\u00edguez (tennis),https://fr.wikipedia.org/?curid=1344666,https://fr.wikipedia.org/wiki/Michelle Rodr\u00edguez (tennis),Article \u00e0 illustrer Joueur de tennis
Helen Homans,https://fr.wikipedia.org/?curid=1344757,https://fr.wikipedia.org/wiki/Helen Homans,Article utilisant une Infobox
Cina Soul,https://fr.wikipedia.org/?curid=13447319,https://fr.wikipedia.org/wiki/Cina Soul,Page utilisant P569
Jeanne Barseghian,https://fr.wikipedia.org/?curid=13444770,https://fr.wikipedia.org/wiki/Jeanne Barseghian,Article contenant un lien mort
Rabea Grand,https://fr.wikipedia.org/?curid=1349296,https://fr.wikipedia.org/wiki/Rabea Grand,Wikip\u00e9dia:\u00e9bauche personnalit\u00e9 suisse
Shona Rubens,https://fr.wikipedia.org/?curid=1349320,https://fr.wikipedia.org/wiki/Shona Rubens,Wikip\u00e9dia:\u00e9bauche ski alpin
Rhea Chakraborty,https://fr.wikipedia.org/?curid=13515268,https://fr.wikipedia.org/wiki/Rhea Chakraborty,Page utilisant P569
Jasmin Bhasin,https://fr.wikipedia.org/?curid=13515760,https://fr.wikipedia.org/wiki/Jasmin Bhasin,Page utilisant P569
Rubina Dilaik,https://fr.wikipedia.org/?curid=13515775,https://fr.wikipedia.org/wiki/Rubina Dilaik,Article utilisant une Infobox
B\u00e1rbara Hern\u00e1ndez,https://fr.wikipedia.org/?curid=13513698,https://fr.wikipedia.org/wiki/B\u00e1rbara Hern\u00e1ndez,Page utilisant P569
Oihana Kortazar,https://fr.wikipedia.org/?curid=13514810,https://fr.wikipedia.org/wiki/Oihana Kortazar,Article utilisant une Infobox
Mary McCormic,https://fr.wikipedia.org/?curid=14397014,https://fr.wikipedia.org/wiki/Mary McCormic,Page utilisant P569
Norah McCarthy,https://fr.wikipedia.org/?curid=14384829,https://fr.wikipedia.org/wiki/Norah McCarthy,Article \u00e0 illustrer Patineur artistique
Sophie Capewell,https://fr.wikipedia.org/?curid=14416368,https://fr.wikipedia.org/wiki/Sophie Capewell,Wikip\u00e9dia:\u00e9bauche coureur cycliste britannique
Edinanci Silva,https://fr.wikipedia.org/?curid=14415169,https://fr.wikipedia.org/wiki/Edinanci Silva,Page utilisant P19
Le\u00efa Ratahiry,https://fr.wikipedia.org/?curid=14416561,https://fr.wikipedia.org/wiki/Le\u00efa Ratahiry,Article \u00e0 illustrer Joueur de volley-ball
Ibtissam Jraidi,https://fr.wikipedia.org/?curid=14417503,https://fr.wikipedia.org/wiki/Ibtissam Jraidi,Wikip\u00e9dia:\u00e9bauche footballeuse
Alessia Marcuzzi,https://fr.wikipedia.org/?curid=14226285,https://fr.wikipedia.org/wiki/Alessia Marcuzzi,Page utilisant P569
Sophie Choudry,https://fr.wikipedia.org/?curid=14240984,https://fr.wikipedia.org/wiki/Sophie Choudry,Page utilisant P569
Elena-Gabriela Ruse,https://fr.wikipedia.org/?curid=14242239,https://fr.wikipedia.org/wiki/Elena-Gabriela Ruse,Article utilisant une Infobox
Jessica Curry,https://fr.wikipedia.org/?curid=14244152,https://fr.wikipedia.org/wiki/Jessica Curry,Page utilisant P569
Hitomi Honda,https://fr.wikipedia.org/?curid=14245096,https://fr.wikipedia.org/wiki/Hitomi Honda,Article utilisant une Infobox
Cr\u00e9ol,https://fr.wikipedia.org/?curid=14245462,https://fr.wikipedia.org/wiki/Cr\u00e9ol,Article utilisant une Infobox
Batman : Le D\u00e9fi,https://fr.wikipedia.org/?curid=143037,https://fr.wikipedia.org/wiki/Batman : Le D\u00e9fi,Article utilisant une Infobox
Liste des m\u00e9daill\u00e9s olympiques en tir \u00e0 l'arc,https://fr.wikipedia.org/?curid=14311018,https://fr.wikipedia.org/wiki/Liste des m\u00e9daill\u00e9s olympiques en tir \u00e0 l'arc,Portail:Jeux olympiques/Articles li\u00e9s
Jo Ellen Pellman,https://fr.wikipedia.org/?curid=14314674,https://fr.wikipedia.org/wiki/Jo Ellen Pellman,Article \u00e0 illustrer Personnalit\u00e9 du cin\u00e9ma
Julie Derron,https://fr.wikipedia.org/?curid=14376394,https://fr.wikipedia.org/wiki/Julie Derron,Wikip\u00e9dia:\u00e9bauche triathl\u00e8te
Kiara Rodriguez,https://fr.wikipedia.org/?curid=14397723,https://fr.wikipedia.org/wiki/Kiara Rodriguez,Article \u00e0 illustrer Athl\u00e8te
Marlene van Gansewinkel,https://fr.wikipedia.org/?curid=14395839,https://fr.wikipedia.org/wiki/Marlene van Gansewinkel,Article utilisant une Infobox
Zhou Zhaoqian,https://fr.wikipedia.org/?curid=14396016,https://fr.wikipedia.org/wiki/Zhou Zhaoqian,Article \u00e0 illustrer Athl\u00e8te
Viviane Chidid,https://fr.wikipedia.org/?curid=1437315,https://fr.wikipedia.org/wiki/Viviane Chidid,Article utilisant une Infobox
Mamy Razafimanantsoa,https://fr.wikipedia.org/?curid=14373263,https://fr.wikipedia.org/wiki/Mamy Razafimanantsoa,Article \u00e0 illustrer Athl\u00e8te
Mao Asada,https://fr.wikipedia.org/?curid=1437344,https://fr.wikipedia.org/wiki/Mao Asada,Article utilisant une Infobox
Marilyn Ruth Take,https://fr.wikipedia.org/?curid=14386153,https://fr.wikipedia.org/wiki/Marilyn Ruth Take,Article utilisant une Infobox
Lucille Gicquel,https://fr.wikipedia.org/?curid=14386306,https://fr.wikipedia.org/wiki/Lucille Gicquel,Article utilisant une Infobox
Islam Bkhibkhi,https://fr.wikipedia.org/?curid=14391358,https://fr.wikipedia.org/wiki/Islam Bkhibkhi,Wikip\u00e9dia:\u00e9bauche triathl\u00e8te
Syrine Fattoum,https://fr.wikipedia.org/?curid=14391382,https://fr.wikipedia.org/wiki/Syrine Fattoum,Wikip\u00e9dia:\u00e9bauche triathl\u00e8te
Mohamed Aziz Sebai,https://fr.wikipedia.org/?curid=14391403,https://fr.wikipedia.org/wiki/Mohamed Aziz Sebai,Wikip\u00e9dia:\u00e9bauche triathl\u00e8te
Ons Lajili,https://fr.wikipedia.org/?curid=14391407,https://fr.wikipedia.org/wiki/Ons Lajili,Wikip\u00e9dia:\u00e9bauche triathl\u00e8te
Petya Pendareva,https://fr.wikipedia.org/?curid=1439244,https://fr.wikipedia.org/wiki/Petya Pendareva,Wikip\u00e9dia:\u00e9bauche athl\u00e8te bulgare
Vicky Kaya,https://fr.wikipedia.org/?curid=14391847,https://fr.wikipedia.org/wiki/Vicky Kaya,Page utilisant P569
Laura S\u00fc\u00dfemilch,https://fr.wikipedia.org/?curid=14392037,https://fr.wikipedia.org/wiki/Laura S\u00fc\u00dfemilch,Page utilisant P569
Alice Sharpe,https://fr.wikipedia.org/?curid=14392057,https://fr.wikipedia.org/wiki/Alice Sharpe,Wikip\u00e9dia:\u00e9bauche coureur cycliste
Catarina Amado,https://fr.wikipedia.org/?curid=14420758,https://fr.wikipedia.org/wiki/Catarina Amado,Article \u00e0 illustrer Footballeur
Zeynep \u00c7elik,https://fr.wikipedia.org/?curid=14421018,https://fr.wikipedia.org/wiki/Zeynep \u00c7elik,Article utilisant une Infobox
Eva Elouga,https://fr.wikipedia.org/?curid=14425731,https://fr.wikipedia.org/wiki/Eva Elouga,Article \u00e0 illustrer Joueur de volley-ball
June Kirby,https://fr.wikipedia.org/?curid=14425967,https://fr.wikipedia.org/wiki/June Kirby,Page utilisant P20
Albertina Noyes,https://fr.wikipedia.org/?curid=14425153,https://fr.wikipedia.org/wiki/Albertina Noyes,Article \u00e0 illustrer Patineur artistique
Aur\u00e9lie Jonary,https://fr.wikipedia.org/?curid=14374220,https://fr.wikipedia.org/wiki/Aur\u00e9lie Jonary,Article \u00e0 illustrer Athl\u00e8te
Dragana Toma\u0161evi\u0107,https://fr.wikipedia.org/?curid=1440665,https://fr.wikipedia.org/wiki/Dragana Toma\u0161evi\u0107,Wikip\u00e9dia:\u00e9bauche athl\u00e8te serbe
\u00c9milie Respaut,https://fr.wikipedia.org/?curid=14412932,https://fr.wikipedia.org/wiki/\u00c9milie Respaut,Article \u00e0 illustrer Joueur de volley-ball
Parvina Samandarova,https://fr.wikipedia.org/?curid=14404836,https://fr.wikipedia.org/wiki/Parvina Samandarova,Article utilisant une Infobox
Iryna Husieva,https://fr.wikipedia.org/?curid=14404856,https://fr.wikipedia.org/wiki/Iryna Husieva,Article \u00e0 illustrer Judoka
Simone Ackermann,https://fr.wikipedia.org/?curid=14414328,https://fr.wikipedia.org/wiki/Simone Ackermann,Wikip\u00e9dia:\u00e9bauche triathl\u00e8te
Lizel Moore,https://fr.wikipedia.org/?curid=14413324,https://fr.wikipedia.org/wiki/Lizel Moore,Wikip\u00e9dia:\u00e9bauche triathl\u00e8te
Marie-Gis\u00e8le Eleme-Asse,https://fr.wikipedia.org/?curid=14374398,https://fr.wikipedia.org/wiki/Marie-Gis\u00e8le Eleme-Asse,Article \u00e0 illustrer Athl\u00e8te
Rayte\u2019a Long,https://fr.wikipedia.org/?curid=14374626,https://fr.wikipedia.org/wiki/Rayte\u2019a Long,Article \u00e0 illustrer Joueur de basket-ball
Joyce Muthoni Njeru,https://fr.wikipedia.org/?curid=14400527,https://fr.wikipedia.org/wiki/Joyce Muthoni Njeru,Article \u00e0 illustrer Athl\u00e8te
Pongo (chanteuse),https://fr.wikipedia.org/?curid=14376302,https://fr.wikipedia.org/wiki/Pongo (chanteuse),Article utilisant une Infobox
Teresa Adam,https://fr.wikipedia.org/?curid=14375047,https://fr.wikipedia.org/wiki/Teresa Adam,Wikip\u00e9dia:\u00e9bauche triathl\u00e8te
Liste des footballeuses les plus cap\u00e9es en \u00e9quipe nationale,https://fr.wikipedia.org/?curid=14377697,https://fr.wikipedia.org/wiki/Liste des footballeuses les plus cap\u00e9es en \u00e9quipe nationale,Portail:Football/Articles li\u00e9s
Liste des m\u00e9daill\u00e9s olympiques en lutte,https://fr.wikipedia.org/?curid=14302343,https://fr.wikipedia.org/wiki/Liste des m\u00e9daill\u00e9s olympiques en lutte,Wikip\u00e9dia:\u00e9bauche lutte
Liste des m\u00e9daill\u00e9s et m\u00e9daill\u00e9es olympiques par \u00e9quipes en judo,https://fr.wikipedia.org/?curid=14301929,https://fr.wikipedia.org/wiki/Liste des m\u00e9daill\u00e9s et m\u00e9daill\u00e9es olympiques par \u00e9quipes en judo,Portail:Jeux olympiques/Articles li\u00e9s
Liste des m\u00e9daill\u00e9s olympiques en escalade,https://fr.wikipedia.org/?curid=14301985,https://fr.wikipedia.org/wiki/Liste des m\u00e9daill\u00e9s olympiques en escalade,Portail:Alpinisme et escalade/Articles li\u00e9s
Liste des m\u00e9daill\u00e9s olympiques en halt\u00e9rophilie,https://fr.wikipedia.org/?curid=14295454,https://fr.wikipedia.org/wiki/Liste des m\u00e9daill\u00e9s olympiques en halt\u00e9rophilie,Page avec des liens de fichiers bris\u00e9s
Taylor Knibb,https://fr.wikipedia.org/?curid=14300741,https://fr.wikipedia.org/wiki/Taylor Knibb,Wikip\u00e9dia:\u00e9bauche triathl\u00e8te
Jack Eastwood,https://fr.wikipedia.org/?curid=14354243,https://fr.wikipedia.org/wiki/Jack Eastwood,Article \u00e0 illustrer Patineur artistique
Leonor Espinoza,https://fr.wikipedia.org/?curid=14338479,https://fr.wikipedia.org/wiki/Leonor Espinoza,Article utilisant une Infobox
Jeanne Chevalier (patinage artistique),https://fr.wikipedia.org/?curid=14349750,https://fr.wikipedia.org/wiki/Jeanne Chevalier (patinage artistique),Article \u00e0 illustrer Patineur artistique
Fenella Langridge,https://fr.wikipedia.org/?curid=14351331,https://fr.wikipedia.org/wiki/Fenella Langridge,Wikip\u00e9dia:\u00e9bauche triathl\u00e8te
Louise Weigel,https://fr.wikipedia.org/?curid=14351403,https://fr.wikipedia.org/wiki/Louise Weigel,Article \u00e0 illustrer Patineur artistique
Jennifer Gadirova,https://fr.wikipedia.org/?curid=14269990,https://fr.wikipedia.org/wiki/Jennifer Gadirova,Image locale diff\u00e9rente de celle de Wikidata
Abigail Irozuru,https://fr.wikipedia.org/?curid=14275511,https://fr.wikipedia.org/wiki/Abigail Irozuru,Wikip\u00e9dia:\u00e9bauche athl\u00e9tisme
Monica Niculescu,https://fr.wikipedia.org/?curid=1427556,https://fr.wikipedia.org/wiki/Monica Niculescu,Article utilisant une Infobox
Liste des m\u00e9daill\u00e9s olympiques en surf,https://fr.wikipedia.org/?curid=14303426,https://fr.wikipedia.org/wiki/Liste des m\u00e9daill\u00e9s olympiques en surf,Portail:Surf/Articles li\u00e9s
Liste des m\u00e9daill\u00e9s olympiques en beach-volley,https://fr.wikipedia.org/?curid=14304795,https://fr.wikipedia.org/wiki/Liste des m\u00e9daill\u00e9s olympiques en beach-volley,Portail:Volley-ball/Articles li\u00e9s
Misato Michishita,https://fr.wikipedia.org/?curid=14341088,https://fr.wikipedia.org/wiki/Misato Michishita,Article utilisant une Infobox
Adiaratou Iglesias Forneiro,https://fr.wikipedia.org/?curid=14341270,https://fr.wikipedia.org/wiki/Adiaratou Iglesias Forneiro,Article \u00e0 illustrer Athl\u00e8te
Inge Dekker,https://fr.wikipedia.org/?curid=1434646,https://fr.wikipedia.org/wiki/Inge Dekker,Wikip\u00e9dia:\u00e9bauche natation
Mekdes Woldu,https://fr.wikipedia.org/?curid=14340996,https://fr.wikipedia.org/wiki/Mekdes Woldu,Article \u00e0 illustrer Athl\u00e8te
Madeleine Ndongo Mbazoa,https://fr.wikipedia.org/?curid=14370611,https://fr.wikipedia.org/wiki/Madeleine Ndongo Mbazoa,Article \u00e0 illustrer Athl\u00e8te
Christine Duverg\u00e9,https://fr.wikipedia.org/?curid=14370614,https://fr.wikipedia.org/wiki/Christine Duverg\u00e9,Article \u00e0 illustrer Athl\u00e8te
Odette Tap\u00e9,https://fr.wikipedia.org/?curid=14371462,https://fr.wikipedia.org/wiki/Odette Tap\u00e9,Article \u00e0 illustrer Athl\u00e8te
Hadjira Sifouani,https://fr.wikipedia.org/?curid=14371512,https://fr.wikipedia.org/wiki/Hadjira Sifouani,Article \u00e0 illustrer Athl\u00e8te
Vieng Naruemon,https://fr.wikipedia.org/?curid=14370893,https://fr.wikipedia.org/wiki/Vieng Naruemon,Wikip\u00e9dia:\u00e9bauche chanteur
Louise Kor\u00e9,https://fr.wikipedia.org/?curid=14370996,https://fr.wikipedia.org/wiki/Louise Kor\u00e9,Article \u00e0 illustrer Athl\u00e8te
Chadia Moubtakir,https://fr.wikipedia.org/?curid=14371026,https://fr.wikipedia.org/wiki/Chadia Moubtakir,Article \u00e0 illustrer Athl\u00e8te
Fatima Najjam,https://fr.wikipedia.org/?curid=14371057,https://fr.wikipedia.org/wiki/Fatima Najjam,Article \u00e0 illustrer Athl\u00e8te
Fatima Salahi,https://fr.wikipedia.org/?curid=14371080,https://fr.wikipedia.org/wiki/Fatima Salahi,Article \u00e0 illustrer Athl\u00e8te
Lantoniaina Ramalalanirina,https://fr.wikipedia.org/?curid=14371185,https://fr.wikipedia.org/wiki/Lantoniaina Ramalalanirina,Article \u00e0 illustrer Athl\u00e8te
Patricia Foufou\u00e9 Ziga,https://fr.wikipedia.org/?curid=14371321,https://fr.wikipedia.org/wiki/Patricia Foufou\u00e9 Ziga,Article \u00e0 illustrer Athl\u00e8te
Eleanor O'Meara,https://fr.wikipedia.org/?curid=14339112,https://fr.wikipedia.org/wiki/Eleanor O'Meara,Article \u00e0 illustrer Patineur artistique
Alejandra Paola P\u00e9rez L\u00f3pez,https://fr.wikipedia.org/?curid=14339281,https://fr.wikipedia.org/wiki/Alejandra Paola P\u00e9rez L\u00f3pez,Wikip\u00e9dia:\u00e9bauche athl\u00e8te v\u00e9n\u00e9zu\u00e9lien
Lamiya Valiyeva,https://fr.wikipedia.org/?curid=14339312,https://fr.wikipedia.org/wiki/Lamiya Valiyeva,Article utilisant une Infobox
Ambra Sabatini,https://fr.wikipedia.org/?curid=14340522,https://fr.wikipedia.org/wiki/Ambra Sabatini,Article utilisant une Infobox
Matilde Fidalgo,https://fr.wikipedia.org/?curid=14343114,https://fr.wikipedia.org/wiki/Matilde Fidalgo,Article \u00e0 illustrer Footballeur
Estelle Weigel,https://fr.wikipedia.org/?curid=14351586,https://fr.wikipedia.org/wiki/Estelle Weigel,Article utilisant une Infobox
Lisa Roberts (triathlon),https://fr.wikipedia.org/?curid=14363203,https://fr.wikipedia.org/wiki/Lisa Roberts (triathlon),Article \u00e0 illustrer Sportif
Tim Hellwig,https://fr.wikipedia.org/?curid=14363205,https://fr.wikipedia.org/wiki/Tim Hellwig,Wikip\u00e9dia:\u00e9bauche triathl\u00e8te
Nadine Beno\u00eet,https://fr.wikipedia.org/?curid=14364849,https://fr.wikipedia.org/wiki/Nadine Beno\u00eet,Wikip\u00e9dia:\u00e9bauche athl\u00e8te mauricien
Janette Ahrens,https://fr.wikipedia.org/?curid=14328128,https://fr.wikipedia.org/wiki/Janette Ahrens,Article \u00e0 illustrer Patineur artistique
Annouck Curzillat,https://fr.wikipedia.org/?curid=14328165,https://fr.wikipedia.org/wiki/Annouck Curzillat,Article \u00e0 illustrer Sportif
Tatyana Reshetnikova,https://fr.wikipedia.org/?curid=14329434,https://fr.wikipedia.org/wiki/Tatyana Reshetnikova,Wikip\u00e9dia:\u00e9bauche athl\u00e8te russe
Dawn Bowles,https://fr.wikipedia.org/?curid=14329446,https://fr.wikipedia.org/wiki/Dawn Bowles,Wikip\u00e9dia:\u00e9bauche athl\u00e8te am\u00e9ricain
Fanni Ill\u00e9s,https://fr.wikipedia.org/?curid=14329674,https://fr.wikipedia.org/wiki/Fanni Ill\u00e9s,Article utilisant une Infobox
Lisbeli Vera Andrade,https://fr.wikipedia.org/?curid=14338397,https://fr.wikipedia.org/wiki/Lisbeli Vera Andrade,Article \u00e0 illustrer Athl\u00e8te
Hashemiyeh Motaghian Moavi,https://fr.wikipedia.org/?curid=14333624,https://fr.wikipedia.org/wiki/Hashemiyeh Motaghian Moavi,Article utilisant une Infobox
Sophie Coldwell,https://fr.wikipedia.org/?curid=14320479,https://fr.wikipedia.org/wiki/Sophie Coldwell,Article \u00e0 illustrer Sportif
Ma\u00eble Bir\u00e9-Heslouis,https://fr.wikipedia.org/?curid=14320641,https://fr.wikipedia.org/wiki/Ma\u00eble Bir\u00e9-Heslouis,Wikip\u00e9dia:\u00e9bauche athl\u00e8te fran\u00e7ais
Poleth M\u00e9ndes,https://fr.wikipedia.org/?curid=14331651,https://fr.wikipedia.org/wiki/Poleth M\u00e9ndes,Article \u00e0 illustrer Sportif
Sara Van de Vel,https://fr.wikipedia.org/?curid=14346944,https://fr.wikipedia.org/wiki/Sara Van de Vel,Page utilisant P569
Galina Lipatnikova,https://fr.wikipedia.org/?curid=14359362,https://fr.wikipedia.org/wiki/Galina Lipatnikova,Article \u00e0 illustrer Athl\u00e8te
Andreia Faria,https://fr.wikipedia.org/?curid=14358305,https://fr.wikipedia.org/wiki/Andreia Faria,Article \u00e0 illustrer Footballeur
Mary Rose Thacker,https://fr.wikipedia.org/?curid=14357599,https://fr.wikipedia.org/wiki/Mary Rose Thacker,Article \u00e0 illustrer Patineur artistique
Vanessa D\u00e9sir\u00e9,https://fr.wikipedia.org/?curid=14357749,https://fr.wikipedia.org/wiki/Vanessa D\u00e9sir\u00e9,Page utilisant P569
Nat\u00e1sa Theodor\u00eddou,https://fr.wikipedia.org/?curid=14357151,https://fr.wikipedia.org/wiki/Nat\u00e1sa Theodor\u00eddou,Page utilisant P569
Amnouy Wetwithan,https://fr.wikipedia.org/?curid=14577786,https://fr.wikipedia.org/wiki/Amnouy Wetwithan,Wikip\u00e9dia:\u00e9bauche sportif tha\u00eflandais
Noriko Ito,https://fr.wikipedia.org/?curid=14578073,https://fr.wikipedia.org/wiki/Noriko Ito,Wikip\u00e9dia:\u00e9bauche sportif japonais
Daniela Kotschov\u00e1,https://fr.wikipedia.org/?curid=14617500,https://fr.wikipedia.org/wiki/Daniela Kotschov\u00e1,Wikip\u00e9dia:\u00e9bauche ski de fond
Justus Nieschlag,https://fr.wikipedia.org/?curid=14620669,https://fr.wikipedia.org/wiki/Justus Nieschlag,Wikip\u00e9dia:\u00e9bauche triathl\u00e8te
Joanna Brown,https://fr.wikipedia.org/?curid=14624580,https://fr.wikipedia.org/wiki/Joanna Brown,Wikip\u00e9dia:\u00e9bauche triathl\u00e8te
Ryan Bailie,https://fr.wikipedia.org/?curid=14624605,https://fr.wikipedia.org/wiki/Ryan Bailie,Page utilisant P569
Nora Waldst\u00e4tten,https://fr.wikipedia.org/?curid=14620992,https://fr.wikipedia.org/wiki/Nora Waldst\u00e4tten,Traduction \u00e0 revoir
Patricia Pauley,https://fr.wikipedia.org/?curid=14600742,https://fr.wikipedia.org/wiki/Patricia Pauley,Article \u00e0 illustrer Patineur artistique
Laia Ca\u00f1es,https://fr.wikipedia.org/?curid=14628510,https://fr.wikipedia.org/wiki/Laia Ca\u00f1es,Article utilisant une Infobox
Rikke Louise Andersson,https://fr.wikipedia.org/?curid=14578508,https://fr.wikipedia.org/wiki/Rikke Louise Andersson,Wikip\u00e9dia:\u00e9bauche acteur danois
Veronika Mayerhofer,https://fr.wikipedia.org/?curid=14596518,https://fr.wikipedia.org/wiki/Veronika Mayerhofer,Wikip\u00e9dia:\u00e9bauche ski de fond
Amanda Ammar,https://fr.wikipedia.org/?curid=14596575,https://fr.wikipedia.org/wiki/Amanda Ammar,Wikip\u00e9dia:\u00e9bauche ski de fond
Wassila Alouache,https://fr.wikipedia.org/?curid=14599606,https://fr.wikipedia.org/wiki/Wassila Alouache,Article \u00e0 illustrer Footballeur
Diana Clifton-Peach,https://fr.wikipedia.org/?curid=14600432,https://fr.wikipedia.org/wiki/Diana Clifton-Peach,Article \u00e0 illustrer Patineur artistique
Antoniya Grigorova-Burgova,https://fr.wikipedia.org/?curid=14606703,https://fr.wikipedia.org/wiki/Antoniya Grigorova-Burgova,Wikip\u00e9dia:\u00e9bauche sportif bulgare
Anna Seebacher,https://fr.wikipedia.org/?curid=14579091,https://fr.wikipedia.org/wiki/Anna Seebacher,Wikip\u00e9dia:\u00e9bauche sportif autrichien
Mar\u00eda D\u00e1nou,https://fr.wikipedia.org/?curid=14583117,https://fr.wikipedia.org/wiki/Mar\u00eda D\u00e1nou,Wikip\u00e9dia:\u00e9bauche sportif grec
Marit Raaijmakers,https://fr.wikipedia.org/?curid=14583152,https://fr.wikipedia.org/wiki/Marit Raaijmakers,Page utilisant P569
Elizabeth Marks,https://fr.wikipedia.org/?curid=14607498,https://fr.wikipedia.org/wiki/Elizabeth Marks,Article utilisant une Infobox
Casey Wright,https://fr.wikipedia.org/?curid=14579878,https://fr.wikipedia.org/wiki/Casey Wright,Article \u00e0 illustrer Sportif
Annika Taylor,https://fr.wikipedia.org/?curid=14576124,https://fr.wikipedia.org/wiki/Annika Taylor,Wikip\u00e9dia:\u00e9bauche ski de fond
Stephanie Santer,https://fr.wikipedia.org/?curid=14585603,https://fr.wikipedia.org/wiki/Stephanie Santer,Article utilisant une Infobox
Wendy Moniz,https://fr.wikipedia.org/?curid=14582252,https://fr.wikipedia.org/wiki/Wendy Moniz,Page utilisant P569
Kl\u00e1ra Moravcov\u00e1,https://fr.wikipedia.org/?curid=14584180,https://fr.wikipedia.org/wiki/Kl\u00e1ra Moravcov\u00e1,Wikip\u00e9dia:\u00e9bauche ski de fond
Hedda \u00d8stberg Amundsen,https://fr.wikipedia.org/?curid=14581180,https://fr.wikipedia.org/wiki/Hedda \u00d8stberg Amundsen,Article \u00e0 illustrer Sportif
Christine Evangelista,https://fr.wikipedia.org/?curid=14587768,https://fr.wikipedia.org/wiki/Christine Evangelista,Wikip\u00e9dia:\u00e9bauche acteur am\u00e9ricain
Maria Gr\u00e4fnings,https://fr.wikipedia.org/?curid=14585795,https://fr.wikipedia.org/wiki/Maria Gr\u00e4fnings,Wikip\u00e9dia:\u00e9bauche sportif su\u00e9dois
Liste des m\u00e9daill\u00e9s olympiques en aviron,https://fr.wikipedia.org/?curid=14194351,https://fr.wikipedia.org/wiki/Liste des m\u00e9daill\u00e9s olympiques en aviron,Article avec une section vide ou incompl\u00e8te
Ana Mena,https://fr.wikipedia.org/?curid=14198297,https://fr.wikipedia.org/wiki/Ana Mena,Page utilisant P569
Priya Marathe,https://fr.wikipedia.org/?curid=14197117,https://fr.wikipedia.org/wiki/Priya Marathe,Wikip\u00e9dia:Tentative d'adoption en mars 2022
Pakkhi Hegde,https://fr.wikipedia.org/?curid=14198561,https://fr.wikipedia.org/wiki/Pakkhi Hegde,Page utilisant P569
G\u00e9mima Joseph,https://fr.wikipedia.org/?curid=14198567,https://fr.wikipedia.org/wiki/G\u00e9mima Joseph,Wikip\u00e9dia:\u00e9bauche athl\u00e8te fran\u00e7ais
Madeleine Sackler,https://fr.wikipedia.org/?curid=14154387,https://fr.wikipedia.org/wiki/Madeleine Sackler,Page utilisant P569
Kim A-lim,https://fr.wikipedia.org/?curid=14152702,https://fr.wikipedia.org/wiki/Kim A-lim,Wikip\u00e9dia:\u00e9bauche sportif sud-cor\u00e9en
Dorothy Andrus,https://fr.wikipedia.org/?curid=1408390,https://fr.wikipedia.org/wiki/Dorothy Andrus,Article utilisant une Infobox
Carol Ann Peters,https://fr.wikipedia.org/?curid=14160463,https://fr.wikipedia.org/wiki/Carol Ann Peters,Wikip\u00e9dia:\u00e9bauche patinage artistique
Hafsa Yatim,https://fr.wikipedia.org/?curid=14150656,https://fr.wikipedia.org/wiki/Hafsa Yatim,Wikip\u00e9dia:\u00e9bauche sportif marocain
Fay Muller,https://fr.wikipedia.org/?curid=1414838,https://fr.wikipedia.org/wiki/Fay Muller,Article \u00e0 illustrer Joueur de tennis
Dorothy Stevenson,https://fr.wikipedia.org/?curid=1414782,https://fr.wikipedia.org/wiki/Dorothy Stevenson,Article \u00e0 illustrer Joueur de tennis
Sarah Harachi,https://fr.wikipedia.org/?curid=14149848,https://fr.wikipedia.org/wiki/Sarah Harachi,Wikip\u00e9dia:\u00e9bauche judo
Fatou Kin\u00e9 Badji,https://fr.wikipedia.org/?curid=14149925,https://fr.wikipedia.org/wiki/Fatou Kin\u00e9 Badji,Wikip\u00e9dia:\u00e9bauche sportif s\u00e9n\u00e9galais
Mar\u00eda Mercedes Pila,https://fr.wikipedia.org/?curid=14184204,https://fr.wikipedia.org/wiki/Mar\u00eda Mercedes Pila,Article \u00e0 illustrer Athl\u00e8te
Thishiwe Ziqubu,https://fr.wikipedia.org/?curid=14183421,https://fr.wikipedia.org/wiki/Thishiwe Ziqubu,Article contenant un appel \u00e0 traduction en anglais
Shilpa Shukla,https://fr.wikipedia.org/?curid=14119782,https://fr.wikipedia.org/wiki/Shilpa Shukla,Page utilisant P569
Midi 20,https://fr.wikipedia.org/?curid=1413384,https://fr.wikipedia.org/wiki/Midi 20,Wikip\u00e9dia:\u00e9bauche album
Atsuko Tanaka (saut \u00e0 ski),https://fr.wikipedia.org/?curid=1413322,https://fr.wikipedia.org/wiki/Atsuko Tanaka (saut \u00e0 ski),Article utilisant une Infobox
Pernille Harder (badminton),https://fr.wikipedia.org/?curid=14071665,https://fr.wikipedia.org/wiki/Pernille Harder (badminton),Page utilisant P569
Dorothy Shepherd Barron,https://fr.wikipedia.org/?curid=1408130,https://fr.wikipedia.org/wiki/Dorothy Shepherd Barron,Article utilisant une Infobox
Billie Yorke,https://fr.wikipedia.org/?curid=1407826,https://fr.wikipedia.org/wiki/Billie Yorke,Article \u00e0 illustrer Joueur de tennis
Pallavi Fauzdar,https://fr.wikipedia.org/?curid=14078988,https://fr.wikipedia.org/wiki/Pallavi Fauzdar,Page utilisant P569
Erin Cottrell,https://fr.wikipedia.org/?curid=14435389,https://fr.wikipedia.org/wiki/Erin Cottrell,Wikip\u00e9dia:\u00e9bauche acteur am\u00e9ricain
Franck Dubosc,https://fr.wikipedia.org/?curid=144721,https://fr.wikipedia.org/wiki/Franck Dubosc,Article utilisant une Infobox
Aina the End,https://fr.wikipedia.org/?curid=14471336,https://fr.wikipedia.org/wiki/Aina the End,Article \u00e0 wikifier depuis novembre 2021
Madison Bear,https://fr.wikipedia.org/?curid=14474289,https://fr.wikipedia.org/wiki/Madison Bear,Article \u00e0 wikifier depuis novembre 2021
Maggie Coles-Lyster,https://fr.wikipedia.org/?curid=14459717,https://fr.wikipedia.org/wiki/Maggie Coles-Lyster,Page utilisant P569
Bruxelles je t'aime,https://fr.wikipedia.org/?curid=14463989,https://fr.wikipedia.org/wiki/Bruxelles je t'aime,Article utilisant une Infobox
Christine Tassan,https://fr.wikipedia.org/?curid=14464141,https://fr.wikipedia.org/wiki/Christine Tassan,Article \u00e0 wikifier depuis d\u00e9cembre 2021
Georgie Stone (actrice),https://fr.wikipedia.org/?curid=14464215,https://fr.wikipedia.org/wiki/Georgie Stone (actrice),Page utilisant P569
Han So-hee,https://fr.wikipedia.org/?curid=14464322,https://fr.wikipedia.org/wiki/Han So-hee,Article utilisant une Infobox
Africa Movie Academy Award du meilleur montage,https://fr.wikipedia.org/?curid=14489433,https://fr.wikipedia.org/wiki/Africa Movie Academy Award du meilleur montage,Article contenant un appel \u00e0 traduction en anglais
Kiria Tikanah Abdul Rahman,https://fr.wikipedia.org/?curid=14492651,https://fr.wikipedia.org/wiki/Kiria Tikanah Abdul Rahman,Article \u00e0 illustrer Escrimeur
Manon Moreels,https://fr.wikipedia.org/?curid=14491157,https://fr.wikipedia.org/wiki/Manon Moreels,Article \u00e0 illustrer Joueur de volley-ball
Fabiola Conti,https://fr.wikipedia.org/?curid=14487808,https://fr.wikipedia.org/wiki/Fabiola Conti,Article \u00e0 illustrer Athl\u00e8te
Choi Jung-won,https://fr.wikipedia.org/?curid=14486380,https://fr.wikipedia.org/wiki/Choi Jung-won,Article contenant un appel \u00e0 traduction en anglais
Alexandra Kosteniouk,https://fr.wikipedia.org/?curid=1448680,https://fr.wikipedia.org/wiki/Alexandra Kosteniouk,Page utilisant P27
Florence Girardet,https://fr.wikipedia.org/?curid=14431094,https://fr.wikipedia.org/wiki/Florence Girardet,Page utilisant P569
\u00c9velyne Beaudin,https://fr.wikipedia.org/?curid=14446358,https://fr.wikipedia.org/wiki/\u00c9velyne Beaudin,Wikip\u00e9dia:\u00e9bauche personnalit\u00e9 politique qu\u00e9b\u00e9coise
Yvonne Sherman,https://fr.wikipedia.org/?curid=14384881,https://fr.wikipedia.org/wiki/Yvonne Sherman,Article \u00e0 illustrer Patineur artistique
Alessa-Catriona Pr\u00f6pster,https://fr.wikipedia.org/?curid=14389537,https://fr.wikipedia.org/wiki/Alessa-Catriona Pr\u00f6pster,Page utilisant P569
Teresa Marinova,https://fr.wikipedia.org/?curid=1439098,https://fr.wikipedia.org/wiki/Teresa Marinova,Wikip\u00e9dia:\u00e9bauche athl\u00e8te bulgare
Seo Yea-ji,https://fr.wikipedia.org/?curid=14391109,https://fr.wikipedia.org/wiki/Seo Yea-ji,Page utilisant P569
Armelle Khellas,https://fr.wikipedia.org/?curid=14445132,https://fr.wikipedia.org/wiki/Armelle Khellas,Article \u00e0 illustrer Footballeur
Wissem Bouzid,https://fr.wikipedia.org/?curid=14445168,https://fr.wikipedia.org/wiki/Wissem Bouzid,Article \u00e0 illustrer Footballeur
Myriam Benlazar,https://fr.wikipedia.org/?curid=14445217,https://fr.wikipedia.org/wiki/Myriam Benlazar,Article utilisant une Infobox
Mar\u00edlia Mendon\u00e7a,https://fr.wikipedia.org/?curid=14443537,https://fr.wikipedia.org/wiki/Mar\u00edlia Mendon\u00e7a,Page utilisant P569
Mina Sato,https://fr.wikipedia.org/?curid=14423224,https://fr.wikipedia.org/wiki/Mina Sato,Wikip\u00e9dia:\u00e9bauche coureur cycliste japonais
\u00c9milie Maroteaux,https://fr.wikipedia.org/?curid=14420568,https://fr.wikipedia.org/wiki/\u00c9milie Maroteaux,Wikip\u00e9dia:\u00e9bauche athl\u00e8te fran\u00e7ais
Piper Niven,https://fr.wikipedia.org/?curid=14417961,https://fr.wikipedia.org/wiki/Piper Niven,Article \u00e0 wikifier depuis octobre 2021
Eleonora Gasparrini,https://fr.wikipedia.org/?curid=14419467,https://fr.wikipedia.org/wiki/Eleonora Gasparrini,Page utilisant P569
Liste des m\u00e9daill\u00e9s aux Jeux olympiques d'hiver de 2022,https://fr.wikipedia.org/?curid=14430118,https://fr.wikipedia.org/wiki/Liste des m\u00e9daill\u00e9s aux Jeux olympiques d'hiver de 2022,Portail:Jeux olympiques/Articles li\u00e9s
Valerie Jones,https://fr.wikipedia.org/?curid=14431610,https://fr.wikipedia.org/wiki/Valerie Jones,Article \u00e0 illustrer Patineur artistique
Francesca Ghelfi,https://fr.wikipedia.org/?curid=14439157,https://fr.wikipedia.org/wiki/Francesca Ghelfi,Article \u00e0 illustrer Athl\u00e8te
Laura Pigossi,https://fr.wikipedia.org/?curid=14268049,https://fr.wikipedia.org/wiki/Laura Pigossi,Article utilisant une Infobox
Hayden Wilde,https://fr.wikipedia.org/?curid=14270792,https://fr.wikipedia.org/wiki/Hayden Wilde,Page utilisant P569
Song Jiayuan,https://fr.wikipedia.org/?curid=14271621,https://fr.wikipedia.org/wiki/Song Jiayuan,Wikip\u00e9dia:\u00e9bauche athl\u00e9tisme
Blanche Bailly,https://fr.wikipedia.org/?curid=14271072,https://fr.wikipedia.org/wiki/Blanche Bailly,Page utilisant P18
Sonja Pachta,https://fr.wikipedia.org/?curid=14269035,https://fr.wikipedia.org/wiki/Sonja Pachta,Article contenant un appel \u00e0 traduction en allemand
Mirna Ortiz,https://fr.wikipedia.org/?curid=14282656,https://fr.wikipedia.org/wiki/Mirna Ortiz,Wikip\u00e9dia:\u00e9bauche athl\u00e9tisme
Maud Rosenbaum,https://fr.wikipedia.org/?curid=14288361,https://fr.wikipedia.org/wiki/Maud Rosenbaum,Article contenant un appel \u00e0 traduction en anglais
Stacey-Ann Williams,https://fr.wikipedia.org/?curid=14293067,https://fr.wikipedia.org/wiki/Stacey-Ann Williams,Wikip\u00e9dia:\u00e9bauche athl\u00e9tisme
Remona Burchell,https://fr.wikipedia.org/?curid=14293075,https://fr.wikipedia.org/wiki/Remona Burchell,Wikip\u00e9dia:\u00e9bauche athl\u00e9tisme
Safina Sadullayeva,https://fr.wikipedia.org/?curid=14283711,https://fr.wikipedia.org/wiki/Safina Sadullayeva,Wikip\u00e9dia:\u00e9bauche athl\u00e8te ouzbek
Kristina Ovchinnikova,https://fr.wikipedia.org/?curid=14283744,https://fr.wikipedia.org/wiki/Kristina Ovchinnikova,Article \u00e0 illustrer Athl\u00e8te
Marwa Bouzayani,https://fr.wikipedia.org/?curid=14261571,https://fr.wikipedia.org/wiki/Marwa Bouzayani,Wikip\u00e9dia:\u00e9bauche athl\u00e8te tunisien
Alberta Santuccio,https://fr.wikipedia.org/?curid=14273229,https://fr.wikipedia.org/wiki/Alberta Santuccio,Article utilisant une Infobox
Haruka Funakubo,https://fr.wikipedia.org/?curid=14274003,https://fr.wikipedia.org/wiki/Haruka Funakubo,Wikip\u00e9dia:\u00e9bauche judo
Anabel Medina (athl\u00e9tisme),https://fr.wikipedia.org/?curid=14273437,https://fr.wikipedia.org/wiki/Anabel Medina (athl\u00e9tisme),Wikip\u00e9dia:\u00e9bauche athl\u00e9tisme
Mary Moraa,https://fr.wikipedia.org/?curid=14271831,https://fr.wikipedia.org/wiki/Mary Moraa,Wikip\u00e9dia:\u00e9bauche athl\u00e9tisme
Liste des comtesses et duchesses de Vend\u00f4me,https://fr.wikipedia.org/?curid=14200545,https://fr.wikipedia.org/wiki/Liste des comtesses et duchesses de Vend\u00f4me,Portail:Royaume de France/Articles li\u00e9s
Klava Koka,https://fr.wikipedia.org/?curid=14316814,https://fr.wikipedia.org/wiki/Klava Koka,Article utilisant une Infobox
Tina Clayton,https://fr.wikipedia.org/?curid=14318146,https://fr.wikipedia.org/wiki/Tina Clayton,Wikip\u00e9dia:\u00e9bauche athl\u00e8te jama\u00efcain
Jackline Chepkoech,https://fr.wikipedia.org/?curid=14318515,https://fr.wikipedia.org/wiki/Jackline Chepkoech,Wikip\u00e9dia:\u00e9bauche athl\u00e8te k\u00e9nyan
Maja \u00c5skag,https://fr.wikipedia.org/?curid=14318530,https://fr.wikipedia.org/wiki/Maja \u00c5skag,Wikip\u00e9dia:\u00e9bauche athl\u00e8te su\u00e9dois
Candice McLeod,https://fr.wikipedia.org/?curid=14278182,https://fr.wikipedia.org/wiki/Candice McLeod,Wikip\u00e9dia:\u00e9bauche athl\u00e8te jama\u00efcain
Roxana G\u00f3mez,https://fr.wikipedia.org/?curid=14278211,https://fr.wikipedia.org/wiki/Roxana G\u00f3mez,Wikip\u00e9dia:\u00e9bauche athl\u00e8te cubain
Michelle Larcher de Brito,https://fr.wikipedia.org/?curid=1427824,https://fr.wikipedia.org/wiki/Michelle Larcher de Brito,Article utilisant une Infobox
Maggie Malone,https://fr.wikipedia.org/?curid=14277068,https://fr.wikipedia.org/wiki/Maggie Malone,Wikip\u00e9dia:\u00e9bauche athl\u00e9tisme
Mackenzie Little,https://fr.wikipedia.org/?curid=14277082,https://fr.wikipedia.org/wiki/Mackenzie Little,Wikip\u00e9dia:\u00e9bauche athl\u00e9tisme
Emma Oosterwegel,https://fr.wikipedia.org/?curid=14280461,https://fr.wikipedia.org/wiki/Emma Oosterwegel,Article utilisant une Infobox
Ivet Goranova,https://fr.wikipedia.org/?curid=14280695,https://fr.wikipedia.org/wiki/Ivet Goranova,Article utilisant une Infobox
Anjelika Terliouga,https://fr.wikipedia.org/?curid=14280813,https://fr.wikipedia.org/wiki/Anjelika Terliouga,Article utilisant une Infobox
Jessica Hull,https://fr.wikipedia.org/?curid=14279100,https://fr.wikipedia.org/wiki/Jessica Hull,Wikip\u00e9dia:\u00e9bauche athl\u00e8te australien
Linden Hall,https://fr.wikipedia.org/?curid=14279111,https://fr.wikipedia.org/wiki/Linden Hall,Wikip\u00e9dia:\u00e9bauche athl\u00e8te australien
Jorinde van Klinken,https://fr.wikipedia.org/?curid=14217801,https://fr.wikipedia.org/wiki/Jorinde van Klinken,Wikip\u00e9dia:\u00e9bauche athl\u00e9tisme
Shana Grebo,https://fr.wikipedia.org/?curid=14216632,https://fr.wikipedia.org/wiki/Shana Grebo,Wikip\u00e9dia:\u00e9bauche athl\u00e9tisme
Gabrielle Thomas,https://fr.wikipedia.org/?curid=14215560,https://fr.wikipedia.org/wiki/Gabrielle Thomas,Article utilisant une Infobox
Lara Gut-Behrami,https://fr.wikipedia.org/?curid=1421735,https://fr.wikipedia.org/wiki/Lara Gut-Behrami,Article utilisant une Infobox
Martina Cariddi,https://fr.wikipedia.org/?curid=14217546,https://fr.wikipedia.org/wiki/Martina Cariddi,Page utilisant P569
Claudia Salas,https://fr.wikipedia.org/?curid=14214135,https://fr.wikipedia.org/wiki/Claudia Salas,Page utilisant Lien pour un article existant
Jen Richards,https://fr.wikipedia.org/?curid=14214383,https://fr.wikipedia.org/wiki/Jen Richards,Page utilisant P19
Margot Chevrier,https://fr.wikipedia.org/?curid=14213365,https://fr.wikipedia.org/wiki/Margot Chevrier,Article utilisant une Infobox
Hazell Dean,https://fr.wikipedia.org/?curid=14206372,https://fr.wikipedia.org/wiki/Hazell Dean,Article \u00e0 wikifier depuis juin 2021
Sandra Sevillano,https://fr.wikipedia.org/?curid=14255968,https://fr.wikipedia.org/wiki/Sandra Sevillano,Article utilisant une Infobox
Poliana (football),https://fr.wikipedia.org/?curid=14256738,https://fr.wikipedia.org/wiki/Poliana (football),Wikip\u00e9dia:\u00e9bauche footballeuse br\u00e9silienne
Shay Colley,https://fr.wikipedia.org/?curid=14264205,https://fr.wikipedia.org/wiki/Shay Colley,Article \u00e0 illustrer Joueur de basket-ball
Eva Moreda,https://fr.wikipedia.org/?curid=14266124,https://fr.wikipedia.org/wiki/Eva Moreda,Article \u00e0 illustrer Athl\u00e8te
Marina Erakovic,https://fr.wikipedia.org/?curid=1426050,https://fr.wikipedia.org/wiki/Marina Erakovic,Article utilisant une Infobox
Louise Tucker,https://fr.wikipedia.org/?curid=14268009,https://fr.wikipedia.org/wiki/Louise Tucker,Article utilisant une Infobox
Liste des m\u00e9daill\u00e9s olympiques en tennis de table,https://fr.wikipedia.org/?curid=14310773,https://fr.wikipedia.org/wiki/Liste des m\u00e9daill\u00e9s olympiques en tennis de table,Portail:Jeux olympiques/Articles li\u00e9s
Olga Parfinenko,https://fr.wikipedia.org/?curid=14309837,https://fr.wikipedia.org/wiki/Olga Parfinenko,Wikip\u00e9dia:\u00e9bauche triathlon
Romana Slavinec,https://fr.wikipedia.org/?curid=14309839,https://fr.wikipedia.org/wiki/Romana Slavinec,Wikip\u00e9dia:\u00e9bauche triathl\u00e8te
Liste des comtesses de Provence,https://fr.wikipedia.org/?curid=14309058,https://fr.wikipedia.org/wiki/Liste des comtesses de Provence,Portail:Histoire/Articles li\u00e9s
Morgan Pearson,https://fr.wikipedia.org/?curid=14307163,https://fr.wikipedia.org/wiki/Morgan Pearson,Wikip\u00e9dia:\u00e9bauche triathl\u00e8te
Kevin McDowell,https://fr.wikipedia.org/?curid=14307213,https://fr.wikipedia.org/wiki/Kevin McDowell,Page utilisant P569
Linda Gail Lewis,https://fr.wikipedia.org/?curid=1420851,https://fr.wikipedia.org/wiki/Linda Gail Lewis,Article contenant un appel \u00e0 traduction en anglais
Ragnhild Femsteinevik,https://fr.wikipedia.org/?curid=14660247,https://fr.wikipedia.org/wiki/Ragnhild Femsteinevik,Wikip\u00e9dia:\u00e9bauche biathlon
Marie-Antoinette : La Derni\u00e8re Reine,https://fr.wikipedia.org/?curid=14660420,https://fr.wikipedia.org/wiki/Marie-Antoinette : La Derni\u00e8re Reine,Article utilisant une Infobox
Anna M\u0105ka,https://fr.wikipedia.org/?curid=14661650,https://fr.wikipedia.org/wiki/Anna M\u0105ka,Wikip\u00e9dia:\u00e9bauche sportif polonais
Adora,https://fr.wikipedia.org/?curid=14659845,https://fr.wikipedia.org/wiki/Adora,Article utilisant une Infobox
Vladana Vu\u010dini\u0107,https://fr.wikipedia.org/?curid=14659881,https://fr.wikipedia.org/wiki/Vladana Vu\u010dini\u0107,Page utilisant P569
Natalia Gerbulova,https://fr.wikipedia.org/?curid=14660090,https://fr.wikipedia.org/wiki/Natalia Gerbulova,Wikip\u00e9dia:\u00e9bauche sportif russe
Pia Fink,https://fr.wikipedia.org/?curid=14692716,https://fr.wikipedia.org/wiki/Pia Fink,Article utilisant une Infobox
Kristian H\u00f8genhaug,https://fr.wikipedia.org/?curid=14690111,https://fr.wikipedia.org/wiki/Kristian H\u00f8genhaug,Wikip\u00e9dia:\u00e9bauche triathl\u00e8te
Mohammad Kiadarbandsari,https://fr.wikipedia.org/?curid=14688851,https://fr.wikipedia.org/wiki/Mohammad Kiadarbandsari,Wikip\u00e9dia:\u00e9bauche ski alpin
Marijke Groenewoud,https://fr.wikipedia.org/?curid=14690017,https://fr.wikipedia.org/wiki/Marijke Groenewoud,Page utilisant P569
Misato Komatsubara,https://fr.wikipedia.org/?curid=14678002,https://fr.wikipedia.org/wiki/Misato Komatsubara,Wikip\u00e9dia:\u00e9bauche patinage artistique
Alexandria Loutitt,https://fr.wikipedia.org/?curid=14675554,https://fr.wikipedia.org/wiki/Alexandria Loutitt,Page utilisant P569
Abigail Strate,https://fr.wikipedia.org/?curid=14675860,https://fr.wikipedia.org/wiki/Abigail Strate,Page utilisant P569
Glorija Kotnik,https://fr.wikipedia.org/?curid=14676209,https://fr.wikipedia.org/wiki/Glorija Kotnik,Article utilisant une Infobox
Alina Stremous,https://fr.wikipedia.org/?curid=14653161,https://fr.wikipedia.org/wiki/Alina Stremous,Article utilisant une Infobox
Christopher Lillis,https://fr.wikipedia.org/?curid=14680761,https://fr.wikipedia.org/wiki/Christopher Lillis,Wikip\u00e9dia:\u00e9bauche ski acrobatique
Cristina Guti\u00e9rrez,https://fr.wikipedia.org/?curid=14680796,https://fr.wikipedia.org/wiki/Cristina Guti\u00e9rrez,Article \u00e0 wikifier depuis f\u00e9vrier 2022
Deedra Irwin,https://fr.wikipedia.org/?curid=14679824,https://fr.wikipedia.org/wiki/Deedra Irwin,Article utilisant une Infobox
Evy Poppe,https://fr.wikipedia.org/?curid=14681475,https://fr.wikipedia.org/wiki/Evy Poppe,Article utilisant une Infobox
Loranne Smans,https://fr.wikipedia.org/?curid=14681657,https://fr.wikipedia.org/wiki/Loranne Smans,Article \u00e0 illustrer Sportif
Anastasia Rygalina,https://fr.wikipedia.org/?curid=14679504,https://fr.wikipedia.org/wiki/Anastasia Rygalina,Wikip\u00e9dia:\u00e9bauche ski de fond
Joana Soares,https://fr.wikipedia.org/?curid=14683437,https://fr.wikipedia.org/wiki/Joana Soares,Article \u00e0 illustrer Athl\u00e8te
Jackie Hering,https://fr.wikipedia.org/?curid=14683636,https://fr.wikipedia.org/wiki/Jackie Hering,Article \u00e0 illustrer Sportif
Julie Lynn Holmes,https://fr.wikipedia.org/?curid=14665129,https://fr.wikipedia.org/wiki/Julie Lynn Holmes,Article \u00e0 illustrer Patineur artistique
Mary Jo Tiampo,https://fr.wikipedia.org/?curid=14664047,https://fr.wikipedia.org/wiki/Mary Jo Tiampo,Article \u00e0 illustrer Sportif
Rigoberta Bandini,https://fr.wikipedia.org/?curid=14657612,https://fr.wikipedia.org/wiki/Rigoberta Bandini,Wikip\u00e9dia:\u00e9bauche chanteur espagnol
Achille Nebout,https://fr.wikipedia.org/?curid=14657960,https://fr.wikipedia.org/wiki/Achille Nebout,Article \u00e0 wikifier depuis janvier 2022
Lingua Ignota (musicienne),https://fr.wikipedia.org/?curid=14686920,https://fr.wikipedia.org/wiki/Lingua Ignota (musicienne),Article utilisant une Infobox
Hannah Neise,https://fr.wikipedia.org/?curid=14684320,https://fr.wikipedia.org/wiki/Hannah Neise,Wikip\u00e9dia:\u00e9bauche skeleton
Megan Nick,https://fr.wikipedia.org/?curid=14687797,https://fr.wikipedia.org/wiki/Megan Nick,Wikip\u00e9dia:\u00e9bauche personnalit\u00e9 am\u00e9ricaine
Rashmika Mandanna,https://fr.wikipedia.org/?curid=14672184,https://fr.wikipedia.org/wiki/Rashmika Mandanna,Page utilisant P569
Sofiane Gagnon,https://fr.wikipedia.org/?curid=14673700,https://fr.wikipedia.org/wiki/Sofiane Gagnon,Wikip\u00e9dia:\u00e9bauche ski acrobatique
Tina Garabedian,https://fr.wikipedia.org/?curid=14671200,https://fr.wikipedia.org/wiki/Tina Garabedian,Page utilisant P569
Hai Qing,https://fr.wikipedia.org/?curid=14645338,https://fr.wikipedia.org/wiki/Hai Qing,Wikip\u00e9dia:\u00e9bauche acteur chinois
Mathilde Myhrvold,https://fr.wikipedia.org/?curid=14657259,https://fr.wikipedia.org/wiki/Mathilde Myhrvold,Article \u00e0 illustrer Sportif
Camille Sullivan,https://fr.wikipedia.org/?curid=14649062,https://fr.wikipedia.org/wiki/Camille Sullivan,Wikip\u00e9dia:\u00e9bauche acteur canadien
Happy Salma,https://fr.wikipedia.org/?curid=14646317,https://fr.wikipedia.org/wiki/Happy Salma,Wikip\u00e9dia:\u00e9bauche acteur indon\u00e9sien
Selfish Love,https://fr.wikipedia.org/?curid=14328851,https://fr.wikipedia.org/wiki/Selfish Love,Article utilisant une Infobox
Yelyzaveta Mereshko,https://fr.wikipedia.org/?curid=14326691,https://fr.wikipedia.org/wiki/Yelyzaveta Mereshko,Article utilisant une Infobox
Carlotta Gilli,https://fr.wikipedia.org/?curid=14325327,https://fr.wikipedia.org/wiki/Carlotta Gilli,Article utilisant une Infobox
Lara Gillespie,https://fr.wikipedia.org/?curid=14323800,https://fr.wikipedia.org/wiki/Lara Gillespie,Page utilisant P569
Sam Laidlow,https://fr.wikipedia.org/?curid=14127084,https://fr.wikipedia.org/wiki/Sam Laidlow,Page utilisant P569
Zaira Wasim,https://fr.wikipedia.org/?curid=14127443,https://fr.wikipedia.org/wiki/Zaira Wasim,Page utilisant P569
Kaisa M\u00e4k\u00e4r\u00e4inen,https://fr.wikipedia.org/?curid=1412811,https://fr.wikipedia.org/wiki/Kaisa M\u00e4k\u00e4r\u00e4inen,Article utilisant une Infobox
Ermyntrude Harvey,https://fr.wikipedia.org/?curid=1414465,https://fr.wikipedia.org/wiki/Ermyntrude Harvey,Article \u00e0 illustrer Joueur de tennis
Catherine Maunoury,https://fr.wikipedia.org/?curid=1409462,https://fr.wikipedia.org/wiki/Catherine Maunoury,Page utilisant P569
Auritra Ghosh,https://fr.wikipedia.org/?curid=14092517,https://fr.wikipedia.org/wiki/Auritra Ghosh,Page utilisant P19
Kimberly Birrell,https://fr.wikipedia.org/?curid=14123775,https://fr.wikipedia.org/wiki/Kimberly Birrell,Article utilisant une Infobox
Nimmi,https://fr.wikipedia.org/?curid=14141357,https://fr.wikipedia.org/wiki/Nimmi,Page utilisant P569
Anna McCune Harper,https://fr.wikipedia.org/?curid=1408278,https://fr.wikipedia.org/wiki/Anna McCune Harper,Article \u00e0 illustrer Joueur de tennis
Kay Stammers,https://fr.wikipedia.org/?curid=1408546,https://fr.wikipedia.org/wiki/Kay Stammers,Article utilisant une Infobox
Miloslava Rezkov\u00e1,https://fr.wikipedia.org/?curid=1408222,https://fr.wikipedia.org/wiki/Miloslava Rezkov\u00e1,Article utilisant une Infobox
Simone Lang,https://fr.wikipedia.org/?curid=14091559,https://fr.wikipedia.org/wiki/Simone Lang,Wikip\u00e9dia:\u00e9bauche patinage artistique
Marianne Farley,https://fr.wikipedia.org/?curid=14192881,https://fr.wikipedia.org/wiki/Marianne Farley,Page utilisant P19
Samya Hassani,https://fr.wikipedia.org/?curid=14187553,https://fr.wikipedia.org/wiki/Samya Hassani,Article utilisant une Infobox
Liv Del Estal,https://fr.wikipedia.org/?curid=14193245,https://fr.wikipedia.org/wiki/Liv Del Estal,Article \u00e0 illustrer Biographie
Shabana Raza,https://fr.wikipedia.org/?curid=14193265,https://fr.wikipedia.org/wiki/Shabana Raza,Page utilisant P569
Tasha Steelz,https://fr.wikipedia.org/?curid=14192071,https://fr.wikipedia.org/wiki/Tasha Steelz,Page utilisant P27
Anna Celi\u0144ska,https://fr.wikipedia.org/?curid=13927744,https://fr.wikipedia.org/wiki/Anna Celi\u0144ska,Article \u00e0 illustrer Athl\u00e8te
Liste des abbesses de Notre-Dame de Beaumont-l\u00e8s-Tours,https://fr.wikipedia.org/?curid=14239296,https://fr.wikipedia.org/wiki/Liste des abbesses de Notre-Dame de Beaumont-l\u00e8s-Tours,Portail:Catholicisme/Articles li\u00e9s
Maite Alberdi,https://fr.wikipedia.org/?curid=14096301,https://fr.wikipedia.org/wiki/Maite Alberdi,Page utilisant P569
Fiona Porte,https://fr.wikipedia.org/?curid=14109324,https://fr.wikipedia.org/wiki/Fiona Porte,Article \u00e0 illustrer Athl\u00e8te
Emma Roca,https://fr.wikipedia.org/?curid=14199470,https://fr.wikipedia.org/wiki/Emma Roca,Article utilisant une Infobox
