Name,URL1,URL2,First Category
Nadejda Talanova,https://fr.wikipedia.org/?curid=7367377,https://fr.wikipedia.org/wiki/Nadejda Talanova,Wikip\u00e9dia:\u00e9bauche biathlon
Sibylline,https://fr.wikipedia.org/?curid=736748,https://fr.wikipedia.org/wiki/Sibylline,Article \u00e0 illustrer Bande dessin\u00e9e
Maria Suelen Altheman,https://fr.wikipedia.org/?curid=7367524,https://fr.wikipedia.org/wiki/Maria Suelen Altheman,Wikip\u00e9dia:\u00e9bauche judo
Lee Jung-eun,https://fr.wikipedia.org/?curid=7367559,https://fr.wikipedia.org/wiki/Lee Jung-eun,Wikip\u00e9dia:\u00e9bauche judo
\u00c9rika Miranda,https://fr.wikipedia.org/?curid=7361005,https://fr.wikipedia.org/wiki/\u00c9rika Miranda,Article utilisant une Infobox
Mareen Kr\u00e4h,https://fr.wikipedia.org/?curid=7361022,https://fr.wikipedia.org/wiki/Mareen Kr\u00e4h,Wikip\u00e9dia:\u00e9bauche judo
Yuki Hashimoto,https://fr.wikipedia.org/?curid=7361036,https://fr.wikipedia.org/wiki/Yuki Hashimoto,Article \u00e0 illustrer Sportif
Alina Stepanchuk,https://fr.wikipedia.org/?curid=7361054,https://fr.wikipedia.org/wiki/Alina Stepanchuk,Article \u00e0 illustrer Joueur de volley-ball
Vlora Bedeti,https://fr.wikipedia.org/?curid=7361098,https://fr.wikipedia.org/wiki/Vlora Bedeti,Article utilisant une Infobox
Alexandra Jupiter,https://fr.wikipedia.org/?curid=7347132,https://fr.wikipedia.org/wiki/Alexandra Jupiter,Article utilisant une Infobox
Liste des m\u00e9daill\u00e9s aux Jeux olympiques d'\u00e9t\u00e9 de 2000,https://fr.wikipedia.org/?curid=7347149,https://fr.wikipedia.org/wiki/Liste des m\u00e9daill\u00e9s aux Jeux olympiques d'\u00e9t\u00e9 de 2000,Page utilisant une pr\u00e9sentation en colonnes avec un nombre fixe de colonnes
Alejandra Due\u00f1as,https://fr.wikipedia.org/?curid=7347376,https://fr.wikipedia.org/wiki/Alejandra Due\u00f1as,Wikip\u00e9dia:\u00e9bauche acteur chilien
Kaisa Alanko,https://fr.wikipedia.org/?curid=7354885,https://fr.wikipedia.org/wiki/Kaisa Alanko,Article contenant un appel \u00e0 traduction en italien
Laura Vargas-Koch,https://fr.wikipedia.org/?curid=7364093,https://fr.wikipedia.org/wiki/Laura Vargas-Koch,Article utilisant une Infobox
Kim Polling,https://fr.wikipedia.org/?curid=7364098,https://fr.wikipedia.org/wiki/Kim Polling,Wikip\u00e9dia:\u00e9bauche judo
Sol Kyong,https://fr.wikipedia.org/?curid=7364111,https://fr.wikipedia.org/wiki/Sol Kyong,Wikip\u00e9dia:\u00e9bauche judo
Nadiia Kodola,https://fr.wikipedia.org/?curid=7365131,https://fr.wikipedia.org/wiki/Nadiia Kodola,Article utilisant une Infobox
Suzuka Hashimoto,https://fr.wikipedia.org/?curid=7365181,https://fr.wikipedia.org/wiki/Suzuka Hashimoto,Article utilisant une Infobox
Xavier Th\u00e9venard,https://fr.wikipedia.org/?curid=7365287,https://fr.wikipedia.org/wiki/Xavier Th\u00e9venard,Page utilisant P569
Alison Riske,https://fr.wikipedia.org/?curid=7365466,https://fr.wikipedia.org/wiki/Alison Riske,Article utilisant une Infobox
Eleanor Francis Helin,https://fr.wikipedia.org/?curid=740150,https://fr.wikipedia.org/wiki/Eleanor Francis Helin,Page utilisant P569
Y\u016bko Nakamura,https://fr.wikipedia.org/?curid=7404336,https://fr.wikipedia.org/wiki/Y\u016bko Nakamura,Wikip\u00e9dia:\u00e9bauche acteur japonais
Elis\u00e2ngela Paulino,https://fr.wikipedia.org/?curid=7404509,https://fr.wikipedia.org/wiki/Elis\u00e2ngela Paulino,Article \u00e0 illustrer Joueur de volley-ball
Yuliya Gerasymova,https://fr.wikipedia.org/?curid=7370954,https://fr.wikipedia.org/wiki/Yuliya Gerasymova,Article \u00e0 illustrer Joueur de volley-ball
Personnages de Sailor Moon,https://fr.wikipedia.org/?curid=7371806,https://fr.wikipedia.org/wiki/Personnages de Sailor Moon,Page utilisant un sommaire limit\u00e9
Pauliina Vilponen,https://fr.wikipedia.org/?curid=7388520,https://fr.wikipedia.org/wiki/Pauliina Vilponen,Article utilisant une Infobox
Saori Takahashi,https://fr.wikipedia.org/?curid=7384571,https://fr.wikipedia.org/wiki/Saori Takahashi,Article \u00e0 illustrer Joueur de volley-ball
Ivana Lukovi\u0107,https://fr.wikipedia.org/?curid=7384584,https://fr.wikipedia.org/wiki/Ivana Lukovi\u0107,Article \u00e0 illustrer Joueur de volley-ball
Margarita Kourilo,https://fr.wikipedia.org/?curid=7396663,https://fr.wikipedia.org/wiki/Margarita Kourilo,Article \u00e0 illustrer Joueur de volley-ball
Fate/kaleid liner Prisma Illya,https://fr.wikipedia.org/?curid=7397357,https://fr.wikipedia.org/wiki/Fate/kaleid liner Prisma Illya,Article utilisant une Infobox
Lyudmila Veselkova,https://fr.wikipedia.org/?curid=7396314,https://fr.wikipedia.org/wiki/Lyudmila Veselkova,Wikip\u00e9dia:\u00e9bauche athl\u00e8te sovi\u00e9tique
Jennifer Geerties,https://fr.wikipedia.org/?curid=7396644,https://fr.wikipedia.org/wiki/Jennifer Geerties,Article utilisant une Infobox
Ielena Novik,https://fr.wikipedia.org/?curid=7413202,https://fr.wikipedia.org/wiki/Ielena Novik,Article \u00e0 illustrer Joueur de volley-ball
Chan Chin-wei,https://fr.wikipedia.org/?curid=7413908,https://fr.wikipedia.org/wiki/Chan Chin-wei,Article utilisant une Infobox
Maria Petrova (patinage artistique),https://fr.wikipedia.org/?curid=742992,https://fr.wikipedia.org/wiki/Maria Petrova (patinage artistique),Wikip\u00e9dia:\u00e9bauche patinage artistique
Alexa Bliss,https://fr.wikipedia.org/?curid=7431341,https://fr.wikipedia.org/wiki/Alexa Bliss,Article \u00e0 recycler/Liste compl\u00e8te
Krisztina Czak\u00f3,https://fr.wikipedia.org/?curid=743270,https://fr.wikipedia.org/wiki/Krisztina Czak\u00f3,Page utilisant P569
Danielle Bradbery,https://fr.wikipedia.org/?curid=7430718,https://fr.wikipedia.org/wiki/Danielle Bradbery,Article utilisant une Infobox
Mardy Fish,https://fr.wikipedia.org/?curid=742173,https://fr.wikipedia.org/wiki/Mardy Fish,Article utilisant une Infobox
Marina Eltsova,https://fr.wikipedia.org/?curid=742092,https://fr.wikipedia.org/wiki/Marina Eltsova,Article \u00e0 illustrer Patineur artistique
Viktoryia Hurava,https://fr.wikipedia.org/?curid=7421096,https://fr.wikipedia.org/wiki/Viktoryia Hurava,Article utilisant une Infobox
Susanna Driano,https://fr.wikipedia.org/?curid=741914,https://fr.wikipedia.org/wiki/Susanna Driano,Wikip\u00e9dia:\u00e9bauche patinage artistique
Carmen Small,https://fr.wikipedia.org/?curid=7421859,https://fr.wikipedia.org/wiki/Carmen Small,Page utilisant P1448
Danijela An\u0111eli\u0107,https://fr.wikipedia.org/?curid=7376742,https://fr.wikipedia.org/wiki/Danijela An\u0111eli\u0107,Article \u00e0 illustrer Joueur de volley-ball
Foxy Brown,https://fr.wikipedia.org/?curid=742596,https://fr.wikipedia.org/wiki/Foxy Brown,Page utilisant P569
Megan Guarnier,https://fr.wikipedia.org/?curid=7434126,https://fr.wikipedia.org/wiki/Megan Guarnier,Page utilisant P569
Fernanda Hansen,https://fr.wikipedia.org/?curid=7435310,https://fr.wikipedia.org/wiki/Fernanda Hansen,Article utilisant une Infobox
Liste des m\u00e9daill\u00e9s aux Jeux olympiques d'hiver de 2014,https://fr.wikipedia.org/?curid=7435443,https://fr.wikipedia.org/wiki/Liste des m\u00e9daill\u00e9s aux Jeux olympiques d'hiver de 2014,Page sans coordonn\u00e9es Wikidata
Carolyn S. Shoemaker,https://fr.wikipedia.org/?curid=743733,https://fr.wikipedia.org/wiki/Carolyn S. Shoemaker,Page utilisant P1559
Lucie Cadi\u00e8s,https://fr.wikipedia.org/?curid=7529696,https://fr.wikipedia.org/wiki/Lucie Cadi\u00e8s,Wikip\u00e9dia:\u00e9bauche athl\u00e8te fran\u00e7ais
Tatiana Crko\u0148ov\u00e1,https://fr.wikipedia.org/?curid=7527711,https://fr.wikipedia.org/wiki/Tatiana Crko\u0148ov\u00e1,Article utilisant une Infobox
James Bond girl,https://fr.wikipedia.org/?curid=75183,https://fr.wikipedia.org/wiki/James Bond girl,Article utilisant une Infobox
Nathalie Loiseau,https://fr.wikipedia.org/?curid=7472464,https://fr.wikipedia.org/wiki/Nathalie Loiseau,Wikip\u00e9dia:Autobiographie
Liz McIntyre,https://fr.wikipedia.org/?curid=7477203,https://fr.wikipedia.org/wiki/Liz McIntyre,Wikip\u00e9dia:\u00e9bauche ski acrobatique
Elizaveta Kozhevnikova,https://fr.wikipedia.org/?curid=7477278,https://fr.wikipedia.org/wiki/Elizaveta Kozhevnikova,Wikip\u00e9dia:\u00e9bauche ski acrobatique
Lorna Forde,https://fr.wikipedia.org/?curid=7477763,https://fr.wikipedia.org/wiki/Lorna Forde,Article \u00e0 illustrer Athl\u00e8te
Mari Kimura,https://fr.wikipedia.org/?curid=7478485,https://fr.wikipedia.org/wiki/Mari Kimura,Page utilisant P569
Stine Lise Hattestad,https://fr.wikipedia.org/?curid=7477097,https://fr.wikipedia.org/wiki/Stine Lise Hattestad,Wikip\u00e9dia:\u00e9bauche ski acrobatique
Birgit Clarius,https://fr.wikipedia.org/?curid=7453036,https://fr.wikipedia.org/wiki/Birgit Clarius,Wikip\u00e9dia:\u00e9bauche athl\u00e8te allemand
Venus (chanson de Lady Gaga),https://fr.wikipedia.org/?curid=7461026,https://fr.wikipedia.org/wiki/Venus (chanson de Lady Gaga),Article utilisant une Infobox
Diana Casta\u00f1o,https://fr.wikipedia.org/?curid=7464453,https://fr.wikipedia.org/wiki/Diana Casta\u00f1o,Article utilisant une Infobox
Denise Morelle,https://fr.wikipedia.org/?curid=746024,https://fr.wikipedia.org/wiki/Denise Morelle,Article \u00e0 illustrer Personnalit\u00e9 du cin\u00e9ma
Liste des conjoints des souverains de Naples,https://fr.wikipedia.org/?curid=7524996,https://fr.wikipedia.org/wiki/Liste des conjoints des souverains de Naples,Article utilisant une Infobox
Liste des m\u00e9daill\u00e9s aux Jeux olympiques d'hiver de 1992,https://fr.wikipedia.org/?curid=7511413,https://fr.wikipedia.org/wiki/Liste des m\u00e9daill\u00e9s aux Jeux olympiques d'hiver de 1992,Portail:Jeux olympiques/Articles li\u00e9s
Nikola Radosov\u00e1,https://fr.wikipedia.org/?curid=7500806,https://fr.wikipedia.org/wiki/Nikola Radosov\u00e1,Article utilisant une Infobox
Amanda Hopmans,https://fr.wikipedia.org/?curid=7501170,https://fr.wikipedia.org/wiki/Amanda Hopmans,Wikip\u00e9dia:\u00e9bauche tennis
Ana Carolina da Silva,https://fr.wikipedia.org/?curid=7494298,https://fr.wikipedia.org/wiki/Ana Carolina da Silva,Article utilisant une Infobox
Celene Cevallos,https://fr.wikipedia.org/?curid=7496597,https://fr.wikipedia.org/wiki/Celene Cevallos,Wikip\u00e9dia:\u00e9bauche athl\u00e8te \u00e9quatorien
Ese Brume,https://fr.wikipedia.org/?curid=7497864,https://fr.wikipedia.org/wiki/Ese Brume,Wikip\u00e9dia:\u00e9bauche athl\u00e8te nig\u00e9rian
Misaki Doi,https://fr.wikipedia.org/?curid=7509918,https://fr.wikipedia.org/wiki/Misaki Doi,Article utilisant une Infobox
Leah Poulos,https://fr.wikipedia.org/?curid=7659961,https://fr.wikipedia.org/wiki/Leah Poulos,Article utilisant une Infobox
Marine Johann\u00e8s,https://fr.wikipedia.org/?curid=7662981,https://fr.wikipedia.org/wiki/Marine Johann\u00e8s,Article utilisant une Infobox
Junko Kanamori,https://fr.wikipedia.org/?curid=7682451,https://fr.wikipedia.org/wiki/Junko Kanamori,Article \u00e0 illustrer Joueur de volley-ball
Keri Herman,https://fr.wikipedia.org/?curid=7690210,https://fr.wikipedia.org/wiki/Keri Herman,Wikip\u00e9dia:\u00e9bauche ski acrobatique
Maru\u0161a Ferk,https://fr.wikipedia.org/?curid=7680618,https://fr.wikipedia.org/wiki/Maru\u0161a Ferk,Wikip\u00e9dia:\u00e9bauche ski alpin
Han Hyo-joo,https://fr.wikipedia.org/?curid=7690626,https://fr.wikipedia.org/wiki/Han Hyo-joo,Article utilisant une Infobox
Carolina Geijssen,https://fr.wikipedia.org/?curid=7693233,https://fr.wikipedia.org/wiki/Carolina Geijssen,Wikip\u00e9dia:\u00e9bauche patinage de vitesse
Mona L\u00f8seth,https://fr.wikipedia.org/?curid=7693665,https://fr.wikipedia.org/wiki/Mona L\u00f8seth,Wikip\u00e9dia:\u00e9bauche ski alpin
Quirine Oosterveld,https://fr.wikipedia.org/?curid=7692441,https://fr.wikipedia.org/wiki/Quirine Oosterveld,Article \u00e0 illustrer Joueur de volley-ball
Miki Yahata,https://fr.wikipedia.org/?curid=7692484,https://fr.wikipedia.org/wiki/Miki Yahata,Article \u00e0 illustrer Joueur de volley-ball
Marielle Thompson,https://fr.wikipedia.org/?curid=7636412,https://fr.wikipedia.org/wiki/Marielle Thompson,Article utilisant une Infobox
Sarah Reid,https://fr.wikipedia.org/?curid=7636533,https://fr.wikipedia.org/wiki/Sarah Reid,Wikip\u00e9dia:\u00e9bauche skeleton
Linda MacKenzie,https://fr.wikipedia.org/?curid=7634966,https://fr.wikipedia.org/wiki/Linda MacKenzie,Wikip\u00e9dia:\u00e9bauche natation
Shiori Murata,https://fr.wikipedia.org/?curid=7636748,https://fr.wikipedia.org/wiki/Shiori Murata,Article \u00e0 illustrer Joueur de volley-ball
Mila Kunis,https://fr.wikipedia.org/?curid=759033,https://fr.wikipedia.org/wiki/Mila Kunis,Article contenant un lien mort
Denise Herrmann-Wick,https://fr.wikipedia.org/?curid=7628146,https://fr.wikipedia.org/wiki/Denise Herrmann-Wick,Article utilisant une Infobox
Claudia Riegler (snowboard),https://fr.wikipedia.org/?curid=7683096,https://fr.wikipedia.org/wiki/Claudia Riegler (snowboard),Wikip\u00e9dia:\u00e9bauche snowboard
Wang Chunli,https://fr.wikipedia.org/?curid=7683419,https://fr.wikipedia.org/wiki/Wang Chunli,Wikip\u00e9dia:\u00e9bauche biathlon
Rina Urabe,https://fr.wikipedia.org/?curid=7685186,https://fr.wikipedia.org/wiki/Rina Urabe,Article \u00e0 illustrer Joueur de volley-ball
Yu Jing,https://fr.wikipedia.org/?curid=7686123,https://fr.wikipedia.org/wiki/Yu Jing,Wikip\u00e9dia:\u00e9bauche patinage de vitesse
Daria Gaiazova,https://fr.wikipedia.org/?curid=7686817,https://fr.wikipedia.org/wiki/Daria Gaiazova,Wikip\u00e9dia:\u00e9bauche ski de fond
Marrit Leenstra (patinage de vitesse),https://fr.wikipedia.org/?curid=7686942,https://fr.wikipedia.org/wiki/Marrit Leenstra (patinage de vitesse),Wikip\u00e9dia:\u00e9bauche patinage de vitesse
Julia Dujmovits,https://fr.wikipedia.org/?curid=7650105,https://fr.wikipedia.org/wiki/Julia Dujmovits,Wikip\u00e9dia:\u00e9bauche personnalit\u00e9 autrichienne
Svetlana Boldykova,https://fr.wikipedia.org/?curid=7650196,https://fr.wikipedia.org/wiki/Svetlana Boldykova,Wikip\u00e9dia:\u00e9bauche snowboard
Dove Cameron,https://fr.wikipedia.org/?curid=7670726,https://fr.wikipedia.org/wiki/Dove Cameron,Article utilisant une Infobox
Alice Falaiye,https://fr.wikipedia.org/?curid=7669818,https://fr.wikipedia.org/wiki/Alice Falaiye,Wikip\u00e9dia:\u00e9bauche athl\u00e8te canadien
Fanny Horn Birkeland,https://fr.wikipedia.org/?curid=7662068,https://fr.wikipedia.org/wiki/Fanny Horn Birkeland,Article utilisant une Infobox
Elizabeth Stephen,https://fr.wikipedia.org/?curid=7662329,https://fr.wikipedia.org/wiki/Elizabeth Stephen,Article \u00e0 illustrer Sportif
Helia Gonz\u00e1lez,https://fr.wikipedia.org/?curid=7662347,https://fr.wikipedia.org/wiki/Helia Gonz\u00e1lez,Article utilisant une Infobox
Arisa Kobayashi,https://fr.wikipedia.org/?curid=7662392,https://fr.wikipedia.org/wiki/Arisa Kobayashi,Article \u00e0 illustrer Joueur de volley-ball
Mar\u00eda Jos\u00e9 Prieto,https://fr.wikipedia.org/?curid=7654489,https://fr.wikipedia.org/wiki/Mar\u00eda Jos\u00e9 Prieto,Wikip\u00e9dia:\u00e9bauche acteur chilien
Pierre Le Corre,https://fr.wikipedia.org/?curid=7654543,https://fr.wikipedia.org/wiki/Pierre Le Corre,Article utilisant une Infobox
Kaija Parve,https://fr.wikipedia.org/?curid=7654888,https://fr.wikipedia.org/wiki/Kaija Parve,Article \u00e0 illustrer Sportif
Charlotte Riley,https://fr.wikipedia.org/?curid=7651712,https://fr.wikipedia.org/wiki/Charlotte Riley,Wikip\u00e9dia:\u00e9bauche acteur britannique
Bj\u00f8rg Eva Jensen,https://fr.wikipedia.org/?curid=7651831,https://fr.wikipedia.org/wiki/Bj\u00f8rg Eva Jensen,Wikip\u00e9dia:\u00e9bauche patinage de vitesse
Midori Kitamura,https://fr.wikipedia.org/?curid=7657128,https://fr.wikipedia.org/wiki/Midori Kitamura,Article \u00e0 illustrer Joueur de volley-ball
Sina Candrian,https://fr.wikipedia.org/?curid=7653724,https://fr.wikipedia.org/wiki/Sina Candrian,Wikip\u00e9dia:\u00e9bauche snowboard
J\u00falia Milovits,https://fr.wikipedia.org/?curid=7651018,https://fr.wikipedia.org/wiki/J\u00falia Milovits,Article utilisant une Infobox
Natsumi Murata,https://fr.wikipedia.org/?curid=7651052,https://fr.wikipedia.org/wiki/Natsumi Murata,Article \u00e0 illustrer Joueur de volley-ball
Annie Borckink,https://fr.wikipedia.org/?curid=7665756,https://fr.wikipedia.org/wiki/Annie Borckink,Wikip\u00e9dia:\u00e9bauche patinage de vitesse
Queralt Castellet,https://fr.wikipedia.org/?curid=7665544,https://fr.wikipedia.org/wiki/Queralt Castellet,Article utilisant une Infobox
In\u00e8s Granvorka,https://fr.wikipedia.org/?curid=7664868,https://fr.wikipedia.org/wiki/In\u00e8s Granvorka,Article utilisant une Infobox
Karin Oberhofer,https://fr.wikipedia.org/?curid=7667137,https://fr.wikipedia.org/wiki/Karin Oberhofer,Wikip\u00e9dia:\u00e9bauche biathlon
Roc\u00edo G\u00f3mez,https://fr.wikipedia.org/?curid=7667393,https://fr.wikipedia.org/wiki/Roc\u00edo G\u00f3mez,Article utilisant une Infobox
Patricia Kazadi,https://fr.wikipedia.org/?curid=7647497,https://fr.wikipedia.org/wiki/Patricia Kazadi,Article manquant de r\u00e9f\u00e9rences depuis f\u00e9vrier 2023
Fran\u00e7oise Nguele,https://fr.wikipedia.org/?curid=7644979,https://fr.wikipedia.org/wiki/Fran\u00e7oise Nguele,Article \u00e0 illustrer Judoka
Kerttu Niskanen,https://fr.wikipedia.org/?curid=7648693,https://fr.wikipedia.org/wiki/Kerttu Niskanen,Article utilisant une Infobox
Olga Schuchkina,https://fr.wikipedia.org/?curid=7650439,https://fr.wikipedia.org/wiki/Olga Schuchkina,Wikip\u00e9dia:\u00e9bauche ski de fond
Viviane Ara\u00fajo,https://fr.wikipedia.org/?curid=7643973,https://fr.wikipedia.org/wiki/Viviane Ara\u00fajo,Article \u00e0 illustrer Joueur de volley-ball
Iana Romanova,https://fr.wikipedia.org/?curid=7647062,https://fr.wikipedia.org/wiki/Iana Romanova,Wikip\u00e9dia:\u00e9bauche sportif russe
Klaudia Konieczna,https://fr.wikipedia.org/?curid=7648326,https://fr.wikipedia.org/wiki/Klaudia Konieczna,Article utilisant une Infobox
Natalia Lukhanina,https://fr.wikipedia.org/?curid=7648452,https://fr.wikipedia.org/wiki/Natalia Lukhanina,Article \u00e0 illustrer Joueur de volley-ball
Andrea Ehrig,https://fr.wikipedia.org/?curid=7644567,https://fr.wikipedia.org/wiki/Andrea Ehrig,Wikip\u00e9dia:\u00e9bauche patinage de vitesse
H\u00e9l\u00e8ne Wezeu Dombeu,https://fr.wikipedia.org/?curid=7644662,https://fr.wikipedia.org/wiki/H\u00e9l\u00e8ne Wezeu Dombeu,Article \u00e0 illustrer Judoka
Dechantal Fokou Ntiolack,https://fr.wikipedia.org/?curid=7644709,https://fr.wikipedia.org/wiki/Dechantal Fokou Ntiolack,Article \u00e0 illustrer Judoka
F\u00e9licit\u00e9 Marie Mbala Ntsama,https://fr.wikipedia.org/?curid=7644865,https://fr.wikipedia.org/wiki/F\u00e9licit\u00e9 Marie Mbala Ntsama,Article \u00e0 illustrer Judoka
Weronika Nowakowska,https://fr.wikipedia.org/?curid=7724718,https://fr.wikipedia.org/wiki/Weronika Nowakowska,Wikip\u00e9dia:\u00e9bauche biathlon
Mar\u00eda Jos\u00e9 Corral,https://fr.wikipedia.org/?curid=7700914,https://fr.wikipedia.org/wiki/Mar\u00eda Jos\u00e9 Corral,Article utilisant une Infobox
Tokyo Godfathers,https://fr.wikipedia.org/?curid=772847,https://fr.wikipedia.org/wiki/Tokyo Godfathers,Article utilisant une Infobox
Yuliya Galysheva,https://fr.wikipedia.org/?curid=7726248,https://fr.wikipedia.org/wiki/Yuliya Galysheva,Article utilisant une Infobox
Hwang Youn-joo,https://fr.wikipedia.org/?curid=7726604,https://fr.wikipedia.org/wiki/Hwang Youn-joo,Article utilisant une Infobox
Kim Bo-reum,https://fr.wikipedia.org/?curid=7729137,https://fr.wikipedia.org/wiki/Kim Bo-reum,Wikip\u00e9dia:\u00e9bauche patinage de vitesse
Anna Segal,https://fr.wikipedia.org/?curid=7707821,https://fr.wikipedia.org/wiki/Anna Segal,Wikip\u00e9dia:\u00e9bauche ski acrobatique
Patrycja Maliszewska,https://fr.wikipedia.org/?curid=7724979,https://fr.wikipedia.org/wiki/Patrycja Maliszewska,Article \u00e0 illustrer Sportif
Nathalie Santer,https://fr.wikipedia.org/?curid=7722796,https://fr.wikipedia.org/wiki/Nathalie Santer,Wikip\u00e9dia:\u00e9bauche biathlon
Nelly Neppach,https://fr.wikipedia.org/?curid=7722935,https://fr.wikipedia.org/wiki/Nelly Neppach,Article \u00e0 illustrer Joueur de tennis
Maren Lundby,https://fr.wikipedia.org/?curid=7721533,https://fr.wikipedia.org/wiki/Maren Lundby,Article utilisant une Infobox
Kenza Tazi,https://fr.wikipedia.org/?curid=7743077,https://fr.wikipedia.org/wiki/Kenza Tazi,Wikip\u00e9dia:\u00e9bauche Maroc
Ai Inden,https://fr.wikipedia.org/?curid=7745481,https://fr.wikipedia.org/wiki/Ai Inden,Article \u00e0 illustrer Joueur de volley-ball
Helena Olsson Smeby,https://fr.wikipedia.org/?curid=7745501,https://fr.wikipedia.org/wiki/Helena Olsson Smeby,Article utilisant une Infobox
Mar\u00eda Luisa Godoy,https://fr.wikipedia.org/?curid=7748010,https://fr.wikipedia.org/wiki/Mar\u00eda Luisa Godoy,Page utilisant P569
Leeanna Walsman,https://fr.wikipedia.org/?curid=7746087,https://fr.wikipedia.org/wiki/Leeanna Walsman,Wikip\u00e9dia:\u00e9bauche acteur australien
Olga Rocheva,https://fr.wikipedia.org/?curid=7746353,https://fr.wikipedia.org/wiki/Olga Rocheva,Wikip\u00e9dia:\u00e9bauche ski de fond
Song Chaoqing,https://fr.wikipedia.org/?curid=7746558,https://fr.wikipedia.org/wiki/Song Chaoqing,Wikip\u00e9dia:\u00e9bauche biathlon
Britteny Cox,https://fr.wikipedia.org/?curid=7748898,https://fr.wikipedia.org/wiki/Britteny Cox,Wikip\u00e9dia:\u00e9bauche ski acrobatique
Yumiko Tsuzuki,https://fr.wikipedia.org/?curid=7694743,https://fr.wikipedia.org/wiki/Yumiko Tsuzuki,Article \u00e0 illustrer Joueur de volley-ball
Liste des m\u00e9daill\u00e9s aux Jeux olympiques d'hiver de 1964,https://fr.wikipedia.org/?curid=7695444,https://fr.wikipedia.org/wiki/Liste des m\u00e9daill\u00e9s aux Jeux olympiques d'hiver de 1964,Portail:Jeux olympiques/Articles li\u00e9s
Irina Iegorova,https://fr.wikipedia.org/?curid=7709251,https://fr.wikipedia.org/wiki/Irina Iegorova,Article utilisant une Infobox
Natsumi Fujita,https://fr.wikipedia.org/?curid=7713874,https://fr.wikipedia.org/wiki/Natsumi Fujita,Article \u00e0 illustrer Joueur de volley-ball
Barbara Wezorke,https://fr.wikipedia.org/?curid=7714011,https://fr.wikipedia.org/wiki/Barbara Wezorke,Article utilisant une Infobox
Katja Vi\u0161nar,https://fr.wikipedia.org/?curid=7712020,https://fr.wikipedia.org/wiki/Katja Vi\u0161nar,Wikip\u00e9dia:\u00e9bauche ski de fond
Wendie Malick,https://fr.wikipedia.org/?curid=771220,https://fr.wikipedia.org/wiki/Wendie Malick,Page utilisant P569
Jennifer Rodriguez,https://fr.wikipedia.org/?curid=7730176,https://fr.wikipedia.org/wiki/Jennifer Rodriguez,Wikip\u00e9dia:\u00e9bauche patinage de vitesse
Franziska Hildebrand,https://fr.wikipedia.org/?curid=7738129,https://fr.wikipedia.org/wiki/Franziska Hildebrand,Article utilisant une Infobox
Sandra Stocker,https://fr.wikipedia.org/?curid=7736800,https://fr.wikipedia.org/wiki/Sandra Stocker,Wikip\u00e9dia:\u00e9bauche joueuse de volley-ball
Aika Akutagawa,https://fr.wikipedia.org/?curid=7736814,https://fr.wikipedia.org/wiki/Aika Akutagawa,Article \u00e0 illustrer Joueur de volley-ball
Marianne Pousseur,https://fr.wikipedia.org/?curid=7736922,https://fr.wikipedia.org/wiki/Marianne Pousseur,Article utilisant une Infobox
Jana Gerekov\u00e1,https://fr.wikipedia.org/?curid=7738905,https://fr.wikipedia.org/wiki/Jana Gerekov\u00e1,Article utilisant une Infobox
Yurina Yamada,https://fr.wikipedia.org/?curid=7739080,https://fr.wikipedia.org/wiki/Yurina Yamada,Wikip\u00e9dia:\u00e9bauche saut \u00e0 ski
Bigna Windm\u00fcller,https://fr.wikipedia.org/?curid=7738727,https://fr.wikipedia.org/wiki/Bigna Windm\u00fcller,Article utilisant une Infobox
Sabine Becker,https://fr.wikipedia.org/?curid=7706976,https://fr.wikipedia.org/wiki/Sabine Becker,Wikip\u00e9dia:\u00e9bauche patinage de vitesse
Phyllis Latour,https://fr.wikipedia.org/?curid=7707007,https://fr.wikipedia.org/wiki/Phyllis Latour,Page utilisant P569
Nicole Fessel,https://fr.wikipedia.org/?curid=7704876,https://fr.wikipedia.org/wiki/Nicole Fessel,Wikip\u00e9dia:\u00e9bauche sportif allemand
Masako Ishida,https://fr.wikipedia.org/?curid=7708427,https://fr.wikipedia.org/wiki/Masako Ishida,Wikip\u00e9dia:\u00e9bauche ski de fond
Han Pil-hwa,https://fr.wikipedia.org/?curid=7709054,https://fr.wikipedia.org/wiki/Han Pil-hwa,Article utilisant une Infobox
Heather Bergsma,https://fr.wikipedia.org/?curid=7706321,https://fr.wikipedia.org/wiki/Heather Bergsma,Wikip\u00e9dia:\u00e9bauche patinage de vitesse
Vivian Joseph,https://fr.wikipedia.org/?curid=7706324,https://fr.wikipedia.org/wiki/Vivian Joseph,Article \u00e0 illustrer Patineur artistique
Sammi Cheng,https://fr.wikipedia.org/?curid=770578,https://fr.wikipedia.org/wiki/Sammi Cheng,Page utilisant P569
Tiril Sj\u00e5stad Christiansen,https://fr.wikipedia.org/?curid=7735119,https://fr.wikipedia.org/wiki/Tiril Sj\u00e5stad Christiansen,Article \u00e0 illustrer Sportif
Sam Bailey,https://fr.wikipedia.org/?curid=7731676,https://fr.wikipedia.org/wiki/Sam Bailey,Article contenant un lien mort
Olga Potylitsina,https://fr.wikipedia.org/?curid=7733659,https://fr.wikipedia.org/wiki/Olga Potylitsina,Wikip\u00e9dia:\u00e9bauche skeleton
Marion Gauthier-Rat,https://fr.wikipedia.org/?curid=7696600,https://fr.wikipedia.org/wiki/Marion Gauthier-Rat,Article utilisant une Infobox
Nevena Ignjatovi\u0107,https://fr.wikipedia.org/?curid=7719995,https://fr.wikipedia.org/wiki/Nevena Ignjatovi\u0107,Wikip\u00e9dia:\u00e9bauche ski alpin
Marte Elden,https://fr.wikipedia.org/?curid=7716382,https://fr.wikipedia.org/wiki/Marte Elden,Wikip\u00e9dia:\u00e9bauche athl\u00e8te norv\u00e9gien
Dara Howell,https://fr.wikipedia.org/?curid=7702971,https://fr.wikipedia.org/wiki/Dara Howell,Article utilisant une Infobox
Isabel Guerra,https://fr.wikipedia.org/?curid=7703229,https://fr.wikipedia.org/wiki/Isabel Guerra,Article utilisant une Infobox
Risa Shiragaki,https://fr.wikipedia.org/?curid=7703276,https://fr.wikipedia.org/wiki/Risa Shiragaki,Article \u00e0 illustrer Joueur de volley-ball
June Squibb,https://fr.wikipedia.org/?curid=7704127,https://fr.wikipedia.org/wiki/June Squibb,Wikip\u00e9dia:\u00e9bauche acteur am\u00e9ricain
Hanna Erikson,https://fr.wikipedia.org/?curid=7698692,https://fr.wikipedia.org/wiki/Hanna Erikson,Article utilisant une Infobox
Marion Fiack-Sid\u00e9a,https://fr.wikipedia.org/?curid=7699435,https://fr.wikipedia.org/wiki/Marion Fiack-Sid\u00e9a,Article utilisant une Infobox
Mia Frye,https://fr.wikipedia.org/?curid=769948,https://fr.wikipedia.org/wiki/Mia Frye,Article utilisant une Infobox
Jessica Sanchez,https://fr.wikipedia.org/?curid=7699523,https://fr.wikipedia.org/wiki/Jessica Sanchez,Article utilisant une Infobox
Ilka Van de Vyver,https://fr.wikipedia.org/?curid=7337570,https://fr.wikipedia.org/wiki/Ilka Van de Vyver,Article utilisant une Infobox
Lila Salet,https://fr.wikipedia.org/?curid=7780456,https://fr.wikipedia.org/wiki/Lila Salet,Wikip\u00e9dia:\u00e9bauche acteur fran\u00e7ais
Sophie Caldwell Hamilton,https://fr.wikipedia.org/?curid=7780457,https://fr.wikipedia.org/wiki/Sophie Caldwell Hamilton,Article utilisant une Infobox
Eva Hodanov\u00e1,https://fr.wikipedia.org/?curid=7752573,https://fr.wikipedia.org/wiki/Eva Hodanov\u00e1,Article utilisant une Infobox
Brita Sigourney,https://fr.wikipedia.org/?curid=7781309,https://fr.wikipedia.org/wiki/Brita Sigourney,Wikip\u00e9dia:\u00e9bauche ski acrobatique
Kendell Williams,https://fr.wikipedia.org/?curid=7844943,https://fr.wikipedia.org/wiki/Kendell Williams,Article utilisant une Infobox
Jolin Tsai,https://fr.wikipedia.org/?curid=784038,https://fr.wikipedia.org/wiki/Jolin Tsai,Article utilisant une Infobox
Vilija Mata\u010di\u016bnait\u0117,https://fr.wikipedia.org/?curid=7836285,https://fr.wikipedia.org/wiki/Vilija Mata\u010di\u016bnait\u0117,Article utilisant une Infobox
Edit Mikl\u00f3s,https://fr.wikipedia.org/?curid=7807847,https://fr.wikipedia.org/wiki/Edit Mikl\u00f3s,Article utilisant une Infobox
Justyna \u015awi\u0119ty-Ersetic,https://fr.wikipedia.org/?curid=7830377,https://fr.wikipedia.org/wiki/Justyna \u015awi\u0119ty-Ersetic,Article utilisant une Infobox
M\u00d8,https://fr.wikipedia.org/?curid=7827631,https://fr.wikipedia.org/wiki/M\u00d8,Article utilisant une Infobox
Kalairani,https://fr.wikipedia.org/?curid=7828066,https://fr.wikipedia.org/wiki/Kalairani,Wikip\u00e9dia:\u00e9bauche acteur indien
Anna Pazera,https://fr.wikipedia.org/?curid=7835454,https://fr.wikipedia.org/wiki/Anna Pazera,Article utilisant une Infobox
Yelizavyeta Yermolayeva,https://fr.wikipedia.org/?curid=7835555,https://fr.wikipedia.org/wiki/Yelizavyeta Yermolayeva,Wikip\u00e9dia:\u00e9bauche athl\u00e8te sovi\u00e9tique
Macarena Simari Birkner,https://fr.wikipedia.org/?curid=7809156,https://fr.wikipedia.org/wiki/Macarena Simari Birkner,Wikip\u00e9dia:\u00e9bauche ski alpin
Katharina Komatz,https://fr.wikipedia.org/?curid=7818928,https://fr.wikipedia.org/wiki/Katharina Komatz,Wikip\u00e9dia:\u00e9bauche biathlon
Joanna Atkins,https://fr.wikipedia.org/?curid=7804743,https://fr.wikipedia.org/wiki/Joanna Atkins,Wikip\u00e9dia:\u00e9bauche athl\u00e8te am\u00e9ricain
Milica Dabovi\u0107,https://fr.wikipedia.org/?curid=7804780,https://fr.wikipedia.org/wiki/Milica Dabovi\u0107,Article utilisant une Infobox
Anke Baier,https://fr.wikipedia.org/?curid=7816718,https://fr.wikipedia.org/wiki/Anke Baier,Wikip\u00e9dia:\u00e9bauche patinage de vitesse
Ramona Siebenhofer,https://fr.wikipedia.org/?curid=7819952,https://fr.wikipedia.org/wiki/Ramona Siebenhofer,Wikip\u00e9dia:\u00e9bauche ski alpin
Liste des m\u00e9daill\u00e9s aux Jeux paralympiques d'hiver de 2014,https://fr.wikipedia.org/?curid=7819255,https://fr.wikipedia.org/wiki/Liste des m\u00e9daill\u00e9s aux Jeux paralympiques d'hiver de 2014,Article contenant un appel \u00e0 traduction en anglais
Carmen Aub,https://fr.wikipedia.org/?curid=7813657,https://fr.wikipedia.org/wiki/Carmen Aub,Wikip\u00e9dia:\u00e9bauche acteur mexicain
Stephanie Pohl (cyclisme),https://fr.wikipedia.org/?curid=7812374,https://fr.wikipedia.org/wiki/Stephanie Pohl (cyclisme),Page utilisant P569
Raura Iida,https://fr.wikipedia.org/?curid=7808559,https://fr.wikipedia.org/wiki/Raura Iida,Article utilisant une Infobox
Marina Horiuchi,https://fr.wikipedia.org/?curid=7808625,https://fr.wikipedia.org/wiki/Marina Horiuchi,Article utilisant une Infobox
Veronique Hronek,https://fr.wikipedia.org/?curid=7824405,https://fr.wikipedia.org/wiki/Veronique Hronek,Article \u00e0 illustrer Sportif
Cloris Leachman,https://fr.wikipedia.org/?curid=782112,https://fr.wikipedia.org/wiki/Cloris Leachman,Article utilisant une Infobox
Cassandra Tate,https://fr.wikipedia.org/?curid=7821221,https://fr.wikipedia.org/wiki/Cassandra Tate,Wikip\u00e9dia:\u00e9bauche athl\u00e8te am\u00e9ricain
Chanelle Price,https://fr.wikipedia.org/?curid=7820946,https://fr.wikipedia.org/wiki/Chanelle Price,Wikip\u00e9dia:\u00e9bauche athl\u00e8te am\u00e9ricain
Gabi Zange,https://fr.wikipedia.org/?curid=7823398,https://fr.wikipedia.org/wiki/Gabi Zange,Wikip\u00e9dia:\u00e9bauche patinage de vitesse
Katie Archibald,https://fr.wikipedia.org/?curid=7809974,https://fr.wikipedia.org/wiki/Katie Archibald,Page utilisant P569
Cleo (chanteuse polonaise),https://fr.wikipedia.org/?curid=7801894,https://fr.wikipedia.org/wiki/Cleo (chanteuse polonaise),Wikip\u00e9dia:\u00e9bauche chanteur polonais
Sae Ishida,https://fr.wikipedia.org/?curid=7800202,https://fr.wikipedia.org/wiki/Sae Ishida,Article \u00e0 illustrer Joueur de volley-ball
Susan Auch,https://fr.wikipedia.org/?curid=7540602,https://fr.wikipedia.org/wiki/Susan Auch,Article \u00e0 illustrer Sportif
Franziska Schenk,https://fr.wikipedia.org/?curid=7540720,https://fr.wikipedia.org/wiki/Franziska Schenk,Article utilisant une Infobox
Elizabeth Yarnold,https://fr.wikipedia.org/?curid=7567860,https://fr.wikipedia.org/wiki/Elizabeth Yarnold,Wikip\u00e9dia:\u00e9bauche personnalit\u00e9 britannique
Liste des m\u00e9daill\u00e9s aux Jeux olympiques d'hiver de 1980,https://fr.wikipedia.org/?curid=7564598,https://fr.wikipedia.org/wiki/Liste des m\u00e9daill\u00e9s aux Jeux olympiques d'hiver de 1980,Portail:Jeux olympiques/Articles li\u00e9s
Michelle Freeman,https://fr.wikipedia.org/?curid=754221,https://fr.wikipedia.org/wiki/Michelle Freeman,Wikip\u00e9dia:\u00e9bauche athl\u00e8te jama\u00efcain
Souvenirs goutte \u00e0 goutte,https://fr.wikipedia.org/?curid=757792,https://fr.wikipedia.org/wiki/Souvenirs goutte \u00e0 goutte,Article utilisant une Infobox
HappinessCharge PreCure!,https://fr.wikipedia.org/?curid=7581116,https://fr.wikipedia.org/wiki/HappinessCharge PreCure!,Article utilisant une Infobox
Elena L\u0103pu\u0219neanu,https://fr.wikipedia.org/?curid=7583824,https://fr.wikipedia.org/wiki/Elena L\u0103pu\u0219neanu,Article \u00e0 illustrer Joueur de volley-ball
Ingvild Flugstad \u00d8stberg,https://fr.wikipedia.org/?curid=7585179,https://fr.wikipedia.org/wiki/Ingvild Flugstad \u00d8stberg,Article utilisant une Infobox
Anita Berber,https://fr.wikipedia.org/?curid=7556395,https://fr.wikipedia.org/wiki/Anita Berber,Article contenant un appel \u00e0 traduction en allemand
Liste des m\u00e9daill\u00e9s aux Jeux olympiques d'hiver de 1984,https://fr.wikipedia.org/?curid=7560444,https://fr.wikipedia.org/wiki/Liste des m\u00e9daill\u00e9s aux Jeux olympiques d'hiver de 1984,Portail:Jeux olympiques/Articles li\u00e9s
M\u00fcge Ocak\u00e7\u0131,https://fr.wikipedia.org/?curid=7561926,https://fr.wikipedia.org/wiki/M\u00fcge Ocak\u00e7\u0131,Article \u00e0 illustrer Joueur de volley-ball
Moa Kikuchi,https://fr.wikipedia.org/?curid=7559830,https://fr.wikipedia.org/wiki/Moa Kikuchi,Article utilisant une Infobox
Claudia Gavrilescu,https://fr.wikipedia.org/?curid=7568389,https://fr.wikipedia.org/wiki/Claudia Gavrilescu,Article \u00e0 illustrer Joueur de volley-ball
Eugene (personnalit\u00e9),https://fr.wikipedia.org/?curid=7568683,https://fr.wikipedia.org/wiki/Eugene (personnalit\u00e9),Article utilisant une Infobox
Natalia Czerwonka,https://fr.wikipedia.org/?curid=7569503,https://fr.wikipedia.org/wiki/Natalia Czerwonka,Wikip\u00e9dia:\u00e9bauche patinage de vitesse
Ana Bianca Moldovan,https://fr.wikipedia.org/?curid=7573666,https://fr.wikipedia.org/wiki/Ana Bianca Moldovan,Article \u00e0 illustrer Joueur de volley-ball
Ceren \u00c7a\u011flar,https://fr.wikipedia.org/?curid=7573718,https://fr.wikipedia.org/wiki/Ceren \u00c7a\u011flar,Article \u00e0 illustrer Joueur de volley-ball
Ana Maria Grigoriu,https://fr.wikipedia.org/?curid=7571423,https://fr.wikipedia.org/wiki/Ana Maria Grigoriu,Article \u00e0 illustrer Joueur de volley-ball
Yui Mizuno,https://fr.wikipedia.org/?curid=7552964,https://fr.wikipedia.org/wiki/Yui Mizuno,Article manquant de r\u00e9f\u00e9rences depuis juin 2023
Lynn Thijssen,https://fr.wikipedia.org/?curid=7550538,https://fr.wikipedia.org/wiki/Lynn Thijssen,Article \u00e0 illustrer Joueur de volley-ball
Kirsty Coventry,https://fr.wikipedia.org/?curid=753629,https://fr.wikipedia.org/wiki/Kirsty Coventry,Article contenant un lien mort
Corinne Bailey Rae,https://fr.wikipedia.org/?curid=754601,https://fr.wikipedia.org/wiki/Corinne Bailey Rae,Article utilisant une Infobox
Valentina Rusu,https://fr.wikipedia.org/?curid=7546372,https://fr.wikipedia.org/wiki/Valentina Rusu,Article \u00e0 illustrer Joueur de volley-ball
Yuliya Lonyuk,https://fr.wikipedia.org/?curid=7538283,https://fr.wikipedia.org/wiki/Yuliya Lonyuk,Article \u00e0 illustrer Joueur de volley-ball
Denise Feierabend,https://fr.wikipedia.org/?curid=7538618,https://fr.wikipedia.org/wiki/Denise Feierabend,Article utilisant une Infobox
Valeria Fade\u00efeva,https://fr.wikipedia.org/?curid=7592575,https://fr.wikipedia.org/wiki/Valeria Fade\u00efeva,Article \u00e0 illustrer Joueur de volley-ball
Judi Richards,https://fr.wikipedia.org/?curid=751971,https://fr.wikipedia.org/wiki/Judi Richards,Article manquant de r\u00e9f\u00e9rences depuis juillet 2019
Annette Lu,https://fr.wikipedia.org/?curid=7642228,https://fr.wikipedia.org/wiki/Annette Lu,Article contenant un lien mort
Christelle Okodombe,https://fr.wikipedia.org/?curid=7642623,https://fr.wikipedia.org/wiki/Christelle Okodombe,Article \u00e0 illustrer Judoka
Misato Kimura,https://fr.wikipedia.org/?curid=7641322,https://fr.wikipedia.org/wiki/Misato Kimura,Article \u00e0 illustrer Joueur de volley-ball
Cristina Chirichella,https://fr.wikipedia.org/?curid=7641421,https://fr.wikipedia.org/wiki/Cristina Chirichella,Wikip\u00e9dia:\u00e9bauche joueuse italienne de volley-ball
Rika Nomoto,https://fr.wikipedia.org/?curid=7618079,https://fr.wikipedia.org/wiki/Rika Nomoto,Article utilisant une Infobox
ArtRave: The Artpop Ball,https://fr.wikipedia.org/?curid=7589843,https://fr.wikipedia.org/wiki/ArtRave: The Artpop Ball,Article utilisant une Infobox
Mihoko Tsutsui,https://fr.wikipedia.org/?curid=7613463,https://fr.wikipedia.org/wiki/Mihoko Tsutsui,Article \u00e0 illustrer Joueur de volley-ball
Natalia Charchakova,https://fr.wikipedia.org/?curid=7610876,https://fr.wikipedia.org/wiki/Natalia Charchakova,Article utilisant une Infobox
Ariel Turner,https://fr.wikipedia.org/?curid=7610981,https://fr.wikipedia.org/wiki/Ariel Turner,Wikip\u00e9dia:\u00e9bauche joueuse am\u00e9ricaine de volley-ball
Liudmila Kalinchik,https://fr.wikipedia.org/?curid=7633800,https://fr.wikipedia.org/wiki/Liudmila Kalinchik,Wikip\u00e9dia:\u00e9bauche biathlon
Edyta Rzenno,https://fr.wikipedia.org/?curid=7632222,https://fr.wikipedia.org/wiki/Edyta Rzenno,Article utilisant une Infobox
Koyomi Tominaga,https://fr.wikipedia.org/?curid=7630750,https://fr.wikipedia.org/wiki/Koyomi Tominaga,Article utilisant une Infobox
Dianne Holum,https://fr.wikipedia.org/?curid=7630786,https://fr.wikipedia.org/wiki/Dianne Holum,Article utilisant une Infobox
Stien Baas-Kaiser,https://fr.wikipedia.org/?curid=7630834,https://fr.wikipedia.org/wiki/Stien Baas-Kaiser,Article utilisant une Infobox
Vera Krasnova,https://fr.wikipedia.org/?curid=7630962,https://fr.wikipedia.org/wiki/Vera Krasnova,Article utilisant une Infobox
Lioudmila Titova,https://fr.wikipedia.org/?curid=7631021,https://fr.wikipedia.org/wiki/Lioudmila Titova,Article utilisant une Infobox
Monika Pflug,https://fr.wikipedia.org/?curid=7631055,https://fr.wikipedia.org/wiki/Monika Pflug,Article utilisant une Infobox
Liste des m\u00e9daill\u00e9s aux Jeux olympiques d'hiver de 1972,https://fr.wikipedia.org/?curid=7601559,https://fr.wikipedia.org/wiki/Liste des m\u00e9daill\u00e9s aux Jeux olympiques d'hiver de 1972,Portail:Jeux olympiques/Articles li\u00e9s
Angel Haze,https://fr.wikipedia.org/?curid=7602340,https://fr.wikipedia.org/wiki/Angel Haze,Article utilisant une Infobox
Iekaterina Iefimova,https://fr.wikipedia.org/?curid=7601053,https://fr.wikipedia.org/wiki/Iekaterina Iefimova,Article utilisant une Infobox
Barbora Neck\u00e1\u0159ov\u00e1,https://fr.wikipedia.org/?curid=7603368,https://fr.wikipedia.org/wiki/Barbora Neck\u00e1\u0159ov\u00e1,Article \u00e0 illustrer Joueur de volley-ball
Kimberly Buys,https://fr.wikipedia.org/?curid=7616029,https://fr.wikipedia.org/wiki/Kimberly Buys,Article \u00e0 illustrer Nageur
Maria Petrova (gymnastique),https://fr.wikipedia.org/?curid=762222,https://fr.wikipedia.org/wiki/Maria Petrova (gymnastique),Image locale diff\u00e9rente de celle de Wikidata
Juliette Simon-Girard,https://fr.wikipedia.org/?curid=7591522,https://fr.wikipedia.org/wiki/Juliette Simon-Girard,Wikip\u00e9dia:\u00e9bauche chanteur fran\u00e7ais
Bangerz Tour,https://fr.wikipedia.org/?curid=7591797,https://fr.wikipedia.org/wiki/Bangerz Tour,Article utilisant une Infobox
Neon Lights (chanson),https://fr.wikipedia.org/?curid=7587923,https://fr.wikipedia.org/wiki/Neon Lights (chanson),Article manquant de r\u00e9f\u00e9rences depuis d\u00e9cembre 2013
Liste des m\u00e9daill\u00e9s aux Jeux olympiques d'hiver de 2002,https://fr.wikipedia.org/?curid=7489166,https://fr.wikipedia.org/wiki/Liste des m\u00e9daill\u00e9s aux Jeux olympiques d'hiver de 2002,Portail:Jeux olympiques/Articles li\u00e9s
Kl\u00e1ra Melicharov\u00e1,https://fr.wikipedia.org/?curid=7447414,https://fr.wikipedia.org/wiki/Kl\u00e1ra Melicharov\u00e1,Article \u00e0 illustrer Joueur de volley-ball
Svea Nor\u00e9n,https://fr.wikipedia.org/?curid=7445619,https://fr.wikipedia.org/wiki/Svea Nor\u00e9n,Article utilisant une Infobox
Janine V\u00f6lker,https://fr.wikipedia.org/?curid=7457635,https://fr.wikipedia.org/wiki/Janine V\u00f6lker,Article \u00e0 illustrer Joueur de volley-ball
Quentin Dupieux,https://fr.wikipedia.org/?curid=745765,https://fr.wikipedia.org/wiki/Quentin Dupieux,Page utilisant P1477
Artpop,https://fr.wikipedia.org/?curid=7452628,https://fr.wikipedia.org/wiki/Artpop,Article utilisant une Infobox
Katarzyna Po\u0142e\u0107,https://fr.wikipedia.org/?curid=7457421,https://fr.wikipedia.org/wiki/Katarzyna Po\u0142e\u0107,Article utilisant une Infobox
Michelle Nogueras,https://fr.wikipedia.org/?curid=7455339,https://fr.wikipedia.org/wiki/Michelle Nogueras,Article \u00e0 illustrer Joueur de volley-ball
Frederik Van Lierde,https://fr.wikipedia.org/?curid=7459051,https://fr.wikipedia.org/wiki/Frederik Van Lierde,Article utilisant une Infobox
Stephanie Defina,https://fr.wikipedia.org/?curid=7459571,https://fr.wikipedia.org/wiki/Stephanie Defina,Wikip\u00e9dia:\u00e9bauche tennis
B\u00e9n\u00e9dicte Le Panse,https://fr.wikipedia.org/?curid=7481609,https://fr.wikipedia.org/wiki/B\u00e9n\u00e9dicte Le Panse,Article manquant de r\u00e9f\u00e9rences depuis octobre 2013
Nefize Gaffaro\u011flu,https://fr.wikipedia.org/?curid=7449299,https://fr.wikipedia.org/wiki/Nefize Gaffaro\u011flu,Article \u00e0 illustrer Joueur de volley-ball
Shraddha Kapoor,https://fr.wikipedia.org/?curid=7449363,https://fr.wikipedia.org/wiki/Shraddha Kapoor,Article utilisant une Infobox
Alice Charbonnier,https://fr.wikipedia.org/?curid=7450069,https://fr.wikipedia.org/wiki/Alice Charbonnier,Wikip\u00e9dia:\u00e9bauche tennis
Urantsetseg Munkhbat,https://fr.wikipedia.org/?curid=7355856,https://fr.wikipedia.org/wiki/Urantsetseg Munkhbat,Article utilisant une Infobox
Tuula Laaksalo,https://fr.wikipedia.org/?curid=7354237,https://fr.wikipedia.org/wiki/Tuula Laaksalo,Wikip\u00e9dia:\u00e9bauche athl\u00e8te finlandais
Aur\u00e9lien Rapha\u00ebl,https://fr.wikipedia.org/?curid=7354295,https://fr.wikipedia.org/wiki/Aur\u00e9lien Rapha\u00ebl,Article utilisant une Infobox
Alena Mamina,https://fr.wikipedia.org/?curid=7354357,https://fr.wikipedia.org/wiki/Alena Mamina,Wikip\u00e9dia:\u00e9bauche athl\u00e8te russe
Tetyana Khyliuk,https://fr.wikipedia.org/?curid=7358951,https://fr.wikipedia.org/wiki/Tetyana Khyliuk,Article \u00e0 illustrer Joueur de volley-ball
Yarden Gerbi,https://fr.wikipedia.org/?curid=7361737,https://fr.wikipedia.org/wiki/Yarden Gerbi,Article utilisant une Infobox
The Pointer Sisters,https://fr.wikipedia.org/?curid=746963,https://fr.wikipedia.org/wiki/The Pointer Sisters,Article manquant de r\u00e9f\u00e9rences depuis janvier 2019
Kimiko Date,https://fr.wikipedia.org/?curid=746614,https://fr.wikipedia.org/wiki/Kimiko Date,Article utilisant une Infobox
Suzuka Nakamoto,https://fr.wikipedia.org/?curid=7464760,https://fr.wikipedia.org/wiki/Suzuka Nakamoto,Article utilisant une Infobox
Ioulia Stenkina,https://fr.wikipedia.org/?curid=7392605,https://fr.wikipedia.org/wiki/Ioulia Stenkina,Article \u00e0 illustrer Joueur de volley-ball
Margaret Adeoye,https://fr.wikipedia.org/?curid=7337024,https://fr.wikipedia.org/wiki/Margaret Adeoye,Wikip\u00e9dia:\u00e9bauche athl\u00e8te britannique
Dina Asher-Smith,https://fr.wikipedia.org/?curid=7339264,https://fr.wikipedia.org/wiki/Dina Asher-Smith,Article utilisant une Infobox
Annabelle Lewis,https://fr.wikipedia.org/?curid=7339287,https://fr.wikipedia.org/wiki/Annabelle Lewis,Wikip\u00e9dia:\u00e9bauche athl\u00e8te britannique
Hayley Jones (athl\u00e9tisme),https://fr.wikipedia.org/?curid=7339301,https://fr.wikipedia.org/wiki/Hayley Jones (athl\u00e9tisme),Wikip\u00e9dia:\u00e9bauche athl\u00e8te britannique
Lore Gillis,https://fr.wikipedia.org/?curid=7344643,https://fr.wikipedia.org/wiki/Lore Gillis,Article utilisant une Infobox
Cycle de westerns d'Anthony Mann avec James Stewart,https://fr.wikipedia.org/?curid=7345554,https://fr.wikipedia.org/wiki/Cycle de westerns d'Anthony Mann avec James Stewart,Wikip\u00e9dia:\u00e9bauche film am\u00e9ricain
Desislava Nikolova,https://fr.wikipedia.org/?curid=7350800,https://fr.wikipedia.org/wiki/Desislava Nikolova,Article \u00e0 illustrer Joueur de volley-ball
Fulya T\u00fcr\u00fck,https://fr.wikipedia.org/?curid=7350846,https://fr.wikipedia.org/wiki/Fulya T\u00fcr\u00fck,Article \u00e0 illustrer Joueur de volley-ball
Rebecca Perry,https://fr.wikipedia.org/?curid=7349284,https://fr.wikipedia.org/wiki/Rebecca Perry,Wikip\u00e9dia:\u00e9bauche joueuse am\u00e9ricaine de volley-ball
Vanina Ickx,https://fr.wikipedia.org/?curid=735016,https://fr.wikipedia.org/wiki/Vanina Ickx,Wikip\u00e9dia:\u00e9bauche pilote automobile belge
Elies Goos,https://fr.wikipedia.org/?curid=7352873,https://fr.wikipedia.org/wiki/Elies Goos,Article \u00e0 illustrer Joueur de volley-ball
Jaroslava Pencov\u00e1,https://fr.wikipedia.org/?curid=7352910,https://fr.wikipedia.org/wiki/Jaroslava Pencov\u00e1,Article \u00e0 illustrer Joueur de volley-ball
Carolin Sch\u00e4fer,https://fr.wikipedia.org/?curid=7866795,https://fr.wikipedia.org/wiki/Carolin Sch\u00e4fer,Article utilisant une Infobox
Annichen Kringstad,https://fr.wikipedia.org/?curid=7860994,https://fr.wikipedia.org/wiki/Annichen Kringstad,Article \u00e0 illustrer Sportif
Daria Virola\u00efnen,https://fr.wikipedia.org/?curid=7868550,https://fr.wikipedia.org/wiki/Daria Virola\u00efnen,Wikip\u00e9dia:\u00e9bauche sportif russe
Julia Harting,https://fr.wikipedia.org/?curid=7868578,https://fr.wikipedia.org/wiki/Julia Harting,Wikip\u00e9dia:\u00e9bauche athl\u00e8te allemand
Sarah Mayer,https://fr.wikipedia.org/?curid=7868608,https://fr.wikipedia.org/wiki/Sarah Mayer,Wikip\u00e9dia:\u00e9bauche athl\u00e8te allemand
Kristin M\u00fcrer Stemland,https://fr.wikipedia.org/?curid=7870898,https://fr.wikipedia.org/wiki/Kristin M\u00fcrer Stemland,Wikip\u00e9dia:\u00e9bauche ski de fond
Wang Zheng,https://fr.wikipedia.org/?curid=7888769,https://fr.wikipedia.org/wiki/Wang Zheng,Article utilisant une Infobox
Maria Howell,https://fr.wikipedia.org/?curid=7891366,https://fr.wikipedia.org/wiki/Maria Howell,Wikip\u00e9dia:\u00e9bauche acteur am\u00e9ricain
Ragnhild Mowinckel,https://fr.wikipedia.org/?curid=7891624,https://fr.wikipedia.org/wiki/Ragnhild Mowinckel,Article utilisant une Infobox
Annemari Sandell-Hyv\u00e4rinen,https://fr.wikipedia.org/?curid=7890789,https://fr.wikipedia.org/wiki/Annemari Sandell-Hyv\u00e4rinen,Wikip\u00e9dia:\u00e9bauche athl\u00e8te finlandais
Pamela Chepchumba,https://fr.wikipedia.org/?curid=7859018,https://fr.wikipedia.org/wiki/Pamela Chepchumba,Wikip\u00e9dia:\u00e9bauche athl\u00e8te
Mari Hole,https://fr.wikipedia.org/?curid=7865592,https://fr.wikipedia.org/wiki/Mari Hole,Article utilisant une Infobox
Artpop (chanson),https://fr.wikipedia.org/?curid=7865816,https://fr.wikipedia.org/wiki/Artpop (chanson),Article utilisant une Infobox
Geraldine Pillay,https://fr.wikipedia.org/?curid=7862811,https://fr.wikipedia.org/wiki/Geraldine Pillay,Wikip\u00e9dia:\u00e9bauche athl\u00e8te sud-africain
A\u00efda Diop,https://fr.wikipedia.org/?curid=7862822,https://fr.wikipedia.org/wiki/A\u00efda Diop,Wikip\u00e9dia:\u00e9bauche athl\u00e8te s\u00e9n\u00e9galais
Elinda Vorster,https://fr.wikipedia.org/?curid=7862842,https://fr.wikipedia.org/wiki/Elinda Vorster,Wikip\u00e9dia:\u00e9bauche athl\u00e8te sud-africain
Rufina Ubah,https://fr.wikipedia.org/?curid=7862865,https://fr.wikipedia.org/wiki/Rufina Ubah,Wikip\u00e9dia:\u00e9bauche athl\u00e8te nig\u00e9rian
Lacy Janson,https://fr.wikipedia.org/?curid=7853283,https://fr.wikipedia.org/wiki/Lacy Janson,Wikip\u00e9dia:\u00e9bauche athl\u00e8te am\u00e9ricain
Zhang Xin (ski acrobatique),https://fr.wikipedia.org/?curid=7853330,https://fr.wikipedia.org/wiki/Zhang Xin (ski acrobatique),Article utilisant une Infobox
Heidi Zacher,https://fr.wikipedia.org/?curid=7853427,https://fr.wikipedia.org/wiki/Heidi Zacher,Wikip\u00e9dia:\u00e9bauche ski acrobatique
Lydia Cheromei,https://fr.wikipedia.org/?curid=7859252,https://fr.wikipedia.org/wiki/Lydia Cheromei,Wikip\u00e9dia:\u00e9bauche athl\u00e8te k\u00e9nyan
Mar\u00eda Irigoyen,https://fr.wikipedia.org/?curid=7847961,https://fr.wikipedia.org/wiki/Mar\u00eda Irigoyen,Article utilisant une Infobox
Aleksandra Skarzy\u0144ska,https://fr.wikipedia.org/?curid=7884309,https://fr.wikipedia.org/wiki/Aleksandra Skarzy\u0144ska,Wikip\u00e9dia:\u00e9bauche sportif polonais
Oktawia Nowacka,https://fr.wikipedia.org/?curid=7882759,https://fr.wikipedia.org/wiki/Oktawia Nowacka,Wikip\u00e9dia:\u00e9bauche sportif polonais
Christina Sandberg,https://fr.wikipedia.org/?curid=7883193,https://fr.wikipedia.org/wiki/Christina Sandberg,Wikip\u00e9dia:\u00e9bauche tennis
Tejitu Daba,https://fr.wikipedia.org/?curid=7885658,https://fr.wikipedia.org/wiki/Tejitu Daba,Wikip\u00e9dia:\u00e9bauche athl\u00e8te bahre\u00efni
Zuzana Byd\u017eovsk\u00e1,https://fr.wikipedia.org/?curid=7857507,https://fr.wikipedia.org/wiki/Zuzana Byd\u017eovsk\u00e1,Wikip\u00e9dia:\u00e9bauche acteur tch\u00e8que
Christophe Dechavanne,https://fr.wikipedia.org/?curid=78751,https://fr.wikipedia.org/wiki/Christophe Dechavanne,Article \u00e0 r\u00e9f\u00e9rence insuffisante
Megan Moulton-Levy,https://fr.wikipedia.org/?curid=7882109,https://fr.wikipedia.org/wiki/Megan Moulton-Levy,Article utilisant une Infobox
Flomena Cheyech,https://fr.wikipedia.org/?curid=7879945,https://fr.wikipedia.org/wiki/Flomena Cheyech,Wikip\u00e9dia:\u00e9bauche athl\u00e8te k\u00e9nyan
Magali Magail,https://fr.wikipedia.org/?curid=7878866,https://fr.wikipedia.org/wiki/Magali Magail,Article utilisant une Infobox
Yann Millon,https://fr.wikipedia.org/?curid=7848319,https://fr.wikipedia.org/wiki/Yann Millon,Article \u00e0 illustrer Sportif
Christine Mallo,https://fr.wikipedia.org/?curid=7846953,https://fr.wikipedia.org/wiki/Christine Mallo,Wikip\u00e9dia:\u00e9bauche athl\u00e8te fran\u00e7ais
Lisa Gr\u00fcnding,https://fr.wikipedia.org/?curid=7771756,https://fr.wikipedia.org/wiki/Lisa Gr\u00fcnding,Article \u00e0 illustrer Joueur de volley-ball
Erika Salanciov\u00e1,https://fr.wikipedia.org/?curid=7771775,https://fr.wikipedia.org/wiki/Erika Salanciov\u00e1,Article \u00e0 illustrer Joueur de volley-ball
Elisa Gasparin,https://fr.wikipedia.org/?curid=7763757,https://fr.wikipedia.org/wiki/Elisa Gasparin,Wikip\u00e9dia:\u00e9bauche biathlon
Svetlana Biryukova,https://fr.wikipedia.org/?curid=7779501,https://fr.wikipedia.org/wiki/Svetlana Biryukova,Wikip\u00e9dia:\u00e9bauche athl\u00e8te russe
Jamea Jackson,https://fr.wikipedia.org/?curid=777953,https://fr.wikipedia.org/wiki/Jamea Jackson,Article utilisant une Infobox
Aja Evans,https://fr.wikipedia.org/?curid=7779574,https://fr.wikipedia.org/wiki/Aja Evans,Wikip\u00e9dia:\u00e9bauche personnalit\u00e9 am\u00e9ricaine
Isabella Castillo,https://fr.wikipedia.org/?curid=7777224,https://fr.wikipedia.org/wiki/Isabella Castillo,Wikip\u00e9dia:\u00e9bauche acteur cubain
Andrea Limbacher,https://fr.wikipedia.org/?curid=7777536,https://fr.wikipedia.org/wiki/Andrea Limbacher,Wikip\u00e9dia:\u00e9bauche ski acrobatique
Mirjam J\u00e4ger,https://fr.wikipedia.org/?curid=7775070,https://fr.wikipedia.org/wiki/Mirjam J\u00e4ger,Article utilisant une Infobox
Michela Moioli,https://fr.wikipedia.org/?curid=7774673,https://fr.wikipedia.org/wiki/Michela Moioli,Wikip\u00e9dia:\u00e9bauche personnalit\u00e9 italienne
Jill Craybas,https://fr.wikipedia.org/?curid=777884,https://fr.wikipedia.org/wiki/Jill Craybas,Article \u00e0 recycler/Liste compl\u00e8te
Darina Ko\u0161ick\u00e1,https://fr.wikipedia.org/?curid=7778867,https://fr.wikipedia.org/wiki/Darina Ko\u0161ick\u00e1,Article \u00e0 illustrer Joueur de volley-ball
Momoka Minami,https://fr.wikipedia.org/?curid=7778886,https://fr.wikipedia.org/wiki/Momoka Minami,Article \u00e0 illustrer Joueur de volley-ball
Corina Morariu,https://fr.wikipedia.org/?curid=777929,https://fr.wikipedia.org/wiki/Corina Morariu,Article utilisant une Infobox
Abigail Spears,https://fr.wikipedia.org/?curid=777834,https://fr.wikipedia.org/wiki/Abigail Spears,Article utilisant une Infobox
Kirsten Flipkens,https://fr.wikipedia.org/?curid=778192,https://fr.wikipedia.org/wiki/Kirsten Flipkens,Article utilisant une Infobox
Adeline Baud-Mugnier,https://fr.wikipedia.org/?curid=7756933,https://fr.wikipedia.org/wiki/Adeline Baud-Mugnier,Article utilisant une Infobox
Bettina Campbell,https://fr.wikipedia.org/?curid=7756978,https://fr.wikipedia.org/wiki/Bettina Campbell,Wikip\u00e9dia:\u00e9bauche actrice pornographique
Monument \u00e0 la R\u00e9publique,https://fr.wikipedia.org/?curid=7787423,https://fr.wikipedia.org/wiki/Monument \u00e0 la R\u00e9publique,Page utilisant P1435
Kurumi Nara,https://fr.wikipedia.org/?curid=7787651,https://fr.wikipedia.org/wiki/Kurumi Nara,Article utilisant une Infobox
Olga Andreyeva,https://fr.wikipedia.org/?curid=7788263,https://fr.wikipedia.org/wiki/Olga Andreyeva,Wikip\u00e9dia:\u00e9bauche athl\u00e8te kazakh
Maria Rydqvist,https://fr.wikipedia.org/?curid=7768291,https://fr.wikipedia.org/wiki/Maria Rydqvist,Wikip\u00e9dia:\u00e9bauche ski de fond
Kaetlyn Osmond,https://fr.wikipedia.org/?curid=7770680,https://fr.wikipedia.org/wiki/Kaetlyn Osmond,Article utilisant une Infobox
Kirsten Moore-Towers,https://fr.wikipedia.org/?curid=7770694,https://fr.wikipedia.org/wiki/Kirsten Moore-Towers,Wikip\u00e9dia:\u00e9bauche personnalit\u00e9 canadienne
Lotte van Beek,https://fr.wikipedia.org/?curid=7772614,https://fr.wikipedia.org/wiki/Lotte van Beek,Article utilisant une Infobox
Amandine Buchard,https://fr.wikipedia.org/?curid=7771145,https://fr.wikipedia.org/wiki/Amandine Buchard,Article utilisant une Infobox
Ekaterina Bobrova,https://fr.wikipedia.org/?curid=7770598,https://fr.wikipedia.org/wiki/Ekaterina Bobrova,Wikip\u00e9dia:\u00e9bauche personnalit\u00e9 russe
