Name,URL1,URL2,First Category
Eukene Larrarte,https://fr.wikipedia.org/?curid=14441704,https://fr.wikipedia.org/wiki/Eukene Larrarte,Page utilisant P569
Miss USA 2020,https://fr.wikipedia.org/?curid=14437860,https://fr.wikipedia.org/wiki/Miss USA 2020,Article \u00e0 illustrer Miss
Guo Lingling,https://fr.wikipedia.org/?curid=14436428,https://fr.wikipedia.org/wiki/Guo Lingling,Article \u00e0 illustrer Sportif
Tihanna Vorster,https://fr.wikipedia.org/?curid=14436784,https://fr.wikipedia.org/wiki/Tihanna Vorster,Wikip\u00e9dia:\u00e9bauche athl\u00e8te sud-africain
Tsholofelo Thipe,https://fr.wikipedia.org/?curid=14436797,https://fr.wikipedia.org/wiki/Tsholofelo Thipe,Wikip\u00e9dia:\u00e9bauche athl\u00e8te sud-africain
Christine Ras,https://fr.wikipedia.org/?curid=14436808,https://fr.wikipedia.org/wiki/Christine Ras,Wikip\u00e9dia:\u00e9bauche athl\u00e8te sud-africain
Nina Stojiljkovic,https://fr.wikipedia.org/?curid=14431161,https://fr.wikipedia.org/wiki/Nina Stojiljkovic,Article utilisant une Infobox
Ikram Adjabi,https://fr.wikipedia.org/?curid=14481471,https://fr.wikipedia.org/wiki/Ikram Adjabi,Article \u00e0 illustrer Footballeur
How to Date a Magical Girl,https://fr.wikipedia.org/?curid=14478508,https://fr.wikipedia.org/wiki/How to Date a Magical Girl,Page utilisant P856
L\u00e9on Chevalier,https://fr.wikipedia.org/?curid=14480315,https://fr.wikipedia.org/wiki/L\u00e9on Chevalier,Article \u00e0 illustrer Sportif
Edina Gallovits,https://fr.wikipedia.org/?curid=1441811,https://fr.wikipedia.org/wiki/Edina Gallovits,Article utilisant une Infobox
D\u00e9bora Menezes,https://fr.wikipedia.org/?curid=14425682,https://fr.wikipedia.org/wiki/D\u00e9bora Menezes,Article utilisant une Infobox
Khwansuda Phuangkitcha,https://fr.wikipedia.org/?curid=14425699,https://fr.wikipedia.org/wiki/Khwansuda Phuangkitcha,Article \u00e0 illustrer Sportif
Nonante-cinq (album),https://fr.wikipedia.org/?curid=14426252,https://fr.wikipedia.org/wiki/Nonante-cinq (album),Article utilisant une Infobox
Sarah Boudaoud,https://fr.wikipedia.org/?curid=14426473,https://fr.wikipedia.org/wiki/Sarah Boudaoud,Article \u00e0 illustrer Footballeur
Sylia Koui,https://fr.wikipedia.org/?curid=14427757,https://fr.wikipedia.org/wiki/Sylia Koui,Article \u00e0 illustrer Footballeur
Jade Defraeye,https://fr.wikipedia.org/?curid=14405311,https://fr.wikipedia.org/wiki/Jade Defraeye,Article \u00e0 illustrer Joueur de volley-ball
Chlo\u00e9 N'Gazi,https://fr.wikipedia.org/?curid=14424811,https://fr.wikipedia.org/wiki/Chlo\u00e9 N'Gazi,Article \u00e0 illustrer Footballeur
Leo Ieiri,https://fr.wikipedia.org/?curid=14424987,https://fr.wikipedia.org/wiki/Leo Ieiri,Article utilisant une Infobox
Linda (chanteuse),https://fr.wikipedia.org/?curid=14420594,https://fr.wikipedia.org/wiki/Linda (chanteuse),Traduction \u00e0 revoir
Alesia Stepaniuk,https://fr.wikipedia.org/?curid=14420958,https://fr.wikipedia.org/wiki/Alesia Stepaniuk,Article \u00e0 illustrer Judoka
Nafisa Sheripboeva,https://fr.wikipedia.org/?curid=14421041,https://fr.wikipedia.org/wiki/Nafisa Sheripboeva,Article utilisant une Infobox
Carolina Costa,https://fr.wikipedia.org/?curid=14421770,https://fr.wikipedia.org/wiki/Carolina Costa,Article utilisant une Infobox
Nataliya Nikolaychyk,https://fr.wikipedia.org/?curid=14422349,https://fr.wikipedia.org/wiki/Nataliya Nikolaychyk,Article \u00e0 illustrer Judoka
Skye Moench,https://fr.wikipedia.org/?curid=14329389,https://fr.wikipedia.org/wiki/Skye Moench,Article utilisant une Infobox
Sam Long (triathlon),https://fr.wikipedia.org/?curid=14329390,https://fr.wikipedia.org/wiki/Sam Long (triathlon),Article \u00e0 illustrer Sportif
Ana\u00eds M\u00e9ndez,https://fr.wikipedia.org/?curid=14331821,https://fr.wikipedia.org/wiki/Ana\u00eds M\u00e9ndez,Article \u00e0 illustrer Sportif
Brad Snyder (triathlon),https://fr.wikipedia.org/?curid=14332045,https://fr.wikipedia.org/wiki/Brad Snyder (triathlon),Page utilisant P569
Sofiya Pryshchepa,https://fr.wikipedia.org/?curid=14336112,https://fr.wikipedia.org/wiki/Sofiya Pryshchepa,Page utilisant P569
Rebecca Bertolo,https://fr.wikipedia.org/?curid=14337633,https://fr.wikipedia.org/wiki/Rebecca Bertolo,Page utilisant P569
Linda Patricia P\u00e9rez L\u00f3pez,https://fr.wikipedia.org/?curid=14335109,https://fr.wikipedia.org/wiki/Linda Patricia P\u00e9rez L\u00f3pez,Article \u00e0 illustrer Athl\u00e8te
Maria Carolina Gomes Santiago,https://fr.wikipedia.org/?curid=14335231,https://fr.wikipedia.org/wiki/Maria Carolina Gomes Santiago,Article utilisant une Infobox
Anastasiia Moskalenko,https://fr.wikipedia.org/?curid=14356495,https://fr.wikipedia.org/wiki/Anastasiia Moskalenko,Article \u00e0 illustrer Athl\u00e8te
Marta Molist,https://fr.wikipedia.org/?curid=14355212,https://fr.wikipedia.org/wiki/Marta Molist,Article \u00e0 illustrer Athl\u00e8te
Renata \u015aliwi\u0144ska,https://fr.wikipedia.org/?curid=14354789,https://fr.wikipedia.org/wiki/Renata \u015aliwi\u0144ska,Article \u00e0 illustrer Athl\u00e8te
Safiya Burkhanova,https://fr.wikipedia.org/?curid=14357868,https://fr.wikipedia.org/wiki/Safiya Burkhanova,Article contenant un lien mort
Jovana Prekovi\u0107,https://fr.wikipedia.org/?curid=14283072,https://fr.wikipedia.org/wiki/Jovana Prekovi\u0107,Article utilisant une Infobox
Mollie O'Callaghan,https://fr.wikipedia.org/?curid=14283154,https://fr.wikipedia.org/wiki/Mollie O'Callaghan,Article \u00e0 illustrer Nageur
Junelle Bromfield,https://fr.wikipedia.org/?curid=14293060,https://fr.wikipedia.org/wiki/Junelle Bromfield,Wikip\u00e9dia:\u00e9bauche athl\u00e8te jama\u00efcain
Wendy Whoppers,https://fr.wikipedia.org/?curid=14293428,https://fr.wikipedia.org/wiki/Wendy Whoppers,Article orphelin depuis ao\u00fbt 2021
Mandy Gonzalez,https://fr.wikipedia.org/?curid=14266016,https://fr.wikipedia.org/wiki/Mandy Gonzalez,Wikip\u00e9dia:\u00e9bauche acteur am\u00e9ricain
Jazmon Gwathmey,https://fr.wikipedia.org/?curid=14266379,https://fr.wikipedia.org/wiki/Jazmon Gwathmey,Article utilisant une Infobox
Liste des m\u00e9daill\u00e9s olympiques en volley-ball,https://fr.wikipedia.org/?curid=14304150,https://fr.wikipedia.org/wiki/Liste des m\u00e9daill\u00e9s olympiques en volley-ball,Article contenant un appel \u00e0 traduction en anglais
Liste des m\u00e9daill\u00e9s olympiques en skateboard,https://fr.wikipedia.org/?curid=14303455,https://fr.wikipedia.org/wiki/Liste des m\u00e9daill\u00e9s olympiques en skateboard,Portail:Roller et skateboard/Articles li\u00e9s
Maya Kingma,https://fr.wikipedia.org/?curid=14305751,https://fr.wikipedia.org/wiki/Maya Kingma,Wikip\u00e9dia:\u00e9bauche triathl\u00e8te
Mieke Gorissen,https://fr.wikipedia.org/?curid=14305846,https://fr.wikipedia.org/wiki/Mieke Gorissen,Page utilisant P569
Ackera Nugent,https://fr.wikipedia.org/?curid=14318518,https://fr.wikipedia.org/wiki/Ackera Nugent,Wikip\u00e9dia:\u00e9bauche athl\u00e8te jama\u00efcain
Silja Kosonen,https://fr.wikipedia.org/?curid=14318549,https://fr.wikipedia.org/wiki/Silja Kosonen,Wikip\u00e9dia:\u00e9bauche athl\u00e8te finlandais
Anrune Weyers,https://fr.wikipedia.org/?curid=14330140,https://fr.wikipedia.org/wiki/Anrune Weyers,Article utilisant une Infobox
Flavia Rigamonti,https://fr.wikipedia.org/?curid=1433330,https://fr.wikipedia.org/wiki/Flavia Rigamonti,Wikip\u00e9dia:\u00e9bauche natation
Mariya Koroteyeva,https://fr.wikipedia.org/?curid=14329420,https://fr.wikipedia.org/wiki/Mariya Koroteyeva,Wikip\u00e9dia:\u00e9bauche athl\u00e8te russe
Aurelia Trywia\u0144ska,https://fr.wikipedia.org/?curid=14329427,https://fr.wikipedia.org/wiki/Aurelia Trywia\u0144ska,Wikip\u00e9dia:\u00e9bauche athl\u00e8te polonais
Eva Sokolova,https://fr.wikipedia.org/?curid=14329439,https://fr.wikipedia.org/wiki/Eva Sokolova,Wikip\u00e9dia:\u00e9bauche athl\u00e8te russe
Freweyni Hailu,https://fr.wikipedia.org/?curid=14329519,https://fr.wikipedia.org/wiki/Freweyni Hailu,Wikip\u00e9dia:\u00e9bauche athl\u00e8te \u00e9thiopien
Crazy Sally,https://fr.wikipedia.org/?curid=14320111,https://fr.wikipedia.org/wiki/Crazy Sally,Page utilisant P569
Misty Lee,https://fr.wikipedia.org/?curid=14312570,https://fr.wikipedia.org/wiki/Misty Lee,Article contenant un appel \u00e0 traduction en anglais
Susannah Scaroni,https://fr.wikipedia.org/?curid=14328282,https://fr.wikipedia.org/wiki/Susannah Scaroni,Article utilisant une Infobox
Gretchen Merrill,https://fr.wikipedia.org/?curid=14325527,https://fr.wikipedia.org/wiki/Gretchen Merrill,Article \u00e0 illustrer Patineur artistique
Fleur Jong,https://fr.wikipedia.org/?curid=14327978,https://fr.wikipedia.org/wiki/Fleur Jong,Page utilisant P569
Liste des m\u00e9daill\u00e9s olympiques en tir,https://fr.wikipedia.org/?curid=14317220,https://fr.wikipedia.org/wiki/Liste des m\u00e9daill\u00e9s olympiques en tir,Wikip\u00e9dia:\u00e9bauche tir
Cassidy Klein,https://fr.wikipedia.org/?curid=14340247,https://fr.wikipedia.org/wiki/Cassidy Klein,Article utilisant une Infobox
Lindy Ave,https://fr.wikipedia.org/?curid=14341191,https://fr.wikipedia.org/wiki/Lindy Ave,Article utilisant une Infobox
Grace Madden,https://fr.wikipedia.org/?curid=14342010,https://fr.wikipedia.org/wiki/Grace Madden,Article \u00e0 illustrer Patineur artistique
Iwona Kuczy\u0144ska,https://fr.wikipedia.org/?curid=1432496,https://fr.wikipedia.org/wiki/Iwona Kuczy\u0144ska,Article \u00e0 illustrer Joueur de tennis
Agn\u00e8s Varda (film),https://fr.wikipedia.org/?curid=14316002,https://fr.wikipedia.org/wiki/Agn\u00e8s Varda (film),Article utilisant une Infobox
Lucia Romanov,https://fr.wikipedia.org/?curid=1432233,https://fr.wikipedia.org/wiki/Lucia Romanov,Article \u00e0 illustrer Joueur de tennis
Zhang Xinyi,https://fr.wikipedia.org/?curid=14320288,https://fr.wikipedia.org/wiki/Zhang Xinyi,Article utilisant une Infobox
Yana Burlakova,https://fr.wikipedia.org/?curid=14321206,https://fr.wikipedia.org/wiki/Yana Burlakova,Page utilisant P569
Maike van der Duin,https://fr.wikipedia.org/?curid=14322617,https://fr.wikipedia.org/wiki/Maike van der Duin,Page utilisant P569
Giovanna Scoccimarro,https://fr.wikipedia.org/?curid=14337991,https://fr.wikipedia.org/wiki/Giovanna Scoccimarro,Wikip\u00e9dia:\u00e9bauche sportif allemand
Maude Smith,https://fr.wikipedia.org/?curid=14354004,https://fr.wikipedia.org/wiki/Maude Smith,Article utilisant une Infobox
Veronica Clarke,https://fr.wikipedia.org/?curid=14351790,https://fr.wikipedia.org/wiki/Veronica Clarke,Article \u00e0 illustrer Patineur artistique
Polina Seronosova,https://fr.wikipedia.org/?curid=14523221,https://fr.wikipedia.org/wiki/Polina Seronosova,Wikip\u00e9dia:\u00e9bauche ski de fond
Izabela Marcisz,https://fr.wikipedia.org/?curid=14516764,https://fr.wikipedia.org/wiki/Izabela Marcisz,Wikip\u00e9dia:\u00e9bauche ski de fond
Jang Won-young,https://fr.wikipedia.org/?curid=14527623,https://fr.wikipedia.org/wiki/Jang Won-young,Article utilisant une Infobox
Jessica Yeaton,https://fr.wikipedia.org/?curid=14524656,https://fr.wikipedia.org/wiki/Jessica Yeaton,Article utilisant une Infobox
Sabrina Setlur,https://fr.wikipedia.org/?curid=1452470,https://fr.wikipedia.org/wiki/Sabrina Setlur,Article utilisant une Infobox
Aimee Watson,https://fr.wikipedia.org/?curid=14526957,https://fr.wikipedia.org/wiki/Aimee Watson,Article utilisant une Infobox
Valentyna Kaminska,https://fr.wikipedia.org/?curid=14525235,https://fr.wikipedia.org/wiki/Valentyna Kaminska,Wikip\u00e9dia:\u00e9bauche ski de fond
Audrey Peppe,https://fr.wikipedia.org/?curid=14506192,https://fr.wikipedia.org/wiki/Audrey Peppe,Article utilisant une Infobox
Anna Shevchenko,https://fr.wikipedia.org/?curid=14517402,https://fr.wikipedia.org/wiki/Anna Shevchenko,Wikip\u00e9dia:\u00e9bauche sportif kazakh
Breanna Hargrave,https://fr.wikipedia.org/?curid=14516913,https://fr.wikipedia.org/wiki/Breanna Hargrave,Wikip\u00e9dia:\u00e9bauche coureur cycliste australien
Rikki Belder,https://fr.wikipedia.org/?curid=14516914,https://fr.wikipedia.org/wiki/Rikki Belder,Wikip\u00e9dia:\u00e9bauche coureur cycliste australien
Tess Downing,https://fr.wikipedia.org/?curid=14516915,https://fr.wikipedia.org/wiki/Tess Downing,Wikip\u00e9dia:\u00e9bauche coureur cycliste australien
Annalisa Farrell,https://fr.wikipedia.org/?curid=14516916,https://fr.wikipedia.org/wiki/Annalisa Farrell,Wikip\u00e9dia:\u00e9bauche coureur cycliste n\u00e9o-z\u00e9landais
Petra Hyn\u010dicov\u00e1,https://fr.wikipedia.org/?curid=14520944,https://fr.wikipedia.org/wiki/Petra Hyn\u010dicov\u00e1,Wikip\u00e9dia:\u00e9bauche sportif tch\u00e8que
Lisa Unterweger,https://fr.wikipedia.org/?curid=14519899,https://fr.wikipedia.org/wiki/Lisa Unterweger,Wikip\u00e9dia:\u00e9bauche sportif autrichien
Dahria Beatty,https://fr.wikipedia.org/?curid=14520174,https://fr.wikipedia.org/wiki/Dahria Beatty,Wikip\u00e9dia:\u00e9bauche sportif canadien
Anastasia Kirillova,https://fr.wikipedia.org/?curid=14520243,https://fr.wikipedia.org/wiki/Anastasia Kirillova,Wikip\u00e9dia:\u00e9bauche ski de fond
Lee Kyung-mi,https://fr.wikipedia.org/?curid=14494892,https://fr.wikipedia.org/wiki/Lee Kyung-mi,Article contenant un appel \u00e0 traduction en anglais
Aliya Luty,https://fr.wikipedia.org/?curid=14499950,https://fr.wikipedia.org/wiki/Aliya Luty,Article utilisant une Infobox
Lynn Nightingale,https://fr.wikipedia.org/?curid=14512839,https://fr.wikipedia.org/wiki/Lynn Nightingale,Article \u00e0 illustrer Patineur artistique
Natasha Dupeyr\u00f3n,https://fr.wikipedia.org/?curid=14514691,https://fr.wikipedia.org/wiki/Natasha Dupeyr\u00f3n,Wikip\u00e9dia:\u00e9bauche acteur mexicain
Chi Chunxue,https://fr.wikipedia.org/?curid=14528951,https://fr.wikipedia.org/wiki/Chi Chunxue,Article utilisant une Infobox
Patr\u012bcija Eiduka,https://fr.wikipedia.org/?curid=14529071,https://fr.wikipedia.org/wiki/Patr\u012bcija Eiduka,Article utilisant une Infobox
Valeriya Tyuleneva,https://fr.wikipedia.org/?curid=14528354,https://fr.wikipedia.org/wiki/Valeriya Tyuleneva,Wikip\u00e9dia:\u00e9bauche sportif kazakh
Vedrana Malec,https://fr.wikipedia.org/?curid=14528489,https://fr.wikipedia.org/wiki/Vedrana Malec,Article utilisant une Infobox
Summer Bishil,https://fr.wikipedia.org/?curid=14506495,https://fr.wikipedia.org/wiki/Summer Bishil,Article contenant un lien mort
Lauren Parker,https://fr.wikipedia.org/?curid=14506857,https://fr.wikipedia.org/wiki/Lauren Parker,Article utilisant une Infobox
Nihed Na\u00efli,https://fr.wikipedia.org/?curid=14507220,https://fr.wikipedia.org/wiki/Nihed Na\u00efli,Article \u00e0 illustrer Footballeur
Claire Cashmore,https://fr.wikipedia.org/?curid=14507378,https://fr.wikipedia.org/wiki/Claire Cashmore,Article utilisant une Infobox
Louisa Djema\u00ef,https://fr.wikipedia.org/?curid=14508397,https://fr.wikipedia.org/wiki/Louisa Djema\u00ef,Article utilisant une Infobox
Yeung Chui Ling,https://fr.wikipedia.org/?curid=14487459,https://fr.wikipedia.org/wiki/Yeung Chui Ling,Article \u00e0 illustrer Escrimeur
Aiysha Hart,https://fr.wikipedia.org/?curid=14490862,https://fr.wikipedia.org/wiki/Aiysha Hart,Wikip\u00e9dia:\u00e9bauche acteur britannique
Sada Williams,https://fr.wikipedia.org/?curid=14490927,https://fr.wikipedia.org/wiki/Sada Williams,Wikip\u00e9dia:\u00e9bauche sportif barbadien
C\u00e9cile Saboureau,https://fr.wikipedia.org/?curid=14500450,https://fr.wikipedia.org/wiki/C\u00e9cile Saboureau,Article utilisant une Infobox
Monika So\u0107ko,https://fr.wikipedia.org/?curid=1448691,https://fr.wikipedia.org/wiki/Monika So\u0107ko,Wikip\u00e9dia:\u00e9bauche \u00e9checs
Margherita Vicario,https://fr.wikipedia.org/?curid=14494049,https://fr.wikipedia.org/wiki/Margherita Vicario,Page utilisant P569
Patricia Pineda,https://fr.wikipedia.org/?curid=14483841,https://fr.wikipedia.org/wiki/Patricia Pineda,Article utilisant une Infobox
Maryline Nakache,https://fr.wikipedia.org/?curid=14496573,https://fr.wikipedia.org/wiki/Maryline Nakache,Article \u00e0 illustrer Athl\u00e8te
Liste des duchesses de Berry,https://fr.wikipedia.org/?curid=1447481,https://fr.wikipedia.org/wiki/Liste des duchesses de Berry,Article manquant de r\u00e9f\u00e9rences depuis juin 2019
Lyn St. James,https://fr.wikipedia.org/?curid=1447504,https://fr.wikipedia.org/wiki/Lyn St. James,Wikip\u00e9dia:\u00e9bauche endurance automobile
Karin Blaser,https://fr.wikipedia.org/?curid=14475104,https://fr.wikipedia.org/wiki/Karin Blaser,Article utilisant une Infobox
Coco Lin,https://fr.wikipedia.org/?curid=14474496,https://fr.wikipedia.org/wiki/Coco Lin,Article \u00e0 illustrer Escrimeur
D\u00e9spina Georgi\u00e1dou,https://fr.wikipedia.org/?curid=14470315,https://fr.wikipedia.org/wiki/D\u00e9spina Georgi\u00e1dou,Wikip\u00e9dia:\u00e9bauche escrimeuse
Maddison Jaizani,https://fr.wikipedia.org/?curid=14472184,https://fr.wikipedia.org/wiki/Maddison Jaizani,Article \u00e0 illustrer Personnalit\u00e9 du cin\u00e9ma
Kate\u0159ina Raz\u00fdmov\u00e1,https://fr.wikipedia.org/?curid=14488024,https://fr.wikipedia.org/wiki/Kate\u0159ina Raz\u00fdmov\u00e1,Article utilisant une Infobox
Hanna Sarkkinen,https://fr.wikipedia.org/?curid=14485827,https://fr.wikipedia.org/wiki/Hanna Sarkkinen,P2181 identique sur Wikidata
Africa Movie Academy Award du meilleur documentaire de la diaspora,https://fr.wikipedia.org/?curid=14489557,https://fr.wikipedia.org/wiki/Africa Movie Academy Award du meilleur documentaire de la diaspora,Article contenant un appel \u00e0 traduction en anglais
Na\u00efma Bouhenni,https://fr.wikipedia.org/?curid=14417570,https://fr.wikipedia.org/wiki/Na\u00efma Bouhenni,Article \u00e0 illustrer Footballeur
Oksana Domnina,https://fr.wikipedia.org/?curid=1441499,https://fr.wikipedia.org/wiki/Oksana Domnina,Wikip\u00e9dia:\u00e9bauche patinage artistique
Melchie Dumornay,https://fr.wikipedia.org/?curid=14406199,https://fr.wikipedia.org/wiki/Melchie Dumornay,Article \u00e0 illustrer Footballeur
Barbora Klementov\u00e1,https://fr.wikipedia.org/?curid=14551233,https://fr.wikipedia.org/wiki/Barbora Klementov\u00e1,Wikip\u00e9dia:\u00e9bauche ski de fond
Giovanna Amati,https://fr.wikipedia.org/?curid=1454583,https://fr.wikipedia.org/wiki/Giovanna Amati,Article utilisant une Infobox
If You Could Read My Mind,https://fr.wikipedia.org/?curid=14546426,https://fr.wikipedia.org/wiki/If You Could Read My Mind,Article utilisant une Infobox
Candice Lebreton,https://fr.wikipedia.org/?curid=14541749,https://fr.wikipedia.org/wiki/Candice Lebreton,Article manquant de r\u00e9f\u00e9rences depuis janvier 2022
Odette Ndoye,https://fr.wikipedia.org/?curid=14542488,https://fr.wikipedia.org/wiki/Odette Ndoye,Article contenant un appel \u00e0 traduction en italien
Rachael Watson,https://fr.wikipedia.org/?curid=14607968,https://fr.wikipedia.org/wiki/Rachael Watson,Article utilisant une Infobox
Paula Botet,https://fr.wikipedia.org/?curid=14611295,https://fr.wikipedia.org/wiki/Paula Botet,Article \u00e0 illustrer Sportif
Moa Olsson,https://fr.wikipedia.org/?curid=14577873,https://fr.wikipedia.org/wiki/Moa Olsson,Wikip\u00e9dia:\u00e9bauche sportif su\u00e9dois
Khalimatus Sadiyah,https://fr.wikipedia.org/?curid=14578052,https://fr.wikipedia.org/wiki/Khalimatus Sadiyah,Wikip\u00e9dia:\u00e9bauche sportif
Teodora Malcheva,https://fr.wikipedia.org/?curid=14617735,https://fr.wikipedia.org/wiki/Teodora Malcheva,Article \u00e0 illustrer Sportif
Ingrida Musteikien\u0117,https://fr.wikipedia.org/?curid=14617989,https://fr.wikipedia.org/wiki/Ingrida Musteikien\u0117,Wikip\u00e9dia:\u00e9bauche ski de fond
Xenia Francesca Palazzo,https://fr.wikipedia.org/?curid=14618317,https://fr.wikipedia.org/wiki/Xenia Francesca Palazzo,Article utilisant une Infobox
Adam Bowden,https://fr.wikipedia.org/?curid=14614805,https://fr.wikipedia.org/wiki/Adam Bowden,Wikip\u00e9dia:\u00e9bauche triathl\u00e8te
Kateryna Serdyuk (ski de fond),https://fr.wikipedia.org/?curid=14617002,https://fr.wikipedia.org/wiki/Kateryna Serdyuk (ski de fond),Article \u00e0 illustrer Sportif
Shalom Brune-Franklin,https://fr.wikipedia.org/?curid=14595537,https://fr.wikipedia.org/wiki/Shalom Brune-Franklin,Page utilisant P569
Kelime \u00c7etinkaya,https://fr.wikipedia.org/?curid=14598349,https://fr.wikipedia.org/wiki/Kelime \u00c7etinkaya,Wikip\u00e9dia:\u00e9bauche sportif turc
Lotte Lie,https://fr.wikipedia.org/?curid=14596403,https://fr.wikipedia.org/wiki/Lotte Lie,Article utilisant une Infobox
Esther Bottomley,https://fr.wikipedia.org/?curid=14596840,https://fr.wikipedia.org/wiki/Esther Bottomley,Wikip\u00e9dia:\u00e9bauche ski de fond
Paula Devicq,https://fr.wikipedia.org/?curid=14594523,https://fr.wikipedia.org/wiki/Paula Devicq,Page utilisant P569
Liu Yutong,https://fr.wikipedia.org/?curid=14566121,https://fr.wikipedia.org/wiki/Liu Yutong,Article \u00e0 illustrer Joueur de badminton
Patricia Dodd,https://fr.wikipedia.org/?curid=14593092,https://fr.wikipedia.org/wiki/Patricia Dodd,Article \u00e0 illustrer Patineur artistique
Manca Slabanja,https://fr.wikipedia.org/?curid=14582673,https://fr.wikipedia.org/wiki/Manca Slabanja,Wikip\u00e9dia:\u00e9bauche ski de fond
Sujirat Pookkham,https://fr.wikipedia.org/?curid=14562369,https://fr.wikipedia.org/wiki/Sujirat Pookkham,Wikip\u00e9dia:\u00e9bauche sportif tha\u00eflandais
Katya Galstyan,https://fr.wikipedia.org/?curid=14582963,https://fr.wikipedia.org/wiki/Katya Galstyan,Article \u00e0 illustrer Sportif
Tanja Kari\u0161ik-Ko\u0161arac,https://fr.wikipedia.org/?curid=14583327,https://fr.wikipedia.org/wiki/Tanja Kari\u0161ik-Ko\u0161arac,Wikip\u00e9dia:\u00e9bauche sportif bosnien
Ayaka Shim\u014dkawa,https://fr.wikipedia.org/?curid=14586133,https://fr.wikipedia.org/wiki/Ayaka Shim\u014dkawa,Article \u00e0 illustrer Escrimeur
Ahn Eun-jin,https://fr.wikipedia.org/?curid=14572132,https://fr.wikipedia.org/wiki/Ahn Eun-jin,Article utilisant une Infobox
Emilia Schneider,https://fr.wikipedia.org/?curid=14580195,https://fr.wikipedia.org/wiki/Emilia Schneider,Page utilisant des donn\u00e9es de Wikidata \u00e0 traduire de l'anglais
Tina Weirather,https://fr.wikipedia.org/?curid=1456287,https://fr.wikipedia.org/wiki/Tina Weirather,Article utilisant une Infobox
Syrine Ebondo,https://fr.wikipedia.org/?curid=1456378,https://fr.wikipedia.org/wiki/Syrine Ebondo,Wikip\u00e9dia:\u00e9bauche athl\u00e8te tunisien
Sarina Satomi,https://fr.wikipedia.org/?curid=14556833,https://fr.wikipedia.org/wiki/Sarina Satomi,Article \u00e0 illustrer Joueur de badminton
Catherine Hickland,https://fr.wikipedia.org/?curid=14579939,https://fr.wikipedia.org/wiki/Catherine Hickland,Page utilisant P569
Veronika Stepanova,https://fr.wikipedia.org/?curid=14578341,https://fr.wikipedia.org/wiki/Veronika Stepanova,Article utilisant une Infobox
Lilou Wadoux,https://fr.wikipedia.org/?curid=14623557,https://fr.wikipedia.org/wiki/Lilou Wadoux,Article utilisant une Infobox
Charlotte McShane,https://fr.wikipedia.org/?curid=14624611,https://fr.wikipedia.org/wiki/Charlotte McShane,Page utilisant P569
Kirsten Sweetland,https://fr.wikipedia.org/?curid=14624622,https://fr.wikipedia.org/wiki/Kirsten Sweetland,Wikip\u00e9dia:\u00e9bauche triathl\u00e8te
T\u00edmea L\u0151rincz,https://fr.wikipedia.org/?curid=14570904,https://fr.wikipedia.org/wiki/T\u00edmea L\u0151rincz,Wikip\u00e9dia:\u00e9bauche ski de fond
Ma Huihui,https://fr.wikipedia.org/?curid=14576156,https://fr.wikipedia.org/wiki/Ma Huihui,Wikip\u00e9dia:\u00e9bauche sportif chinois
Yang Qiuxia,https://fr.wikipedia.org/?curid=14576272,https://fr.wikipedia.org/wiki/Yang Qiuxia,Wikip\u00e9dia:\u00e9bauche sportif chinois
Diamante (chanteuse),https://fr.wikipedia.org/?curid=14570445,https://fr.wikipedia.org/wiki/Diamante (chanteuse),Page utilisant P569
Cheng Hefang,https://fr.wikipedia.org/?curid=14570522,https://fr.wikipedia.org/wiki/Cheng Hefang,Wikip\u00e9dia:\u00e9bauche sportif chinois
Florian Angert,https://fr.wikipedia.org/?curid=14574753,https://fr.wikipedia.org/wiki/Florian Angert,Wikip\u00e9dia:\u00e9bauche triathl\u00e8te
Karen Chanloung,https://fr.wikipedia.org/?curid=14575425,https://fr.wikipedia.org/wiki/Karen Chanloung,Wikip\u00e9dia:\u00e9bauche ski de fond
Yvonne Sugden,https://fr.wikipedia.org/?curid=14571659,https://fr.wikipedia.org/wiki/Yvonne Sugden,Article \u00e0 illustrer Patineur artistique
Zsuzsa Alm\u00e1ssy,https://fr.wikipedia.org/?curid=14571989,https://fr.wikipedia.org/wiki/Zsuzsa Alm\u00e1ssy,Article utilisant une Infobox
Isabel de Navarre,https://fr.wikipedia.org/?curid=14573485,https://fr.wikipedia.org/wiki/Isabel de Navarre,Article \u00e0 illustrer Patineur artistique
Yuma Yamazaki,https://fr.wikipedia.org/?curid=14570015,https://fr.wikipedia.org/wiki/Yuma Yamazaki,Wikip\u00e9dia:\u00e9bauche sportif japonais
Rosie Frankowski,https://fr.wikipedia.org/?curid=14574473,https://fr.wikipedia.org/wiki/Rosie Frankowski,Wikip\u00e9dia:\u00e9bauche ski de fond
Annie Blanchard,https://fr.wikipedia.org/?curid=14392888,https://fr.wikipedia.org/wiki/Annie Blanchard,Wikip\u00e9dia:\u00e9bauche chanteur canadien
Paulina Chru\u015bciel,https://fr.wikipedia.org/?curid=14394184,https://fr.wikipedia.org/wiki/Paulina Chru\u015bciel,R\u00e9daction \u00e0 am\u00e9liorer
Ghizlane Assou,https://fr.wikipedia.org/?curid=14391343,https://fr.wikipedia.org/wiki/Ghizlane Assou,Wikip\u00e9dia:\u00e9bauche triathl\u00e8te
Seifeddine Selmi,https://fr.wikipedia.org/?curid=14391418,https://fr.wikipedia.org/wiki/Seifeddine Selmi,Wikip\u00e9dia:\u00e9bauche triathl\u00e8te
Mia Griffin,https://fr.wikipedia.org/?curid=14392042,https://fr.wikipedia.org/wiki/Mia Griffin,Page utilisant P569
Lena Charlotte Rei\u00dfner,https://fr.wikipedia.org/?curid=14392052,https://fr.wikipedia.org/wiki/Lena Charlotte Rei\u00dfner,Page utilisant P569
Natasia Demetriou,https://fr.wikipedia.org/?curid=14394528,https://fr.wikipedia.org/wiki/Natasia Demetriou,Article \u00e0 wikifier depuis octobre 2021
Gabriele Cunningham,https://fr.wikipedia.org/?curid=14274053,https://fr.wikipedia.org/wiki/Gabriele Cunningham,Wikip\u00e9dia:\u00e9bauche athl\u00e9tisme
Darian Faisury Jim\u00e9nez,https://fr.wikipedia.org/?curid=14403428,https://fr.wikipedia.org/wiki/Darian Faisury Jim\u00e9nez,Article \u00e0 illustrer Sportif
Love for Sale (album de Tony Bennett et Lady Gaga),https://fr.wikipedia.org/?curid=14386664,https://fr.wikipedia.org/wiki/Love for Sale (album de Tony Bennett et Lady Gaga),Article utilisant une Infobox
Janet Austin,https://fr.wikipedia.org/?curid=14397683,https://fr.wikipedia.org/wiki/Janet Austin,Article utilisant une Infobox
Gao Fang,https://fr.wikipedia.org/?curid=14395958,https://fr.wikipedia.org/wiki/Gao Fang,Article \u00e0 illustrer Athl\u00e8te
Jiang Fenfen,https://fr.wikipedia.org/?curid=14396092,https://fr.wikipedia.org/wiki/Jiang Fenfen,Wikip\u00e9dia:\u00e9bauche sportif chinois
Jane Thondojee,https://fr.wikipedia.org/?curid=14370620,https://fr.wikipedia.org/wiki/Jane Thondojee,Article \u00e0 illustrer Athl\u00e8te
Juliette Gelin,https://fr.wikipedia.org/?curid=14384774,https://fr.wikipedia.org/wiki/Juliette Gelin,Article \u00e0 illustrer Joueur de volley-ball
Halimatou Bah,https://fr.wikipedia.org/?curid=14383068,https://fr.wikipedia.org/wiki/Halimatou Bah,Article \u00e0 illustrer Joueur de volley-ball
Alena Ivanchenko,https://fr.wikipedia.org/?curid=14383634,https://fr.wikipedia.org/wiki/Alena Ivanchenko,Page utilisant P1813
Liste des distinctions de Kate Winslet,https://fr.wikipedia.org/?curid=14385481,https://fr.wikipedia.org/wiki/Liste des distinctions de Kate Winslet,Article utilisant une Infobox
Marlene Smith,https://fr.wikipedia.org/?curid=14386171,https://fr.wikipedia.org/wiki/Marlene Smith,Article \u00e0 illustrer Patineur artistique
Elisabeth Kiernan Averick,https://fr.wikipedia.org/?curid=14376757,https://fr.wikipedia.org/wiki/Elisabeth Kiernan Averick,Article \u00e0 illustrer Personnalit\u00e9 du cin\u00e9ma
Cha\u00efbia Bilali,https://fr.wikipedia.org/?curid=14371087,https://fr.wikipedia.org/wiki/Cha\u00efbia Bilali,Article \u00e0 illustrer Athl\u00e8te
Julia Pott,https://fr.wikipedia.org/?curid=14377528,https://fr.wikipedia.org/wiki/Julia Pott,Article \u00e0 illustrer Personnalit\u00e9 du cin\u00e9ma
Patricia Neske,https://fr.wikipedia.org/?curid=14379920,https://fr.wikipedia.org/wiki/Patricia Neske,Wikip\u00e9dia:\u00e9bauche patinage artistique
London Hughes,https://fr.wikipedia.org/?curid=14380163,https://fr.wikipedia.org/wiki/London Hughes,Article \u00e0 illustrer Humoriste
Gillian Bailey,https://fr.wikipedia.org/?curid=14378828,https://fr.wikipedia.org/wiki/Gillian Bailey,Page utilisant P106
Wendy Griner,https://fr.wikipedia.org/?curid=14365065,https://fr.wikipedia.org/wiki/Wendy Griner,Article \u00e0 illustrer Patineur artistique
JoJo Starbuck,https://fr.wikipedia.org/?curid=14389358,https://fr.wikipedia.org/wiki/JoJo Starbuck,Wikip\u00e9dia:\u00e9bauche patinage artistique
Aminata Sylla-Le Bouard,https://fr.wikipedia.org/?curid=14374440,https://fr.wikipedia.org/wiki/Aminata Sylla-Le Bouard,Article \u00e0 illustrer Athl\u00e8te
Christy Akinremi,https://fr.wikipedia.org/?curid=14364793,https://fr.wikipedia.org/wiki/Christy Akinremi,Wikip\u00e9dia:\u00e9bauche athl\u00e8te nig\u00e9rian
Sandra Govinden,https://fr.wikipedia.org/?curid=14364876,https://fr.wikipedia.org/wiki/Sandra Govinden,Wikip\u00e9dia:\u00e9bauche athl\u00e8te mauricien
Gilliane Quirin,https://fr.wikipedia.org/?curid=14364883,https://fr.wikipedia.org/wiki/Gilliane Quirin,Wikip\u00e9dia:\u00e9bauche athl\u00e8te mauricien
Holly Robinson (athl\u00e9tisme),https://fr.wikipedia.org/?curid=14363820,https://fr.wikipedia.org/wiki/Holly Robinson (athl\u00e9tisme),Article \u00e0 illustrer Athl\u00e8te
Karolina Kucharczyk,https://fr.wikipedia.org/?curid=14363869,https://fr.wikipedia.org/wiki/Karolina Kucharczyk,Article utilisant une Infobox
Ta\u00efna Toussaint,https://fr.wikipedia.org/?curid=14375008,https://fr.wikipedia.org/wiki/Ta\u00efna Toussaint,Wikip\u00e9dia:\u00e9bauche chanteur
Pfeiffer Georgi,https://fr.wikipedia.org/?curid=14375044,https://fr.wikipedia.org/wiki/Pfeiffer Georgi,Page utilisant P569
Meng'er Zhang,https://fr.wikipedia.org/?curid=14366052,https://fr.wikipedia.org/wiki/Meng'er Zhang,Article \u00e0 illustrer Personnalit\u00e9 du cin\u00e9ma
Wen Xiaoyan,https://fr.wikipedia.org/?curid=14361010,https://fr.wikipedia.org/wiki/Wen Xiaoyan,Article \u00e0 illustrer Athl\u00e8te
Ndeye Aminata Niang,https://fr.wikipedia.org/?curid=14371428,https://fr.wikipedia.org/wiki/Ndeye Aminata Niang,Article \u00e0 illustrer Athl\u00e8te
S\u00e9raphine Diambra,https://fr.wikipedia.org/?curid=14371471,https://fr.wikipedia.org/wiki/S\u00e9raphine Diambra,Article \u00e0 illustrer Athl\u00e8te
Soungb\u00e8 Sakanoko,https://fr.wikipedia.org/?curid=14371480,https://fr.wikipedia.org/wiki/Soungb\u00e8 Sakanoko,Article \u00e0 illustrer Athl\u00e8te
Amel Baraket,https://fr.wikipedia.org/?curid=14371494,https://fr.wikipedia.org/wiki/Amel Baraket,Article \u00e0 illustrer Athl\u00e8te
Khadidja Touati,https://fr.wikipedia.org/?curid=14371534,https://fr.wikipedia.org/wiki/Khadidja Touati,Article \u00e0 illustrer Athl\u00e8te
Victoria Summer,https://fr.wikipedia.org/?curid=14366455,https://fr.wikipedia.org/wiki/Victoria Summer,Page utilisant P569
Suzanne Davis,https://fr.wikipedia.org/?curid=14311775,https://fr.wikipedia.org/wiki/Suzanne Davis,Article utilisant une Infobox
Alexis Levron,https://fr.wikipedia.org/?curid=14311819,https://fr.wikipedia.org/wiki/Alexis Levron,Article utilisant une Infobox
Anna Cathcart,https://fr.wikipedia.org/?curid=14314350,https://fr.wikipedia.org/wiki/Anna Cathcart,Article \u00e0 illustrer Personnalit\u00e9 du cin\u00e9ma
Imaobong Nse Uko,https://fr.wikipedia.org/?curid=14318151,https://fr.wikipedia.org/wiki/Imaobong Nse Uko,Wikip\u00e9dia:\u00e9bauche athl\u00e8te nig\u00e9rian
Daria Rogozina,https://fr.wikipedia.org/?curid=14309838,https://fr.wikipedia.org/wiki/Daria Rogozina,Wikip\u00e9dia:\u00e9bauche triathl\u00e8te
Liste des m\u00e9daill\u00e9s olympiques en tennis,https://fr.wikipedia.org/?curid=14310633,https://fr.wikipedia.org/wiki/Liste des m\u00e9daill\u00e9s olympiques en tennis,Portail:Jeux olympiques/Articles li\u00e9s
Becky Hill,https://fr.wikipedia.org/?curid=14307419,https://fr.wikipedia.org/wiki/Becky Hill,Article utilisant une Infobox
M\u0103d\u0103lina Florea,https://fr.wikipedia.org/?curid=14171201,https://fr.wikipedia.org/wiki/M\u0103d\u0103lina Florea,Article utilisant une Infobox
Zulay Henao,https://fr.wikipedia.org/?curid=14161593,https://fr.wikipedia.org/wiki/Zulay Henao,Page utilisant P241
Xu Yuhua,https://fr.wikipedia.org/?curid=1417050,https://fr.wikipedia.org/wiki/Xu Yuhua,Wikip\u00e9dia:\u00e9bauche \u00e9checs
Fabienne Kocher,https://fr.wikipedia.org/?curid=14182391,https://fr.wikipedia.org/wiki/Fabienne Kocher,Article \u00e0 illustrer Judoka
Germaine Golding,https://fr.wikipedia.org/?curid=1418797,https://fr.wikipedia.org/wiki/Germaine Golding,Article utilisant une Infobox
Jeanine Lieffrig,https://fr.wikipedia.org/?curid=1418663,https://fr.wikipedia.org/wiki/Jeanine Lieffrig,Article utilisant une Infobox
Julia Wipplinger,https://fr.wikipedia.org/?curid=1418683,https://fr.wikipedia.org/wiki/Julia Wipplinger,Article \u00e0 illustrer Joueur de tennis
Gulume Tollesa,https://fr.wikipedia.org/?curid=14184481,https://fr.wikipedia.org/wiki/Gulume Tollesa,Page utilisant P569
Abebu Gelan,https://fr.wikipedia.org/?curid=14150610,https://fr.wikipedia.org/wiki/Abebu Gelan,Page utilisant P569
Meroua Mammeri,https://fr.wikipedia.org/?curid=14150693,https://fr.wikipedia.org/wiki/Meroua Mammeri,Wikip\u00e9dia:\u00e9bauche sportif alg\u00e9rien
Akshara Haasan,https://fr.wikipedia.org/?curid=14151262,https://fr.wikipedia.org/wiki/Akshara Haasan,Page utilisant P569
Mariem Khelifi,https://fr.wikipedia.org/?curid=14149904,https://fr.wikipedia.org/wiki/Mariem Khelifi,Wikip\u00e9dia:\u00e9bauche sportif tunisien
Jeanne-Marie Pipoz,https://fr.wikipedia.org/?curid=14117505,https://fr.wikipedia.org/wiki/Jeanne-Marie Pipoz,Article \u00e0 illustrer Athl\u00e8te
Renuka Shahane,https://fr.wikipedia.org/?curid=14117755,https://fr.wikipedia.org/wiki/Renuka Shahane,Page utilisant P569
Prix du cin\u00e9ma suisse de la meilleure actrice,https://fr.wikipedia.org/?curid=14108645,https://fr.wikipedia.org/wiki/Prix du cin\u00e9ma suisse de la meilleure actrice,Article contenant un appel \u00e0 traduction en allemand
Nuk\u00e2ka Coster-Waldau,https://fr.wikipedia.org/?curid=14113435,https://fr.wikipedia.org/wiki/Nuk\u00e2ka Coster-Waldau,Page utilisant P569
Jasmin Belguendouz,https://fr.wikipedia.org/?curid=14119647,https://fr.wikipedia.org/wiki/Jasmin Belguendouz,Article \u00e0 illustrer Joueur de volley-ball
Nadia de Santiago,https://fr.wikipedia.org/?curid=14125338,https://fr.wikipedia.org/wiki/Nadia de Santiago,Wikip\u00e9dia:\u00e9bauche acteur espagnol
Shahana Goswami,https://fr.wikipedia.org/?curid=14129024,https://fr.wikipedia.org/wiki/Shahana Goswami,Wikip\u00e9dia:\u00e9bauche acteur indien
Lalita Pawar,https://fr.wikipedia.org/?curid=14131499,https://fr.wikipedia.org/wiki/Lalita Pawar,Page utilisant P569
Ximena Romo,https://fr.wikipedia.org/?curid=14130734,https://fr.wikipedia.org/wiki/Ximena Romo,Article utilisant une Infobox
Rituparna Sengupta,https://fr.wikipedia.org/?curid=14130887,https://fr.wikipedia.org/wiki/Rituparna Sengupta,Page utilisant P569
Kristie Mewis,https://fr.wikipedia.org/?curid=14133365,https://fr.wikipedia.org/wiki/Kristie Mewis,Article contenant un appel \u00e0 traduction en anglais
Mariya Nishiuchi,https://fr.wikipedia.org/?curid=14302160,https://fr.wikipedia.org/wiki/Mariya Nishiuchi,Page utilisant P569
Yin Xiaoyan,https://fr.wikipedia.org/?curid=14301852,https://fr.wikipedia.org/wiki/Yin Xiaoyan,Article \u00e0 illustrer Sportif
Liste des m\u00e9daill\u00e9s olympiques en karat\u00e9,https://fr.wikipedia.org/?curid=14301969,https://fr.wikipedia.org/wiki/Liste des m\u00e9daill\u00e9s olympiques en karat\u00e9,Portail:Karat\u00e9/Articles li\u00e9s
Julia Kern,https://fr.wikipedia.org/?curid=14107323,https://fr.wikipedia.org/wiki/Julia Kern,Article utilisant une Infobox
Nadira (actrice),https://fr.wikipedia.org/?curid=14142250,https://fr.wikipedia.org/wiki/Nadira (actrice),Page utilisant P569
Nguy\u1ec5n Tr\u1ea7n Di\u1ec7u Th\u00fay,https://fr.wikipedia.org/?curid=14140141,https://fr.wikipedia.org/wiki/Nguy\u1ec5n Tr\u1ea7n Di\u1ec7u Th\u00fay,Article \u00e0 wikifier depuis mai 2021
Pankhuri Awasthy,https://fr.wikipedia.org/?curid=14143091,https://fr.wikipedia.org/wiki/Pankhuri Awasthy,Page utilisant P569
Jeon Mi-do,https://fr.wikipedia.org/?curid=14271563,https://fr.wikipedia.org/wiki/Jeon Mi-do,Page utilisant P569
Taylor Manson,https://fr.wikipedia.org/?curid=14271813,https://fr.wikipedia.org/wiki/Taylor Manson,Wikip\u00e9dia:\u00e9bauche athl\u00e9tisme
Anna-Maria Wagner,https://fr.wikipedia.org/?curid=14269680,https://fr.wikipedia.org/wiki/Anna-Maria Wagner,Article utilisant une Infobox
Marta P\u00e9rez,https://fr.wikipedia.org/?curid=14279128,https://fr.wikipedia.org/wiki/Marta P\u00e9rez,Wikip\u00e9dia:\u00e9bauche athl\u00e8te espagnol
Liste de peintures de Rosa Bonheur,https://fr.wikipedia.org/?curid=14279178,https://fr.wikipedia.org/wiki/Liste de peintures de Rosa Bonheur,Portail:Peinture/Articles li\u00e9s
Katherine Hubbell,https://fr.wikipedia.org/?curid=14279231,https://fr.wikipedia.org/wiki/Katherine Hubbell,Article contenant un appel \u00e0 traduction en anglais
Blanca Serrano,https://fr.wikipedia.org/?curid=14277278,https://fr.wikipedia.org/wiki/Blanca Serrano,Article \u00e0 illustrer Athl\u00e8te
Ella Junnila,https://fr.wikipedia.org/?curid=14279861,https://fr.wikipedia.org/wiki/Ella Junnila,Page utilisant P569
Pratibha Kumar,https://fr.wikipedia.org/?curid=14256124,https://fr.wikipedia.org/wiki/Pratibha Kumar,Portail:Astronomie/Articles li\u00e9s
Raegan Revord,https://fr.wikipedia.org/?curid=14264037,https://fr.wikipedia.org/wiki/Raegan Revord,Wikip\u00e9dia:\u00e9bauche acteur am\u00e9ricain
Shelby Flint,https://fr.wikipedia.org/?curid=14266969,https://fr.wikipedia.org/wiki/Shelby Flint,Article \u00e0 wikifier depuis juillet 2021
Cristiana Frumuz,https://fr.wikipedia.org/?curid=14159403,https://fr.wikipedia.org/wiki/Cristiana Frumuz,Article \u00e0 illustrer Athl\u00e8te
Mehdi Essadiq,https://fr.wikipedia.org/?curid=14259747,https://fr.wikipedia.org/wiki/Mehdi Essadiq,Page utilisant P569
Ainhoa Sanz,https://fr.wikipedia.org/?curid=14259048,https://fr.wikipedia.org/wiki/Ainhoa Sanz,Article utilisant une Infobox
Lory Del Santo,https://fr.wikipedia.org/?curid=14114325,https://fr.wikipedia.org/wiki/Lory Del Santo,Page utilisant P569
Elina R\u00f6nnlund,https://fr.wikipedia.org/?curid=14110484,https://fr.wikipedia.org/wiki/Elina R\u00f6nnlund,Article \u00e0 illustrer Sportif
Madhavi (actrice),https://fr.wikipedia.org/?curid=14109606,https://fr.wikipedia.org/wiki/Madhavi (actrice),Page utilisant P569
Esm\u00e9 Bianco,https://fr.wikipedia.org/?curid=14107783,https://fr.wikipedia.org/wiki/Esm\u00e9 Bianco,Page utilisant P569
Parul Yadav,https://fr.wikipedia.org/?curid=14111828,https://fr.wikipedia.org/wiki/Parul Yadav,Page utilisant P569
Dominique Monami,https://fr.wikipedia.org/?curid=146471,https://fr.wikipedia.org/wiki/Dominique Monami,Article utilisant une Infobox
Antonia Orellana,https://fr.wikipedia.org/?curid=14671234,https://fr.wikipedia.org/wiki/Antonia Orellana,Article utilisant une Infobox
Amy Baserga,https://fr.wikipedia.org/?curid=14672226,https://fr.wikipedia.org/wiki/Amy Baserga,Article utilisant une Infobox
Sarah Murphy (biathlon),https://fr.wikipedia.org/?curid=14661896,https://fr.wikipedia.org/wiki/Sarah Murphy (biathlon),Article \u00e0 illustrer Sportif
Sandhya Mukherjee,https://fr.wikipedia.org/?curid=14659511,https://fr.wikipedia.org/wiki/Sandhya Mukherjee,Page utilisant P569
Jean Scott,https://fr.wikipedia.org/?curid=14658800,https://fr.wikipedia.org/wiki/Jean Scott,Article \u00e0 illustrer Patineur artistique
Karen Wood,https://fr.wikipedia.org/?curid=14658829,https://fr.wikipedia.org/wiki/Karen Wood,Article \u00e0 illustrer Patineur artistique
Jane Vaughn,https://fr.wikipedia.org/?curid=14659003,https://fr.wikipedia.org/wiki/Jane Vaughn,Article \u00e0 illustrer Patineur artistique
Dani\u00e8le Kaber,https://fr.wikipedia.org/?curid=14661665,https://fr.wikipedia.org/wiki/Dani\u00e8le Kaber,Article \u00e0 illustrer Athl\u00e8te
Gina Stiebitz,https://fr.wikipedia.org/?curid=14660763,https://fr.wikipedia.org/wiki/Gina Stiebitz,Page utilisant P569
Minist\u00e8re de la Femme et des Populations vuln\u00e9rables,https://fr.wikipedia.org/?curid=14681331,https://fr.wikipedia.org/wiki/Minist\u00e8re de la Femme et des Populations vuln\u00e9rables,Wikip\u00e9dia:\u00e9bauche P\u00e9rou
Irma Makhinia,https://fr.wikipedia.org/?curid=14679413,https://fr.wikipedia.org/wiki/Irma Makhinia,Article \u00e0 illustrer Sportif
Sofie Krehl,https://fr.wikipedia.org/?curid=14679594,https://fr.wikipedia.org/wiki/Sofie Krehl,Article utilisant une Infobox
Alexandra Camen\u015fcic,https://fr.wikipedia.org/?curid=14650597,https://fr.wikipedia.org/wiki/Alexandra Camen\u015fcic,Wikip\u00e9dia:\u00e9bauche biathlon
Riku Miura,https://fr.wikipedia.org/?curid=14677790,https://fr.wikipedia.org/wiki/Riku Miura,Wikip\u00e9dia:\u00e9bauche sportif japonais
Anastasia Mishina,https://fr.wikipedia.org/?curid=14677974,https://fr.wikipedia.org/wiki/Anastasia Mishina,Wikip\u00e9dia:\u00e9bauche patinage artistique
Robert Karas,https://fr.wikipedia.org/?curid=14633885,https://fr.wikipedia.org/wiki/Robert Karas,Wikip\u00e9dia:\u00e9bauche triathl\u00e8te
Farzaneh Rezasoltani,https://fr.wikipedia.org/?curid=14663861,https://fr.wikipedia.org/wiki/Farzaneh Rezasoltani,Wikip\u00e9dia:\u00e9bauche sportif iranien
Karena Richardson,https://fr.wikipedia.org/?curid=14665262,https://fr.wikipedia.org/wiki/Karena Richardson,Article \u00e0 illustrer Patineur artistique
Deborah Cottrill,https://fr.wikipedia.org/?curid=14665500,https://fr.wikipedia.org/wiki/Deborah Cottrill,Article \u00e0 illustrer Patineur artistique
Florence Jaugey,https://fr.wikipedia.org/?curid=14640551,https://fr.wikipedia.org/wiki/Florence Jaugey,Article utilisant une Infobox
Margot Boch,https://fr.wikipedia.org/?curid=14647969,https://fr.wikipedia.org/wiki/Margot Boch,Wikip\u00e9dia:\u00e9bauche bobsleigh
Miss Cameroun 2022,https://fr.wikipedia.org/?curid=14634399,https://fr.wikipedia.org/wiki/Miss Cameroun 2022,Article \u00e0 illustrer Miss
Kirstin Bull,https://fr.wikipedia.org/?curid=14634498,https://fr.wikipedia.org/wiki/Kirstin Bull,Article \u00e0 illustrer Athl\u00e8te
Florencia Borelli,https://fr.wikipedia.org/?curid=14653443,https://fr.wikipedia.org/wiki/Florencia Borelli,Wikip\u00e9dia:\u00e9bauche athl\u00e8te argentin
Miwa Fukuhara,https://fr.wikipedia.org/?curid=14657020,https://fr.wikipedia.org/wiki/Miwa Fukuhara,Article utilisant une Infobox
Kazumi Yamashita,https://fr.wikipedia.org/?curid=14656923,https://fr.wikipedia.org/wiki/Kazumi Yamashita,Article \u00e0 illustrer Patineur artistique
Denitsa Ikonomova,https://fr.wikipedia.org/?curid=14655041,https://fr.wikipedia.org/wiki/Denitsa Ikonomova,Page utilisant P569
Merel Maes,https://fr.wikipedia.org/?curid=14652214,https://fr.wikipedia.org/wiki/Merel Maes,Wikip\u00e9dia:\u00e9bauche athl\u00e9tisme
Ivana Iozzia,https://fr.wikipedia.org/?curid=13890969,https://fr.wikipedia.org/wiki/Ivana Iozzia,Article utilisant une Infobox
Katie Willis,https://fr.wikipedia.org/?curid=13943107,https://fr.wikipedia.org/wiki/Katie Willis,Article \u00e0 illustrer Sportif
Rosa Madureira,https://fr.wikipedia.org/?curid=13939191,https://fr.wikipedia.org/wiki/Rosa Madureira,Article \u00e0 illustrer Athl\u00e8te
Julia Pleshkova,https://fr.wikipedia.org/?curid=13940287,https://fr.wikipedia.org/wiki/Julia Pleshkova,Wikip\u00e9dia:\u00e9bauche sportif russe
Anastasiia Porshneva,https://fr.wikipedia.org/?curid=13939438,https://fr.wikipedia.org/wiki/Anastasiia Porshneva,Wikip\u00e9dia:\u00e9bauche sportif russe
Silvia Serafini,https://fr.wikipedia.org/?curid=13945697,https://fr.wikipedia.org/wiki/Silvia Serafini,Article \u00e0 illustrer Athl\u00e8te
Kotra Komar,https://fr.wikipedia.org/?curid=13932170,https://fr.wikipedia.org/wiki/Kotra Komar,Wikip\u00e9dia:\u00e9bauche saut \u00e0 ski
Manal (chanteuse),https://fr.wikipedia.org/?curid=13820973,https://fr.wikipedia.org/wiki/Manal (chanteuse),Page utilisant P569
Elena Kruchinkina,https://fr.wikipedia.org/?curid=13821203,https://fr.wikipedia.org/wiki/Elena Kruchinkina,Article utilisant une Infobox
Troupe de la Com\u00e9die-Fran\u00e7aise en 1772,https://fr.wikipedia.org/?curid=13821212,https://fr.wikipedia.org/wiki/Troupe de la Com\u00e9die-Fran\u00e7aise en 1772,Portail:Th\u00e9\u00e2tre/Articles li\u00e9s
Ntala Skinner,https://fr.wikipedia.org/?curid=13821442,https://fr.wikipedia.org/wiki/Ntala Skinner,Wikip\u00e9dia:\u00e9bauche sportif am\u00e9ricain
Faye Urban,https://fr.wikipedia.org/?curid=1382151,https://fr.wikipedia.org/wiki/Faye Urban,Article \u00e0 illustrer Joueur de tennis
Julia (chanteuse),https://fr.wikipedia.org/?curid=13822298,https://fr.wikipedia.org/wiki/Julia (chanteuse),Article utilisant une Infobox
Irina Kruchinkina,https://fr.wikipedia.org/?curid=13822301,https://fr.wikipedia.org/wiki/Irina Kruchinkina,Article utilisant une Infobox
Beth Coats,https://fr.wikipedia.org/?curid=13822370,https://fr.wikipedia.org/wiki/Beth Coats,Wikip\u00e9dia:\u00e9bauche sportif am\u00e9ricain
Gwen Ffrangcon-Davies,https://fr.wikipedia.org/?curid=13822496,https://fr.wikipedia.org/wiki/Gwen Ffrangcon-Davies,Page utilisant P569
Marie-Claire Caron-Harant,https://fr.wikipedia.org/?curid=13822505,https://fr.wikipedia.org/wiki/Marie-Claire Caron-Harant,Wikip\u00e9dia:\u00e9bauche footballeuse fran\u00e7aise
Chantal Serre,https://fr.wikipedia.org/?curid=13822558,https://fr.wikipedia.org/wiki/Chantal Serre,Wikip\u00e9dia:\u00e9bauche footballeuse fran\u00e7aise
Philippa Lowthorpe,https://fr.wikipedia.org/?curid=13822684,https://fr.wikipedia.org/wiki/Philippa Lowthorpe,Article contenant un lien mort
Martina Stede,https://fr.wikipedia.org/?curid=13822195,https://fr.wikipedia.org/wiki/Martina Stede,Wikip\u00e9dia:\u00e9bauche biathlon
Susan Butt,https://fr.wikipedia.org/?curid=1382220,https://fr.wikipedia.org/wiki/Susan Butt,Article \u00e0 illustrer Joueur de tennis
Marie-Pierre Baby,https://fr.wikipedia.org/?curid=13822248,https://fr.wikipedia.org/wiki/Marie-Pierre Baby,Wikip\u00e9dia:\u00e9bauche biathlon
Lucy Colquhoun,https://fr.wikipedia.org/?curid=13832569,https://fr.wikipedia.org/wiki/Lucy Colquhoun,Article \u00e0 illustrer Athl\u00e8te
Najat Vallaud-Belkacem,https://fr.wikipedia.org/?curid=1383292,https://fr.wikipedia.org/wiki/Najat Vallaud-Belkacem,Article contenant un lien mort
Sara Hess,https://fr.wikipedia.org/?curid=10234712,https://fr.wikipedia.org/wiki/Sara Hess,Article utilisant une Infobox
Sylvia Hanika,https://fr.wikipedia.org/?curid=1021566,https://fr.wikipedia.org/wiki/Sylvia Hanika,Article \u00e0 illustrer Joueur de tennis
Kerry Reid,https://fr.wikipedia.org/?curid=1021697,https://fr.wikipedia.org/wiki/Kerry Reid,Article utilisant une Infobox
Water (film),https://fr.wikipedia.org/?curid=1021284,https://fr.wikipedia.org/wiki/Water (film),Article utilisant une Infobox
Candy Candy,https://fr.wikipedia.org/?curid=102129,https://fr.wikipedia.org/wiki/Candy Candy,Article manquant de r\u00e9f\u00e9rences depuis mars 2013
Lisa Mayer,https://fr.wikipedia.org/?curid=10232385,https://fr.wikipedia.org/wiki/Lisa Mayer,Wikip\u00e9dia:\u00e9bauche athl\u00e8te allemand
Rowena King,https://fr.wikipedia.org/?curid=10233420,https://fr.wikipedia.org/wiki/Rowena King,Article \u00e0 illustrer Personnalit\u00e9 du cin\u00e9ma
Svetlana Leseva,https://fr.wikipedia.org/?curid=10239579,https://fr.wikipedia.org/wiki/Svetlana Leseva,Wikip\u00e9dia:\u00e9bauche athl\u00e8te bulgare
Jane Clark,https://fr.wikipedia.org/?curid=10194594,https://fr.wikipedia.org/wiki/Jane Clark,Wikip\u00e9dia:\u00e9bauche acteur am\u00e9ricain
Shirley Williams,https://fr.wikipedia.org/?curid=10194703,https://fr.wikipedia.org/wiki/Shirley Williams,Page utilisant des donn\u00e9es de Wikidata \u00e0 traduire de l'anglais
Gulnaz Gubaydullina,https://fr.wikipedia.org/?curid=10217113,https://fr.wikipedia.org/wiki/Gulnaz Gubaydullina,Wikip\u00e9dia:\u00e9bauche personnalit\u00e9 russe
Kerry-Anne Guse,https://fr.wikipedia.org/?curid=1021714,https://fr.wikipedia.org/wiki/Kerry-Anne Guse,Article \u00e0 illustrer Joueur de tennis
Leah Nugent,https://fr.wikipedia.org/?curid=10217811,https://fr.wikipedia.org/wiki/Leah Nugent,Wikip\u00e9dia:\u00e9bauche athl\u00e8te jama\u00efcain
Annick Clouvel,https://fr.wikipedia.org/?curid=10222248,https://fr.wikipedia.org/wiki/Annick Clouvel,Article \u00e0 illustrer Athl\u00e8te
Anna Myzdrikova,https://fr.wikipedia.org/?curid=10222403,https://fr.wikipedia.org/wiki/Anna Myzdrikova,Wikip\u00e9dia:\u00e9bauche Russie
Taylor Ellis-Watson,https://fr.wikipedia.org/?curid=10223641,https://fr.wikipedia.org/wiki/Taylor Ellis-Watson,Wikip\u00e9dia:\u00e9bauche athl\u00e8te am\u00e9ricain
Raven Saunders,https://fr.wikipedia.org/?curid=10223959,https://fr.wikipedia.org/wiki/Raven Saunders,Wikip\u00e9dia:\u00e9bauche athl\u00e8te am\u00e9ricain
Morolake Akinosun,https://fr.wikipedia.org/?curid=10220759,https://fr.wikipedia.org/wiki/Morolake Akinosun,Article utilisant une Infobox
Senna Deriks,https://fr.wikipedia.org/?curid=10224959,https://fr.wikipedia.org/wiki/Senna Deriks,Article manquant de r\u00e9f\u00e9rences depuis ao\u00fbt 2016
\u00c9rika Olivera,https://fr.wikipedia.org/?curid=10195854,https://fr.wikipedia.org/wiki/\u00c9rika Olivera,Wikip\u00e9dia:\u00e9bauche athl\u00e8te chilien
Kate French (pentathlon moderne),https://fr.wikipedia.org/?curid=10211042,https://fr.wikipedia.org/wiki/Kate French (pentathlon moderne),Article \u00e0 illustrer Sportif
Donna Vakalis,https://fr.wikipedia.org/?curid=10211080,https://fr.wikipedia.org/wiki/Donna Vakalis,Article \u00e0 illustrer Sportif
Alice Sotero,https://fr.wikipedia.org/?curid=10211106,https://fr.wikipedia.org/wiki/Alice Sotero,Article utilisant une Infobox
Kim Sun-woo (pentathlon moderne),https://fr.wikipedia.org/?curid=10211120,https://fr.wikipedia.org/wiki/Kim Sun-woo (pentathlon moderne),Wikip\u00e9dia:\u00e9bauche pentathlon moderne
Alyxandria Treasure,https://fr.wikipedia.org/?curid=10211358,https://fr.wikipedia.org/wiki/Alyxandria Treasure,Wikip\u00e9dia:\u00e9bauche athl\u00e8te canadien
Aurore Verhoeven,https://fr.wikipedia.org/?curid=10209079,https://fr.wikipedia.org/wiki/Aurore Verhoeven,Page utilisant P569
Sally Conway,https://fr.wikipedia.org/?curid=10196981,https://fr.wikipedia.org/wiki/Sally Conway,Article \u00e0 illustrer Judoka
Britt Hagen,https://fr.wikipedia.org/?curid=10205347,https://fr.wikipedia.org/wiki/Britt Hagen,Article utilisant une Infobox
Frances Dafoe,https://fr.wikipedia.org/?curid=1019972,https://fr.wikipedia.org/wiki/Frances Dafoe,Article manquant de r\u00e9f\u00e9rences depuis septembre 2016
Barbara Wagner,https://fr.wikipedia.org/?curid=1020367,https://fr.wikipedia.org/wiki/Barbara Wagner,Wikip\u00e9dia:\u00e9bauche patinage artistique
Miss Rwanda 2012,https://fr.wikipedia.org/?curid=10202035,https://fr.wikipedia.org/wiki/Miss Rwanda 2012,Article \u00e0 illustrer Miss
Sarah-Jane Dias,https://fr.wikipedia.org/?curid=10228517,https://fr.wikipedia.org/wiki/Sarah-Jane Dias,Article utilisant une Infobox
Laura Deas,https://fr.wikipedia.org/?curid=10227919,https://fr.wikipedia.org/wiki/Laura Deas,Wikip\u00e9dia:\u00e9bauche personnalit\u00e9 britannique
Georgia Baker,https://fr.wikipedia.org/?curid=10225989,https://fr.wikipedia.org/wiki/Georgia Baker,Page utilisant P569
3 000 m\u00e8tres aux Jeux olympiques,https://fr.wikipedia.org/?curid=10226429,https://fr.wikipedia.org/wiki/3 000 m\u00e8tres aux Jeux olympiques,Article utilisant une Infobox
Kelly-Marie Murtha,https://fr.wikipedia.org/?curid=10226702,https://fr.wikipedia.org/wiki/Kelly-Marie Murtha,Wikip\u00e9dia:\u00e9bauche acteur canadien
Carmella (catch),https://fr.wikipedia.org/?curid=10234605,https://fr.wikipedia.org/wiki/Carmella (catch),Article \u00e0 recycler/Liste compl\u00e8te
Lena Urbaniak,https://fr.wikipedia.org/?curid=10241785,https://fr.wikipedia.org/wiki/Lena Urbaniak,Article utilisant une Infobox
"Lily, Leila et Liina Luik",https://fr.wikipedia.org/?curid=10241897,"https://fr.wikipedia.org/wiki/Lily, Leila et Liina Luik",Article \u00e0 illustrer Athl\u00e8te
Serri (chanteuse),https://fr.wikipedia.org/?curid=10246176,https://fr.wikipedia.org/wiki/Serri (chanteuse),Article utilisant une Infobox
Genevieve Gregson,https://fr.wikipedia.org/?curid=10244980,https://fr.wikipedia.org/wiki/Genevieve Gregson,Wikip\u00e9dia:\u00e9bauche athl\u00e8te australien
Rose Troche,https://fr.wikipedia.org/?curid=1040776,https://fr.wikipedia.org/wiki/Rose Troche,Page utilisant P569
Hanne Haugland,https://fr.wikipedia.org/?curid=1045070,https://fr.wikipedia.org/wiki/Hanne Haugland,Wikip\u00e9dia:\u00e9bauche athl\u00e8te norv\u00e9gien
