Name,URL1,URL2,First Category
Maria Sander,https://fr.wikipedia.org/?curid=5810496,https://fr.wikipedia.org/wiki/Maria Sander,Wikip\u00e9dia:\u00e9bauche athl\u00e8te allemand
Yelena Gorchakova,https://fr.wikipedia.org/?curid=5810546,https://fr.wikipedia.org/wiki/Yelena Gorchakova,Wikip\u00e9dia:\u00e9bauche athl\u00e8te sovi\u00e9tique
Nadezhda Shopova,https://fr.wikipedia.org/?curid=5836599,https://fr.wikipedia.org/wiki/Nadezhda Shopova,Article \u00e0 illustrer Joueur de volley-ball
Bojana Dr\u010da,https://fr.wikipedia.org/?curid=5836650,https://fr.wikipedia.org/wiki/Bojana Dr\u010da,Article utilisant une Infobox
Irene Curtoni,https://fr.wikipedia.org/?curid=5835240,https://fr.wikipedia.org/wiki/Irene Curtoni,Wikip\u00e9dia:\u00e9bauche ski alpin
Ileana Ros-Lehtinen,https://fr.wikipedia.org/?curid=5834523,https://fr.wikipedia.org/wiki/Ileana Ros-Lehtinen,Article utilisant une Infobox
Song\u00fcl \u00d6den,https://fr.wikipedia.org/?curid=5834967,https://fr.wikipedia.org/wiki/Song\u00fcl \u00d6den,Article utilisant une Infobox
Anne-Sophie Jura,https://fr.wikipedia.org/?curid=5833473,https://fr.wikipedia.org/wiki/Anne-Sophie Jura,Article \u00e0 illustrer Sportif
Catalina Pulido,https://fr.wikipedia.org/?curid=5802716,https://fr.wikipedia.org/wiki/Catalina Pulido,Wikip\u00e9dia:\u00e9bauche acteur chilien
Christel Pascal,https://fr.wikipedia.org/?curid=580280,https://fr.wikipedia.org/wiki/Christel Pascal,Wikip\u00e9dia:\u00e9bauche ski alpin
Nijol\u0117 Sabait\u0117,https://fr.wikipedia.org/?curid=5824567,https://fr.wikipedia.org/wiki/Nijol\u0117 Sabait\u0117,Wikip\u00e9dia:\u00e9bauche athl\u00e8te sovi\u00e9tique
Valeria Bufanu,https://fr.wikipedia.org/?curid=5825184,https://fr.wikipedia.org/wiki/Valeria Bufanu,Wikip\u00e9dia:\u00e9bauche athl\u00e8te roumain
Pippa Mann,https://fr.wikipedia.org/?curid=5823924,https://fr.wikipedia.org/wiki/Pippa Mann,Article utilisant une Infobox
Sanja Tomasevi\u0107,https://fr.wikipedia.org/?curid=5824044,https://fr.wikipedia.org/wiki/Sanja Tomasevi\u0107,Article \u00e0 illustrer Joueur de volley-ball
Ksenia Sizova,https://fr.wikipedia.org/?curid=5824075,https://fr.wikipedia.org/wiki/Ksenia Sizova,Article utilisant une Infobox
Denise Karbon,https://fr.wikipedia.org/?curid=580381,https://fr.wikipedia.org/wiki/Denise Karbon,Article utilisant une Infobox
Yelisaveta Bagryantseva,https://fr.wikipedia.org/?curid=5811969,https://fr.wikipedia.org/wiki/Yelisaveta Bagryantseva,Wikip\u00e9dia:\u00e9bauche athl\u00e8te sovi\u00e9tique
Stephanie Cook,https://fr.wikipedia.org/?curid=5812063,https://fr.wikipedia.org/wiki/Stephanie Cook,Article \u00e0 illustrer Sportif
Unreal Tournament 3,https://fr.wikipedia.org/?curid=581208,https://fr.wikipedia.org/wiki/Unreal Tournament 3,Page utilisant P348
Ma\u0142gorzata Cie\u015bla,https://fr.wikipedia.org/?curid=5811716,https://fr.wikipedia.org/wiki/Ma\u0142gorzata Cie\u015bla,Article \u00e0 illustrer Joueur de volley-ball
Misleydis Gonz\u00e1lez,https://fr.wikipedia.org/?curid=5820895,https://fr.wikipedia.org/wiki/Misleydis Gonz\u00e1lez,Wikip\u00e9dia:\u00e9bauche athl\u00e8te cubain
Deborah Compagnoni,https://fr.wikipedia.org/?curid=582250,https://fr.wikipedia.org/wiki/Deborah Compagnoni,Wikip\u00e9dia:\u00e9bauche ski alpin
Stefanie K\u00f6hle,https://fr.wikipedia.org/?curid=5822601,https://fr.wikipedia.org/wiki/Stefanie K\u00f6hle,Article manquant de r\u00e9f\u00e9rences depuis ao\u00fbt 2015
Marta \u0141ukaszewska,https://fr.wikipedia.org/?curid=5821998,https://fr.wikipedia.org/wiki/Marta \u0141ukaszewska,Article utilisant une Infobox
Joanna Szeszko,https://fr.wikipedia.org/?curid=5820197,https://fr.wikipedia.org/wiki/Joanna Szeszko,Article utilisant une Infobox
Argentina Menis,https://fr.wikipedia.org/?curid=5827764,https://fr.wikipedia.org/wiki/Argentina Menis,Wikip\u00e9dia:\u00e9bauche athl\u00e8te roumain
Viviana Corvese,https://fr.wikipedia.org/?curid=5807601,https://fr.wikipedia.org/wiki/Viviana Corvese,Wikip\u00e9dia:\u00e9bauche joueuse italienne de volley-ball
Marzena Wilczy\u0144ska,https://fr.wikipedia.org/?curid=5807622,https://fr.wikipedia.org/wiki/Marzena Wilczy\u0144ska,Article utilisant une Infobox
Corinne Rey-Bellet,https://fr.wikipedia.org/?curid=579885,https://fr.wikipedia.org/wiki/Corinne Rey-Bellet,Article \u00e0 illustrer Sportif
Gerda Kraan,https://fr.wikipedia.org/?curid=5810161,https://fr.wikipedia.org/wiki/Gerda Kraan,Wikip\u00e9dia:\u00e9bauche athl\u00e8te n\u00e9erlandais
Thelma Hopkins,https://fr.wikipedia.org/?curid=5810228,https://fr.wikipedia.org/wiki/Thelma Hopkins,Wikip\u00e9dia:\u00e9bauche athl\u00e8te britannique
Sheila Lerwill,https://fr.wikipedia.org/?curid=5810280,https://fr.wikipedia.org/wiki/Sheila Lerwill,Wikip\u00e9dia:\u00e9bauche athl\u00e8te britannique
Ulrike Urbansky,https://fr.wikipedia.org/?curid=5799454,https://fr.wikipedia.org/wiki/Ulrike Urbansky,Wikip\u00e9dia:\u00e9bauche athl\u00e8te allemand
Milagros Collar,https://fr.wikipedia.org/?curid=5809600,https://fr.wikipedia.org/wiki/Milagros Collar,Article utilisant une Infobox
Ewa Cabajewska,https://fr.wikipedia.org/?curid=5816143,https://fr.wikipedia.org/wiki/Ewa Cabajewska,Article utilisant une Infobox
Jean Desforges,https://fr.wikipedia.org/?curid=5819107,https://fr.wikipedia.org/wiki/Jean Desforges,Article \u00e0 illustrer Athl\u00e8te
Jelena Jo\u0161ovi\u0107,https://fr.wikipedia.org/?curid=5816183,https://fr.wikipedia.org/wiki/Jelena Jo\u0161ovi\u0107,Article \u00e0 illustrer Joueur de volley-ball
Shirley Cawley,https://fr.wikipedia.org/?curid=5816589,https://fr.wikipedia.org/wiki/Shirley Cawley,Wikip\u00e9dia:\u00e9bauche athl\u00e8te britannique
Anthonique Strachan,https://fr.wikipedia.org/?curid=5817811,https://fr.wikipedia.org/wiki/Anthonique Strachan,Wikip\u00e9dia:\u00e9bauche athl\u00e8te baham\u00e9en
Sabine Heitling,https://fr.wikipedia.org/?curid=5818530,https://fr.wikipedia.org/wiki/Sabine Heitling,Wikip\u00e9dia:\u00e9bauche athl\u00e8te br\u00e9silien
Tamara Vega,https://fr.wikipedia.org/?curid=5800396,https://fr.wikipedia.org/wiki/Tamara Vega,Wikip\u00e9dia:\u00e9bauche pentathlon moderne
Margaux Isaksen,https://fr.wikipedia.org/?curid=5800409,https://fr.wikipedia.org/wiki/Margaux Isaksen,Article utilisant une Infobox
Florence Masnada,https://fr.wikipedia.org/?curid=580162,https://fr.wikipedia.org/wiki/Florence Masnada,Article utilisant une Infobox
Zhou Tianhua,https://fr.wikipedia.org/?curid=5802052,https://fr.wikipedia.org/wiki/Zhou Tianhua,Wikip\u00e9dia:\u00e9bauche athl\u00e8te chinois
Nicole Hosp,https://fr.wikipedia.org/?curid=579853,https://fr.wikipedia.org/wiki/Nicole Hosp,Article utilisant une Infobox
K\u00fcbra Tanr\u0131kulu,https://fr.wikipedia.org/?curid=5798184,https://fr.wikipedia.org/wiki/K\u00fcbra Tanr\u0131kulu,Article \u00e0 illustrer Joueur de volley-ball
Katarzyna Ciesielska,https://fr.wikipedia.org/?curid=5805798,https://fr.wikipedia.org/wiki/Katarzyna Ciesielska,Article utilisant une Infobox
Gravity (film),https://fr.wikipedia.org/?curid=5684945,https://fr.wikipedia.org/wiki/Gravity (film),Article utilisant une Infobox
Sharon Cherop,https://fr.wikipedia.org/?curid=5693378,https://fr.wikipedia.org/wiki/Sharon Cherop,Wikip\u00e9dia:\u00e9bauche athl\u00e8te k\u00e9nyan
Dariya Derkach,https://fr.wikipedia.org/?curid=5733738,https://fr.wikipedia.org/wiki/Dariya Derkach,Wikip\u00e9dia:\u00e9bauche athl\u00e8te italien
Lauren Faust,https://fr.wikipedia.org/?curid=5732449,https://fr.wikipedia.org/wiki/Lauren Faust,Article contenant un appel \u00e0 traduction en anglais
Anna Kie\u0142basi\u0144ska,https://fr.wikipedia.org/?curid=5732631,https://fr.wikipedia.org/wiki/Anna Kie\u0142basi\u0144ska,Article contenant un lien mort
Shafag Karimova,https://fr.wikipedia.org/?curid=5743322,https://fr.wikipedia.org/wiki/Shafag Karimova,Article \u00e0 illustrer Joueur de volley-ball
Maria Lawson,https://fr.wikipedia.org/?curid=5730945,https://fr.wikipedia.org/wiki/Maria Lawson,Page utilisant P569
Julieta Lazcano,https://fr.wikipedia.org/?curid=5745954,https://fr.wikipedia.org/wiki/Julieta Lazcano,Article utilisant une Infobox
Simone Veil,https://fr.wikipedia.org/?curid=57279,https://fr.wikipedia.org/wiki/Simone Veil,Article contenant un lien mort
Monia Kari,https://fr.wikipedia.org/?curid=5727429,https://fr.wikipedia.org/wiki/Monia Kari,Wikip\u00e9dia:\u00e9bauche athl\u00e8te tunisien
Aynur Karimova,https://fr.wikipedia.org/?curid=5731551,https://fr.wikipedia.org/wiki/Aynur Karimova,Article \u00e0 illustrer Joueur de volley-ball
Kelly Gadea,https://fr.wikipedia.org/?curid=5729706,https://fr.wikipedia.org/wiki/Kelly Gadea,Wikip\u00e9dia:\u00e9bauche footballeuse fran\u00e7aise
Jacques VI et Ier,https://fr.wikipedia.org/?curid=57489,https://fr.wikipedia.org/wiki/Jacques VI et Ier,Article utilisant une Infobox
Natalia Vigan\u00f2,https://fr.wikipedia.org/?curid=5750432,https://fr.wikipedia.org/wiki/Natalia Vigan\u00f2,Wikip\u00e9dia:\u00e9bauche joueuse italienne de volley-ball
Ewelina Miko\u0142ajewska,https://fr.wikipedia.org/?curid=5750443,https://fr.wikipedia.org/wiki/Ewelina Miko\u0142ajewska,Article utilisant une Infobox
Margriet des Pays-Bas,https://fr.wikipedia.org/?curid=5735066,https://fr.wikipedia.org/wiki/Margriet des Pays-Bas,Article utilisant une Infobox
Sarah M'Barek,https://fr.wikipedia.org/?curid=5735795,https://fr.wikipedia.org/wiki/Sarah M'Barek,Article \u00e0 illustrer Footballeur
Alistair Brownlee,https://fr.wikipedia.org/?curid=5739009,https://fr.wikipedia.org/wiki/Alistair Brownlee,Page utilisant P569
Sylwia Pelc,https://fr.wikipedia.org/?curid=5727035,https://fr.wikipedia.org/wiki/Sylwia Pelc,Article utilisant une Infobox
Yelena Parkhomenko,https://fr.wikipedia.org/?curid=5727065,https://fr.wikipedia.org/wiki/Yelena Parkhomenko,Article utilisant une Infobox
Valentina Diouf,https://fr.wikipedia.org/?curid=5725294,https://fr.wikipedia.org/wiki/Valentina Diouf,Wikip\u00e9dia:\u00e9bauche joueuse italienne de volley-ball
Polina Rahimova,https://fr.wikipedia.org/?curid=5725311,https://fr.wikipedia.org/wiki/Polina Rahimova,Article utilisant une Infobox
Sabine Ginther,https://fr.wikipedia.org/?curid=565379,https://fr.wikipedia.org/wiki/Sabine Ginther,Article \u00e0 illustrer Sportif
Karol\u00edna Pl\u00ed\u0161kov\u00e1,https://fr.wikipedia.org/?curid=5662607,https://fr.wikipedia.org/wiki/Karol\u00edna Pl\u00ed\u0161kov\u00e1,Article utilisant une Infobox
Kato Callebaut,https://fr.wikipedia.org/?curid=5665268,https://fr.wikipedia.org/wiki/Kato Callebaut,Article utilisant une Infobox
Irina Filichtinska\u00efa,https://fr.wikipedia.org/?curid=5662045,https://fr.wikipedia.org/wiki/Irina Filichtinska\u00efa,Article utilisant une Infobox
Lavonne Idlette,https://fr.wikipedia.org/?curid=5680547,https://fr.wikipedia.org/wiki/Lavonne Idlette,Wikip\u00e9dia:\u00e9bauche athl\u00e8te dominicain
Yarianna Mart\u00ednez,https://fr.wikipedia.org/?curid=5685384,https://fr.wikipedia.org/wiki/Yarianna Mart\u00ednez,Wikip\u00e9dia:\u00e9bauche athl\u00e8te cubain
Shelley Hennig,https://fr.wikipedia.org/?curid=5681680,https://fr.wikipedia.org/wiki/Shelley Hennig,Article utilisant une Infobox
Inika McPherson,https://fr.wikipedia.org/?curid=5679920,https://fr.wikipedia.org/wiki/Inika McPherson,Article utilisant une Infobox
Elea-Mariama Diarra,https://fr.wikipedia.org/?curid=5677578,https://fr.wikipedia.org/wiki/Elea-Mariama Diarra,Wikip\u00e9dia:\u00e9bauche athl\u00e8te fran\u00e7ais
Wanida Boonwan,https://fr.wikipedia.org/?curid=5682513,https://fr.wikipedia.org/wiki/Wanida Boonwan,Wikip\u00e9dia:\u00e9bauche athl\u00e8te tha\u00eflandais
Marion Lotout,https://fr.wikipedia.org/?curid=5654156,https://fr.wikipedia.org/wiki/Marion Lotout,Wikip\u00e9dia:\u00e9bauche athl\u00e8te fran\u00e7ais
Alicia Coutts,https://fr.wikipedia.org/?curid=5653155,https://fr.wikipedia.org/wiki/Alicia Coutts,Wikip\u00e9dia:\u00e9bauche natation
Eudoxie Strechnieva,https://fr.wikipedia.org/?curid=5651349,https://fr.wikipedia.org/wiki/Eudoxie Strechnieva,Article utilisant une Infobox
Akiho Yoshizawa,https://fr.wikipedia.org/?curid=5652680,https://fr.wikipedia.org/wiki/Akiho Yoshizawa,Article contenant un lien mort
Amy Gumenick,https://fr.wikipedia.org/?curid=5990185,https://fr.wikipedia.org/wiki/Amy Gumenick,Article utilisant une Infobox
Sabrina Windm\u00fcller,https://fr.wikipedia.org/?curid=5989464,https://fr.wikipedia.org/wiki/Sabrina Windm\u00fcller,Article contenant un lien mort
Michela Catena,https://fr.wikipedia.org/?curid=5987767,https://fr.wikipedia.org/wiki/Michela Catena,Wikip\u00e9dia:\u00e9bauche joueuse italienne de volley-ball
Michela Moschini,https://fr.wikipedia.org/?curid=5987793,https://fr.wikipedia.org/wiki/Michela Moschini,Wikip\u00e9dia:\u00e9bauche joueuse italienne de volley-ball
We'll Be a Dream,https://fr.wikipedia.org/?curid=5980400,https://fr.wikipedia.org/wiki/We'll Be a Dream,Article utilisant une Infobox
Marianna Nossova,https://fr.wikipedia.org/?curid=5980660,https://fr.wikipedia.org/wiki/Marianna Nossova,Article utilisant une Infobox
Irina Martynova,https://fr.wikipedia.org/?curid=5980698,https://fr.wikipedia.org/wiki/Irina Martynova,Article \u00e0 illustrer Joueur de volley-ball
Aliz\u00e9e Baron,https://fr.wikipedia.org/?curid=5979208,https://fr.wikipedia.org/wiki/Aliz\u00e9e Baron,Article utilisant une Infobox
Tina Bachmann (biathlon),https://fr.wikipedia.org/?curid=5976022,https://fr.wikipedia.org/wiki/Tina Bachmann (biathlon),Wikip\u00e9dia:\u00e9bauche biathlon
Melanie Amaro,https://fr.wikipedia.org/?curid=5995793,https://fr.wikipedia.org/wiki/Melanie Amaro,Article utilisant une Infobox
Brian Sandoval,https://fr.wikipedia.org/?curid=5995973,https://fr.wikipedia.org/wiki/Brian Sandoval,Article utilisant une Infobox
Sabi (chanteuse),https://fr.wikipedia.org/?curid=5994655,https://fr.wikipedia.org/wiki/Sabi (chanteuse),Article manquant de r\u00e9f\u00e9rences depuis juin 2012
Auxiliary Territorial Service,https://fr.wikipedia.org/?curid=5994503,https://fr.wikipedia.org/wiki/Auxiliary Territorial Service,Page utilisant P571
Lyubka Debarlieva,https://fr.wikipedia.org/?curid=5969066,https://fr.wikipedia.org/wiki/Lyubka Debarlieva,Article \u00e0 illustrer Joueur de volley-ball
Ioulia Grigorieva,https://fr.wikipedia.org/?curid=5985642,https://fr.wikipedia.org/wiki/Ioulia Grigorieva,Article utilisant une Infobox
Roman in Moscow,https://fr.wikipedia.org/?curid=5982884,https://fr.wikipedia.org/wiki/Roman in Moscow,Article utilisant une Infobox
Ioulia Rybina,https://fr.wikipedia.org/?curid=5983197,https://fr.wikipedia.org/wiki/Ioulia Rybina,Article \u00e0 illustrer Joueur de volley-ball
Ievguenia Kochel,https://fr.wikipedia.org/?curid=5983205,https://fr.wikipedia.org/wiki/Ievguenia Kochel,Article \u00e0 illustrer Joueur de volley-ball
Elina Salo,https://fr.wikipedia.org/?curid=5997743,https://fr.wikipedia.org/wiki/Elina Salo,Wikip\u00e9dia:\u00e9bauche acteur finlandais
Yelena Sinchukova,https://fr.wikipedia.org/?curid=5999083,https://fr.wikipedia.org/wiki/Yelena Sinchukova,Wikip\u00e9dia:\u00e9bauche athl\u00e8te russe
Stupid Hoe,https://fr.wikipedia.org/?curid=5977488,https://fr.wikipedia.org/wiki/Stupid Hoe,Article utilisant une Infobox
Elena Neve,https://fr.wikipedia.org/?curid=5977971,https://fr.wikipedia.org/wiki/Elena Neve,Article \u00e0 illustrer Joueur de volley-ball
Margarita Tchatchina,https://fr.wikipedia.org/?curid=5977994,https://fr.wikipedia.org/wiki/Margarita Tchatchina,Article \u00e0 illustrer Joueur de volley-ball
Kristina et Karissa Shannon,https://fr.wikipedia.org/?curid=5976203,https://fr.wikipedia.org/wiki/Kristina et Karissa Shannon,Article utilisant une Infobox
Marine Bolliet,https://fr.wikipedia.org/?curid=5976519,https://fr.wikipedia.org/wiki/Marine Bolliet,Article utilisant une Infobox
Aleksandra Polikarpova,https://fr.wikipedia.org/?curid=5971254,https://fr.wikipedia.org/wiki/Aleksandra Polikarpova,Article \u00e0 illustrer Joueur de volley-ball
Melania Blunda,https://fr.wikipedia.org/?curid=5917592,https://fr.wikipedia.org/wiki/Melania Blunda,Wikip\u00e9dia:\u00e9bauche joueuse italienne de volley-ball
Joneda Alikaj,https://fr.wikipedia.org/?curid=5919564,https://fr.wikipedia.org/wiki/Joneda Alikaj,Wikip\u00e9dia:\u00e9bauche joueuse italienne de volley-ball
Elfriede Kaun,https://fr.wikipedia.org/?curid=5916171,https://fr.wikipedia.org/wiki/Elfriede Kaun,Wikip\u00e9dia:\u00e9bauche athl\u00e8te allemand
Luisa Casillo,https://fr.wikipedia.org/?curid=5917483,https://fr.wikipedia.org/wiki/Luisa Casillo,Wikip\u00e9dia:\u00e9bauche joueuse italienne de volley-ball
Alice Santini,https://fr.wikipedia.org/?curid=5917557,https://fr.wikipedia.org/wiki/Alice Santini,Wikip\u00e9dia:\u00e9bauche joueuse italienne de volley-ball
Talita Ferreira,https://fr.wikipedia.org/?curid=5900024,https://fr.wikipedia.org/wiki/Talita Ferreira,Article \u00e0 illustrer Joueur de volley-ball
Aileen Meagher,https://fr.wikipedia.org/?curid=5923468,https://fr.wikipedia.org/wiki/Aileen Meagher,Wikip\u00e9dia:\u00e9bauche athl\u00e8te canadien
Sophie Delwiche,https://fr.wikipedia.org/?curid=5923766,https://fr.wikipedia.org/wiki/Sophie Delwiche,Wikip\u00e9dia:\u00e9bauche judo
Hilda Cameron,https://fr.wikipedia.org/?curid=5923406,https://fr.wikipedia.org/wiki/Hilda Cameron,Wikip\u00e9dia:\u00e9bauche athl\u00e8te canadien
Evangel\u00eda Chant\u00e1va,https://fr.wikipedia.org/?curid=5923428,https://fr.wikipedia.org/wiki/Evangel\u00eda Chant\u00e1va,Article utilisant une Infobox
Stefania Belmondo,https://fr.wikipedia.org/?curid=592493,https://fr.wikipedia.org/wiki/Stefania Belmondo,Article utilisant une Infobox
Bae Suzy,https://fr.wikipedia.org/?curid=5925757,https://fr.wikipedia.org/wiki/Bae Suzy,Article utilisant une Infobox
Heidi Goossens,https://fr.wikipedia.org/?curid=5925932,https://fr.wikipedia.org/wiki/Heidi Goossens,Wikip\u00e9dia:\u00e9bauche judo
Luc\u00eda Ramos,https://fr.wikipedia.org/?curid=5925946,https://fr.wikipedia.org/wiki/Luc\u00eda Ramos,Article utilisant une Infobox
Giana Romanova,https://fr.wikipedia.org/?curid=5865811,https://fr.wikipedia.org/wiki/Giana Romanova,Wikip\u00e9dia:\u00e9bauche athl\u00e8te sovi\u00e9tique
H\u00e9l\u00e8ne Rousseaux,https://fr.wikipedia.org/?curid=5867962,https://fr.wikipedia.org/wiki/H\u00e9l\u00e8ne Rousseaux,Article utilisant une Infobox
Bethania De La Cruz,https://fr.wikipedia.org/?curid=5867996,https://fr.wikipedia.org/wiki/Bethania De La Cruz,Wikip\u00e9dia:\u00e9bauche joueuse dominicaine de volley-ball
Carole Quinton,https://fr.wikipedia.org/?curid=5868096,https://fr.wikipedia.org/wiki/Carole Quinton,Wikip\u00e9dia:\u00e9bauche athl\u00e8te britannique
Christiane Marquardt,https://fr.wikipedia.org/?curid=5868158,https://fr.wikipedia.org/wiki/Christiane Marquardt,Wikip\u00e9dia:\u00e9bauche athl\u00e8te allemand
Mar\u00eda Cruz D\u00edaz,https://fr.wikipedia.org/?curid=5868221,https://fr.wikipedia.org/wiki/Mar\u00eda Cruz D\u00edaz,Wikip\u00e9dia:\u00e9bauche athl\u00e8te espagnol
"E.T., l'extra-terrestre",https://fr.wikipedia.org/?curid=58661,"https://fr.wikipedia.org/wiki/E.T., l'extra-terrestre",Article utilisant une Infobox
Nata\u0161a \u0160evarika,https://fr.wikipedia.org/?curid=5888798,https://fr.wikipedia.org/wiki/Nata\u0161a \u0160evarika,Article \u00e0 illustrer Joueur de volley-ball
Am\u00e9lie Rosseneu,https://fr.wikipedia.org/?curid=5892195,https://fr.wikipedia.org/wiki/Am\u00e9lie Rosseneu,Article \u00e0 illustrer Sportif
Ann-Britt Leyman,https://fr.wikipedia.org/?curid=5890243,https://fr.wikipedia.org/wiki/Ann-Britt Leyman,Wikip\u00e9dia:\u00e9bauche athl\u00e8te su\u00e9dois
Cath\u00e9rine Jacques,https://fr.wikipedia.org/?curid=5890329,https://fr.wikipedia.org/wiki/Cath\u00e9rine Jacques,Wikip\u00e9dia:\u00e9bauche judo
Maiko Kano,https://fr.wikipedia.org/?curid=5890635,https://fr.wikipedia.org/wiki/Maiko Kano,Article utilisant une Infobox
Andrea Conti (volley-ball),https://fr.wikipedia.org/?curid=5885192,https://fr.wikipedia.org/wiki/Andrea Conti (volley-ball),Wikip\u00e9dia:\u00e9bauche joueuse italienne de volley-ball
Marta Galeotti,https://fr.wikipedia.org/?curid=5885218,https://fr.wikipedia.org/wiki/Marta Galeotti,Wikip\u00e9dia:\u00e9bauche joueuse italienne de volley-ball
Jean Scrivens,https://fr.wikipedia.org/?curid=5885441,https://fr.wikipedia.org/wiki/Jean Scrivens,Wikip\u00e9dia:\u00e9bauche athl\u00e8te britannique
Jenny from the Block,https://fr.wikipedia.org/?curid=5961836,https://fr.wikipedia.org/wiki/Jenny from the Block,Article utilisant une Infobox
Ievguenia Kojoukhova,https://fr.wikipedia.org/?curid=5963790,https://fr.wikipedia.org/wiki/Ievguenia Kojoukhova,Article \u00e0 illustrer Joueur de volley-ball
Give Your Heart a Break,https://fr.wikipedia.org/?curid=5963898,https://fr.wikipedia.org/wiki/Give Your Heart a Break,Wikip\u00e9dia:\u00e9bauche single
Lo Que Soy,https://fr.wikipedia.org/?curid=5963938,https://fr.wikipedia.org/wiki/Lo Que Soy,Article utilisant une Infobox
Nicole Schmidhofer,https://fr.wikipedia.org/?curid=5963608,https://fr.wikipedia.org/wiki/Nicole Schmidhofer,Article utilisant une Infobox
Lydia Veicht,https://fr.wikipedia.org/?curid=5960209,https://fr.wikipedia.org/wiki/Lydia Veicht,Wikip\u00e9dia:\u00e9bauche patinage artistique
Ielena Chpak,https://fr.wikipedia.org/?curid=5940203,https://fr.wikipedia.org/wiki/Ielena Chpak,Article \u00e0 illustrer Joueur de volley-ball
Mildred Wiley,https://fr.wikipedia.org/?curid=5932153,https://fr.wikipedia.org/wiki/Mildred Wiley,Wikip\u00e9dia:\u00e9bauche athl\u00e8te am\u00e9ricain
Zuleima Aram\u00e9ndiz,https://fr.wikipedia.org/?curid=5932419,https://fr.wikipedia.org/wiki/Zuleima Aram\u00e9ndiz,Wikip\u00e9dia:\u00e9bauche athl\u00e8te colombien
Agnieszka Kosmatka,https://fr.wikipedia.org/?curid=5937788,https://fr.wikipedia.org/wiki/Agnieszka Kosmatka,Article utilisant une Infobox
L\u00e9na\u00eblle Gilleron-Gorry,https://fr.wikipedia.org/?curid=5942046,https://fr.wikipedia.org/wiki/L\u00e9na\u00eblle Gilleron-Gorry,Article utilisant une Infobox
Hayat Lambarki,https://fr.wikipedia.org/?curid=5942150,https://fr.wikipedia.org/wiki/Hayat Lambarki,Wikip\u00e9dia:\u00e9bauche athl\u00e8te marocain
Keisa Monterola,https://fr.wikipedia.org/?curid=5939598,https://fr.wikipedia.org/wiki/Keisa Monterola,Wikip\u00e9dia:\u00e9bauche athl\u00e8te v\u00e9n\u00e9zu\u00e9lien
Mary J. Blige,https://fr.wikipedia.org/?curid=584485,https://fr.wikipedia.org/wiki/Mary J. Blige,Article utilisant une Infobox
Sylwia Pycia,https://fr.wikipedia.org/?curid=5845052,https://fr.wikipedia.org/wiki/Sylwia Pycia,Article utilisant une Infobox
Rita Liliom,https://fr.wikipedia.org/?curid=5845123,https://fr.wikipedia.org/wiki/Rita Liliom,Article utilisant une Infobox
Anastassia Komogorova,https://fr.wikipedia.org/?curid=5843223,https://fr.wikipedia.org/wiki/Anastassia Komogorova,Article \u00e0 illustrer Joueur de volley-ball
Monika Ptak,https://fr.wikipedia.org/?curid=5935859,https://fr.wikipedia.org/wiki/Monika Ptak,Article utilisant une Infobox
Anni Holdmann,https://fr.wikipedia.org/?curid=5933074,https://fr.wikipedia.org/wiki/Anni Holdmann,Wikip\u00e9dia:\u00e9bauche athl\u00e8te allemand
Helene Junker,https://fr.wikipedia.org/?curid=5933081,https://fr.wikipedia.org/wiki/Helene Junker,Wikip\u00e9dia:\u00e9bauche athl\u00e8te allemand
Rosa Kellner,https://fr.wikipedia.org/?curid=5933085,https://fr.wikipedia.org/wiki/Rosa Kellner,Wikip\u00e9dia:\u00e9bauche athl\u00e8te allemand
Carline Muir,https://fr.wikipedia.org/?curid=5939432,https://fr.wikipedia.org/wiki/Carline Muir,Wikip\u00e9dia:\u00e9bauche athl\u00e8te canadien
Lucile Lefevre,https://fr.wikipedia.org/?curid=5936524,https://fr.wikipedia.org/wiki/Lucile Lefevre,Article \u00e0 illustrer Sportif
Here We Go Again (chanson de Demi Lovato),https://fr.wikipedia.org/?curid=5931863,https://fr.wikipedia.org/wiki/Here We Go Again (chanson de Demi Lovato),Article utilisant une Infobox
Edda Dell'Orso,https://fr.wikipedia.org/?curid=6048660,https://fr.wikipedia.org/wiki/Edda Dell'Orso,Wikip\u00e9dia:\u00e9bauche chanteur italien
Lesley Gore,https://fr.wikipedia.org/?curid=6034897,https://fr.wikipedia.org/wiki/Lesley Gore,Article utilisant une Infobox
Feriha Tevfik,https://fr.wikipedia.org/?curid=6037771,https://fr.wikipedia.org/wiki/Feriha Tevfik,Wikip\u00e9dia:\u00e9bauche acteur turc
Tess von Piekartz,https://fr.wikipedia.org/?curid=6040702,https://fr.wikipedia.org/wiki/Tess von Piekartz,Article \u00e0 illustrer Joueur de volley-ball
Anna Cyzon,https://fr.wikipedia.org/?curid=6044381,https://fr.wikipedia.org/wiki/Anna Cyzon,Article manquant de r\u00e9f\u00e9rences depuis f\u00e9vrier 2012
CariDee English,https://fr.wikipedia.org/?curid=6037125,https://fr.wikipedia.org/wiki/CariDee English,Article manquant de r\u00e9f\u00e9rences depuis f\u00e9vrier 2012
Line Jahr,https://fr.wikipedia.org/?curid=6048346,https://fr.wikipedia.org/wiki/Line Jahr,Article utilisant une Infobox
Katharina Althaus,https://fr.wikipedia.org/?curid=6048355,https://fr.wikipedia.org/wiki/Katharina Althaus,Article contenant un lien mort
Cl\u00e9mentine Druenne,https://fr.wikipedia.org/?curid=6045783,https://fr.wikipedia.org/wiki/Cl\u00e9mentine Druenne,Article utilisant une Infobox
Ur\u0161a Bogataj,https://fr.wikipedia.org/?curid=6018329,https://fr.wikipedia.org/wiki/Ur\u0161a Bogataj,Article utilisant une Infobox
"Kim So-yeon (actrice, 1980)",https://fr.wikipedia.org/?curid=6018499,"https://fr.wikipedia.org/wiki/Kim So-yeon (actrice, 1980)",Article utilisant une Infobox
Tatiana Belkova,https://fr.wikipedia.org/?curid=6027083,https://fr.wikipedia.org/wiki/Tatiana Belkova,Article \u00e0 illustrer Joueur de volley-ball
Olga Teriokhina,https://fr.wikipedia.org/?curid=6029592,https://fr.wikipedia.org/wiki/Olga Teriokhina,Article \u00e0 illustrer Joueur de volley-ball
Nadejda Amelina,https://fr.wikipedia.org/?curid=6029603,https://fr.wikipedia.org/wiki/Nadejda Amelina,Article \u00e0 illustrer Joueur de volley-ball
Janneke van Tienen,https://fr.wikipedia.org/?curid=6031945,https://fr.wikipedia.org/wiki/Janneke van Tienen,Article \u00e0 illustrer Joueur de volley-ball
Svetlana Bodritskaya,https://fr.wikipedia.org/?curid=6018994,https://fr.wikipedia.org/wiki/Svetlana Bodritskaya,Wikip\u00e9dia:\u00e9bauche athl\u00e8te kazakh
Silvia Sperl,https://fr.wikipedia.org/?curid=6097116,https://fr.wikipedia.org/wiki/Silvia Sperl,Article \u00e0 illustrer Joueur de volley-ball
Grit M\u00fcller,https://fr.wikipedia.org/?curid=6097125,https://fr.wikipedia.org/wiki/Grit M\u00fcller,Article \u00e0 illustrer Joueur de volley-ball
Ana Jak\u0161i\u0107,https://fr.wikipedia.org/?curid=6094827,https://fr.wikipedia.org/wiki/Ana Jak\u0161i\u0107,Article \u00e0 illustrer Joueur de volley-ball
Daniela Jaworska,https://fr.wikipedia.org/?curid=6097254,https://fr.wikipedia.org/wiki/Daniela Jaworska,Wikip\u00e9dia:\u00e9bauche athl\u00e8te polonais
Patricia Hall,https://fr.wikipedia.org/?curid=6097792,https://fr.wikipedia.org/wiki/Patricia Hall,Wikip\u00e9dia:\u00e9bauche athl\u00e8te jama\u00efcain
M\u00e9li\u00e8s d'argent du Festival de Bruxelles,https://fr.wikipedia.org/?curid=6321112,https://fr.wikipedia.org/wiki/M\u00e9li\u00e8s d'argent du Festival de Bruxelles,Article \u00e0 illustrer R\u00e9compense
M\u00e9li\u00e8s d'or,https://fr.wikipedia.org/?curid=6321358,https://fr.wikipedia.org/wiki/M\u00e9li\u00e8s d'or,Article \u00e0 illustrer R\u00e9compense
Shahar Peer,https://fr.wikipedia.org/?curid=634830,https://fr.wikipedia.org/wiki/Shahar Peer,Article utilisant une Infobox
Aleksandra Iefremova,https://fr.wikipedia.org/?curid=6340835,https://fr.wikipedia.org/wiki/Aleksandra Iefremova,Article \u00e0 illustrer Joueur de volley-ball
G\u00fclcan M\u0131ng\u0131r,https://fr.wikipedia.org/?curid=6361316,https://fr.wikipedia.org/wiki/G\u00fclcan M\u0131ng\u0131r,Page utilisant des donn\u00e9es de Wikidata \u00e0 traduire de l'anglais
Bevan Docherty,https://fr.wikipedia.org/?curid=6361538,https://fr.wikipedia.org/wiki/Bevan Docherty,Wikip\u00e9dia:\u00e9bauche triathl\u00e8te
Miss USA 2011,https://fr.wikipedia.org/?curid=6361153,https://fr.wikipedia.org/wiki/Miss USA 2011,Article utilisant une Infobox
Gy\u00f6rgyi Balogh,https://fr.wikipedia.org/?curid=6360301,https://fr.wikipedia.org/wiki/Gy\u00f6rgyi Balogh,Wikip\u00e9dia:\u00e9bauche athl\u00e8te hongrois
Karina Askarova,https://fr.wikipedia.org/?curid=6360637,https://fr.wikipedia.org/wiki/Karina Askarova,Article \u00e0 illustrer Joueur de volley-ball
Brittnee Cooper,https://fr.wikipedia.org/?curid=6360667,https://fr.wikipedia.org/wiki/Brittnee Cooper,Wikip\u00e9dia:\u00e9bauche joueuse am\u00e9ricaine de volley-ball
Melanie Lynskey,https://fr.wikipedia.org/?curid=645477,https://fr.wikipedia.org/wiki/Melanie Lynskey,Page du mod\u00e8le Article comportant une erreur
Anne Heggtveit,https://fr.wikipedia.org/?curid=645419,https://fr.wikipedia.org/wiki/Anne Heggtveit,Page utilisant P569
Ekaterina Gordeeva,https://fr.wikipedia.org/?curid=645514,https://fr.wikipedia.org/wiki/Ekaterina Gordeeva,Article utilisant une Infobox
B\u00e1rbara Riveros D\u00edaz,https://fr.wikipedia.org/?curid=6456486,https://fr.wikipedia.org/wiki/B\u00e1rbara Riveros D\u00edaz,Wikip\u00e9dia:\u00e9bauche triathl\u00e8te
Urmila Matondkar,https://fr.wikipedia.org/?curid=6455902,https://fr.wikipedia.org/wiki/Urmila Matondkar,Article utilisant une Infobox
Tatiana Navka,https://fr.wikipedia.org/?curid=645703,https://fr.wikipedia.org/wiki/Tatiana Navka,Wikip\u00e9dia:\u00e9bauche patinage artistique
Hitomi Tanaka,https://fr.wikipedia.org/?curid=6439096,https://fr.wikipedia.org/wiki/Hitomi Tanaka,Article utilisant une Infobox
Hitomi Nakamichi,https://fr.wikipedia.org/?curid=6444832,https://fr.wikipedia.org/wiki/Hitomi Nakamichi,Article utilisant une Infobox
Amanda Francisco,https://fr.wikipedia.org/?curid=6444918,https://fr.wikipedia.org/wiki/Amanda Francisco,Article utilisant une Infobox
Cassidy Lichtman,https://fr.wikipedia.org/?curid=6444975,https://fr.wikipedia.org/wiki/Cassidy Lichtman,Wikip\u00e9dia:\u00e9bauche joueuse am\u00e9ricaine de volley-ball
Niverka Marte,https://fr.wikipedia.org/?curid=6445021,https://fr.wikipedia.org/wiki/Niverka Marte,Wikip\u00e9dia:\u00e9bauche joueuse dominicaine de volley-ball
Misty Hyman,https://fr.wikipedia.org/?curid=6445138,https://fr.wikipedia.org/wiki/Misty Hyman,Wikip\u00e9dia:\u00e9bauche natation
D\u00e9borah Anthonioz,https://fr.wikipedia.org/?curid=643599,https://fr.wikipedia.org/wiki/D\u00e9borah Anthonioz,Wikip\u00e9dia:\u00e9bauche snowboard
Ti'erra Brown,https://fr.wikipedia.org/?curid=6425038,https://fr.wikipedia.org/wiki/Ti'erra Brown,Wikip\u00e9dia:\u00e9bauche athl\u00e8te am\u00e9ricain
Dezerea Bryant,https://fr.wikipedia.org/?curid=6425340,https://fr.wikipedia.org/wiki/Dezerea Bryant,Wikip\u00e9dia:\u00e9bauche athl\u00e8te am\u00e9ricain
Christinna Pedersen,https://fr.wikipedia.org/?curid=6439003,https://fr.wikipedia.org/wiki/Christinna Pedersen,Article utilisant une Infobox
Lynne Beattie,https://fr.wikipedia.org/?curid=6440419,https://fr.wikipedia.org/wiki/Lynne Beattie,Article utilisant une Infobox
Gina Mambr\u00fa,https://fr.wikipedia.org/?curid=6440468,https://fr.wikipedia.org/wiki/Gina Mambr\u00fa,Wikip\u00e9dia:\u00e9bauche joueuse dominicaine de volley-ball
Yukiko Ebata,https://fr.wikipedia.org/?curid=6452943,https://fr.wikipedia.org/wiki/Yukiko Ebata,Article utilisant une Infobox
Cindy Rond\u00f3n,https://fr.wikipedia.org/?curid=6452967,https://fr.wikipedia.org/wiki/Cindy Rond\u00f3n,Wikip\u00e9dia:\u00e9bauche joueuse dominicaine de volley-ball
Saori Sakoda,https://fr.wikipedia.org/?curid=6451412,https://fr.wikipedia.org/wiki/Saori Sakoda,Article \u00e0 illustrer Joueur de volley-ball
Radoslava Mavrodieva,https://fr.wikipedia.org/?curid=6436806,https://fr.wikipedia.org/wiki/Radoslava Mavrodieva,Wikip\u00e9dia:\u00e9bauche athl\u00e8te bulgare
Tu\u011f\u00e7e \u015eahuto\u011flu,https://fr.wikipedia.org/?curid=6436866,https://fr.wikipedia.org/wiki/Tu\u011f\u00e7e \u015eahuto\u011flu,Wikip\u00e9dia:\u00e9bauche athl\u00e8te turc
Beate Schrott,https://fr.wikipedia.org/?curid=6436899,https://fr.wikipedia.org/wiki/Beate Schrott,Article utilisant une Infobox
Katarina Johnson-Thompson,https://fr.wikipedia.org/?curid=6425944,https://fr.wikipedia.org/wiki/Katarina Johnson-Thompson,Article utilisant une Infobox
Andr\u00e9ia Laurence,https://fr.wikipedia.org/?curid=6435226,https://fr.wikipedia.org/wiki/Andr\u00e9ia Laurence,Article \u00e0 illustrer Joueur de volley-ball
Margot Benacerraf,https://fr.wikipedia.org/?curid=6435560,https://fr.wikipedia.org/wiki/Margot Benacerraf,Wikip\u00e9dia:\u00e9bauche r\u00e9alisateur v\u00e9n\u00e9zu\u00e9lien
Ada Milea,https://fr.wikipedia.org/?curid=6426603,https://fr.wikipedia.org/wiki/Ada Milea,Article utilisant une Infobox
Risa Shinnabe,https://fr.wikipedia.org/?curid=6449699,https://fr.wikipedia.org/wiki/Risa Shinnabe,Article utilisant une Infobox
Elena Berejna\u00efa,https://fr.wikipedia.org/?curid=644748,https://fr.wikipedia.org/wiki/Elena Berejna\u00efa,Wikip\u00e9dia:\u00e9bauche patinage artistique
Mai Yamaguchi,https://fr.wikipedia.org/?curid=6447744,https://fr.wikipedia.org/wiki/Mai Yamaguchi,Article utilisant une Infobox
C\u00e1ndida Arias,https://fr.wikipedia.org/?curid=6447769,https://fr.wikipedia.org/wiki/C\u00e1ndida Arias,Wikip\u00e9dia:\u00e9bauche joueuse dominicaine de volley-ball
Faith Kipyegon,https://fr.wikipedia.org/?curid=6432392,https://fr.wikipedia.org/wiki/Faith Kipyegon,Article utilisant une Infobox
Beauty and a Beat,https://fr.wikipedia.org/?curid=6430441,https://fr.wikipedia.org/wiki/Beauty and a Beat,Article utilisant une Infobox
Aino-Kaisa Saarinen,https://fr.wikipedia.org/?curid=643062,https://fr.wikipedia.org/wiki/Aino-Kaisa Saarinen,Article utilisant une Infobox
Virpi Kuitunen,https://fr.wikipedia.org/?curid=643066,https://fr.wikipedia.org/wiki/Virpi Kuitunen,Article utilisant une Infobox
Cecilia de Souza,https://fr.wikipedia.org/?curid=6431899,https://fr.wikipedia.org/wiki/Cecilia de Souza,Article \u00e0 illustrer Joueur de volley-ball
Q'orianka Kilcher,https://fr.wikipedia.org/?curid=643198,https://fr.wikipedia.org/wiki/Q'orianka Kilcher,Article utilisant une Infobox
Erika Rucker,https://fr.wikipedia.org/?curid=6431521,https://fr.wikipedia.org/wiki/Erika Rucker,Wikip\u00e9dia:\u00e9bauche athl\u00e8te am\u00e9ricain
Ashley Spencer,https://fr.wikipedia.org/?curid=6427223,https://fr.wikipedia.org/wiki/Ashley Spencer,Article utilisant une Infobox
Agnieszka Jerzyk,https://fr.wikipedia.org/?curid=6423181,https://fr.wikipedia.org/wiki/Agnieszka Jerzyk,Wikip\u00e9dia:\u00e9bauche triathl\u00e8te
Make Me Proud,https://fr.wikipedia.org/?curid=6423326,https://fr.wikipedia.org/wiki/Make Me Proud,Article utilisant une Infobox
Camila Morgado,https://fr.wikipedia.org/?curid=6423447,https://fr.wikipedia.org/wiki/Camila Morgado,Article utilisant une Infobox
Jessica Warner-Judd,https://fr.wikipedia.org/?curid=6422889,https://fr.wikipedia.org/wiki/Jessica Warner-Judd,Wikip\u00e9dia:\u00e9bauche athl\u00e8te britannique
Pavla Vincourov\u00e1,https://fr.wikipedia.org/?curid=6422974,https://fr.wikipedia.org/wiki/Pavla Vincourov\u00e1,Article utilisant une Infobox
Daisy Jepkemei,https://fr.wikipedia.org/?curid=6423021,https://fr.wikipedia.org/wiki/Daisy Jepkemei,Wikip\u00e9dia:\u00e9bauche athl\u00e8te k\u00e9nyan
Katharina Grompe,https://fr.wikipedia.org/?curid=6426153,https://fr.wikipedia.org/wiki/Katharina Grompe,Wikip\u00e9dia:\u00e9bauche athl\u00e8te allemand
Thomas Mann,https://fr.wikipedia.org/?curid=64262,https://fr.wikipedia.org/wiki/Thomas Mann,Page utilisant P569
Let\u00edcia Hage,https://fr.wikipedia.org/?curid=6426385,https://fr.wikipedia.org/wiki/Let\u00edcia Hage,Article \u00e0 illustrer Joueur de volley-ball
Sarah Schermerhorn,https://fr.wikipedia.org/?curid=6426459,https://fr.wikipedia.org/wiki/Sarah Schermerhorn,Wikip\u00e9dia:\u00e9bauche joueuse am\u00e9ricaine de volley-ball
Magdalena Moguilevsky,https://fr.wikipedia.org/?curid=6288335,https://fr.wikipedia.org/wiki/Magdalena Moguilevsky,Wikip\u00e9dia:\u00e9bauche acteur argentin
Anna\u00efg Butel,https://fr.wikipedia.org/?curid=6268304,https://fr.wikipedia.org/wiki/Anna\u00efg Butel,Article utilisant une Infobox
Laura Pous Ti\u00f3,https://fr.wikipedia.org/?curid=6270486,https://fr.wikipedia.org/wiki/Laura Pous Ti\u00f3,Article utilisant une Infobox
Tazmin Brits,https://fr.wikipedia.org/?curid=6271853,https://fr.wikipedia.org/wiki/Tazmin Brits,Wikip\u00e9dia:\u00e9bauche athl\u00e8te sud-africain
Tamara Hope,https://fr.wikipedia.org/?curid=6260929,https://fr.wikipedia.org/wiki/Tamara Hope,Page utilisant P569
Fantu Magiso,https://fr.wikipedia.org/?curid=6291916,https://fr.wikipedia.org/wiki/Fantu Magiso,Wikip\u00e9dia:\u00e9bauche athl\u00e8te \u00e9thiopien
Bronwyn Thompson,https://fr.wikipedia.org/?curid=6290226,https://fr.wikipedia.org/wiki/Bronwyn Thompson,Wikip\u00e9dia:\u00e9bauche athl\u00e8te australien
If You Had My Love,https://fr.wikipedia.org/?curid=6278398,https://fr.wikipedia.org/wiki/If You Had My Love,Article utilisant une Infobox
Marie-\u00c8ve Nault,https://fr.wikipedia.org/?curid=6278917,https://fr.wikipedia.org/wiki/Marie-\u00c8ve Nault,Article utilisant une Infobox
I'm Real,https://fr.wikipedia.org/?curid=6279022,https://fr.wikipedia.org/wiki/I'm Real,Article utilisant une Infobox
Anna Tatishvili,https://fr.wikipedia.org/?curid=6276313,https://fr.wikipedia.org/wiki/Anna Tatishvili,Article utilisant une Infobox
Ang\u00e9lica Rivera,https://fr.wikipedia.org/?curid=6277171,https://fr.wikipedia.org/wiki/Ang\u00e9lica Rivera,Wikip\u00e9dia:\u00e9bauche acteur mexicain
Ver\u00f3nica Castro,https://fr.wikipedia.org/?curid=6277218,https://fr.wikipedia.org/wiki/Ver\u00f3nica Castro,Wikip\u00e9dia:\u00e9bauche acteur mexicain
Gabriela Tsvetanova,https://fr.wikipedia.org/?curid=6247995,https://fr.wikipedia.org/wiki/Gabriela Tsvetanova,Article \u00e0 illustrer Joueur de volley-ball
Tamara Raki\u0107,https://fr.wikipedia.org/?curid=6248018,https://fr.wikipedia.org/wiki/Tamara Raki\u0107,Article utilisant une Infobox
Vesela Boncheva,https://fr.wikipedia.org/?curid=6251319,https://fr.wikipedia.org/wiki/Vesela Boncheva,Article utilisant une Infobox
Marina Pilipenko,https://fr.wikipedia.org/?curid=6251344,https://fr.wikipedia.org/wiki/Marina Pilipenko,Article \u00e0 illustrer Joueur de volley-ball
Andressa Picussa,https://fr.wikipedia.org/?curid=6260092,https://fr.wikipedia.org/wiki/Andressa Picussa,Article utilisant une Infobox
Tamara Danilova,https://fr.wikipedia.org/?curid=6257980,https://fr.wikipedia.org/wiki/Tamara Danilova,Wikip\u00e9dia:\u00e9bauche athl\u00e8te sovi\u00e9tique
Claudia Steger,https://fr.wikipedia.org/?curid=6261719,https://fr.wikipedia.org/wiki/Claudia Steger,Article utilisant une Infobox
Pamela D\u00edaz,https://fr.wikipedia.org/?curid=6261855,https://fr.wikipedia.org/wiki/Pamela D\u00edaz,Wikip\u00e9dia:\u00e9bauche mannequin chilien
Ami \u014ctaki,https://fr.wikipedia.org/?curid=6263799,https://fr.wikipedia.org/wiki/Ami \u014ctaki,Article utilisant une Infobox
Sonja Klisura,https://fr.wikipedia.org/?curid=6263320,https://fr.wikipedia.org/wiki/Sonja Klisura,Article \u00e0 illustrer Joueur de volley-ball
Park Min-young,https://fr.wikipedia.org/?curid=6275047,https://fr.wikipedia.org/wiki/Park Min-young,Article utilisant une Infobox
Katalin Kiss,https://fr.wikipedia.org/?curid=6253840,https://fr.wikipedia.org/wiki/Katalin Kiss,Article \u00e0 illustrer Joueur de volley-ball
Monika Potokar,https://fr.wikipedia.org/?curid=6249673,https://fr.wikipedia.org/wiki/Monika Potokar,Article utilisant une Infobox
Fatima Yvelain,https://fr.wikipedia.org/?curid=6254481,https://fr.wikipedia.org/wiki/Fatima Yvelain,Wikip\u00e9dia:\u00e9bauche athl\u00e8te fran\u00e7ais
Kelly Sweet,https://fr.wikipedia.org/?curid=6266654,https://fr.wikipedia.org/wiki/Kelly Sweet,Article manquant de r\u00e9f\u00e9rences depuis septembre 2015
Dubravka Raki\u0107,https://fr.wikipedia.org/?curid=6267803,https://fr.wikipedia.org/wiki/Dubravka Raki\u0107,Article \u00e0 illustrer Joueur de volley-ball
Tal (chanteuse),https://fr.wikipedia.org/?curid=6180633,https://fr.wikipedia.org/wiki/Tal (chanteuse),Article utilisant une Infobox
Lioubov Iegorova (ski de fond),https://fr.wikipedia.org/?curid=618299,https://fr.wikipedia.org/wiki/Lioubov Iegorova (ski de fond),Article utilisant une Infobox
Alice Englert,https://fr.wikipedia.org/?curid=6243724,https://fr.wikipedia.org/wiki/Alice Englert,Article \u00e0 mettre \u00e0 jour
Claudia Souza,https://fr.wikipedia.org/?curid=6243736,https://fr.wikipedia.org/wiki/Claudia Souza,Article \u00e0 illustrer Joueur de volley-ball
Olga Raoni\u0107,https://fr.wikipedia.org/?curid=6243783,https://fr.wikipedia.org/wiki/Olga Raoni\u0107,Article utilisant une Infobox
Take It to the Head,https://fr.wikipedia.org/?curid=6243951,https://fr.wikipedia.org/wiki/Take It to the Head,Article utilisant une Infobox
Ana Mulvoy Ten,https://fr.wikipedia.org/?curid=6245853,https://fr.wikipedia.org/wiki/Ana Mulvoy Ten,Article utilisant une Infobox
Aleksandra Milosavljevi\u0107,https://fr.wikipedia.org/?curid=6245979,https://fr.wikipedia.org/wiki/Aleksandra Milosavljevi\u0107,Article \u00e0 illustrer Joueur de volley-ball
Milica Terzi\u0107,https://fr.wikipedia.org/?curid=6246019,https://fr.wikipedia.org/wiki/Milica Terzi\u0107,Article \u00e0 illustrer Joueur de volley-ball
Mercy Nku,https://fr.wikipedia.org/?curid=6158125,https://fr.wikipedia.org/wiki/Mercy Nku,Wikip\u00e9dia:\u00e9bauche athl\u00e8te nig\u00e9rian
Azealia Banks,https://fr.wikipedia.org/?curid=6168652,https://fr.wikipedia.org/wiki/Azealia Banks,Article utilisant une Infobox
Dance (A$$),https://fr.wikipedia.org/?curid=6169109,https://fr.wikipedia.org/wiki/Dance (A$$),Article utilisant une Infobox
Grace Umelo,https://fr.wikipedia.org/?curid=6165231,https://fr.wikipedia.org/wiki/Grace Umelo,Wikip\u00e9dia:\u00e9bauche athl\u00e8te nig\u00e9rian
Daniela Rojkov\u00e1,https://fr.wikipedia.org/?curid=6209343,https://fr.wikipedia.org/wiki/Daniela Rojkov\u00e1,Article \u00e0 illustrer Joueur de volley-ball
Sandra Kiriasis,https://fr.wikipedia.org/?curid=619966,https://fr.wikipedia.org/wiki/Sandra Kiriasis,Wikip\u00e9dia:\u00e9bauche bobsleigh
Marie-Jos\u00e8phe de Saxe (1731-1767),https://fr.wikipedia.org/?curid=623563,https://fr.wikipedia.org/wiki/Marie-Jos\u00e8phe de Saxe (1731-1767),Article utilisant une Infobox
Petra Kramolc,https://fr.wikipedia.org/?curid=6237970,https://fr.wikipedia.org/wiki/Petra Kramolc,Article \u00e0 illustrer Joueur de volley-ball
Dame Kasa,https://fr.wikipedia.org/?curid=6145333,https://fr.wikipedia.org/wiki/Dame Kasa,Page utilisant P1559
Karla Bonoff,https://fr.wikipedia.org/?curid=6147465,https://fr.wikipedia.org/wiki/Karla Bonoff,Page utilisant P19
Gloria Asumnu,https://fr.wikipedia.org/?curid=6147086,https://fr.wikipedia.org/wiki/Gloria Asumnu,Article utilisant une Infobox
Starships,https://fr.wikipedia.org/?curid=6084375,https://fr.wikipedia.org/wiki/Starships,Article utilisant une Infobox
Gorana Mari\u010di\u0107,https://fr.wikipedia.org/?curid=6084679,https://fr.wikipedia.org/wiki/Gorana Mari\u010di\u0107,Article utilisant une Infobox
Pi\u00e8ce de 10 centimes Marianne,https://fr.wikipedia.org/?curid=608351,https://fr.wikipedia.org/wiki/Pi\u00e8ce de 10 centimes Marianne,Wikip\u00e9dia:\u00e9bauche numismatique
Nancy Cartwright (actrice),https://fr.wikipedia.org/?curid=649622,https://fr.wikipedia.org/wiki/Nancy Cartwright (actrice),Article utilisant une Infobox
Julie Kavner,https://fr.wikipedia.org/?curid=649678,https://fr.wikipedia.org/wiki/Julie Kavner,Wikip\u00e9dia:\u00e9bauche acteur am\u00e9ricain
Liste de grimpeurs et d'alpinistes,https://fr.wikipedia.org/?curid=6500151,https://fr.wikipedia.org/wiki/Liste de grimpeurs et d'alpinistes,Article contenant un lien mort
Natalia Levtchenkova,https://fr.wikipedia.org/?curid=650153,https://fr.wikipedia.org/wiki/Natalia Levtchenkova,Wikip\u00e9dia:\u00e9bauche biathlon
Kristina Savitskaya,https://fr.wikipedia.org/?curid=6468057,https://fr.wikipedia.org/wiki/Kristina Savitskaya,Article utilisant une Infobox
Erin Densham,https://fr.wikipedia.org/?curid=6476954,https://fr.wikipedia.org/wiki/Erin Densham,Article utilisant une Infobox
Gabriela M\u0103rginean,https://fr.wikipedia.org/?curid=6482183,https://fr.wikipedia.org/wiki/Gabriela M\u0103rginean,Article utilisant une Infobox
Liste des joueuses du Pays d'Aix Basket 13,https://fr.wikipedia.org/?curid=6481043,https://fr.wikipedia.org/wiki/Liste des joueuses du Pays d'Aix Basket 13,Portail:Basket-ball/Articles li\u00e9s
Liste des joueuses de Lyon Basket f\u00e9minin,https://fr.wikipedia.org/?curid=6481049,https://fr.wikipedia.org/wiki/Liste des joueuses de Lyon Basket f\u00e9minin,Article contenant un appel \u00e0 traduction en anglais
Lisa Brennauer,https://fr.wikipedia.org/?curid=6481287,https://fr.wikipedia.org/wiki/Lisa Brennauer,Page utilisant P569
Liste des joueuses de Nantes-Rez\u00e9 Basket 44,https://fr.wikipedia.org/?curid=6480990,https://fr.wikipedia.org/wiki/Liste des joueuses de Nantes-Rez\u00e9 Basket 44,Portail:Basket-ball/Articles li\u00e9s
Liste des joueuses d'Arras Pays d'Artois Basket F\u00e9minin,https://fr.wikipedia.org/?curid=6481003,https://fr.wikipedia.org/wiki/Liste des joueuses d'Arras Pays d'Artois Basket F\u00e9minin,Portail:Basket-ball/Articles li\u00e9s
Liste des joueuses de Basket Landes,https://fr.wikipedia.org/?curid=6481007,https://fr.wikipedia.org/wiki/Liste des joueuses de Basket Landes,Article contenant un appel \u00e0 traduction en italien
Alexandra Tchangoue,https://fr.wikipedia.org/?curid=6482317,https://fr.wikipedia.org/wiki/Alexandra Tchangoue,Article \u00e0 illustrer Joueur de basket-ball
Ekaterina Guliyev,https://fr.wikipedia.org/?curid=6482952,https://fr.wikipedia.org/wiki/Ekaterina Guliyev,Wikip\u00e9dia:\u00e9bauche athl\u00e8te russe
Christine Day,https://fr.wikipedia.org/?curid=6482961,https://fr.wikipedia.org/wiki/Christine Day,Wikip\u00e9dia:\u00e9bauche athl\u00e8te jama\u00efcain
Diamond Dixon,https://fr.wikipedia.org/?curid=6483036,https://fr.wikipedia.org/wiki/Diamond Dixon,Wikip\u00e9dia:\u00e9bauche athl\u00e8te am\u00e9ricain
Samantha Henry-Robinson,https://fr.wikipedia.org/?curid=6483053,https://fr.wikipedia.org/wiki/Samantha Henry-Robinson,Wikip\u00e9dia:\u00e9bauche athl\u00e8te jama\u00efcain
Fabienne Constant,https://fr.wikipedia.org/?curid=6483122,https://fr.wikipedia.org/wiki/Fabienne Constant,Article \u00e0 illustrer Joueur de basket-ball
Julie Legoupil,https://fr.wikipedia.org/?curid=6483152,https://fr.wikipedia.org/wiki/Julie Legoupil,Wikip\u00e9dia:\u00e9bauche basket-ball
Sandra Dimbour,https://fr.wikipedia.org/?curid=6465723,https://fr.wikipedia.org/wiki/Sandra Dimbour,Article utilisant une Infobox
Sunny (chanteuse),https://fr.wikipedia.org/?curid=6463989,https://fr.wikipedia.org/wiki/Sunny (chanteuse),Article utilisant une Infobox
Park Ji-yeon,https://fr.wikipedia.org/?curid=6461864,https://fr.wikipedia.org/wiki/Park Ji-yeon,Article utilisant une Infobox
Ma\u00efa Oussova,https://fr.wikipedia.org/?curid=646188,https://fr.wikipedia.org/wiki/Ma\u00efa Oussova,Wikip\u00e9dia:\u00e9bauche patinage artistique
So Yeon,https://fr.wikipedia.org/?curid=6462205,https://fr.wikipedia.org/wiki/So Yeon,Wikip\u00e9dia:\u00e9bauche chanteur sud-cor\u00e9en
Clarisse Agb\u00e9gn\u00e9nou,https://fr.wikipedia.org/?curid=6462993,https://fr.wikipedia.org/wiki/Clarisse Agb\u00e9gn\u00e9nou,Article utilisant une Infobox
Premi\u00e8re dame d'\u00c9gypte,https://fr.wikipedia.org/?curid=6469445,https://fr.wikipedia.org/wiki/Premi\u00e8re dame d'\u00c9gypte,Portail:\u00c9gypte/Articles li\u00e9s
Lena Gschwendtner,https://fr.wikipedia.org/?curid=6468866,https://fr.wikipedia.org/wiki/Lena Gschwendtner,Article \u00e0 illustrer Joueur de volley-ball
\u00c9milie Lecomte,https://fr.wikipedia.org/?curid=6469619,https://fr.wikipedia.org/wiki/\u00c9milie Lecomte,Page utilisant P569
Premi\u00e8re dame du P\u00e9rou,https://fr.wikipedia.org/?curid=6469660,https://fr.wikipedia.org/wiki/Premi\u00e8re dame du P\u00e9rou,Article contenant un appel \u00e0 traduction en espagnol
Yuri Alvear,https://fr.wikipedia.org/?curid=6469854,https://fr.wikipedia.org/wiki/Yuri Alvear,Article utilisant une Infobox
Nicola Spirig,https://fr.wikipedia.org/?curid=6468626,https://fr.wikipedia.org/wiki/Nicola Spirig,Page utilisant P569
Shona Thorburn,https://fr.wikipedia.org/?curid=6476988,https://fr.wikipedia.org/wiki/Shona Thorburn,Article utilisant une Infobox
In\u00e8s Dhaou,https://fr.wikipedia.org/?curid=6478049,https://fr.wikipedia.org/wiki/In\u00e8s Dhaou,Wikip\u00e9dia:\u00e9bauche footballeuse fran\u00e7aise
Ganna Kyrychenko,https://fr.wikipedia.org/?curid=6493053,https://fr.wikipedia.org/wiki/Ganna Kyrychenko,Article utilisant une Infobox
Yangzom Brauen,https://fr.wikipedia.org/?curid=6487857,https://fr.wikipedia.org/wiki/Yangzom Brauen,Page utilisant P569
Tanith Belbin,https://fr.wikipedia.org/?curid=648923,https://fr.wikipedia.org/wiki/Tanith Belbin,Article utilisant une Infobox
Bla\u017ea Pintari\u010d,https://fr.wikipedia.org/?curid=6488666,https://fr.wikipedia.org/wiki/Bla\u017ea Pintari\u010d,Wikip\u00e9dia:\u00e9bauche coureur cycliste slov\u00e8ne
Nicola Minichiello,https://fr.wikipedia.org/?curid=649222,https://fr.wikipedia.org/wiki/Nicola Minichiello,Wikip\u00e9dia:\u00e9bauche bobsleigh
Ganna Aksamit,https://fr.wikipedia.org/?curid=6489443,https://fr.wikipedia.org/wiki/Ganna Aksamit,Article \u00e0 illustrer Joueur de volley-ball
Olena Hrushyna,https://fr.wikipedia.org/?curid=648961,https://fr.wikipedia.org/wiki/Olena Hrushyna,Wikip\u00e9dia:\u00e9bauche patinage artistique
Sarah Ammerman,https://fr.wikipedia.org/?curid=6487287,https://fr.wikipedia.org/wiki/Sarah Ammerman,Wikip\u00e9dia:\u00e9bauche joueuse am\u00e9ricaine de volley-ball
Linda Bousbaa,https://fr.wikipedia.org/?curid=6484563,https://fr.wikipedia.org/wiki/Linda Bousbaa,Article \u00e0 illustrer Joueur de basket-ball
Olena Sytch,https://fr.wikipedia.org/?curid=6483710,https://fr.wikipedia.org/wiki/Olena Sytch,Wikip\u00e9dia:\u00e9bauche sportif
Aljona Savchenko,https://fr.wikipedia.org/?curid=647104,https://fr.wikipedia.org/wiki/Aljona Savchenko,Wikip\u00e9dia:\u00e9bauche patinage artistique
Vincent Luis,https://fr.wikipedia.org/?curid=6458972,https://fr.wikipedia.org/wiki/Vincent Luis,Article utilisant une Infobox
Laurent Vidal,https://fr.wikipedia.org/?curid=6459008,https://fr.wikipedia.org/wiki/Laurent Vidal,Article utilisant une Infobox
Kathy Tremblay,https://fr.wikipedia.org/?curid=6459048,https://fr.wikipedia.org/wiki/Kathy Tremblay,Wikip\u00e9dia:\u00e9bauche triathl\u00e8te
Shelley Olds,https://fr.wikipedia.org/?curid=6458633,https://fr.wikipedia.org/wiki/Shelley Olds,Wikip\u00e9dia:\u00e9bauche coureur cycliste am\u00e9ricain
Carole P\u00e9on,https://fr.wikipedia.org/?curid=6458678,https://fr.wikipedia.org/wiki/Carole P\u00e9on,Article utilisant une Infobox
Jelena Blagojevi\u0107,https://fr.wikipedia.org/?curid=6465159,https://fr.wikipedia.org/wiki/Jelena Blagojevi\u0107,Article utilisant une Infobox
Victoria Song,https://fr.wikipedia.org/?curid=6465494,https://fr.wikipedia.org/wiki/Victoria Song,Article utilisant une Infobox
Krystal Jung,https://fr.wikipedia.org/?curid=6465063,https://fr.wikipedia.org/wiki/Krystal Jung,Article contenant un lien mort
An Kum-ae,https://fr.wikipedia.org/?curid=6458263,https://fr.wikipedia.org/wiki/An Kum-ae,Article \u00e0 illustrer Judoka
Aya Terakawa,https://fr.wikipedia.org/?curid=6460451,https://fr.wikipedia.org/wiki/Aya Terakawa,Wikip\u00e9dia:\u00e9bauche natation
Alissa Czisny,https://fr.wikipedia.org/?curid=6460706,https://fr.wikipedia.org/wiki/Alissa Czisny,Wikip\u00e9dia:\u00e9bauche patinage artistique
Laura Emonts,https://fr.wikipedia.org/?curid=6461681,https://fr.wikipedia.org/wiki/Laura Emonts,Article utilisant une Infobox
Annette Edmondson,https://fr.wikipedia.org/?curid=6461038,https://fr.wikipedia.org/wiki/Annette Edmondson,Page utilisant P569
Gabrielle Douglas,https://fr.wikipedia.org/?curid=6462783,https://fr.wikipedia.org/wiki/Gabrielle Douglas,Article contenant un appel \u00e0 traduction en anglais
Oksana Grichtchouk,https://fr.wikipedia.org/?curid=646288,https://fr.wikipedia.org/wiki/Oksana Grichtchouk,Wikip\u00e9dia:\u00e9bauche patinage artistique
Alice Schlesinger,https://fr.wikipedia.org/?curid=6462897,https://fr.wikipedia.org/wiki/Alice Schlesinger,Article utilisant une Infobox
Grimes (musicienne),https://fr.wikipedia.org/?curid=6460369,https://fr.wikipedia.org/wiki/Grimes (musicienne),Article utilisant une Infobox
Marti Malloy,https://fr.wikipedia.org/?curid=6459927,https://fr.wikipedia.org/wiki/Marti Malloy,Wikip\u00e9dia:\u00e9bauche judo
Shin A-lam,https://fr.wikipedia.org/?curid=6459933,https://fr.wikipedia.org/wiki/Shin A-lam,Wikip\u00e9dia:\u00e9bauche escrimeuse sud-cor\u00e9enne
Corina C\u0103prioriu,https://fr.wikipedia.org/?curid=6460038,https://fr.wikipedia.org/wiki/Corina C\u0103prioriu,Wikip\u00e9dia:\u00e9bauche judo
Michela Ponza,https://fr.wikipedia.org/?curid=646131,https://fr.wikipedia.org/wiki/Michela Ponza,Wikip\u00e9dia:\u00e9bauche biathlon
Elfgard Schittenhelm,https://fr.wikipedia.org/?curid=6167489,https://fr.wikipedia.org/wiki/Elfgard Schittenhelm,Wikip\u00e9dia:\u00e9bauche athl\u00e8te allemand
Emeli Sand\u00e9,https://fr.wikipedia.org/?curid=6167586,https://fr.wikipedia.org/wiki/Emeli Sand\u00e9,Article utilisant une Infobox
Nina Holm\u00e9n,https://fr.wikipedia.org/?curid=6167621,https://fr.wikipedia.org/wiki/Nina Holm\u00e9n,Wikip\u00e9dia:\u00e9bauche athl\u00e8te finlandais
Tetyana Filonyuk,https://fr.wikipedia.org/?curid=6177507,https://fr.wikipedia.org/wiki/Tetyana Filonyuk,Wikip\u00e9dia:\u00e9bauche athl\u00e8te ukrainien
