Name,URL1,URL2,First Category
Magritte du meilleur espoir f\u00e9minin,https://fr.wikipedia.org/?curid=6899318,https://fr.wikipedia.org/wiki/Magritte du meilleur espoir f\u00e9minin,Article \u00e0 illustrer R\u00e9compense
Sophie-Tith,https://fr.wikipedia.org/?curid=6920285,https://fr.wikipedia.org/wiki/Sophie-Tith,Article utilisant une Infobox
Elizabeth Amolofo,https://fr.wikipedia.org/?curid=6921428,https://fr.wikipedia.org/wiki/Elizabeth Amolofo,Wikip\u00e9dia:\u00e9bauche athl\u00e8te ghan\u00e9en
Claudia Kohde-Kilsch,https://fr.wikipedia.org/?curid=689294,https://fr.wikipedia.org/wiki/Claudia Kohde-Kilsch,Article utilisant une Infobox
Xiomara Rivero,https://fr.wikipedia.org/?curid=6893289,https://fr.wikipedia.org/wiki/Xiomara Rivero,Wikip\u00e9dia:\u00e9bauche athl\u00e8te cubain
Laura Heyrman,https://fr.wikipedia.org/?curid=6893478,https://fr.wikipedia.org/wiki/Laura Heyrman,Article utilisant une Infobox
Karine Muijlwijk,https://fr.wikipedia.org/?curid=6893499,https://fr.wikipedia.org/wiki/Karine Muijlwijk,Article utilisant une Infobox
Elena Vodorezova,https://fr.wikipedia.org/?curid=6897406,https://fr.wikipedia.org/wiki/Elena Vodorezova,Wikip\u00e9dia:\u00e9bauche patinage artistique
Svenja Engelhardt,https://fr.wikipedia.org/?curid=6897430,https://fr.wikipedia.org/wiki/Svenja Engelhardt,Article \u00e0 illustrer Joueur de volley-ball
Nikola Nemcov\u00e1,https://fr.wikipedia.org/?curid=6895231,https://fr.wikipedia.org/wiki/Nikola Nemcov\u00e1,Article \u00e0 illustrer Joueur de volley-ball
Christina Speer,https://fr.wikipedia.org/?curid=6895267,https://fr.wikipedia.org/wiki/Christina Speer,Wikip\u00e9dia:\u00e9bauche joueuse am\u00e9ricaine de volley-ball
Olga Turchak,https://fr.wikipedia.org/?curid=6878747,https://fr.wikipedia.org/wiki/Olga Turchak,Wikip\u00e9dia:\u00e9bauche athl\u00e8te kazakh
Brittney Brimmage,https://fr.wikipedia.org/?curid=6891280,https://fr.wikipedia.org/wiki/Brittney Brimmage,Wikip\u00e9dia:\u00e9bauche joueuse am\u00e9ricaine de volley-ball
Carolina Mestrovic,https://fr.wikipedia.org/?curid=6892058,https://fr.wikipedia.org/wiki/Carolina Mestrovic,Article utilisant une Infobox
Kristina Kicka,https://fr.wikipedia.org/?curid=6889411,https://fr.wikipedia.org/wiki/Kristina Kicka,Article utilisant une Infobox
Tara Lynne Barr,https://fr.wikipedia.org/?curid=6889767,https://fr.wikipedia.org/wiki/Tara Lynne Barr,Wikip\u00e9dia:\u00e9bauche acteur am\u00e9ricain
Karolien Verstrepen,https://fr.wikipedia.org/?curid=6880595,https://fr.wikipedia.org/wiki/Karolien Verstrepen,Article \u00e0 illustrer Joueur de volley-ball
Barbara Bawo\u0142,https://fr.wikipedia.org/?curid=6880619,https://fr.wikipedia.org/wiki/Barbara Bawo\u0142,Article utilisant une Infobox
Andrea Berg (volley-ball),https://fr.wikipedia.org/?curid=6880633,https://fr.wikipedia.org/wiki/Andrea Berg (volley-ball),Article \u00e0 illustrer Joueur de volley-ball
Amanda Dowdy,https://fr.wikipedia.org/?curid=6880673,https://fr.wikipedia.org/wiki/Amanda Dowdy,Wikip\u00e9dia:\u00e9bauche joueuse am\u00e9ricaine de volley-ball
Gergana Marinova,https://fr.wikipedia.org/?curid=6887340,https://fr.wikipedia.org/wiki/Gergana Marinova,Article utilisant une Infobox
Seema Biswas,https://fr.wikipedia.org/?curid=687977,https://fr.wikipedia.org/wiki/Seema Biswas,Article utilisant une Infobox
Mireia Mir\u00f3 Varela,https://fr.wikipedia.org/?curid=6925527,https://fr.wikipedia.org/wiki/Mireia Mir\u00f3 Varela,Wikip\u00e9dia:\u00e9bauche ski
Marie-Bernadette Mbuyamba,https://fr.wikipedia.org/?curid=6810201,https://fr.wikipedia.org/wiki/Marie-Bernadette Mbuyamba,Article \u00e0 illustrer Joueur de basket-ball
Matea Magdi\u0107,https://fr.wikipedia.org/?curid=6807820,https://fr.wikipedia.org/wiki/Matea Magdi\u0107,Article \u00e0 illustrer Joueur de volley-ball
Marija Jovanovi\u0107 (volley-ball),https://fr.wikipedia.org/?curid=6807844,https://fr.wikipedia.org/wiki/Marija Jovanovi\u0107 (volley-ball),Article \u00e0 illustrer Joueur de volley-ball
Emily Brown,https://fr.wikipedia.org/?curid=6809926,https://fr.wikipedia.org/wiki/Emily Brown,Wikip\u00e9dia:\u00e9bauche joueuse am\u00e9ricaine de volley-ball
Liu Shiying,https://fr.wikipedia.org/?curid=6765935,https://fr.wikipedia.org/wiki/Liu Shiying,Wikip\u00e9dia:\u00e9bauche athl\u00e8te chinois
Senbere Teferi,https://fr.wikipedia.org/?curid=6766177,https://fr.wikipedia.org/wiki/Senbere Teferi,Wikip\u00e9dia:\u00e9bauche athl\u00e8te \u00e9thiopien
Alexandra Purvis,https://fr.wikipedia.org/?curid=6800404,https://fr.wikipedia.org/wiki/Alexandra Purvis,Wikip\u00e9dia:\u00e9bauche acteur canadien
Ievguenia Belova,https://fr.wikipedia.org/?curid=6800953,https://fr.wikipedia.org/wiki/Ievguenia Belova,Article \u00e0 illustrer Joueur de volley-ball
Izabela Lema\u0144czyk,https://fr.wikipedia.org/?curid=6801025,https://fr.wikipedia.org/wiki/Izabela Lema\u0144czyk,Article utilisant une Infobox
Kristin Boese,https://fr.wikipedia.org/?curid=6797818,https://fr.wikipedia.org/wiki/Kristin Boese,Article contenant un lien mort
Ivana Kalebi\u0107,https://fr.wikipedia.org/?curid=6798018,https://fr.wikipedia.org/wiki/Ivana Kalebi\u0107,Article \u00e0 illustrer Joueur de volley-ball
Dominique Gallego,https://fr.wikipedia.org/?curid=6796951,https://fr.wikipedia.org/wiki/Dominique Gallego,Article utilisant une Infobox
Leanne Smith,https://fr.wikipedia.org/?curid=6797206,https://fr.wikipedia.org/wiki/Leanne Smith,Article utilisant une Infobox
Lauren van Oosten,https://fr.wikipedia.org/?curid=6797236,https://fr.wikipedia.org/wiki/Lauren van Oosten,Article utilisant une Infobox
Maud Medenou,https://fr.wikipedia.org/?curid=6774678,https://fr.wikipedia.org/wiki/Maud Medenou,Article utilisant une Infobox
Lucie Ignace,https://fr.wikipedia.org/?curid=6792233,https://fr.wikipedia.org/wiki/Lucie Ignace,Article \u00e0 illustrer Sportif
Nadezhda Skardino,https://fr.wikipedia.org/?curid=6793860,https://fr.wikipedia.org/wiki/Nadezhda Skardino,Wikip\u00e9dia:\u00e9bauche biathlon
Amy S\u00e8ne,https://fr.wikipedia.org/?curid=6793253,https://fr.wikipedia.org/wiki/Amy S\u00e8ne,Wikip\u00e9dia:\u00e9bauche athl\u00e8te s\u00e9n\u00e9galais
Nora Bogdanova,https://fr.wikipedia.org/?curid=6795532,https://fr.wikipedia.org/wiki/Nora Bogdanova,Article \u00e0 illustrer Joueur de volley-ball
Yumi Kazama,https://fr.wikipedia.org/?curid=6800086,https://fr.wikipedia.org/wiki/Yumi Kazama,Page utilisant P569
Paulina G\u0142az,https://fr.wikipedia.org/?curid=6805963,https://fr.wikipedia.org/wiki/Paulina G\u0142az,Article utilisant une Infobox
Ivana Radonji\u0107,https://fr.wikipedia.org/?curid=6803821,https://fr.wikipedia.org/wiki/Ivana Radonji\u0107,Article \u00e0 illustrer Joueur de volley-ball
Aleksandra Krzos,https://fr.wikipedia.org/?curid=6803831,https://fr.wikipedia.org/wiki/Aleksandra Krzos,Article utilisant une Infobox
Olga Safronova,https://fr.wikipedia.org/?curid=6774083,https://fr.wikipedia.org/wiki/Olga Safronova,Wikip\u00e9dia:\u00e9bauche athl\u00e8te kazakh
Rui Akikawa,https://fr.wikipedia.org/?curid=6778841,https://fr.wikipedia.org/wiki/Rui Akikawa,Article utilisant une Infobox
Balian Buschbaum,https://fr.wikipedia.org/?curid=6777956,https://fr.wikipedia.org/wiki/Balian Buschbaum,Wikip\u00e9dia:\u00e9bauche athl\u00e8te allemand
Pirkko Helenius,https://fr.wikipedia.org/?curid=6777698,https://fr.wikipedia.org/wiki/Pirkko Helenius,Wikip\u00e9dia:\u00e9bauche athl\u00e8te finlandais
Ma\u0142gorzata Niemczyk,https://fr.wikipedia.org/?curid=6777900,https://fr.wikipedia.org/wiki/Ma\u0142gorzata Niemczyk,Article utilisant une Infobox
Sandra Pir\u0161i\u0107,https://fr.wikipedia.org/?curid=6765720,https://fr.wikipedia.org/wiki/Sandra Pir\u0161i\u0107,Article \u00e0 illustrer Joueur de basket-ball
Marta Siwka,https://fr.wikipedia.org/?curid=6766720,https://fr.wikipedia.org/wiki/Marta Siwka,Article \u00e0 illustrer Joueur de volley-ball
Iga Chojnacka,https://fr.wikipedia.org/?curid=6764501,https://fr.wikipedia.org/wiki/Iga Chojnacka,Article utilisant une Infobox
Gamze T\u00fcrk,https://fr.wikipedia.org/?curid=6764536,https://fr.wikipedia.org/wiki/Gamze T\u00fcrk,Article \u00e0 illustrer Joueur de volley-ball
Kadecia Baird,https://fr.wikipedia.org/?curid=6764589,https://fr.wikipedia.org/wiki/Kadecia Baird,Wikip\u00e9dia:\u00e9bauche athl\u00e8te
Krista P\u00e4rm\u00e4koski,https://fr.wikipedia.org/?curid=6785531,https://fr.wikipedia.org/wiki/Krista P\u00e4rm\u00e4koski,Article utilisant une Infobox
Kate Aldrich,https://fr.wikipedia.org/?curid=6785742,https://fr.wikipedia.org/wiki/Kate Aldrich,Page utilisant P569
Paola Ampudia,https://fr.wikipedia.org/?curid=6786400,https://fr.wikipedia.org/wiki/Paola Ampudia,Article utilisant une Infobox
Jessica Diggins,https://fr.wikipedia.org/?curid=6782966,https://fr.wikipedia.org/wiki/Jessica Diggins,Article utilisant une Infobox
Marika Eklund,https://fr.wikipedia.org/?curid=6776924,https://fr.wikipedia.org/wiki/Marika Eklund,Wikip\u00e9dia:\u00e9bauche athl\u00e8te finlandais
Zoubida Laayouni,https://fr.wikipedia.org/?curid=6776952,https://fr.wikipedia.org/wiki/Zoubida Laayouni,Wikip\u00e9dia:\u00e9bauche athl\u00e8te marocain
Adine Fafard-Drolet,https://fr.wikipedia.org/?curid=6787457,https://fr.wikipedia.org/wiki/Adine Fafard-Drolet,Article utilisant une Infobox
Aleksandra Sikorska (volley-ball),https://fr.wikipedia.org/?curid=6786449,https://fr.wikipedia.org/wiki/Aleksandra Sikorska (volley-ball),Article utilisant une Infobox
Diana Yankey,https://fr.wikipedia.org/?curid=6776821,https://fr.wikipedia.org/wiki/Diana Yankey,Wikip\u00e9dia:\u00e9bauche athl\u00e8te ghan\u00e9en
Natalia Sroka,https://fr.wikipedia.org/?curid=6781387,https://fr.wikipedia.org/wiki/Natalia Sroka,Article utilisant une Infobox
Ana\u00efs Ventard,https://fr.wikipedia.org/?curid=6812024,https://fr.wikipedia.org/wiki/Ana\u00efs Ventard,Article utilisant une Infobox
Sonja Newcombe,https://fr.wikipedia.org/?curid=6817453,https://fr.wikipedia.org/wiki/Sonja Newcombe,Wikip\u00e9dia:\u00e9bauche joueuse am\u00e9ricaine de volley-ball
Angela Gheorghiu,https://fr.wikipedia.org/?curid=684213,https://fr.wikipedia.org/wiki/Angela Gheorghiu,Article utilisant une Infobox
Samara Felippo,https://fr.wikipedia.org/?curid=6841516,https://fr.wikipedia.org/wiki/Samara Felippo,Article utilisant une Infobox
Rosa Rodr\u00edguez,https://fr.wikipedia.org/?curid=6836309,https://fr.wikipedia.org/wiki/Rosa Rodr\u00edguez,Wikip\u00e9dia:\u00e9bauche athl\u00e8te v\u00e9n\u00e9zu\u00e9lien
Wang Junxia,https://fr.wikipedia.org/?curid=683611,https://fr.wikipedia.org/wiki/Wang Junxia,Article \u00e0 illustrer Athl\u00e8te
Karla Constant,https://fr.wikipedia.org/?curid=6837521,https://fr.wikipedia.org/wiki/Karla Constant,Article utilisant une Infobox
Laurie Mougel,https://fr.wikipedia.org/?curid=6837602,https://fr.wikipedia.org/wiki/Laurie Mougel,Article utilisant une Infobox
Marta Natanek,https://fr.wikipedia.org/?curid=6819677,https://fr.wikipedia.org/wiki/Marta Natanek,Article \u00e0 illustrer Joueur de volley-ball
Ana Ota\u0161evi\u0107,https://fr.wikipedia.org/?curid=6819693,https://fr.wikipedia.org/wiki/Ana Ota\u0161evi\u0107,Article utilisant une Infobox
Marija Jeli\u0107,https://fr.wikipedia.org/?curid=6819720,https://fr.wikipedia.org/wiki/Marija Jeli\u0107,Article \u00e0 illustrer Joueur de volley-ball
Raymonde Naigre,https://fr.wikipedia.org/?curid=6819976,https://fr.wikipedia.org/wiki/Raymonde Naigre,Wikip\u00e9dia:\u00e9bauche athl\u00e8te fran\u00e7ais
Didem Ege,https://fr.wikipedia.org/?curid=6825485,https://fr.wikipedia.org/wiki/Didem Ege,Article \u00e0 illustrer Joueur de volley-ball
Danijela Peri\u0161i\u0107,https://fr.wikipedia.org/?curid=6823797,https://fr.wikipedia.org/wiki/Danijela Peri\u0161i\u0107,Article \u00e0 illustrer Joueur de volley-ball
Toyoko Yoshino,https://fr.wikipedia.org/?curid=6813224,https://fr.wikipedia.org/wiki/Toyoko Yoshino,Wikip\u00e9dia:\u00e9bauche athl\u00e8te japonais
Nevena Iri\u010danin,https://fr.wikipedia.org/?curid=6813370,https://fr.wikipedia.org/wiki/Nevena Iri\u010danin,Article \u00e0 illustrer Joueur de volley-ball
Tamara Ga\u0142ucha,https://fr.wikipedia.org/?curid=6813395,https://fr.wikipedia.org/wiki/Tamara Ga\u0142ucha,Article utilisant une Infobox
Alexandra Kapelovies,https://fr.wikipedia.org/?curid=6821576,https://fr.wikipedia.org/wiki/Alexandra Kapelovies,Article \u00e0 illustrer Joueur de volley-ball
Dragula,https://fr.wikipedia.org/?curid=6822146,https://fr.wikipedia.org/wiki/Dragula,Article utilisant une Infobox
Living Dead Girl,https://fr.wikipedia.org/?curid=6822166,https://fr.wikipedia.org/wiki/Living Dead Girl,Article utilisant une Infobox
Arielle Wilson,https://fr.wikipedia.org/?curid=6815964,https://fr.wikipedia.org/wiki/Arielle Wilson,Wikip\u00e9dia:\u00e9bauche joueuse am\u00e9ricaine de volley-ball
Karolina Michalkiewicz,https://fr.wikipedia.org/?curid=6815993,https://fr.wikipedia.org/wiki/Karolina Michalkiewicz,Article \u00e0 illustrer Joueur de volley-ball
Ana Bogdanovi\u0107,https://fr.wikipedia.org/?curid=6816004,https://fr.wikipedia.org/wiki/Ana Bogdanovi\u0107,Article \u00e0 illustrer Joueur de volley-ball
Liste des reines des Belges,https://fr.wikipedia.org/?curid=6816549,https://fr.wikipedia.org/wiki/Liste des reines des Belges,Page utilisant une frise chronologique
Petra Majdi\u010d,https://fr.wikipedia.org/?curid=681660,https://fr.wikipedia.org/wiki/Petra Majdi\u010d,Wikip\u00e9dia:\u00e9bauche ski de fond
Stanija Maleti\u0107,https://fr.wikipedia.org/?curid=6815077,https://fr.wikipedia.org/wiki/Stanija Maleti\u0107,Article \u00e0 illustrer Joueur de volley-ball
Kristina Yordanska,https://fr.wikipedia.org/?curid=6815106,https://fr.wikipedia.org/wiki/Kristina Yordanska,Article \u00e0 illustrer Joueur de volley-ball
Ewa Kwiatkowska,https://fr.wikipedia.org/?curid=6815121,https://fr.wikipedia.org/wiki/Ewa Kwiatkowska,Article utilisant une Infobox
Kristen Dozier,https://fr.wikipedia.org/?curid=6811629,https://fr.wikipedia.org/wiki/Kristen Dozier,Wikip\u00e9dia:\u00e9bauche joueuse am\u00e9ricaine de volley-ball
Tijana Jaki\u0107,https://fr.wikipedia.org/?curid=6811657,https://fr.wikipedia.org/wiki/Tijana Jaki\u0107,Article \u00e0 illustrer Joueur de volley-ball
Lawretta Ozoh,https://fr.wikipedia.org/?curid=6814092,https://fr.wikipedia.org/wiki/Lawretta Ozoh,Wikip\u00e9dia:\u00e9bauche athl\u00e8te nig\u00e9rian
Mar\u00eda Luisa Mayol,https://fr.wikipedia.org/?curid=6818099,https://fr.wikipedia.org/wiki/Mar\u00eda Luisa Mayol,Wikip\u00e9dia:\u00e9bauche acteur chilien
Nanouche,https://fr.wikipedia.org/?curid=6817872,https://fr.wikipedia.org/wiki/Nanouche,Wikip\u00e9dia:\u00e9bauche bande dessin\u00e9e
Elene Gedevanishvili,https://fr.wikipedia.org/?curid=695760,https://fr.wikipedia.org/wiki/Elene Gedevanishvili,Wikip\u00e9dia:\u00e9bauche patinage artistique
Kiira Korpi,https://fr.wikipedia.org/?curid=695774,https://fr.wikipedia.org/wiki/Kiira Korpi,Wikip\u00e9dia:\u00e9bauche patinage artistique
Magda Jagodzi\u0144ska,https://fr.wikipedia.org/?curid=6956804,https://fr.wikipedia.org/wiki/Magda Jagodzi\u0144ska,Article utilisant une Infobox
Liste des princesses de Cond\u00e9,https://fr.wikipedia.org/?curid=6957904,https://fr.wikipedia.org/wiki/Liste des princesses de Cond\u00e9,Portail:Royaume de France/Articles li\u00e9s
Dave Scott (triathlon),https://fr.wikipedia.org/?curid=3945258,https://fr.wikipedia.org/wiki/Dave Scott (triathlon),Article utilisant une Infobox
Yvonne Baseden,https://fr.wikipedia.org/?curid=3922274,https://fr.wikipedia.org/wiki/Yvonne Baseden,Page utilisant P569
Marie-Luce Penchard,https://fr.wikipedia.org/?curid=3930439,https://fr.wikipedia.org/wiki/Marie-Luce Penchard,Article utilisant une Infobox
Fran\u00e7oise de Rohan,https://fr.wikipedia.org/?curid=3914230,https://fr.wikipedia.org/wiki/Fran\u00e7oise de Rohan,Page utilisant P569
Angelina Love,https://fr.wikipedia.org/?curid=3910544,https://fr.wikipedia.org/wiki/Angelina Love,Article \u00e0 recycler/Liste compl\u00e8te
Carole Merle,https://fr.wikipedia.org/?curid=416007,https://fr.wikipedia.org/wiki/Carole Merle,Article utilisant une Infobox
Isabelle Mir,https://fr.wikipedia.org/?curid=416008,https://fr.wikipedia.org/wiki/Isabelle Mir,Article manquant de r\u00e9f\u00e9rences depuis novembre 2013
Lucienne Schmidt-Couttet,https://fr.wikipedia.org/?curid=416522,https://fr.wikipedia.org/wiki/Lucienne Schmidt-Couttet,Article manquant de r\u00e9f\u00e9rences depuis octobre 2022
Hana Mandl\u00edkov\u00e1,https://fr.wikipedia.org/?curid=416331,https://fr.wikipedia.org/wiki/Hana Mandl\u00edkov\u00e1,Article utilisant une Infobox
Christine Goitschel,https://fr.wikipedia.org/?curid=414906,https://fr.wikipedia.org/wiki/Christine Goitschel,Page utilisant P569
Patrice Delaveau,https://fr.wikipedia.org/?curid=4060078,https://fr.wikipedia.org/wiki/Patrice Delaveau,Article utilisant une Infobox
Ned Overend,https://fr.wikipedia.org/?curid=4072885,https://fr.wikipedia.org/wiki/Ned Overend,Wikip\u00e9dia:\u00e9bauche coureur cycliste am\u00e9ricain
Liste des footballeurs internationaux belges,https://fr.wikipedia.org/?curid=4219855,https://fr.wikipedia.org/wiki/Liste des footballeurs internationaux belges,Portail:Football/Articles li\u00e9s
Salina Kosgei,https://fr.wikipedia.org/?curid=4217571,https://fr.wikipedia.org/wiki/Salina Kosgei,Article utilisant une Infobox
Sarah Stock,https://fr.wikipedia.org/?curid=4200225,https://fr.wikipedia.org/wiki/Sarah Stock,Article \u00e0 recycler/Liste compl\u00e8te
Taylor Wilde,https://fr.wikipedia.org/?curid=4200283,https://fr.wikipedia.org/wiki/Taylor Wilde,Page utilisant P27
Emma George,https://fr.wikipedia.org/?curid=4200534,https://fr.wikipedia.org/wiki/Emma George,Article \u00e0 illustrer Athl\u00e8te
Ana Moura,https://fr.wikipedia.org/?curid=4216048,https://fr.wikipedia.org/wiki/Ana Moura,Article utilisant une Infobox
Naturi Naughton,https://fr.wikipedia.org/?curid=4202196,https://fr.wikipedia.org/wiki/Naturi Naughton,Article utilisant une Infobox
Liste des monarques de Su\u00e8de,https://fr.wikipedia.org/?curid=79707,https://fr.wikipedia.org/wiki/Liste des monarques de Su\u00e8de,Portail:Su\u00e8de/Articles li\u00e9s
Irina Krush,https://fr.wikipedia.org/?curid=7989973,https://fr.wikipedia.org/wiki/Irina Krush,Page utilisant P569
Tu\u011fba Koyuncu,https://fr.wikipedia.org/?curid=7990016,https://fr.wikipedia.org/wiki/Tu\u011fba Koyuncu,Wikip\u00e9dia:\u00e9bauche athl\u00e8te turc
Deja McClendon,https://fr.wikipedia.org/?curid=8060188,https://fr.wikipedia.org/wiki/Deja McClendon,Wikip\u00e9dia:\u00e9bauche joueuse am\u00e9ricaine de volley-ball
Hayley Spelman,https://fr.wikipedia.org/?curid=8055479,https://fr.wikipedia.org/wiki/Hayley Spelman,Wikip\u00e9dia:\u00e9bauche joueuse am\u00e9ricaine de volley-ball
Meraf Bahta,https://fr.wikipedia.org/?curid=8055565,https://fr.wikipedia.org/wiki/Meraf Bahta,Wikip\u00e9dia:\u00e9bauche athl\u00e8te su\u00e9dois
Pi\u00e8ce de 100 francs Libert\u00e9 guidant le peuple,https://fr.wikipedia.org/?curid=8055054,https://fr.wikipedia.org/wiki/Pi\u00e8ce de 100 francs Libert\u00e9 guidant le peuple,Wikip\u00e9dia:\u00e9bauche numismatique
Ayumi Hamasaki,https://fr.wikipedia.org/?curid=80553,https://fr.wikipedia.org/wiki/Ayumi Hamasaki,Page utilisant P742
Hanna Hatsko-Fedusova,https://fr.wikipedia.org/?curid=8058378,https://fr.wikipedia.org/wiki/Hanna Hatsko-Fedusova,Wikip\u00e9dia:\u00e9bauche athl\u00e8te ukrainien
Ayami Mut\u014d,https://fr.wikipedia.org/?curid=7983173,https://fr.wikipedia.org/wiki/Ayami Mut\u014d,Article utilisant une Infobox
Nadezhda Kotlyarova,https://fr.wikipedia.org/?curid=7983665,https://fr.wikipedia.org/wiki/Nadezhda Kotlyarova,Wikip\u00e9dia:\u00e9bauche athl\u00e8te russe
Desir\u00e8e Henry,https://fr.wikipedia.org/?curid=8000625,https://fr.wikipedia.org/wiki/Desir\u00e8e Henry,Wikip\u00e9dia:\u00e9bauche athl\u00e8te britannique
Shericka Jackson,https://fr.wikipedia.org/?curid=8000819,https://fr.wikipedia.org/wiki/Shericka Jackson,Article utilisant une Infobox
Agn\u00e8s Raharolahy,https://fr.wikipedia.org/?curid=7998580,https://fr.wikipedia.org/wiki/Agn\u00e8s Raharolahy,Wikip\u00e9dia:\u00e9bauche athl\u00e8te fran\u00e7ais
Clarisse Moh,https://fr.wikipedia.org/?curid=7998593,https://fr.wikipedia.org/wiki/Clarisse Moh,Wikip\u00e9dia:\u00e9bauche athl\u00e8te fran\u00e7ais
Kamaria Durant,https://fr.wikipedia.org/?curid=7997362,https://fr.wikipedia.org/wiki/Kamaria Durant,Wikip\u00e9dia:\u00e9bauche athl\u00e8te trinidadien
Carolin Golubytskyi,https://fr.wikipedia.org/?curid=7208694,https://fr.wikipedia.org/wiki/Carolin Golubytskyi,Article utilisant une Infobox
Daytime Emmy Award de la meilleure jeune actrice dans une s\u00e9rie t\u00e9l\u00e9vis\u00e9e dramatique,https://fr.wikipedia.org/?curid=7224993,https://fr.wikipedia.org/wiki/Daytime Emmy Award de la meilleure jeune actrice dans une s\u00e9rie t\u00e9l\u00e9vis\u00e9e dramatique,Article contenant un appel \u00e0 traduction en anglais
Tenille Dashwood,https://fr.wikipedia.org/?curid=7225538,https://fr.wikipedia.org/wiki/Tenille Dashwood,Page du mod\u00e8le Lien web comportant une erreur
Dalilah Muhammad,https://fr.wikipedia.org/?curid=7226244,https://fr.wikipedia.org/wiki/Dalilah Muhammad,Article utilisant une Infobox
Miss Rhode Island USA,https://fr.wikipedia.org/?curid=7226654,https://fr.wikipedia.org/wiki/Miss Rhode Island USA,Article utilisant une Infobox
Miss Dakota du Nord USA,https://fr.wikipedia.org/?curid=7226698,https://fr.wikipedia.org/wiki/Miss Dakota du Nord USA,Article contenant un appel \u00e0 traduction en anglais
Cinta Laura,https://fr.wikipedia.org/?curid=7900858,https://fr.wikipedia.org/wiki/Cinta Laura,Wikip\u00e9dia:\u00e9bauche acteur allemand
G\u00e9rard Krawczyk,https://fr.wikipedia.org/?curid=78930,https://fr.wikipedia.org/wiki/G\u00e9rard Krawczyk,Article utilisant une Infobox
Antonella Del Core,https://fr.wikipedia.org/?curid=4740134,https://fr.wikipedia.org/wiki/Antonella Del Core,Article utilisant une Infobox
Anja Spasojevi\u0107,https://fr.wikipedia.org/?curid=4740565,https://fr.wikipedia.org/wiki/Anja Spasojevi\u0107,Article utilisant une Infobox
Katarzyna Bachleda-Curu\u015b,https://fr.wikipedia.org/?curid=4532486,https://fr.wikipedia.org/wiki/Katarzyna Bachleda-Curu\u015b,Wikip\u00e9dia:\u00e9bauche patinage de vitesse
Luiza Z\u0142otkowska,https://fr.wikipedia.org/?curid=4532493,https://fr.wikipedia.org/wiki/Luiza Z\u0142otkowska,Wikip\u00e9dia:\u00e9bauche patinage de vitesse
Juliette Schoppmann,https://fr.wikipedia.org/?curid=4758651,https://fr.wikipedia.org/wiki/Juliette Schoppmann,Article utilisant une Infobox
Manuela Secolo,https://fr.wikipedia.org/?curid=4759650,https://fr.wikipedia.org/wiki/Manuela Secolo,Wikip\u00e9dia:\u00e9bauche joueuse italienne de volley-ball
St\u00e9phanie de Monaco,https://fr.wikipedia.org/?curid=450555,https://fr.wikipedia.org/wiki/St\u00e9phanie de Monaco,Article contenant un appel \u00e0 traduction en anglais
J\u00e9romine G\u00e9roudet,https://fr.wikipedia.org/?curid=4529994,https://fr.wikipedia.org/wiki/J\u00e9romine G\u00e9roudet,Wikip\u00e9dia:\u00e9bauche ski alpin
Nadine M\u00fcller,https://fr.wikipedia.org/?curid=4756487,https://fr.wikipedia.org/wiki/Nadine M\u00fcller,Article utilisant une Infobox
So Happy I Could Die,https://fr.wikipedia.org/?curid=4756756,https://fr.wikipedia.org/wiki/So Happy I Could Die,Article utilisant une Infobox
Olga Kucherenko,https://fr.wikipedia.org/?curid=4757386,https://fr.wikipedia.org/wiki/Olga Kucherenko,Article utilisant une Infobox
Jennifer Tamas,https://fr.wikipedia.org/?curid=4756191,https://fr.wikipedia.org/wiki/Jennifer Tamas,Wikip\u00e9dia:\u00e9bauche joueuse am\u00e9ricaine de volley-ball
Lise-Marie Morerod,https://fr.wikipedia.org/?curid=475755,https://fr.wikipedia.org/wiki/Lise-Marie Morerod,Wikip\u00e9dia:\u00e9bauche personnalit\u00e9 suisse
Heather Bown,https://fr.wikipedia.org/?curid=4757895,https://fr.wikipedia.org/wiki/Heather Bown,Wikip\u00e9dia:\u00e9bauche joueuse am\u00e9ricaine de volley-ball
Remember December,https://fr.wikipedia.org/?curid=4757901,https://fr.wikipedia.org/wiki/Remember December,Article utilisant une Infobox
Kimberly Glass,https://fr.wikipedia.org/?curid=4757907,https://fr.wikipedia.org/wiki/Kimberly Glass,Wikip\u00e9dia:\u00e9bauche joueuse am\u00e9ricaine de volley-ball
Camille Crousillat,https://fr.wikipedia.org/?curid=4746506,https://fr.wikipedia.org/wiki/Camille Crousillat,Wikip\u00e9dia:\u00e9bauche joueuse fran\u00e7aise de volley-ball
Nathalie Vasseur,https://fr.wikipedia.org/?curid=4750264,https://fr.wikipedia.org/wiki/Nathalie Vasseur,Article manquant de r\u00e9f\u00e9rences depuis juin 2023
Madison Rayne,https://fr.wikipedia.org/?curid=4752235,https://fr.wikipedia.org/wiki/Madison Rayne,Article \u00e0 recycler/Liste compl\u00e8te
Grazia Barcellona,https://fr.wikipedia.org/?curid=4751537,https://fr.wikipedia.org/wiki/Grazia Barcellona,Article \u00e0 illustrer Patineur artistique
Anna Werbli\u0144ska,https://fr.wikipedia.org/?curid=4739076,https://fr.wikipedia.org/wiki/Anna Werbli\u0144ska,Article utilisant une Infobox
Zaz (chanteuse),https://fr.wikipedia.org/?curid=4739544,https://fr.wikipedia.org/wiki/Zaz (chanteuse),Page utilisant P742
Antonina Zetova,https://fr.wikipedia.org/?curid=4763974,https://fr.wikipedia.org/wiki/Antonina Zetova,Article utilisant une Infobox
Ezinne Okparaebo,https://fr.wikipedia.org/?curid=4765551,https://fr.wikipedia.org/wiki/Ezinne Okparaebo,Article utilisant une Infobox
Gladys Kipkemoi,https://fr.wikipedia.org/?curid=4732280,https://fr.wikipedia.org/wiki/Gladys Kipkemoi,Wikip\u00e9dia:\u00e9bauche athl\u00e8te k\u00e9nyan
Andrea Duro,https://fr.wikipedia.org/?curid=4732326,https://fr.wikipedia.org/wiki/Andrea Duro,Page utilisant P19
Lalaine Vergara-Paras,https://fr.wikipedia.org/?curid=4732429,https://fr.wikipedia.org/wiki/Lalaine Vergara-Paras,Article \u00e0 illustrer Personnalit\u00e9 du cin\u00e9ma
Hana Taguchi,https://fr.wikipedia.org/?curid=8120073,https://fr.wikipedia.org/wiki/Hana Taguchi,Article utilisant une Infobox
Volha Palcheuskaya,https://fr.wikipedia.org/?curid=8091822,https://fr.wikipedia.org/wiki/Volha Palcheuskaya,Article \u00e0 illustrer Joueur de volley-ball
Tetori Dixon,https://fr.wikipedia.org/?curid=8081584,https://fr.wikipedia.org/wiki/Tetori Dixon,Wikip\u00e9dia:\u00e9bauche joueuse am\u00e9ricaine de volley-ball
Liste des \u00e9pouses des souverains de Prusse,https://fr.wikipedia.org/?curid=8109474,https://fr.wikipedia.org/wiki/Liste des \u00e9pouses des souverains de Prusse,Page utilisant une frise chronologique
Veronika Zva\u0159i\u010dov\u00e1,https://fr.wikipedia.org/?curid=8109735,https://fr.wikipedia.org/wiki/Veronika Zva\u0159i\u010dov\u00e1,Wikip\u00e9dia:\u00e9bauche sportif tch\u00e8que
Hana Caithamlov\u00e1,https://fr.wikipedia.org/?curid=8104536,https://fr.wikipedia.org/wiki/Hana Caithamlov\u00e1,Article \u00e0 illustrer Joueur de volley-ball
Liste des \u00e9pouses des souverains de Pologne,https://fr.wikipedia.org/?curid=8051660,https://fr.wikipedia.org/wiki/Liste des \u00e9pouses des souverains de Pologne,Article contenant un appel \u00e0 traduction en polonais
Monika Stankovianska,https://fr.wikipedia.org/?curid=8051817,https://fr.wikipedia.org/wiki/Monika Stankovianska,Article \u00e0 illustrer Joueur de volley-ball
Jennifer Galais,https://fr.wikipedia.org/?curid=8054313,https://fr.wikipedia.org/wiki/Jennifer Galais,Wikip\u00e9dia:\u00e9bauche athl\u00e8te fran\u00e7ais
Jenny Elbe,https://fr.wikipedia.org/?curid=8054506,https://fr.wikipedia.org/wiki/Jenny Elbe,Wikip\u00e9dia:\u00e9bauche athl\u00e8te allemand
Cree Summer,https://fr.wikipedia.org/?curid=805007,https://fr.wikipedia.org/wiki/Cree Summer,Article utilisant une Infobox
Jessica Tow-Arnett,https://fr.wikipedia.org/?curid=8053629,https://fr.wikipedia.org/wiki/Jessica Tow-Arnett,Wikip\u00e9dia:\u00e9bauche joueuse am\u00e9ricaine de volley-ball
S\u00edlvia P\u00e9rez Cruz,https://fr.wikipedia.org/?curid=8053779,https://fr.wikipedia.org/wiki/S\u00edlvia P\u00e9rez Cruz,Article utilisant une Infobox
R\u00e9nelle Lamote,https://fr.wikipedia.org/?curid=8053552,https://fr.wikipedia.org/wiki/R\u00e9nelle Lamote,Article utilisant une Infobox
Ansley Cargill,https://fr.wikipedia.org/?curid=8128592,https://fr.wikipedia.org/wiki/Ansley Cargill,Article \u00e0 illustrer Joueur de tennis
Martina Malevi\u0107,https://fr.wikipedia.org/?curid=8087578,https://fr.wikipedia.org/wiki/Martina Malevi\u0107,Article \u00e0 illustrer Joueur de volley-ball
Valentina Stenina,https://fr.wikipedia.org/?curid=8089799,https://fr.wikipedia.org/wiki/Valentina Stenina,Wikip\u00e9dia:\u00e9bauche patinage de vitesse
Oksana Neupokoeva,https://fr.wikipedia.org/?curid=8098041,https://fr.wikipedia.org/wiki/Oksana Neupokoeva,Wikip\u00e9dia:\u00e9bauche sportif russe
Marie Math\u00e9matique,https://fr.wikipedia.org/?curid=8100753,https://fr.wikipedia.org/wiki/Marie Math\u00e9matique,Wikip\u00e9dia:\u00e9bauche animation
Yunano Notsu,https://fr.wikipedia.org/?curid=8038424,https://fr.wikipedia.org/wiki/Yunano Notsu,Article utilisant une Infobox
Miss Louisiane USA,https://fr.wikipedia.org/?curid=8038471,https://fr.wikipedia.org/wiki/Miss Louisiane USA,Article utilisant une Infobox
Nene Sugisaki,https://fr.wikipedia.org/?curid=8038480,https://fr.wikipedia.org/wiki/Nene Sugisaki,Article utilisant une Infobox
Mass Effect 2,https://fr.wikipedia.org/?curid=8049385,https://fr.wikipedia.org/wiki/Mass Effect 2,Page utilisant P856
Mark Buckingham (triathlon),https://fr.wikipedia.org/?curid=8048519,https://fr.wikipedia.org/wiki/Mark Buckingham (triathlon),Wikip\u00e9dia:\u00e9bauche triathl\u00e8te
Ivana Kujund\u017ei\u0107,https://fr.wikipedia.org/?curid=8046071,https://fr.wikipedia.org/wiki/Ivana Kujund\u017ei\u0107,Article \u00e0 illustrer Joueur de volley-ball
Andrea Secchiero,https://fr.wikipedia.org/?curid=8048363,https://fr.wikipedia.org/wiki/Andrea Secchiero,Wikip\u00e9dia:\u00e9bauche triathl\u00e8te
Iana Tcherednikova,https://fr.wikipedia.org/?curid=8049872,https://fr.wikipedia.org/wiki/Iana Tcherednikova,Article \u00e0 illustrer Joueur de volley-ball
Laura Muir,https://fr.wikipedia.org/?curid=8094185,https://fr.wikipedia.org/wiki/Laura Muir,Article utilisant une Infobox
Fr\u00e9d\u00e9rique Bangu\u00e9,https://fr.wikipedia.org/?curid=808476,https://fr.wikipedia.org/wiki/Fr\u00e9d\u00e9rique Bangu\u00e9,Article \u00e0 illustrer Athl\u00e8te
Maja Savi\u0107 (volley-ball),https://fr.wikipedia.org/?curid=8093535,https://fr.wikipedia.org/wiki/Maja Savi\u0107 (volley-ball),Article utilisant une Infobox
Ayaka Miyoshi,https://fr.wikipedia.org/?curid=8094752,https://fr.wikipedia.org/wiki/Ayaka Miyoshi,Article utilisant une Infobox
Miss Kansas USA,https://fr.wikipedia.org/?curid=8044156,https://fr.wikipedia.org/wiki/Miss Kansas USA,Portail:Mannequinat/Articles li\u00e9s
Alice de Bourbon-Parme (1917-2017),https://fr.wikipedia.org/?curid=8044399,https://fr.wikipedia.org/wiki/Alice de Bourbon-Parme (1917-2017),Article \u00e0 r\u00e9f\u00e9rence n\u00e9cessaire
Miss Indiana USA,https://fr.wikipedia.org/?curid=8042423,https://fr.wikipedia.org/wiki/Miss Indiana USA,Article contenant un lien mort
Dawit Seyaum,https://fr.wikipedia.org/?curid=8041176,https://fr.wikipedia.org/wiki/Dawit Seyaum,Article utilisant une Infobox
Daria Kasatkina,https://fr.wikipedia.org/?curid=8031473,https://fr.wikipedia.org/wiki/Daria Kasatkina,Article utilisant une Infobox
Miss District de Columbia USA,https://fr.wikipedia.org/?curid=8036592,https://fr.wikipedia.org/wiki/Miss District de Columbia USA,Article contenant un appel \u00e0 traduction en anglais
Miss Hawa\u00ef USA,https://fr.wikipedia.org/?curid=8037062,https://fr.wikipedia.org/wiki/Miss Hawa\u00ef USA,Traduction incompl\u00e8te
Marisa Field,https://fr.wikipedia.org/?curid=8037738,https://fr.wikipedia.org/wiki/Marisa Field,Article \u00e0 illustrer Joueur de volley-ball
Tereza Smitkov\u00e1,https://fr.wikipedia.org/?curid=8071672,https://fr.wikipedia.org/wiki/Tereza Smitkov\u00e1,Article utilisant une Infobox
Mar\u00eda \u00c1ngeles Mart\u00edn D\u00edaz,https://fr.wikipedia.org/?curid=8071794,https://fr.wikipedia.org/wiki/Mar\u00eda \u00c1ngeles Mart\u00edn D\u00edaz,Article \u00e0 illustrer Joueur de volley-ball
Bailey Webster,https://fr.wikipedia.org/?curid=8072142,https://fr.wikipedia.org/wiki/Bailey Webster,Wikip\u00e9dia:\u00e9bauche joueuse am\u00e9ricaine de volley-ball
Jasmin Wagner,https://fr.wikipedia.org/?curid=80993,https://fr.wikipedia.org/wiki/Jasmin Wagner,Article utilisant une Infobox
Marie Bouzkov\u00e1,https://fr.wikipedia.org/?curid=8292128,https://fr.wikipedia.org/wiki/Marie Bouzkov\u00e1,Article utilisant une Infobox
Nina Bratchikova,https://fr.wikipedia.org/?curid=8293792,https://fr.wikipedia.org/wiki/Nina Bratchikova,Article utilisant une Infobox
Kim Clijsters,https://fr.wikipedia.org/?curid=80781,https://fr.wikipedia.org/wiki/Kim Clijsters,Article utilisant une Infobox
Celeste Buckingham,https://fr.wikipedia.org/?curid=8074869,https://fr.wikipedia.org/wiki/Celeste Buckingham,Article contenant un lien mort
Ivana Mrdak,https://fr.wikipedia.org/?curid=8078683,https://fr.wikipedia.org/wiki/Ivana Mrdak,Article utilisant une Infobox
Anna Korabiec,https://fr.wikipedia.org/?curid=8074256,https://fr.wikipedia.org/wiki/Anna Korabiec,Article utilisant une Infobox
Pamela Tola,https://fr.wikipedia.org/?curid=8142326,https://fr.wikipedia.org/wiki/Pamela Tola,Article utilisant une Infobox
Liisi Oterma,https://fr.wikipedia.org/?curid=818207,https://fr.wikipedia.org/wiki/Liisi Oterma,Page utilisant P569
Bianca Rowland,https://fr.wikipedia.org/?curid=8182206,https://fr.wikipedia.org/wiki/Bianca Rowland,Wikip\u00e9dia:\u00e9bauche joueuse am\u00e9ricaine de volley-ball
Karin Frisch,https://fr.wikipedia.org/?curid=8183095,https://fr.wikipedia.org/wiki/Karin Frisch,Wikip\u00e9dia:\u00e9bauche athl\u00e8te allemand
Dominique Duncan,https://fr.wikipedia.org/?curid=8177431,https://fr.wikipedia.org/wiki/Dominique Duncan,Wikip\u00e9dia:\u00e9bauche athl\u00e8te nig\u00e9rian
Ada Benjamin,https://fr.wikipedia.org/?curid=8177463,https://fr.wikipedia.org/wiki/Ada Benjamin,Wikip\u00e9dia:\u00e9bauche athl\u00e8te nig\u00e9rian
St\u00e9phane Poulat,https://fr.wikipedia.org/?curid=8210267,https://fr.wikipedia.org/wiki/St\u00e9phane Poulat,Article \u00e0 illustrer Sportif
St\u00e9phan Bignet,https://fr.wikipedia.org/?curid=8210450,https://fr.wikipedia.org/wiki/St\u00e9phan Bignet,Article \u00e0 illustrer Sportif
Sonia Malavisi,https://fr.wikipedia.org/?curid=8210963,https://fr.wikipedia.org/wiki/Sonia Malavisi,Wikip\u00e9dia:\u00e9bauche athl\u00e8te italien
Christin Hussong,https://fr.wikipedia.org/?curid=8211072,https://fr.wikipedia.org/wiki/Christin Hussong,Wikip\u00e9dia:\u00e9bauche athl\u00e8te allemand
Nae Udaka,https://fr.wikipedia.org/?curid=8263920,https://fr.wikipedia.org/wiki/Nae Udaka,Article \u00e0 illustrer Judoka
Nicole B\u00fcchler,https://fr.wikipedia.org/?curid=8265825,https://fr.wikipedia.org/wiki/Nicole B\u00fcchler,Article utilisant une Infobox
Jacqueline Curtet,https://fr.wikipedia.org/?curid=8262551,https://fr.wikipedia.org/wiki/Jacqueline Curtet,Wikip\u00e9dia:\u00e9bauche athl\u00e8te fran\u00e7ais
Jana Pechanov\u00e1,https://fr.wikipedia.org/?curid=8262780,https://fr.wikipedia.org/wiki/Jana Pechanov\u00e1,Article \u00e0 illustrer Nageur
Lily James,https://fr.wikipedia.org/?curid=8262937,https://fr.wikipedia.org/wiki/Lily James,Article \u00e0 recycler/Liste compl\u00e8te
Siobhan Drake-Brockman,https://fr.wikipedia.org/?curid=8300687,https://fr.wikipedia.org/wiki/Siobhan Drake-Brockman,Wikip\u00e9dia:\u00e9bauche tennis
Je\u013cena Ostapenko,https://fr.wikipedia.org/?curid=8298326,https://fr.wikipedia.org/wiki/Je\u013cena Ostapenko,Article utilisant une Infobox
Ace Wilder,https://fr.wikipedia.org/?curid=8285833,https://fr.wikipedia.org/wiki/Ace Wilder,Page utilisant P569
Gummy,https://fr.wikipedia.org/?curid=8286818,https://fr.wikipedia.org/wiki/Gummy,Article utilisant une Infobox
Carolina Mar\u00edn,https://fr.wikipedia.org/?curid=8275219,https://fr.wikipedia.org/wiki/Carolina Mar\u00edn,Article utilisant une Infobox
Boyana Andreeva,https://fr.wikipedia.org/?curid=8277180,https://fr.wikipedia.org/wiki/Boyana Andreeva,Article \u00e0 illustrer Joueur de volley-ball
Marguerite Laugier,https://fr.wikipedia.org/?curid=828437,https://fr.wikipedia.org/wiki/Marguerite Laugier,Wikip\u00e9dia:\u00e9bauche astronome fran\u00e7ais
Anna-Lena Friedsam,https://fr.wikipedia.org/?curid=8284496,https://fr.wikipedia.org/wiki/Anna-Lena Friedsam,Article utilisant une Infobox
Iva Majoli,https://fr.wikipedia.org/?curid=827840,https://fr.wikipedia.org/wiki/Iva Majoli,Article utilisant une Infobox
Aravane Reza\u00ef,https://fr.wikipedia.org/?curid=827846,https://fr.wikipedia.org/wiki/Aravane Reza\u00ef,Article utilisant une Infobox
Akiko Morigami,https://fr.wikipedia.org/?curid=827971,https://fr.wikipedia.org/wiki/Akiko Morigami,Article utilisant une Infobox
Laure Funten-Pr\u00e9vost,https://fr.wikipedia.org/?curid=8268624,https://fr.wikipedia.org/wiki/Laure Funten-Pr\u00e9vost,Article \u00e0 illustrer Sportif
Sophie Delemer,https://fr.wikipedia.org/?curid=8272281,https://fr.wikipedia.org/wiki/Sophie Delemer,Article \u00e0 illustrer Sportif
Marta Dusseldorp,https://fr.wikipedia.org/?curid=8272283,https://fr.wikipedia.org/wiki/Marta Dusseldorp,Wikip\u00e9dia:\u00e9bauche acteur australien
Kelsey Robinson,https://fr.wikipedia.org/?curid=8272473,https://fr.wikipedia.org/wiki/Kelsey Robinson,Wikip\u00e9dia:\u00e9bauche joueuse am\u00e9ricaine de volley-ball
Onix Cort\u00e9s Aldama,https://fr.wikipedia.org/?curid=8270105,https://fr.wikipedia.org/wiki/Onix Cort\u00e9s Aldama,Page utilisant P569
Gilles Reboul,https://fr.wikipedia.org/?curid=8229773,https://fr.wikipedia.org/wiki/Gilles Reboul,Article \u00e0 illustrer Sportif
Valqu\u00edria Dullius,https://fr.wikipedia.org/?curid=8229067,https://fr.wikipedia.org/wiki/Valqu\u00edria Dullius,Article \u00e0 illustrer Joueur de volley-ball
Victoria Ohuruogu,https://fr.wikipedia.org/?curid=8228328,https://fr.wikipedia.org/wiki/Victoria Ohuruogu,Wikip\u00e9dia:\u00e9bauche athl\u00e8te britannique
Patrick Vernay,https://fr.wikipedia.org/?curid=8226941,https://fr.wikipedia.org/wiki/Patrick Vernay,Article utilisant une Infobox
Marina Panteleyeva,https://fr.wikipedia.org/?curid=8228223,https://fr.wikipedia.org/wiki/Marina Panteleyeva,Wikip\u00e9dia:\u00e9bauche athl\u00e8te russe
Karla Klari\u0107,https://fr.wikipedia.org/?curid=8025985,https://fr.wikipedia.org/wiki/Karla Klari\u0107,Article \u00e0 illustrer Joueur de volley-ball
Katherine Harms,https://fr.wikipedia.org/?curid=8026070,https://fr.wikipedia.org/wiki/Katherine Harms,Wikip\u00e9dia:\u00e9bauche joueuse am\u00e9ricaine de volley-ball
Patrizia Spuri,https://fr.wikipedia.org/?curid=8022628,https://fr.wikipedia.org/wiki/Patrizia Spuri,Wikip\u00e9dia:\u00e9bauche athl\u00e8te italien
Cierra Ramirez,https://fr.wikipedia.org/?curid=8187213,https://fr.wikipedia.org/wiki/Cierra Ramirez,Wikip\u00e9dia:\u00e9bauche acteur am\u00e9ricain
Maripier Morin,https://fr.wikipedia.org/?curid=8156910,https://fr.wikipedia.org/wiki/Maripier Morin,Article contenant un lien mort
Marie-Mai,https://fr.wikipedia.org/?curid=816737,https://fr.wikipedia.org/wiki/Marie-Mai,Article utilisant une Infobox
Marjorie de Sousa,https://fr.wikipedia.org/?curid=8170694,https://fr.wikipedia.org/wiki/Marjorie de Sousa,Article utilisant une Infobox
Julie Labont\u00e9,https://fr.wikipedia.org/?curid=8173707,https://fr.wikipedia.org/wiki/Julie Labont\u00e9,Wikip\u00e9dia:\u00e9bauche athl\u00e8te canadien
Jazmin Sawyers,https://fr.wikipedia.org/?curid=8166839,https://fr.wikipedia.org/wiki/Jazmin Sawyers,Wikip\u00e9dia:\u00e9bauche athl\u00e8te britannique
Isobel Pooley,https://fr.wikipedia.org/?curid=8171737,https://fr.wikipedia.org/wiki/Isobel Pooley,Article utilisant une Infobox
Sajid Javid,https://fr.wikipedia.org/?curid=8161882,https://fr.wikipedia.org/wiki/Sajid Javid,Article utilisant une Infobox
Liz Truss,https://fr.wikipedia.org/?curid=8161915,https://fr.wikipedia.org/wiki/Liz Truss,Article contenant un lien mort
Cheek to Cheek (album de Tony Bennett et Lady Gaga),https://fr.wikipedia.org/?curid=8161930,https://fr.wikipedia.org/wiki/Cheek to Cheek (album de Tony Bennett et Lady Gaga),Article manquant de r\u00e9f\u00e9rences depuis juillet 2014
Bojana Martinovi\u0107,https://fr.wikipedia.org/?curid=8148593,https://fr.wikipedia.org/wiki/Bojana Martinovi\u0107,Article \u00e0 illustrer Joueur de volley-ball
"Jungle Emperor Leo (film, 1966)",https://fr.wikipedia.org/?curid=8148755,"https://fr.wikipedia.org/wiki/Jungle Emperor Leo (film, 1966)",Wikip\u00e9dia:\u00e9bauche film japonais
Caroline Weynants,https://fr.wikipedia.org/?curid=8162876,https://fr.wikipedia.org/wiki/Caroline Weynants,Article contenant un lien mort
Julia Ratcliffe,https://fr.wikipedia.org/?curid=8161149,https://fr.wikipedia.org/wiki/Julia Ratcliffe,Wikip\u00e9dia:\u00e9bauche athl\u00e8te n\u00e9o-z\u00e9landais
Joyce Chepkirui,https://fr.wikipedia.org/?curid=8161393,https://fr.wikipedia.org/wiki/Joyce Chepkirui,Wikip\u00e9dia:\u00e9bauche athl\u00e8te k\u00e9nyan
Laura Weightman,https://fr.wikipedia.org/?curid=8164326,https://fr.wikipedia.org/wiki/Laura Weightman,Wikip\u00e9dia:\u00e9bauche athl\u00e8te britannique
Laura Samuel,https://fr.wikipedia.org/?curid=8164335,https://fr.wikipedia.org/wiki/Laura Samuel,Wikip\u00e9dia:\u00e9bauche athl\u00e8te britannique
Audrey Merle,https://fr.wikipedia.org/?curid=8141148,https://fr.wikipedia.org/wiki/Audrey Merle,Article utilisant une Infobox
Cassandre Beaugrand,https://fr.wikipedia.org/?curid=8141173,https://fr.wikipedia.org/wiki/Cassandre Beaugrand,Article utilisant une Infobox
Shamier Little,https://fr.wikipedia.org/?curid=8155222,https://fr.wikipedia.org/wiki/Shamier Little,Article utilisant une Infobox
Linda Helterhoff,https://fr.wikipedia.org/?curid=8155982,https://fr.wikipedia.org/wiki/Linda Helterhoff,Article \u00e0 illustrer Joueur de volley-ball
Mari\u00e8me Badiane,https://fr.wikipedia.org/?curid=8156819,https://fr.wikipedia.org/wiki/Mari\u00e8me Badiane,Article utilisant une Infobox
Xavier Le Floch,https://fr.wikipedia.org/?curid=8215095,https://fr.wikipedia.org/wiki/Xavier Le Floch,Article utilisant une Infobox
Gema Zamprogna,https://fr.wikipedia.org/?curid=8233851,https://fr.wikipedia.org/wiki/Gema Zamprogna,Article \u00e0 illustrer Personnalit\u00e9 du cin\u00e9ma
Bertrand Billard,https://fr.wikipedia.org/?curid=8234618,https://fr.wikipedia.org/wiki/Bertrand Billard,Article utilisant une Infobox
Timea Bacsinszky,https://fr.wikipedia.org/?curid=823467,https://fr.wikipedia.org/wiki/Timea Bacsinszky,Article utilisant une Infobox
Julia Vaquero,https://fr.wikipedia.org/?curid=8237196,https://fr.wikipedia.org/wiki/Julia Vaquero,Wikip\u00e9dia:\u00e9bauche athl\u00e8te espagnol
Brittany Bowe,https://fr.wikipedia.org/?curid=8235240,https://fr.wikipedia.org/wiki/Brittany Bowe,Wikip\u00e9dia:\u00e9bauche patinage de vitesse
Westworld (s\u00e9rie t\u00e9l\u00e9vis\u00e9e),https://fr.wikipedia.org/?curid=8239291,https://fr.wikipedia.org/wiki/Westworld (s\u00e9rie t\u00e9l\u00e9vis\u00e9e),Article contenant un lien mort
Am\u00e1lia Rodrigues,https://fr.wikipedia.org/?curid=82391,https://fr.wikipedia.org/wiki/Am\u00e1lia Rodrigues,Article utilisant une Infobox
Cristina P\u00e9rez,https://fr.wikipedia.org/?curid=8240935,https://fr.wikipedia.org/wiki/Cristina P\u00e9rez,Article \u00e0 illustrer Athl\u00e8te
Anaconda (chanson),https://fr.wikipedia.org/?curid=8245376,https://fr.wikipedia.org/wiki/Anaconda (chanson),Article contenant un lien mort
Sayaka Tsutsui,https://fr.wikipedia.org/?curid=8253662,https://fr.wikipedia.org/wiki/Sayaka Tsutsui,Article \u00e0 illustrer Joueur de volley-ball
Maria Giulia Confalonieri,https://fr.wikipedia.org/?curid=8254326,https://fr.wikipedia.org/wiki/Maria Giulia Confalonieri,Page utilisant P569
Laura Valette,https://fr.wikipedia.org/?curid=8259337,https://fr.wikipedia.org/wiki/Laura Valette,Article utilisant une Infobox
Maris M\u00e4gi,https://fr.wikipedia.org/?curid=8255261,https://fr.wikipedia.org/wiki/Maris M\u00e4gi,Wikip\u00e9dia:\u00e9bauche athl\u00e8te estonien
Maria Celia Laborde,https://fr.wikipedia.org/?curid=8258622,https://fr.wikipedia.org/wiki/Maria Celia Laborde,Wikip\u00e9dia:\u00e9bauche judo
Viktoria Helgesson,https://fr.wikipedia.org/?curid=8248672,https://fr.wikipedia.org/wiki/Viktoria Helgesson,Page utilisant P569
Ingvill M\u00e5kestad Bovim,https://fr.wikipedia.org/?curid=8219061,https://fr.wikipedia.org/wiki/Ingvill M\u00e5kestad Bovim,Wikip\u00e9dia:\u00e9bauche athl\u00e8te norv\u00e9gien
L\u00e6titia Bambara,https://fr.wikipedia.org/?curid=8207482,https://fr.wikipedia.org/wiki/L\u00e6titia Bambara,Wikip\u00e9dia:\u00e9bauche athl\u00e8te fran\u00e7ais
Marwa Hussein,https://fr.wikipedia.org/?curid=8207771,https://fr.wikipedia.org/wiki/Marwa Hussein,Wikip\u00e9dia:\u00e9bauche athl\u00e8te \u00e9gyptien
Christine Hocq,https://fr.wikipedia.org/?curid=8208388,https://fr.wikipedia.org/wiki/Christine Hocq,Article \u00e0 illustrer Sportif
Augusta Dejerine-Klumpke,https://fr.wikipedia.org/?curid=820889,https://fr.wikipedia.org/wiki/Augusta Dejerine-Klumpke,Image locale correspondant \u00e0 celle de Wikidata
Kimberly Anderson,https://fr.wikipedia.org/?curid=8225145,https://fr.wikipedia.org/wiki/Kimberly Anderson,Page utilisant P569
Joanna J\u00f3\u017awik,https://fr.wikipedia.org/?curid=8223505,https://fr.wikipedia.org/wiki/Joanna J\u00f3\u017awik,Wikip\u00e9dia:\u00e9bauche athl\u00e8te polonais
B\u00e9atrice Mouthon,https://fr.wikipedia.org/?curid=8223727,https://fr.wikipedia.org/wiki/B\u00e9atrice Mouthon,Article \u00e0 illustrer Sportif
Hanna-Maari Latvala,https://fr.wikipedia.org/?curid=8220503,https://fr.wikipedia.org/wiki/Hanna-Maari Latvala,Wikip\u00e9dia:\u00e9bauche athl\u00e8te finlandais
Storm Large,https://fr.wikipedia.org/?curid=8224275,https://fr.wikipedia.org/wiki/Storm Large,Article utilisant une Infobox
Kati Ojaloo,https://fr.wikipedia.org/?curid=8214343,https://fr.wikipedia.org/wiki/Kati Ojaloo,Wikip\u00e9dia:\u00e9bauche athl\u00e8te estonien
Daria Nauer,https://fr.wikipedia.org/?curid=8215210,https://fr.wikipedia.org/wiki/Daria Nauer,Article manquant de r\u00e9f\u00e9rences depuis ao\u00fbt 2014
Mujinga Kambundji,https://fr.wikipedia.org/?curid=8216578,https://fr.wikipedia.org/wiki/Mujinga Kambundji,Article utilisant une Infobox
Kari Vikhagen Gjeitnes,https://fr.wikipedia.org/?curid=7928360,https://fr.wikipedia.org/wiki/Kari Vikhagen Gjeitnes,Wikip\u00e9dia:\u00e9bauche ski de fond
Martina Navr\u00e1tilov\u00e1,https://fr.wikipedia.org/?curid=79507,https://fr.wikipedia.org/wiki/Martina Navr\u00e1tilov\u00e1,Article contenant un lien mort
Liste des \u00e9pisodes de Goku no daib\u014dken,https://fr.wikipedia.org/?curid=7969620,https://fr.wikipedia.org/wiki/Liste des \u00e9pisodes de Goku no daib\u014dken,Portail:Animation et bande dessin\u00e9e asiatiques/Articles li\u00e9s
Aurieyall Scott,https://fr.wikipedia.org/?curid=7969650,https://fr.wikipedia.org/wiki/Aurieyall Scott,Wikip\u00e9dia:\u00e9bauche athl\u00e8te am\u00e9ricain
Cheryl Dunye,https://fr.wikipedia.org/?curid=7965664,https://fr.wikipedia.org/wiki/Cheryl Dunye,Wikip\u00e9dia:\u00e9bauche r\u00e9alisateur am\u00e9ricain
Emma Coburn,https://fr.wikipedia.org/?curid=7982781,https://fr.wikipedia.org/wiki/Emma Coburn,Article utilisant une Infobox
Florentina Marincu-Iu\u0219co,https://fr.wikipedia.org/?curid=7988324,https://fr.wikipedia.org/wiki/Florentina Marincu-Iu\u0219co,Wikip\u00e9dia:\u00e9bauche athl\u00e8te roumain
Alejandra Ramos,https://fr.wikipedia.org/?curid=7964901,https://fr.wikipedia.org/wiki/Alejandra Ramos,Wikip\u00e9dia:\u00e9bauche athl\u00e8te chilien
Katrin Ofner,https://fr.wikipedia.org/?curid=7993131,https://fr.wikipedia.org/wiki/Katrin Ofner,Article utilisant une Infobox
Paula Newby-Fraser,https://fr.wikipedia.org/?curid=7993418,https://fr.wikipedia.org/wiki/Paula Newby-Fraser,Article utilisant une Infobox
Sylvia Chesebe,https://fr.wikipedia.org/?curid=7996421,https://fr.wikipedia.org/wiki/Sylvia Chesebe,Wikip\u00e9dia:\u00e9bauche athl\u00e8te k\u00e9nyan
Craig Alexander,https://fr.wikipedia.org/?curid=7993692,https://fr.wikipedia.org/wiki/Craig Alexander,Article utilisant une Infobox
Fancy (chanson),https://fr.wikipedia.org/?curid=7993937,https://fr.wikipedia.org/wiki/Fancy (chanson),Wikip\u00e9dia:\u00e9bauche chanson de hip-hop
Ekater\u00edni Stefan\u00eddi,https://fr.wikipedia.org/?curid=7943838,https://fr.wikipedia.org/wiki/Ekater\u00edni Stefan\u00eddi,Article utilisant une Infobox
Elina Hietam\u00e4ki,https://fr.wikipedia.org/?curid=7941983,https://fr.wikipedia.org/wiki/Elina Hietam\u00e4ki,Wikip\u00e9dia:\u00e9bauche personnalit\u00e9 finlandaise
Catherine Murphy (athl\u00e8te),https://fr.wikipedia.org/?curid=7942943,https://fr.wikipedia.org/wiki/Catherine Murphy (athl\u00e8te),Wikip\u00e9dia:\u00e9bauche athl\u00e8te britannique
Yadisleidy Pedroso,https://fr.wikipedia.org/?curid=8012029,https://fr.wikipedia.org/wiki/Yadisleidy Pedroso,Wikip\u00e9dia:\u00e9bauche athl\u00e8te cubain
Danylo Sapunov,https://fr.wikipedia.org/?curid=7990171,https://fr.wikipedia.org/wiki/Danylo Sapunov,Wikip\u00e9dia:\u00e9bauche triathl\u00e8te
Nora G\u00f6tz,https://fr.wikipedia.org/?curid=8009203,https://fr.wikipedia.org/wiki/Nora G\u00f6tz,Article \u00e0 illustrer Joueur de volley-ball
Julie Zogg,https://fr.wikipedia.org/?curid=8008723,https://fr.wikipedia.org/wiki/Julie Zogg,Wikip\u00e9dia:\u00e9bauche personnalit\u00e9 suisse
Vashti Thomas,https://fr.wikipedia.org/?curid=8007325,https://fr.wikipedia.org/wiki/Vashti Thomas,Wikip\u00e9dia:\u00e9bauche athl\u00e8te am\u00e9ricain
John Howard (cyclisme),https://fr.wikipedia.org/?curid=7979511,https://fr.wikipedia.org/wiki/John Howard (cyclisme),Wikip\u00e9dia:\u00e9bauche coureur cycliste am\u00e9ricain
Sahily Diago,https://fr.wikipedia.org/?curid=7985185,https://fr.wikipedia.org/wiki/Sahily Diago,Wikip\u00e9dia:\u00e9bauche athl\u00e8te cubain
Marco Olmo,https://fr.wikipedia.org/?curid=8002192,https://fr.wikipedia.org/wiki/Marco Olmo,Wikip\u00e9dia:\u00e9bauche athl\u00e8te italien
Patience Okon George,https://fr.wikipedia.org/?curid=8002539,https://fr.wikipedia.org/wiki/Patience Okon George,Wikip\u00e9dia:\u00e9bauche athl\u00e8te nig\u00e9rian
Tathiana Garbin,https://fr.wikipedia.org/?curid=830961,https://fr.wikipedia.org/wiki/Tathiana Garbin,Article utilisant une Infobox
Catalina Casta\u00f1o,https://fr.wikipedia.org/?curid=830973,https://fr.wikipedia.org/wiki/Catalina Casta\u00f1o,Article utilisant une Infobox
Les s\u0153urs Parker,https://fr.wikipedia.org/?curid=834650,https://fr.wikipedia.org/wiki/Les s\u0153urs Parker,Article utilisant une Infobox
Connie Price-Smith,https://fr.wikipedia.org/?curid=8350286,https://fr.wikipedia.org/wiki/Connie Price-Smith,Article utilisant une Infobox
Cardcaptor Sakura,https://fr.wikipedia.org/?curid=8354,https://fr.wikipedia.org/wiki/Cardcaptor Sakura,Article utilisant une Infobox
Pia Mia,https://fr.wikipedia.org/?curid=8421951,https://fr.wikipedia.org/wiki/Pia Mia,Article manquant de r\u00e9f\u00e9rences depuis octobre 2014
Tamara Smirnova,https://fr.wikipedia.org/?curid=842213,https://fr.wikipedia.org/wiki/Tamara Smirnova,Page utilisant P569
Lucy Wangui Kabuu,https://fr.wikipedia.org/?curid=8387419,https://fr.wikipedia.org/wiki/Lucy Wangui Kabuu,Wikip\u00e9dia:\u00e9bauche athl\u00e8te k\u00e9nyan
Philippe M\u00e9thion,https://fr.wikipedia.org/?curid=8409778,https://fr.wikipedia.org/wiki/Philippe M\u00e9thion,Article \u00e0 illustrer Sportif
Mame Tacko Diouf,https://fr.wikipedia.org/?curid=8409840,https://fr.wikipedia.org/wiki/Mame Tacko Diouf,Wikip\u00e9dia:\u00e9bauche athl\u00e8te s\u00e9n\u00e9galais
Rana Okada,https://fr.wikipedia.org/?curid=8412700,https://fr.wikipedia.org/wiki/Rana Okada,Wikip\u00e9dia:\u00e9bauche personnalit\u00e9 japonaise
Liste des m\u00e9daill\u00e9s aux Jeux olympiques d'hiver de 1960,https://fr.wikipedia.org/?curid=8410556,https://fr.wikipedia.org/wiki/Liste des m\u00e9daill\u00e9s aux Jeux olympiques d'hiver de 1960,Portail:Jeux olympiques/Articles li\u00e9s
Yannick Bourseaux,https://fr.wikipedia.org/?curid=8410768,https://fr.wikipedia.org/wiki/Yannick Bourseaux,Article \u00e0 illustrer Sportif
Caroline Fournier,https://fr.wikipedia.org/?curid=8408797,https://fr.wikipedia.org/wiki/Caroline Fournier,Wikip\u00e9dia:\u00e9bauche athl\u00e8te mauricien
Nancy Wilson (chanteuse),https://fr.wikipedia.org/?curid=841435,https://fr.wikipedia.org/wiki/Nancy Wilson (chanteuse),Article utilisant une Infobox
\u00c9preuves combin\u00e9es aux Jeux olympiques (athl\u00e9tisme),https://fr.wikipedia.org/?curid=8393241,https://fr.wikipedia.org/wiki/\u00c9preuves combin\u00e9es aux Jeux olympiques (athl\u00e9tisme),Article utilisant une Infobox
Ta\u00efssia Povaliy,https://fr.wikipedia.org/?curid=8390390,https://fr.wikipedia.org/wiki/Ta\u00efssia Povaliy,Article manquant de r\u00e9f\u00e9rences depuis mars 2023
Romain Guillaume,https://fr.wikipedia.org/?curid=8393532,https://fr.wikipedia.org/wiki/Romain Guillaume,Article utilisant une Infobox
Fran\u00e7ois Chabaud,https://fr.wikipedia.org/?curid=8393695,https://fr.wikipedia.org/wiki/Fran\u00e7ois Chabaud,Article utilisant une Infobox
Milla Jovovich,https://fr.wikipedia.org/?curid=83801,https://fr.wikipedia.org/wiki/Milla Jovovich,Page utilisant P19
Yulia Tikhonova,https://fr.wikipedia.org/?curid=8402139,https://fr.wikipedia.org/wiki/Yulia Tikhonova,Wikip\u00e9dia:\u00e9bauche ski de fond
Lioudmila Tchernykh,https://fr.wikipedia.org/?curid=840298,https://fr.wikipedia.org/wiki/Lioudmila Tchernykh,Page utilisant P569
Fernanda Maciel,https://fr.wikipedia.org/?curid=8401191,https://fr.wikipedia.org/wiki/Fernanda Maciel,Wikip\u00e9dia:\u00e9bauche ultra-trail
Isabelle Ferrer,https://fr.wikipedia.org/?curid=8373399,https://fr.wikipedia.org/wiki/Isabelle Ferrer,Article utilisant une Infobox
Mieke Kr\u00f6ger,https://fr.wikipedia.org/?curid=8385592,https://fr.wikipedia.org/wiki/Mieke Kr\u00f6ger,Page utilisant P569
Natascha Badmann,https://fr.wikipedia.org/?curid=8386527,https://fr.wikipedia.org/wiki/Natascha Badmann,Article utilisant une Infobox
Vera Bazarova,https://fr.wikipedia.org/?curid=8380854,https://fr.wikipedia.org/wiki/Vera Bazarova,Wikip\u00e9dia:\u00e9bauche patinage artistique
Joanna Klatten,https://fr.wikipedia.org/?curid=8371821,https://fr.wikipedia.org/wiki/Joanna Klatten,Article utilisant une Infobox
