Name,URL1,URL2,First Category
Jip Vastenburg,https://fr.wikipedia.org/?curid=8225488,https://fr.wikipedia.org/wiki/Jip Vastenburg,Wikip\u00e9dia:\u00e9bauche athl\u00e8te n\u00e9erlandais
Renata Pli\u015b,https://fr.wikipedia.org/?curid=8225635,https://fr.wikipedia.org/wiki/Renata Pli\u015b,Wikip\u00e9dia:\u00e9bauche athl\u00e8te polonais
Eleriin Haas,https://fr.wikipedia.org/?curid=8227806,https://fr.wikipedia.org/wiki/Eleriin Haas,Article utilisant une Infobox
Estelle Perrossier,https://fr.wikipedia.org/?curid=8228269,https://fr.wikipedia.org/wiki/Estelle Perrossier,Wikip\u00e9dia:\u00e9bauche athl\u00e8te fran\u00e7ais
Cyrille Neveu,https://fr.wikipedia.org/?curid=8239150,https://fr.wikipedia.org/wiki/Cyrille Neveu,Article utilisant une Infobox
Alexandra Cassan-Ferrier,https://fr.wikipedia.org/?curid=8236639,https://fr.wikipedia.org/wiki/Alexandra Cassan-Ferrier,Wikip\u00e9dia:\u00e9bauche triathl\u00e8te
Anastassia Myskina,https://fr.wikipedia.org/?curid=83054,https://fr.wikipedia.org/wiki/Anastassia Myskina,Article utilisant une Infobox
Seraina Boner,https://fr.wikipedia.org/?curid=8311599,https://fr.wikipedia.org/wiki/Seraina Boner,Wikip\u00e9dia:\u00e9bauche ski de fond
Zdzis\u0142aw Kawecki,https://fr.wikipedia.org/?curid=8306480,https://fr.wikipedia.org/wiki/Zdzis\u0142aw Kawecki,Article utilisant une Infobox
Robin Hobb,https://fr.wikipedia.org/?curid=82984,https://fr.wikipedia.org/wiki/Robin Hobb,Article utilisant une Infobox
Jiang Bo,https://fr.wikipedia.org/?curid=8406367,https://fr.wikipedia.org/wiki/Jiang Bo,Wikip\u00e9dia:\u00e9bauche athl\u00e8te chinois
Anne Audain,https://fr.wikipedia.org/?curid=8406441,https://fr.wikipedia.org/wiki/Anne Audain,Wikip\u00e9dia:\u00e9bauche athl\u00e8te n\u00e9o-z\u00e9landais
Manuela Mager,https://fr.wikipedia.org/?curid=8407772,https://fr.wikipedia.org/wiki/Manuela Mager,Wikip\u00e9dia:\u00e9bauche patinage artistique
Marl\u00e8ne Schiappa,https://fr.wikipedia.org/?curid=8497309,https://fr.wikipedia.org/wiki/Marl\u00e8ne Schiappa,Article contenant un lien mort
Anna Pogorilaya,https://fr.wikipedia.org/?curid=8500213,https://fr.wikipedia.org/wiki/Anna Pogorilaya,Wikip\u00e9dia:\u00e9bauche personnalit\u00e9 russe
Kl\u00e1ra K\u0159\u00ed\u017eov\u00e1,https://fr.wikipedia.org/?curid=8500657,https://fr.wikipedia.org/wiki/Kl\u00e1ra K\u0159\u00ed\u017eov\u00e1,Article utilisant une Infobox
Regina Sterz,https://fr.wikipedia.org/?curid=8500690,https://fr.wikipedia.org/wiki/Regina Sterz,Wikip\u00e9dia:\u00e9bauche ski alpin
Amelita Alanes,https://fr.wikipedia.org/?curid=8497105,https://fr.wikipedia.org/wiki/Amelita Alanes,Wikip\u00e9dia:\u00e9bauche athl\u00e8te philippin
Esther Rot,https://fr.wikipedia.org/?curid=8499766,https://fr.wikipedia.org/wiki/Esther Rot,Wikip\u00e9dia:\u00e9bauche athl\u00e8te
Susan Krumins,https://fr.wikipedia.org/?curid=8223653,https://fr.wikipedia.org/wiki/Susan Krumins,Article utilisant une Infobox
Giulia Viola,https://fr.wikipedia.org/?curid=8223845,https://fr.wikipedia.org/wiki/Giulia Viola,Wikip\u00e9dia:\u00e9bauche athl\u00e8te italien
Linn S\u00f6mskar,https://fr.wikipedia.org/?curid=8284304,https://fr.wikipedia.org/wiki/Linn S\u00f6mskar,Wikip\u00e9dia:\u00e9bauche sportif su\u00e9dois
Lynn Hill,https://fr.wikipedia.org/?curid=828499,https://fr.wikipedia.org/wiki/Lynn Hill,Article utilisant une Infobox
Duan Ying-Ying,https://fr.wikipedia.org/?curid=8285004,https://fr.wikipedia.org/wiki/Duan Ying-Ying,Article utilisant une Infobox
Sylvie Muguet,https://fr.wikipedia.org/?curid=8287847,https://fr.wikipedia.org/wiki/Sylvie Muguet,Article \u00e0 illustrer Sportif
Dmitriy Gaag,https://fr.wikipedia.org/?curid=8427434,https://fr.wikipedia.org/wiki/Dmitriy Gaag,Wikip\u00e9dia:\u00e9bauche triathl\u00e8te
Clarisse Le Bihan,https://fr.wikipedia.org/?curid=8465369,https://fr.wikipedia.org/wiki/Clarisse Le Bihan,Article utilisant une Infobox
Lesia Tsurenko,https://fr.wikipedia.org/?curid=8464956,https://fr.wikipedia.org/wiki/Lesia Tsurenko,Article utilisant une Infobox
Overwatch,https://fr.wikipedia.org/?curid=8464966,https://fr.wikipedia.org/wiki/Overwatch,Page utilisant des donn\u00e9es de Wikidata \u00e0 traduire de l'anglais
Leyla Rajabi,https://fr.wikipedia.org/?curid=8355638,https://fr.wikipedia.org/wiki/Leyla Rajabi,Wikip\u00e9dia:\u00e9bauche athl\u00e8te iranien
Manisha Koirala,https://fr.wikipedia.org/?curid=839875,https://fr.wikipedia.org/wiki/Manisha Koirala,Article contenant un lien mort
Bette Davis Eyes,https://fr.wikipedia.org/?curid=8397612,https://fr.wikipedia.org/wiki/Bette Davis Eyes,Article contenant un appel \u00e0 traduction en anglais
Akiko Suzuki,https://fr.wikipedia.org/?curid=8494676,https://fr.wikipedia.org/wiki/Akiko Suzuki,Wikip\u00e9dia:\u00e9bauche patinage artistique
Susi Susanti,https://fr.wikipedia.org/?curid=8494701,https://fr.wikipedia.org/wiki/Susi Susanti,Article utilisant une Infobox
Elena Radionova,https://fr.wikipedia.org/?curid=8494737,https://fr.wikipedia.org/wiki/Elena Radionova,Wikip\u00e9dia:\u00e9bauche personnalit\u00e9 russe
Larisa Yurkiw,https://fr.wikipedia.org/?curid=8495243,https://fr.wikipedia.org/wiki/Larisa Yurkiw,Article utilisant une Infobox
Alexandra Razarenova,https://fr.wikipedia.org/?curid=8495905,https://fr.wikipedia.org/wiki/Alexandra Razarenova,Article utilisant une Infobox
Teresa Stadlober,https://fr.wikipedia.org/?curid=8496063,https://fr.wikipedia.org/wiki/Teresa Stadlober,Article utilisant une Infobox
Natalia Joukova (ski de fond),https://fr.wikipedia.org/?curid=8496145,https://fr.wikipedia.org/wiki/Natalia Joukova (ski de fond),Wikip\u00e9dia:\u00e9bauche ski de fond
Michelle Gisin,https://fr.wikipedia.org/?curid=8489180,https://fr.wikipedia.org/wiki/Michelle Gisin,Article utilisant une Infobox
Marie-Pier Pr\u00e9fontaine,https://fr.wikipedia.org/?curid=8489441,https://fr.wikipedia.org/wiki/Marie-Pier Pr\u00e9fontaine,Wikip\u00e9dia:\u00e9bauche ski alpin
Lydia de Vega,https://fr.wikipedia.org/?curid=8490675,https://fr.wikipedia.org/wiki/Lydia de Vega,Wikip\u00e9dia:\u00e9bauche athl\u00e8te philippin
Anna H\u00e4fele,https://fr.wikipedia.org/?curid=8503638,https://fr.wikipedia.org/wiki/Anna H\u00e4fele,Wikip\u00e9dia:\u00e9bauche saut \u00e0 ski
Francesca Marsaglia,https://fr.wikipedia.org/?curid=8502833,https://fr.wikipedia.org/wiki/Francesca Marsaglia,Article utilisant une Infobox
Bang Soo-hyun,https://fr.wikipedia.org/?curid=8502881,https://fr.wikipedia.org/wiki/Bang Soo-hyun,Article \u00e0 illustrer Joueur de badminton
Jelena Gen\u010di\u0107,https://fr.wikipedia.org/?curid=8506543,https://fr.wikipedia.org/wiki/Jelena Gen\u010di\u0107,Wikip\u00e9dia:\u00e9bauche tennis
Iveta Halbichov\u00e1,https://fr.wikipedia.org/?curid=8113442,https://fr.wikipedia.org/wiki/Iveta Halbichov\u00e1,Article \u00e0 illustrer Joueur de volley-ball
Hanan Ahmed Khaled,https://fr.wikipedia.org/?curid=8443360,https://fr.wikipedia.org/wiki/Hanan Ahmed Khaled,Wikip\u00e9dia:\u00e9bauche athl\u00e8te \u00e9gyptien
Amel Ben Khaled,https://fr.wikipedia.org/?curid=8443397,https://fr.wikipedia.org/wiki/Amel Ben Khaled,Wikip\u00e9dia:\u00e9bauche athl\u00e8te tunisien
Amandine Blanc,https://fr.wikipedia.org/?curid=8484727,https://fr.wikipedia.org/wiki/Amandine Blanc,Article \u00e0 illustrer Footballeur
Reine douairi\u00e8re de France,https://fr.wikipedia.org/?curid=8489057,https://fr.wikipedia.org/wiki/Reine douairi\u00e8re de France,Wikip\u00e9dia:\u00e9bauche royaume de France
Laure Souli\u00e9,https://fr.wikipedia.org/?curid=8455919,https://fr.wikipedia.org/wiki/Laure Souli\u00e9,Article utilisant une Infobox
Shenay Perry,https://fr.wikipedia.org/?curid=847279,https://fr.wikipedia.org/wiki/Shenay Perry,Article utilisant une Infobox
Rachael Flatt,https://fr.wikipedia.org/?curid=8475559,https://fr.wikipedia.org/wiki/Rachael Flatt,Wikip\u00e9dia:\u00e9bauche personnalit\u00e9 am\u00e9ricaine
Eug\u00e9nie Salanson,https://fr.wikipedia.org/?curid=8475862,https://fr.wikipedia.org/wiki/Eug\u00e9nie Salanson,Page utilisant P937
Marina Cherkasova,https://fr.wikipedia.org/?curid=8472944,https://fr.wikipedia.org/wiki/Marina Cherkasova,Wikip\u00e9dia:\u00e9bauche patinage artistique
Sarah Pitkowski,https://fr.wikipedia.org/?curid=843400,https://fr.wikipedia.org/wiki/Sarah Pitkowski,Article manquant de r\u00e9f\u00e9rences depuis ao\u00fbt 2020
Frank Bignet,https://fr.wikipedia.org/?curid=8435056,https://fr.wikipedia.org/wiki/Frank Bignet,Article \u00e0 illustrer Sportif
H\u00e9l\u00e8ne Salomon-Watson,https://fr.wikipedia.org/?curid=8435086,https://fr.wikipedia.org/wiki/H\u00e9l\u00e8ne Salomon-Watson,Article \u00e0 illustrer Sportif
Juana Arrendel,https://fr.wikipedia.org/?curid=8436995,https://fr.wikipedia.org/wiki/Juana Arrendel,Wikip\u00e9dia:\u00e9bauche athl\u00e8te dominicain
Li Na (tennis),https://fr.wikipedia.org/?curid=845416,https://fr.wikipedia.org/wiki/Li Na (tennis),Article contenant un lien mort
Nuria Llagostera Vives,https://fr.wikipedia.org/?curid=845454,https://fr.wikipedia.org/wiki/Nuria Llagostera Vives,Article utilisant une Infobox
Ir\u00e8ne Tiendr\u00e9b\u00e9ogo,https://fr.wikipedia.org/?curid=8451304,https://fr.wikipedia.org/wiki/Ir\u00e8ne Tiendr\u00e9b\u00e9ogo,Wikip\u00e9dia:\u00e9bauche athl\u00e8te
Ay\u015fe Hatun \u00d6nal,https://fr.wikipedia.org/?curid=8446039,https://fr.wikipedia.org/wiki/Ay\u015fe Hatun \u00d6nal,Article utilisant une Infobox
A\u00efda Sellam,https://fr.wikipedia.org/?curid=8446048,https://fr.wikipedia.org/wiki/A\u00efda Sellam,Wikip\u00e9dia:\u00e9bauche athl\u00e8te tunisien
Elmarie Gerryts,https://fr.wikipedia.org/?curid=8446185,https://fr.wikipedia.org/wiki/Elmarie Gerryts,Wikip\u00e9dia:\u00e9bauche athl\u00e8te sud-africain
Daniela Stanciu,https://fr.wikipedia.org/?curid=8446228,https://fr.wikipedia.org/wiki/Daniela Stanciu,Wikip\u00e9dia:\u00e9bauche athl\u00e8te roumain
Iryna Gerashchenko,https://fr.wikipedia.org/?curid=8446819,https://fr.wikipedia.org/wiki/Iryna Gerashchenko,Article utilisant une Infobox
Magda Linette,https://fr.wikipedia.org/?curid=8446901,https://fr.wikipedia.org/wiki/Magda Linette,Article utilisant une Infobox
B\u00e9atrice Lundmark,https://fr.wikipedia.org/?curid=8447047,https://fr.wikipedia.org/wiki/B\u00e9atrice Lundmark,Article utilisant une Infobox
Chinwe Okoro,https://fr.wikipedia.org/?curid=8432273,https://fr.wikipedia.org/wiki/Chinwe Okoro,Wikip\u00e9dia:\u00e9bauche athl\u00e8te nig\u00e9rian
Marthe Koala,https://fr.wikipedia.org/?curid=8432293,https://fr.wikipedia.org/wiki/Marthe Koala,Article utilisant une Infobox
Jasmine Thompson,https://fr.wikipedia.org/?curid=8430879,https://fr.wikipedia.org/wiki/Jasmine Thompson,Article contenant un lien mort
Erin Baker,https://fr.wikipedia.org/?curid=8430392,https://fr.wikipedia.org/wiki/Erin Baker,Article \u00e0 illustrer Sportif
Sylvain Dodet,https://fr.wikipedia.org/?curid=8223996,https://fr.wikipedia.org/wiki/Sylvain Dodet,Article utilisant une Infobox
Yves Cordier,https://fr.wikipedia.org/?curid=8228322,https://fr.wikipedia.org/wiki/Yves Cordier,Article utilisant une Infobox
Seweryn Kulesza,https://fr.wikipedia.org/?curid=8315578,https://fr.wikipedia.org/wiki/Seweryn Kulesza,Article utilisant une Infobox
Amanda Bingson,https://fr.wikipedia.org/?curid=8312595,https://fr.wikipedia.org/wiki/Amanda Bingson,Wikip\u00e9dia:\u00e9bauche athl\u00e8te am\u00e9ricain
Jerry Cantrell,https://fr.wikipedia.org/?curid=802597,https://fr.wikipedia.org/wiki/Jerry Cantrell,Wikip\u00e9dia:\u00e9bauche metal
Steffi Hanzlik,https://fr.wikipedia.org/?curid=8022626,https://fr.wikipedia.org/wiki/Steffi Hanzlik,Wikip\u00e9dia:\u00e9bauche skeleton
Anastasiya Harelik,https://fr.wikipedia.org/?curid=8022829,https://fr.wikipedia.org/wiki/Anastasiya Harelik,Article utilisant une Infobox
Mariame Dia,https://fr.wikipedia.org/?curid=8026944,https://fr.wikipedia.org/wiki/Mariame Dia,Article \u00e0 illustrer Joueur de basket-ball
Jovana Gogi\u0107,https://fr.wikipedia.org/?curid=8027681,https://fr.wikipedia.org/wiki/Jovana Gogi\u0107,Article \u00e0 illustrer Joueur de volley-ball
Agnieszka Cyl,https://fr.wikipedia.org/?curid=8031720,https://fr.wikipedia.org/wiki/Agnieszka Cyl,Wikip\u00e9dia:\u00e9bauche biathlon
Tomomi Abiko,https://fr.wikipedia.org/?curid=8029025,https://fr.wikipedia.org/wiki/Tomomi Abiko,Wikip\u00e9dia:\u00e9bauche athl\u00e8te japonais
Marija Pr\u0161a,https://fr.wikipedia.org/?curid=8009287,https://fr.wikipedia.org/wiki/Marija Pr\u0161a,Article \u00e0 illustrer Joueur de volley-ball
Mirinda Carfrae,https://fr.wikipedia.org/?curid=8019767,https://fr.wikipedia.org/wiki/Mirinda Carfrae,Article utilisant une Infobox
Melis Durul,https://fr.wikipedia.org/?curid=8100823,https://fr.wikipedia.org/wiki/Melis Durul,Article utilisant une Infobox
Olivia Ekpon\u00e9,https://fr.wikipedia.org/?curid=8005542,https://fr.wikipedia.org/wiki/Olivia Ekpon\u00e9,Wikip\u00e9dia:\u00e9bauche athl\u00e8te am\u00e9ricain
Courtney Okolo,https://fr.wikipedia.org/?curid=8005555,https://fr.wikipedia.org/wiki/Courtney Okolo,Article utilisant une Infobox
Swanne Gauthier,https://fr.wikipedia.org/?curid=8015306,https://fr.wikipedia.org/wiki/Swanne Gauthier,Article \u00e0 illustrer Joueur de basket-ball
Stephanie Niemer,https://fr.wikipedia.org/?curid=8089991,https://fr.wikipedia.org/wiki/Stephanie Niemer,Wikip\u00e9dia:\u00e9bauche joueuse am\u00e9ricaine de volley-ball
Lucr\u00e9cia Jardim,https://fr.wikipedia.org/?curid=8090136,https://fr.wikipedia.org/wiki/Lucr\u00e9cia Jardim,Wikip\u00e9dia:\u00e9bauche athl\u00e8te portugais
Loren Rowney,https://fr.wikipedia.org/?curid=8091409,https://fr.wikipedia.org/wiki/Loren Rowney,Page utilisant P569
Esther Rolle,https://fr.wikipedia.org/?curid=8091597,https://fr.wikipedia.org/wiki/Esther Rolle,Wikip\u00e9dia:\u00e9bauche acteur am\u00e9ricain
Rywka Lipszyc,https://fr.wikipedia.org/?curid=8093448,https://fr.wikipedia.org/wiki/Rywka Lipszyc,Article utilisant une Infobox
Bea Segura,https://fr.wikipedia.org/?curid=8059135,https://fr.wikipedia.org/wiki/Bea Segura,Article utilisant une Infobox
Am\u00e9lie Goudjo,https://fr.wikipedia.org/?curid=806687,https://fr.wikipedia.org/wiki/Am\u00e9lie Goudjo,Article utilisant une Infobox
Yonkaira Pe\u00f1a,https://fr.wikipedia.org/?curid=8070422,https://fr.wikipedia.org/wiki/Yonkaira Pe\u00f1a,Wikip\u00e9dia:\u00e9bauche joueuse dominicaine de volley-ball
Elke Vanhoof,https://fr.wikipedia.org/?curid=8069352,https://fr.wikipedia.org/wiki/Elke Vanhoof,Wikip\u00e9dia:\u00e9bauche coureur cycliste belge
Lauren Davis,https://fr.wikipedia.org/?curid=8065734,https://fr.wikipedia.org/wiki/Lauren Davis,Article utilisant une Infobox
Zsanett K\u00f6t\u00e9l,https://fr.wikipedia.org/?curid=8071578,https://fr.wikipedia.org/wiki/Zsanett K\u00f6t\u00e9l,Article \u00e0 illustrer Joueur de volley-ball
Ally Stacher,https://fr.wikipedia.org/?curid=8071841,https://fr.wikipedia.org/wiki/Ally Stacher,Page utilisant P569
Malaika Mihambo,https://fr.wikipedia.org/?curid=8055548,https://fr.wikipedia.org/wiki/Malaika Mihambo,Article utilisant une Infobox
Ekaterina Strokova,https://fr.wikipedia.org/?curid=8058370,https://fr.wikipedia.org/wiki/Ekaterina Strokova,Wikip\u00e9dia:\u00e9bauche athl\u00e8te russe
Anna Shchagina,https://fr.wikipedia.org/?curid=8058400,https://fr.wikipedia.org/wiki/Anna Shchagina,Wikip\u00e9dia:\u00e9bauche athl\u00e8te russe
Olha Liakhova,https://fr.wikipedia.org/?curid=8058409,https://fr.wikipedia.org/wiki/Olha Liakhova,Wikip\u00e9dia:\u00e9bauche athl\u00e8te ukrainien
Nataliya Krol,https://fr.wikipedia.org/?curid=8058423,https://fr.wikipedia.org/wiki/Nataliya Krol,Wikip\u00e9dia:\u00e9bauche athl\u00e8te ukrainien
Kelli Berglund,https://fr.wikipedia.org/?curid=8004827,https://fr.wikipedia.org/wiki/Kelli Berglund,Article utilisant une Infobox
Firehiwot Dado,https://fr.wikipedia.org/?curid=8005119,https://fr.wikipedia.org/wiki/Firehiwot Dado,Wikip\u00e9dia:\u00e9bauche athl\u00e8te \u00e9thiopien
Silvana Dascalu,https://fr.wikipedia.org/?curid=8002383,https://fr.wikipedia.org/wiki/Silvana Dascalu,Wikip\u00e9dia:\u00e9bauche joueuse fran\u00e7aise de volley-ball
Lisa Menet-Haure,https://fr.wikipedia.org/?curid=8002436,https://fr.wikipedia.org/wiki/Lisa Menet-Haure,Article utilisant une Infobox
Kim D\u2019Halluin,https://fr.wikipedia.org/?curid=8002490,https://fr.wikipedia.org/wiki/Kim D\u2019Halluin,Article utilisant une Infobox
Omolara Omotoso,https://fr.wikipedia.org/?curid=8002563,https://fr.wikipedia.org/wiki/Omolara Omotoso,Wikip\u00e9dia:\u00e9bauche athl\u00e8te nig\u00e9rian
Heleen Hesselink,https://fr.wikipedia.org/?curid=8011273,https://fr.wikipedia.org/wiki/Heleen Hesselink,Article \u00e0 illustrer Joueur de volley-ball
Tawanna Meadows,https://fr.wikipedia.org/?curid=8000471,https://fr.wikipedia.org/wiki/Tawanna Meadows,Wikip\u00e9dia:\u00e9bauche athl\u00e8te am\u00e9ricain
Valentine Mortreux,https://fr.wikipedia.org/?curid=8001953,https://fr.wikipedia.org/wiki/Valentine Mortreux,Article \u00e0 illustrer Joueur de volley-ball
Demi World Tour,https://fr.wikipedia.org/?curid=8007728,https://fr.wikipedia.org/wiki/Demi World Tour,Article utilisant une Infobox
American Sniper,https://fr.wikipedia.org/?curid=8007202,https://fr.wikipedia.org/wiki/American Sniper,Article utilisant une Infobox
Oph\u00e9lie Gahery,https://fr.wikipedia.org/?curid=8523361,https://fr.wikipedia.org/wiki/Oph\u00e9lie Gahery,Article \u00e0 illustrer Footballeur
Melanie C,https://fr.wikipedia.org/?curid=856793,https://fr.wikipedia.org/wiki/Melanie C,Article contenant un lien mort
Anna Goodman,https://fr.wikipedia.org/?curid=8567229,https://fr.wikipedia.org/wiki/Anna Goodman,Wikip\u00e9dia:\u00e9bauche ski alpin
Kaitlyn Weaver,https://fr.wikipedia.org/?curid=8567463,https://fr.wikipedia.org/wiki/Kaitlyn Weaver,Article utilisant une Infobox
Lynda Morales,https://fr.wikipedia.org/?curid=8566724,https://fr.wikipedia.org/wiki/Lynda Morales,Article \u00e0 illustrer Joueur de volley-ball
Arina Tanemura,https://fr.wikipedia.org/?curid=856574,https://fr.wikipedia.org/wiki/Arina Tanemura,Article manquant de r\u00e9f\u00e9rences depuis juillet 2020
Chloe Ferrari,https://fr.wikipedia.org/?curid=8570414,https://fr.wikipedia.org/wiki/Chloe Ferrari,Wikip\u00e9dia:\u00e9bauche joueuse am\u00e9ricaine de volley-ball
Elena Vesnina,https://fr.wikipedia.org/?curid=856141,https://fr.wikipedia.org/wiki/Elena Vesnina,Article utilisant une Infobox
Ga\u00ebl Le Bellec,https://fr.wikipedia.org/?curid=8561705,https://fr.wikipedia.org/wiki/Ga\u00ebl Le Bellec,Article utilisant une Infobox
Joanna Moore,https://fr.wikipedia.org/?curid=8561870,https://fr.wikipedia.org/wiki/Joanna Moore,Wikip\u00e9dia:\u00e9bauche acteur am\u00e9ricain
Liste des m\u00e9daill\u00e9s olympiques en pentathlon moderne,https://fr.wikipedia.org/?curid=8561890,https://fr.wikipedia.org/wiki/Liste des m\u00e9daill\u00e9s olympiques en pentathlon moderne,Portail:Pentathlon moderne/Articles li\u00e9s
Julie Covington,https://fr.wikipedia.org/?curid=8563960,https://fr.wikipedia.org/wiki/Julie Covington,Article utilisant une Infobox
Molly Kreklow,https://fr.wikipedia.org/?curid=8564113,https://fr.wikipedia.org/wiki/Molly Kreklow,Wikip\u00e9dia:\u00e9bauche joueuse am\u00e9ricaine de volley-ball
Eva Puskar\u010d\u00edkov\u00e1,https://fr.wikipedia.org/?curid=8564736,https://fr.wikipedia.org/wiki/Eva Puskar\u010d\u00edkov\u00e1,Article utilisant une Infobox
Julia Schruff,https://fr.wikipedia.org/?curid=856005,https://fr.wikipedia.org/wiki/Julia Schruff,Article utilisant une Infobox
Kornelia Kubi\u0144ska,https://fr.wikipedia.org/?curid=8560142,https://fr.wikipedia.org/wiki/Kornelia Kubi\u0144ska,Article \u00e0 illustrer Sportif
Ahsha Rolle,https://fr.wikipedia.org/?curid=856028,https://fr.wikipedia.org/wiki/Ahsha Rolle,Article utilisant une Infobox
Jana Gantnerov\u00e1,https://fr.wikipedia.org/?curid=8562381,https://fr.wikipedia.org/wiki/Jana Gantnerov\u00e1,Wikip\u00e9dia:\u00e9bauche ski alpin
Sesil Karatantcheva,https://fr.wikipedia.org/?curid=856061,https://fr.wikipedia.org/wiki/Sesil Karatantcheva,Article utilisant une Infobox
Kelly Reeves,https://fr.wikipedia.org/?curid=8560643,https://fr.wikipedia.org/wiki/Kelly Reeves,Wikip\u00e9dia:\u00e9bauche joueuse am\u00e9ricaine de volley-ball
Casey Dellacqua,https://fr.wikipedia.org/?curid=856118,https://fr.wikipedia.org/wiki/Casey Dellacqua,Article utilisant une Infobox
Angela Haynes,https://fr.wikipedia.org/?curid=856122,https://fr.wikipedia.org/wiki/Angela Haynes,Article utilisant une Infobox
Magdalena Maleeva,https://fr.wikipedia.org/?curid=856337,https://fr.wikipedia.org/wiki/Magdalena Maleeva,Article utilisant une Infobox
Candice Gherbi,https://fr.wikipedia.org/?curid=8521576,https://fr.wikipedia.org/wiki/Candice Gherbi,Article \u00e0 illustrer Footballeur
Marie-Fran\u00e7oise Dubois,https://fr.wikipedia.org/?curid=8534019,https://fr.wikipedia.org/wiki/Marie-Fran\u00e7oise Dubois,Wikip\u00e9dia:\u00e9bauche athl\u00e8te fran\u00e7ais
Karly Robertson,https://fr.wikipedia.org/?curid=8534089,https://fr.wikipedia.org/wiki/Karly Robertson,Article utilisant une Infobox
\u00c9crin du c\u0153ur d'Anne de Bretagne,https://fr.wikipedia.org/?curid=8525532,https://fr.wikipedia.org/wiki/\u00c9crin du c\u0153ur d'Anne de Bretagne,Page utilisant P217
Kateryna Bondarenko,https://fr.wikipedia.org/?curid=852556,https://fr.wikipedia.org/wiki/Kateryna Bondarenko,Article utilisant une Infobox
Bart Aernouts (triathlon),https://fr.wikipedia.org/?curid=8552123,https://fr.wikipedia.org/wiki/Bart Aernouts (triathlon),Article utilisant une Infobox
Dicle Nur Babat,https://fr.wikipedia.org/?curid=8551192,https://fr.wikipedia.org/wiki/Dicle Nur Babat,Article \u00e0 illustrer Joueur de volley-ball
Pam Shriver,https://fr.wikipedia.org/?curid=852448,https://fr.wikipedia.org/wiki/Pam Shriver,Article utilisant une Infobox
El\u00e9ni Daniil\u00eddou,https://fr.wikipedia.org/?curid=852489,https://fr.wikipedia.org/wiki/El\u00e9ni Daniil\u00eddou,Article utilisant une Infobox
Brittany Phelan,https://fr.wikipedia.org/?curid=8543758,https://fr.wikipedia.org/wiki/Brittany Phelan,Wikip\u00e9dia:\u00e9bauche ski alpin
Ashley Tisdale,https://fr.wikipedia.org/?curid=854397,https://fr.wikipedia.org/wiki/Ashley Tisdale,Page utilisant P19
Romy Beer,https://fr.wikipedia.org/?curid=8539176,https://fr.wikipedia.org/wiki/Romy Beer,Wikip\u00e9dia:\u00e9bauche biathlon
Christy Prior,https://fr.wikipedia.org/?curid=8542772,https://fr.wikipedia.org/wiki/Christy Prior,Wikip\u00e9dia:\u00e9bauche snowboard
Cheryl Maas,https://fr.wikipedia.org/?curid=8543104,https://fr.wikipedia.org/wiki/Cheryl Maas,Wikip\u00e9dia:\u00e9bauche snowboard
Martyna Grajber,https://fr.wikipedia.org/?curid=8544995,https://fr.wikipedia.org/wiki/Martyna Grajber,Article utilisant une Infobox
Carly Wopat,https://fr.wikipedia.org/?curid=8527363,https://fr.wikipedia.org/wiki/Carly Wopat,Wikip\u00e9dia:\u00e9bauche joueuse am\u00e9ricaine de volley-ball
Thomas S. Foley,https://fr.wikipedia.org/?curid=8520307,https://fr.wikipedia.org/wiki/Thomas S. Foley,Article utilisant une Infobox
Grace Geyoro,https://fr.wikipedia.org/?curid=8526190,https://fr.wikipedia.org/wiki/Grace Geyoro,Article utilisant une Infobox
Femmes dans les litt\u00e9ratures de l'imaginaire,https://fr.wikipedia.org/?curid=8527762,https://fr.wikipedia.org/wiki/Femmes dans les litt\u00e9ratures de l'imaginaire,Article contenant un lien mort
Sarah Walter,https://fr.wikipedia.org/?curid=8530234,https://fr.wikipedia.org/wiki/Sarah Walter,Wikip\u00e9dia:\u00e9bauche athl\u00e8te fran\u00e7ais
Marine Dafeur,https://fr.wikipedia.org/?curid=8512334,https://fr.wikipedia.org/wiki/Marine Dafeur,Article manquant de r\u00e9f\u00e9rences depuis f\u00e9vrier 2023
Charl\u00e8ne Gorce,https://fr.wikipedia.org/?curid=8512570,https://fr.wikipedia.org/wiki/Charl\u00e8ne Gorce,Article \u00e0 illustrer Footballeur
Gabriella Papadakis,https://fr.wikipedia.org/?curid=8511328,https://fr.wikipedia.org/wiki/Gabriella Papadakis,Article utilisant une Infobox
Ghoutia Karchouni,https://fr.wikipedia.org/?curid=8509515,https://fr.wikipedia.org/wiki/Ghoutia Karchouni,Article \u00e0 illustrer Footballeur
Lindsey Thomas,https://fr.wikipedia.org/?curid=8513065,https://fr.wikipedia.org/wiki/Lindsey Thomas,Article manquant de r\u00e9f\u00e9rences depuis d\u00e9cembre 2019
Axelle Mollaret,https://fr.wikipedia.org/?curid=8536276,https://fr.wikipedia.org/wiki/Axelle Mollaret,Article utilisant une Infobox
Penny Coomes,https://fr.wikipedia.org/?curid=8546807,https://fr.wikipedia.org/wiki/Penny Coomes,Article utilisant une Infobox
The Pinkprint,https://fr.wikipedia.org/?curid=8546063,https://fr.wikipedia.org/wiki/The Pinkprint,Wikip\u00e9dia:\u00e9bauche album de hip-hop
Alenka \u010ceba\u0161ek,https://fr.wikipedia.org/?curid=8576686,https://fr.wikipedia.org/wiki/Alenka \u010ceba\u0161ek,Wikip\u00e9dia:\u00e9bauche ski de fond
Valentina Gounina,https://fr.wikipedia.org/?curid=8575931,https://fr.wikipedia.org/wiki/Valentina Gounina,Page utilisant P569
Anne-Sophie Mondi\u00e8re,https://fr.wikipedia.org/?curid=847820,https://fr.wikipedia.org/wiki/Anne-Sophie Mondi\u00e8re,Wikip\u00e9dia:\u00e9bauche judo
Alena Leonova,https://fr.wikipedia.org/?curid=8480018,https://fr.wikipedia.org/wiki/Alena Leonova,Wikip\u00e9dia:\u00e9bauche personnalit\u00e9 russe
Larisa Seleznyova,https://fr.wikipedia.org/?curid=8609144,https://fr.wikipedia.org/wiki/Larisa Seleznyova,Wikip\u00e9dia:\u00e9bauche patinage artistique
Sylviane Puntous,https://fr.wikipedia.org/?curid=8733579,https://fr.wikipedia.org/wiki/Sylviane Puntous,Article \u00e0 illustrer Sportif
Rachel Sermanni,https://fr.wikipedia.org/?curid=8733794,https://fr.wikipedia.org/wiki/Rachel Sermanni,Article contenant un lien mort
Seraina Mischol,https://fr.wikipedia.org/?curid=8651317,https://fr.wikipedia.org/wiki/Seraina Mischol,Wikip\u00e9dia:\u00e9bauche ski de fond
Yusidey Sili\u00e9,https://fr.wikipedia.org/?curid=8684899,https://fr.wikipedia.org/wiki/Yusidey Sili\u00e9,Article \u00e0 illustrer Joueur de volley-ball
Pelague\u00efa Cha\u00efne,https://fr.wikipedia.org/?curid=870122,https://fr.wikipedia.org/wiki/Pelague\u00efa Cha\u00efne,Page utilisant P569
Scream Queens (s\u00e9rie t\u00e9l\u00e9vis\u00e9e),https://fr.wikipedia.org/?curid=8690106,https://fr.wikipedia.org/wiki/Scream Queens (s\u00e9rie t\u00e9l\u00e9vis\u00e9e),Article contenant un lien mort
Eimear Nicholls,https://fr.wikipedia.org/?curid=8690380,https://fr.wikipedia.org/wiki/Eimear Nicholls,Article utilisant une Infobox
Klaudia Grzelak,https://fr.wikipedia.org/?curid=8701864,https://fr.wikipedia.org/wiki/Klaudia Grzelak,Article utilisant une Infobox
Leanne Liu,https://fr.wikipedia.org/?curid=8695184,https://fr.wikipedia.org/wiki/Leanne Liu,Article \u00e0 illustrer Personnalit\u00e9 du cin\u00e9ma
Klaudia Medlov\u00e1,https://fr.wikipedia.org/?curid=8711779,https://fr.wikipedia.org/wiki/Klaudia Medlov\u00e1,Article \u00e0 illustrer Sportif
Amanda Lightfoot,https://fr.wikipedia.org/?curid=8727821,https://fr.wikipedia.org/wiki/Amanda Lightfoot,Article utilisant une Infobox
Camilla Borsotti,https://fr.wikipedia.org/?curid=8729077,https://fr.wikipedia.org/wiki/Camilla Borsotti,Wikip\u00e9dia:\u00e9bauche ski alpin
Peng Cheng,https://fr.wikipedia.org/?curid=8731860,https://fr.wikipedia.org/wiki/Peng Cheng,Wikip\u00e9dia:\u00e9bauche patinage artistique
Aleksandra Kaza\u0142a,https://fr.wikipedia.org/?curid=8732309,https://fr.wikipedia.org/wiki/Aleksandra Kaza\u0142a,Article \u00e0 illustrer Joueur de volley-ball
Leanda Cave,https://fr.wikipedia.org/?curid=8728431,https://fr.wikipedia.org/wiki/Leanda Cave,Article utilisant une Infobox
Erika Csomor,https://fr.wikipedia.org/?curid=8692818,https://fr.wikipedia.org/wiki/Erika Csomor,Wikip\u00e9dia:\u00e9bauche triathl\u00e8te
Kadri Lehtla,https://fr.wikipedia.org/?curid=8702481,https://fr.wikipedia.org/wiki/Kadri Lehtla,Wikip\u00e9dia:\u00e9bauche biathlon
Iryna Leshchanka,https://fr.wikipedia.org/?curid=8702660,https://fr.wikipedia.org/wiki/Iryna Leshchanka,Wikip\u00e9dia:\u00e9bauche biathlon
Katie Summerhayes,https://fr.wikipedia.org/?curid=8702791,https://fr.wikipedia.org/wiki/Katie Summerhayes,Article \u00e0 illustrer Sportif
Natalia Permiakova,https://fr.wikipedia.org/?curid=8705481,https://fr.wikipedia.org/wiki/Natalia Permiakova,Wikip\u00e9dia:\u00e9bauche biathlon
Victor Del Corral Morales,https://fr.wikipedia.org/?curid=8703161,https://fr.wikipedia.org/wiki/Victor Del Corral Morales,Article utilisant une Infobox
Caroline Steffen,https://fr.wikipedia.org/?curid=8706294,https://fr.wikipedia.org/wiki/Caroline Steffen,Article utilisant une Infobox
Rina Ikoma,https://fr.wikipedia.org/?curid=8706337,https://fr.wikipedia.org/wiki/Rina Ikoma,Article utilisant une Infobox
Julie Moss,https://fr.wikipedia.org/?curid=8725790,https://fr.wikipedia.org/wiki/Julie Moss,Article \u00e0 illustrer Sportif
Anna Gasser,https://fr.wikipedia.org/?curid=8719774,https://fr.wikipedia.org/wiki/Anna Gasser,Article utilisant une Infobox
Ben Hoffman,https://fr.wikipedia.org/?curid=8725278,https://fr.wikipedia.org/wiki/Ben Hoffman,Article utilisant une Infobox
Kiley McKinnon,https://fr.wikipedia.org/?curid=8720344,https://fr.wikipedia.org/wiki/Kiley McKinnon,Wikip\u00e9dia:\u00e9bauche ski acrobatique
James Cunnama,https://fr.wikipedia.org/?curid=8613441,https://fr.wikipedia.org/wiki/James Cunnama,Article utilisant une Infobox
Fatima Aouam,https://fr.wikipedia.org/?curid=8621666,https://fr.wikipedia.org/wiki/Fatima Aouam,Wikip\u00e9dia:\u00e9bauche athl\u00e8te marocain
N\u00f3ra Hoffmann,https://fr.wikipedia.org/?curid=8618610,https://fr.wikipedia.org/wiki/N\u00f3ra Hoffmann,Wikip\u00e9dia:\u00e9bauche patinage artistique
Ksenia Makarova,https://fr.wikipedia.org/?curid=8622664,https://fr.wikipedia.org/wiki/Ksenia Makarova,Wikip\u00e9dia:\u00e9bauche personnalit\u00e9 russe
Kira Ivanova,https://fr.wikipedia.org/?curid=8607315,https://fr.wikipedia.org/wiki/Kira Ivanova,Wikip\u00e9dia:\u00e9bauche patinage artistique
Marguerite G\u00e9rard,https://fr.wikipedia.org/?curid=860772,https://fr.wikipedia.org/wiki/Marguerite G\u00e9rard,Page utilisant P1317
Lene Lovich,https://fr.wikipedia.org/?curid=8688093,https://fr.wikipedia.org/wiki/Lene Lovich,Article manquant de r\u00e9f\u00e9rences depuis mars 2019
Katarzyna Nadzia\u0142ek,https://fr.wikipedia.org/?curid=8681919,https://fr.wikipedia.org/wiki/Katarzyna Nadzia\u0142ek,Article utilisant une Infobox
Conrad Stoltz (triathlon),https://fr.wikipedia.org/?curid=8617133,https://fr.wikipedia.org/wiki/Conrad Stoltz (triathlon),Article \u00e0 illustrer Sportif
Lucia Joas,https://fr.wikipedia.org/?curid=8642628,https://fr.wikipedia.org/wiki/Lucia Joas,Wikip\u00e9dia:\u00e9bauche sportif allemand
Jennifer Doris,https://fr.wikipedia.org/?curid=8640998,https://fr.wikipedia.org/wiki/Jennifer Doris,Wikip\u00e9dia:\u00e9bauche joueuse am\u00e9ricaine de volley-ball
Ina Bauer,https://fr.wikipedia.org/?curid=8643475,https://fr.wikipedia.org/wiki/Ina Bauer,Article \u00e0 illustrer Patineur artistique
Marisa Lavanchy,https://fr.wikipedia.org/?curid=8638551,https://fr.wikipedia.org/wiki/Marisa Lavanchy,Article \u00e0 illustrer Athl\u00e8te
Elisa Brocard,https://fr.wikipedia.org/?curid=8638910,https://fr.wikipedia.org/wiki/Elisa Brocard,Wikip\u00e9dia:\u00e9bauche ski de fond
Gaia Vuerich,https://fr.wikipedia.org/?curid=8639231,https://fr.wikipedia.org/wiki/Gaia Vuerich,Wikip\u00e9dia:\u00e9bauche ski de fond
Phyllis Johnson,https://fr.wikipedia.org/?curid=8637883,https://fr.wikipedia.org/wiki/Phyllis Johnson,Wikip\u00e9dia:\u00e9bauche patinage artistique
Dorothy Greenhough-Smith,https://fr.wikipedia.org/?curid=8638277,https://fr.wikipedia.org/wiki/Dorothy Greenhough-Smith,Wikip\u00e9dia:\u00e9bauche patinage artistique
Tokyo Fianc\u00e9e,https://fr.wikipedia.org/?curid=8676161,https://fr.wikipedia.org/wiki/Tokyo Fianc\u00e9e,Article utilisant une Infobox
Michele Greene,https://fr.wikipedia.org/?curid=867526,https://fr.wikipedia.org/wiki/Michele Greene,Wikip\u00e9dia:\u00e9bauche acteur am\u00e9ricain
Sevyn Streeter,https://fr.wikipedia.org/?curid=8658721,https://fr.wikipedia.org/wiki/Sevyn Streeter,Article contenant un lien mort
Magda Rezlerov\u00e1,https://fr.wikipedia.org/?curid=8660658,https://fr.wikipedia.org/wiki/Magda Rezlerov\u00e1,Wikip\u00e9dia:\u00e9bauche sportif tch\u00e8que
Zde\u0148ka Vejnarov\u00e1,https://fr.wikipedia.org/?curid=8660733,https://fr.wikipedia.org/wiki/Zde\u0148ka Vejnarov\u00e1,Wikip\u00e9dia:\u00e9bauche sportif tch\u00e8que
Liste des reines de Jordanie,https://fr.wikipedia.org/?curid=8662856,https://fr.wikipedia.org/wiki/Liste des reines de Jordanie,Portail:Histoire/Articles li\u00e9s
Georgia Simmerling,https://fr.wikipedia.org/?curid=8656104,https://fr.wikipedia.org/wiki/Georgia Simmerling,Article utilisant une Infobox
Laura Mononen,https://fr.wikipedia.org/?curid=8656180,https://fr.wikipedia.org/wiki/Laura Mononen,Article utilisant une Infobox
Liste des m\u00e9daill\u00e9s aux Jeux olympiques d'hiver de 1968,https://fr.wikipedia.org/?curid=8594131,https://fr.wikipedia.org/wiki/Liste des m\u00e9daill\u00e9s aux Jeux olympiques d'hiver de 1968,Portail:Jeux olympiques/Articles li\u00e9s
Marina Piller,https://fr.wikipedia.org/?curid=8595025,https://fr.wikipedia.org/wiki/Marina Piller,Wikip\u00e9dia:\u00e9bauche ski de fond
Megan Nicole,https://fr.wikipedia.org/?curid=8595319,https://fr.wikipedia.org/wiki/Megan Nicole,Article contenant un lien mort
Denisa Chl\u00e1dkov\u00e1,https://fr.wikipedia.org/?curid=862425,https://fr.wikipedia.org/wiki/Denisa Chl\u00e1dkov\u00e1,Article \u00e0 illustrer Joueur de tennis
Stina Hofgaard Nilsen,https://fr.wikipedia.org/?curid=8635506,https://fr.wikipedia.org/wiki/Stina Hofgaard Nilsen,Wikip\u00e9dia:\u00e9bauche ski alpin
Ewa \u017bak,https://fr.wikipedia.org/?curid=8637129,https://fr.wikipedia.org/wiki/Ewa \u017bak,Article utilisant une Infobox
Ellen Sprunger,https://fr.wikipedia.org/?curid=8636696,https://fr.wikipedia.org/wiki/Ellen Sprunger,Article utilisant une Infobox
Nasim Pedrad,https://fr.wikipedia.org/?curid=8634278,https://fr.wikipedia.org/wiki/Nasim Pedrad,Article utilisant une Infobox
Diana Rasimovi\u010di\u016bt\u0117-Brice,https://fr.wikipedia.org/?curid=8579429,https://fr.wikipedia.org/wiki/Diana Rasimovi\u010di\u016bt\u0117-Brice,Article utilisant une Infobox
Martina Accola,https://fr.wikipedia.org/?curid=8579759,https://fr.wikipedia.org/wiki/Martina Accola,Article \u00e0 illustrer Sportif
Nathalie Eklund,https://fr.wikipedia.org/?curid=8579782,https://fr.wikipedia.org/wiki/Nathalie Eklund,Wikip\u00e9dia:\u00e9bauche personnalit\u00e9 su\u00e9doise
Laurine Lecavelier,https://fr.wikipedia.org/?curid=8603013,https://fr.wikipedia.org/wiki/Laurine Lecavelier,Article utilisant une Infobox
Stefanie Moser,https://fr.wikipedia.org/?curid=8596415,https://fr.wikipedia.org/wiki/Stefanie Moser,Wikip\u00e9dia:\u00e9bauche ski alpin
Katja Wirth,https://fr.wikipedia.org/?curid=8650953,https://fr.wikipedia.org/wiki/Katja Wirth,Wikip\u00e9dia:\u00e9bauche ski alpin
Alia Bhatt,https://fr.wikipedia.org/?curid=8624737,https://fr.wikipedia.org/wiki/Alia Bhatt,Wikip\u00e9dia:\u00e9bauche acteur indien
Emma Laine,https://fr.wikipedia.org/?curid=862799,https://fr.wikipedia.org/wiki/Emma Laine,Article \u00e0 illustrer Joueur de tennis
Martina Such\u00e1,https://fr.wikipedia.org/?curid=862830,https://fr.wikipedia.org/wiki/Martina Such\u00e1,Article utilisant une Infobox
Aiko Nakamura,https://fr.wikipedia.org/?curid=862627,https://fr.wikipedia.org/wiki/Aiko Nakamura,Article utilisant une Infobox
Emily Samuelson,https://fr.wikipedia.org/?curid=8586202,https://fr.wikipedia.org/wiki/Emily Samuelson,Article utilisant une Infobox
C. Michelle Olmstead,https://fr.wikipedia.org/?curid=858714,https://fr.wikipedia.org/wiki/C. Michelle Olmstead,Page utilisant P569
Catherine Bellis,https://fr.wikipedia.org/?curid=8588247,https://fr.wikipedia.org/wiki/Catherine Bellis,Article utilisant une Infobox
Enora Latuilli\u00e8re,https://fr.wikipedia.org/?curid=8588653,https://fr.wikipedia.org/wiki/Enora Latuilli\u00e8re,Article utilisant une Infobox
Carina Aulenbrock,https://fr.wikipedia.org/?curid=8587876,https://fr.wikipedia.org/wiki/Carina Aulenbrock,Article \u00e0 illustrer Joueur de volley-ball
Natalie Hagglund,https://fr.wikipedia.org/?curid=8573048,https://fr.wikipedia.org/wiki/Natalie Hagglund,Wikip\u00e9dia:\u00e9bauche joueuse am\u00e9ricaine de volley-ball
Maxine Waters,https://fr.wikipedia.org/?curid=8575096,https://fr.wikipedia.org/wiki/Maxine Waters,Article utilisant une Infobox
Wendy Siorpaes,https://fr.wikipedia.org/?curid=8581166,https://fr.wikipedia.org/wiki/Wendy Siorpaes,Wikip\u00e9dia:\u00e9bauche ski alpin
Olesja Alieva,https://fr.wikipedia.org/?curid=8581252,https://fr.wikipedia.org/wiki/Olesja Alieva,Wikip\u00e9dia:\u00e9bauche ski alpin
Barbara Jezer\u0161ek,https://fr.wikipedia.org/?curid=8576854,https://fr.wikipedia.org/wiki/Barbara Jezer\u0161ek,Wikip\u00e9dia:\u00e9bauche ski de fond
Polina Edmunds,https://fr.wikipedia.org/?curid=8982606,https://fr.wikipedia.org/wiki/Polina Edmunds,Wikip\u00e9dia:\u00e9bauche personnalit\u00e9 am\u00e9ricaine
Amy Poehler,https://fr.wikipedia.org/?curid=898390,https://fr.wikipedia.org/wiki/Amy Poehler,Article utilisant une Infobox
Marie-Louise d'Autriche,https://fr.wikipedia.org/?curid=90222,https://fr.wikipedia.org/wiki/Marie-Louise d'Autriche,Article utilisant une Infobox
Moriah Jefferson,https://fr.wikipedia.org/?curid=9022324,https://fr.wikipedia.org/wiki/Moriah Jefferson,Article utilisant une Infobox
Chantal Malherbe,https://fr.wikipedia.org/?curid=9022583,https://fr.wikipedia.org/wiki/Chantal Malherbe,Wikip\u00e9dia:\u00e9bauche triathl\u00e8te
Pretty Girls (chanson),https://fr.wikipedia.org/?curid=9018009,https://fr.wikipedia.org/wiki/Pretty Girls (chanson),Article contenant un lien mort
Tamara Feldman,https://fr.wikipedia.org/?curid=9019450,https://fr.wikipedia.org/wiki/Tamara Feldman,Wikip\u00e9dia:\u00e9bauche acteur am\u00e9ricain
Sarah True,https://fr.wikipedia.org/?curid=8998575,https://fr.wikipedia.org/wiki/Sarah True,Article utilisant une Infobox
Tatiana Perebiynis,https://fr.wikipedia.org/?curid=899883,https://fr.wikipedia.org/wiki/Tatiana Perebiynis,Article utilisant une Infobox
Barbora Str\u00fdcov\u00e1,https://fr.wikipedia.org/?curid=899900,https://fr.wikipedia.org/wiki/Barbora Str\u00fdcov\u00e1,Article utilisant une Infobox
Blanka Vla\u0161i\u0107,https://fr.wikipedia.org/?curid=903217,https://fr.wikipedia.org/wiki/Blanka Vla\u0161i\u0107,Article utilisant une Infobox
Elaine Thompson-Herah,https://fr.wikipedia.org/?curid=9033181,https://fr.wikipedia.org/wiki/Elaine Thompson-Herah,Article utilisant une Infobox
Zoila Stewart,https://fr.wikipedia.org/?curid=9033276,https://fr.wikipedia.org/wiki/Zoila Stewart,Wikip\u00e9dia:\u00e9bauche athl\u00e8te costaricien
Caroline Wozniacki,https://fr.wikipedia.org/?curid=903331,https://fr.wikipedia.org/wiki/Caroline Wozniacki,Article utilisant une Infobox
Laura Davies,https://fr.wikipedia.org/?curid=903296,https://fr.wikipedia.org/wiki/Laura Davies,Wikip\u00e9dia:\u00e9bauche golf
Karrie Webb,https://fr.wikipedia.org/?curid=903298,https://fr.wikipedia.org/wiki/Karrie Webb,Article utilisant une Infobox
Flora Duffy,https://fr.wikipedia.org/?curid=9022757,https://fr.wikipedia.org/wiki/Flora Duffy,Article utilisant une Infobox
Demi Schuurs,https://fr.wikipedia.org/?curid=9022874,https://fr.wikipedia.org/wiki/Demi Schuurs,Article utilisant une Infobox
Anke Erlank,https://fr.wikipedia.org/?curid=9023326,https://fr.wikipedia.org/wiki/Anke Erlank,Wikip\u00e9dia:\u00e9bauche triathl\u00e8te
Candy Angle,https://fr.wikipedia.org/?curid=9023376,https://fr.wikipedia.org/wiki/Candy Angle,Wikip\u00e9dia:\u00e9bauche triathl\u00e8te
Kerstin Weule,https://fr.wikipedia.org/?curid=9023411,https://fr.wikipedia.org/wiki/Kerstin Weule,Article \u00e0 illustrer Sportif
Jimmy Riccitello,https://fr.wikipedia.org/?curid=9023567,https://fr.wikipedia.org/wiki/Jimmy Riccitello,Wikip\u00e9dia:\u00e9bauche triathlon
Michael Weiss (triathlon),https://fr.wikipedia.org/?curid=9023623,https://fr.wikipedia.org/wiki/Michael Weiss (triathlon),Article utilisant une Infobox
Meseret Mengistu,https://fr.wikipedia.org/?curid=9024066,https://fr.wikipedia.org/wiki/Meseret Mengistu,Wikip\u00e9dia:\u00e9bauche athl\u00e8te \u00e9thiopien
Natalia Pogonina,https://fr.wikipedia.org/?curid=8993701,https://fr.wikipedia.org/wiki/Natalia Pogonina,Page utilisant P569
Obuzoene Nsenu,https://fr.wikipedia.org/?curid=8989581,https://fr.wikipedia.org/wiki/Obuzoene Nsenu,Wikip\u00e9dia:\u00e9bauche athl\u00e8te nig\u00e9rian
Ana Burgos,https://fr.wikipedia.org/?curid=8992473,https://fr.wikipedia.org/wiki/Ana Burgos,Wikip\u00e9dia:\u00e9bauche triathl\u00e8te
Agnes Tirop,https://fr.wikipedia.org/?curid=8977559,https://fr.wikipedia.org/wiki/Agnes Tirop,Article utilisant une Infobox
H\u00e9l\u00e9na Erbenov\u00e1,https://fr.wikipedia.org/?curid=9004428,https://fr.wikipedia.org/wiki/H\u00e9l\u00e9na Erbenov\u00e1,Article utilisant une Infobox
Helle Frederiksen,https://fr.wikipedia.org/?curid=9006812,https://fr.wikipedia.org/wiki/Helle Frederiksen,Article utilisant une Infobox
Comfort Onyali,https://fr.wikipedia.org/?curid=8985306,https://fr.wikipedia.org/wiki/Comfort Onyali,Wikip\u00e9dia:\u00e9bauche athl\u00e8te nig\u00e9rian
Chinaza Amadi,https://fr.wikipedia.org/?curid=8985325,https://fr.wikipedia.org/wiki/Chinaza Amadi,Wikip\u00e9dia:\u00e9bauche athl\u00e8te nig\u00e9rian
Jamaa Chnaik,https://fr.wikipedia.org/?curid=8985391,https://fr.wikipedia.org/wiki/Jamaa Chnaik,Wikip\u00e9dia:\u00e9bauche athl\u00e8te marocain
Hunter Kemper,https://fr.wikipedia.org/?curid=8985724,https://fr.wikipedia.org/wiki/Hunter Kemper,Article utilisant une Infobox
Janet Lynn,https://fr.wikipedia.org/?curid=8976639,https://fr.wikipedia.org/wiki/Janet Lynn,Wikip\u00e9dia:\u00e9bauche patinage artistique
Wafaa Ismail Baghdadi,https://fr.wikipedia.org/?curid=8986065,https://fr.wikipedia.org/wiki/Wafaa Ismail Baghdadi,Wikip\u00e9dia:\u00e9bauche athl\u00e8te \u00e9gyptien
Wendy Turnbull,https://fr.wikipedia.org/?curid=898048,https://fr.wikipedia.org/wiki/Wendy Turnbull,Article \u00e0 illustrer Joueur de tennis
Alexandra Zaretsky,https://fr.wikipedia.org/?curid=9000583,https://fr.wikipedia.org/wiki/Alexandra Zaretsky,Article utilisant une Infobox
Marina Kaye,https://fr.wikipedia.org/?curid=9000876,https://fr.wikipedia.org/wiki/Marina Kaye,Article utilisant une Infobox
Paula Findlay,https://fr.wikipedia.org/?curid=9001124,https://fr.wikipedia.org/wiki/Paula Findlay,Article utilisant une Infobox
Pauli Kiuru,https://fr.wikipedia.org/?curid=9001430,https://fr.wikipedia.org/wiki/Pauli Kiuru,Wikip\u00e9dia:\u00e9bauche triathlon
Lesley Paterson,https://fr.wikipedia.org/?curid=9001497,https://fr.wikipedia.org/wiki/Lesley Paterson,Article \u00e0 illustrer Sportif
\u00c9velyne Lebret,https://fr.wikipedia.org/?curid=8996622,https://fr.wikipedia.org/wiki/\u00c9velyne Lebret,Wikip\u00e9dia:\u00e9bauche athl\u00e8te fran\u00e7ais
Lisa Gelius,https://fr.wikipedia.org/?curid=8996278,https://fr.wikipedia.org/wiki/Lisa Gelius,Wikip\u00e9dia:\u00e9bauche athl\u00e8te allemand
Hermine Schr\u00f6der,https://fr.wikipedia.org/?curid=8996292,https://fr.wikipedia.org/wiki/Hermine Schr\u00f6der,Wikip\u00e9dia:\u00e9bauche athl\u00e8te allemand
Kangana Ranaut,https://fr.wikipedia.org/?curid=898116,https://fr.wikipedia.org/wiki/Kangana Ranaut,Article contenant un lien mort
Justina Chepchirchir,https://fr.wikipedia.org/?curid=8981164,https://fr.wikipedia.org/wiki/Justina Chepchirchir,Wikip\u00e9dia:\u00e9bauche athl\u00e8te k\u00e9nyan
Ashleigh Brewer,https://fr.wikipedia.org/?curid=9201895,https://fr.wikipedia.org/wiki/Ashleigh Brewer,Wikip\u00e9dia:\u00e9bauche acteur australien
Andrea Dvorak,https://fr.wikipedia.org/?curid=9202260,https://fr.wikipedia.org/wiki/Andrea Dvorak,Page utilisant P569
Semi Kunatani,https://fr.wikipedia.org/?curid=9198489,https://fr.wikipedia.org/wiki/Semi Kunatani,Article utilisant une Infobox
Liu Tingting (athl\u00e9tisme),https://fr.wikipedia.org/?curid=9199436,https://fr.wikipedia.org/wiki/Liu Tingting (athl\u00e9tisme),Wikip\u00e9dia:\u00e9bauche athl\u00e8te chinois
Kathryn Mitchell,https://fr.wikipedia.org/?curid=9171663,https://fr.wikipedia.org/wiki/Kathryn Mitchell,Wikip\u00e9dia:\u00e9bauche athl\u00e8te australien
Bitch I'm Madonna,https://fr.wikipedia.org/?curid=9189895,https://fr.wikipedia.org/wiki/Bitch I'm Madonna,Article utilisant une Infobox
Lalita Babar,https://fr.wikipedia.org/?curid=9193169,https://fr.wikipedia.org/wiki/Lalita Babar,Wikip\u00e9dia:\u00e9bauche athl\u00e8te indien
Chambre 12 Tour,https://fr.wikipedia.org/?curid=9193321,https://fr.wikipedia.org/wiki/Chambre 12 Tour,Wikip\u00e9dia:Tentative d'adoption en novembre 2022
Paula Badosa,https://fr.wikipedia.org/?curid=9192722,https://fr.wikipedia.org/wiki/Paula Badosa,Article utilisant une Infobox
Rose Cheruiyot,https://fr.wikipedia.org/?curid=9144525,https://fr.wikipedia.org/wiki/Rose Cheruiyot,Wikip\u00e9dia:\u00e9bauche athl\u00e8te k\u00e9nyan
Laetitia Valdonado,https://fr.wikipedia.org/?curid=9149217,https://fr.wikipedia.org/wiki/Laetitia Valdonado,Wikip\u00e9dia:\u00e9bauche athl\u00e8te fran\u00e7ais
Claudia Leistner,https://fr.wikipedia.org/?curid=914929,https://fr.wikipedia.org/wiki/Claudia Leistner,Wikip\u00e9dia:\u00e9bauche patinage artistique
A\u00efsseta Diawara,https://fr.wikipedia.org/?curid=9149845,https://fr.wikipedia.org/wiki/A\u00efsseta Diawara,Wikip\u00e9dia:\u00e9bauche athl\u00e8te fran\u00e7ais
Dora Jemaa-Amirouche,https://fr.wikipedia.org/?curid=9149865,https://fr.wikipedia.org/wiki/Dora Jemaa-Amirouche,Wikip\u00e9dia:\u00e9bauche athl\u00e8te fran\u00e7ais
Marl\u00e8ne Canguio,https://fr.wikipedia.org/?curid=9153025,https://fr.wikipedia.org/wiki/Marl\u00e8ne Canguio,Article \u00e0 illustrer Athl\u00e8te
Lisa Vanderpump,https://fr.wikipedia.org/?curid=9153561,https://fr.wikipedia.org/wiki/Lisa Vanderpump,Wikip\u00e9dia:\u00e9bauche acteur britannique
Irina Mo\u00efsse\u00efeva,https://fr.wikipedia.org/?curid=915357,https://fr.wikipedia.org/wiki/Irina Mo\u00efsse\u00efeva,Wikip\u00e9dia:\u00e9bauche patinage artistique
Rose Mary Almanza,https://fr.wikipedia.org/?curid=9153700,https://fr.wikipedia.org/wiki/Rose Mary Almanza,Wikip\u00e9dia:\u00e9bauche athl\u00e8te cubain
Pauline de Meulan,https://fr.wikipedia.org/?curid=9152898,https://fr.wikipedia.org/wiki/Pauline de Meulan,Page utilisant P569
Anastassia Bavykina,https://fr.wikipedia.org/?curid=9152277,https://fr.wikipedia.org/wiki/Anastassia Bavykina,Article utilisant une Infobox
Nicole Goullieux,https://fr.wikipedia.org/?curid=9152316,https://fr.wikipedia.org/wiki/Nicole Goullieux,Article \u00e0 illustrer Athl\u00e8te
Mar\u00edlia P\u00eara,https://fr.wikipedia.org/?curid=9175487,https://fr.wikipedia.org/wiki/Mar\u00edlia P\u00eara,Page utilisant P569
\u00c9lisabeth Borne,https://fr.wikipedia.org/?curid=9140802,https://fr.wikipedia.org/wiki/\u00c9lisabeth Borne,Article contenant un lien mort
Lorraine Ugen,https://fr.wikipedia.org/?curid=9170226,https://fr.wikipedia.org/wiki/Lorraine Ugen,Wikip\u00e9dia:\u00e9bauche athl\u00e8te britannique
Nicola Ciotti,https://fr.wikipedia.org/?curid=9204555,https://fr.wikipedia.org/wiki/Nicola Ciotti,Wikip\u00e9dia:\u00e9bauche athl\u00e8te italien
Kate Roberts,https://fr.wikipedia.org/?curid=9203942,https://fr.wikipedia.org/wiki/Kate Roberts,Article utilisant une Infobox
Nathalie Tortel,https://fr.wikipedia.org/?curid=9145883,https://fr.wikipedia.org/wiki/Nathalie Tortel,Article \u00e0 illustrer Patineur artistique
Lana \u0160\u010duka,https://fr.wikipedia.org/?curid=9162169,https://fr.wikipedia.org/wiki/Lana \u0160\u010duka,Article \u00e0 illustrer Joueur de volley-ball
Farzana Dua Elahe,https://fr.wikipedia.org/?curid=9162989,https://fr.wikipedia.org/wiki/Farzana Dua Elahe,Wikip\u00e9dia:\u00e9bauche acteur anglais
Marie II (reine de Portugal),https://fr.wikipedia.org/?curid=91630,https://fr.wikipedia.org/wiki/Marie II (reine de Portugal),Wikip\u00e9dia:\u00e9bauche personnalit\u00e9 portugaise
Sandrine Domain,https://fr.wikipedia.org/?curid=9148466,https://fr.wikipedia.org/wiki/Sandrine Domain,Wikip\u00e9dia:\u00e9bauche athl\u00e8te fran\u00e7ais
Val\u00e9rie Guiyoule,https://fr.wikipedia.org/?curid=9148477,https://fr.wikipedia.org/wiki/Val\u00e9rie Guiyoule,Wikip\u00e9dia:\u00e9bauche athl\u00e8te fran\u00e7ais
Vanessa Gladone,https://fr.wikipedia.org/?curid=9148950,https://fr.wikipedia.org/wiki/Vanessa Gladone,Wikip\u00e9dia:\u00e9bauche athl\u00e8te fran\u00e7ais
Jeanine Toulouse,https://fr.wikipedia.org/?curid=9142162,https://fr.wikipedia.org/wiki/Jeanine Toulouse,Wikip\u00e9dia:\u00e9bauche athl\u00e8te fran\u00e7ais
Felicity Sheedy-Ryan,https://fr.wikipedia.org/?curid=9143624,https://fr.wikipedia.org/wiki/Felicity Sheedy-Ryan,Article utilisant une Infobox
Katie Hewison,https://fr.wikipedia.org/?curid=9143752,https://fr.wikipedia.org/wiki/Katie Hewison,Article \u00e0 illustrer Sportif
Nathalie Simon (athl\u00e9tisme),https://fr.wikipedia.org/?curid=9147549,https://fr.wikipedia.org/wiki/Nathalie Simon (athl\u00e9tisme),Wikip\u00e9dia:\u00e9bauche athl\u00e8te fran\u00e7ais
Nadine Debois,https://fr.wikipedia.org/?curid=9147582,https://fr.wikipedia.org/wiki/Nadine Debois,Article \u00e0 illustrer Athl\u00e8te
Nathalie Thoumas,https://fr.wikipedia.org/?curid=9147738,https://fr.wikipedia.org/wiki/Nathalie Thoumas,Wikip\u00e9dia:\u00e9bauche athl\u00e8te fran\u00e7ais
Sylvie Borda,https://fr.wikipedia.org/?curid=9147801,https://fr.wikipedia.org/wiki/Sylvie Borda,Wikip\u00e9dia:\u00e9bauche athl\u00e8te fran\u00e7ais
Lilia Arag\u00f3n,https://fr.wikipedia.org/?curid=9114607,https://fr.wikipedia.org/wiki/Lilia Arag\u00f3n,Page utilisant P19
Hyvin Jepkemoi,https://fr.wikipedia.org/?curid=9133707,https://fr.wikipedia.org/wiki/Hyvin Jepkemoi,Article utilisant une Infobox
Virginia Nganga,https://fr.wikipedia.org/?curid=9126595,https://fr.wikipedia.org/wiki/Virginia Nganga,Wikip\u00e9dia:\u00e9bauche athl\u00e8te k\u00e9nyan
Sandra Citt\u00e9,https://fr.wikipedia.org/?curid=9127994,https://fr.wikipedia.org/wiki/Sandra Citt\u00e9,Wikip\u00e9dia:\u00e9bauche athl\u00e8te fran\u00e7ais
Caroline Ammel,https://fr.wikipedia.org/?curid=9128288,https://fr.wikipedia.org/wiki/Caroline Ammel,Wikip\u00e9dia:\u00e9bauche athl\u00e8te fran\u00e7ais
Alena Va\u0161kov\u00e1,https://fr.wikipedia.org/?curid=9107507,https://fr.wikipedia.org/wiki/Alena Va\u0161kov\u00e1,Article \u00e0 illustrer Joueur de tennis
Manuela Maleeva,https://fr.wikipedia.org/?curid=908975,https://fr.wikipedia.org/wiki/Manuela Maleeva,Article utilisant une Infobox
Daniel Fontana,https://fr.wikipedia.org/?curid=9108735,https://fr.wikipedia.org/wiki/Daniel Fontana,Article \u00e0 illustrer Sportif
Oscar Gal\u00edndez,https://fr.wikipedia.org/?curid=9108855,https://fr.wikipedia.org/wiki/Oscar Gal\u00edndez,Article \u00e0 illustrer Sportif
Lany Kaligis,https://fr.wikipedia.org/?curid=9116625,https://fr.wikipedia.org/wiki/Lany Kaligis,Article \u00e0 illustrer Joueur de tennis
Lita Sugiarto,https://fr.wikipedia.org/?curid=9116628,https://fr.wikipedia.org/wiki/Lita Sugiarto,Article \u00e0 illustrer Joueur de tennis
Camille Le Joly,https://fr.wikipedia.org/?curid=9130861,https://fr.wikipedia.org/wiki/Camille Le Joly,Wikip\u00e9dia:\u00e9bauche athl\u00e8te fran\u00e7ais
Christine Guinaudeau,https://fr.wikipedia.org/?curid=9130163,https://fr.wikipedia.org/wiki/Christine Guinaudeau,Wikip\u00e9dia:\u00e9bauche athl\u00e8te fran\u00e7ais
Nadia Vigliano,https://fr.wikipedia.org/?curid=9130188,https://fr.wikipedia.org/wiki/Nadia Vigliano,Wikip\u00e9dia:\u00e9bauche athl\u00e8te fran\u00e7ais
Susanna Kallur,https://fr.wikipedia.org/?curid=913021,https://fr.wikipedia.org/wiki/Susanna Kallur,Article utilisant une Infobox
Haruka Tachimoto,https://fr.wikipedia.org/?curid=9088601,https://fr.wikipedia.org/wiki/Haruka Tachimoto,Article \u00e0 illustrer Judoka
Sarah D\u00fcster,https://fr.wikipedia.org/?curid=9083487,https://fr.wikipedia.org/wiki/Sarah D\u00fcster,Page utilisant P569
Paula Creamer,https://fr.wikipedia.org/?curid=909901,https://fr.wikipedia.org/wiki/Paula Creamer,Wikip\u00e9dia:\u00e9bauche golf
Wieke Hoogzaad,https://fr.wikipedia.org/?curid=9095004,https://fr.wikipedia.org/wiki/Wieke Hoogzaad,Wikip\u00e9dia:\u00e9bauche triathl\u00e8te
Carla Estrada,https://fr.wikipedia.org/?curid=9117978,https://fr.wikipedia.org/wiki/Carla Estrada,Article utilisant une Infobox
Jessica Gal,https://fr.wikipedia.org/?curid=9085034,https://fr.wikipedia.org/wiki/Jessica Gal,Wikip\u00e9dia:\u00e9bauche judo
Nicole Provis,https://fr.wikipedia.org/?curid=908930,https://fr.wikipedia.org/wiki/Nicole Provis,Article \u00e0 illustrer Joueur de tennis
Sofia Ennaoui,https://fr.wikipedia.org/?curid=9089387,https://fr.wikipedia.org/wiki/Sofia Ennaoui,Wikip\u00e9dia:\u00e9bauche athl\u00e8te polonais
