Name,URL1,URL2,First Category
Janeene Vickers,https://fr.wikipedia.org/?curid=5409405,https://fr.wikipedia.org/wiki/Janeene Vickers,Wikip\u00e9dia:\u00e9bauche athl\u00e8te am\u00e9ricain
Katrin D\u00f6rre-Heinig,https://fr.wikipedia.org/?curid=5410165,https://fr.wikipedia.org/wiki/Katrin D\u00f6rre-Heinig,Wikip\u00e9dia:\u00e9bauche athl\u00e8te allemand
Zamira Amirova,https://fr.wikipedia.org/?curid=5399909,https://fr.wikipedia.org/wiki/Zamira Amirova,Wikip\u00e9dia:\u00e9bauche athl\u00e8te ouzbek
Kumiko Ikeda,https://fr.wikipedia.org/?curid=5415173,https://fr.wikipedia.org/wiki/Kumiko Ikeda,Wikip\u00e9dia:\u00e9bauche athl\u00e8te japonais
Katrin Apel,https://fr.wikipedia.org/?curid=542465,https://fr.wikipedia.org/wiki/Katrin Apel,Article utilisant une Infobox
Natalya Torshina,https://fr.wikipedia.org/?curid=5444638,https://fr.wikipedia.org/wiki/Natalya Torshina,Wikip\u00e9dia:\u00e9bauche athl\u00e8te kazakh
Irina Slyusar,https://fr.wikipedia.org/?curid=5441376,https://fr.wikipedia.org/wiki/Irina Slyusar,Wikip\u00e9dia:\u00e9bauche athl\u00e8te sovi\u00e9tique
Nanette Workman,https://fr.wikipedia.org/?curid=545996,https://fr.wikipedia.org/wiki/Nanette Workman,Article utilisant une Infobox
Liste de femmes monarques,https://fr.wikipedia.org/?curid=5439714,https://fr.wikipedia.org/wiki/Liste de femmes monarques,Article contenant un appel \u00e0 traduction en anglais
Rift: Planes of Telara,https://fr.wikipedia.org/?curid=5439869,https://fr.wikipedia.org/wiki/Rift: Planes of Telara,Wikip\u00e9dia:\u00e9bauche jeu vid\u00e9o
Claudia Raia,https://fr.wikipedia.org/?curid=5431581,https://fr.wikipedia.org/wiki/Claudia Raia,Wikip\u00e9dia:\u00e9bauche acteur br\u00e9silien
Winx Club,https://fr.wikipedia.org/?curid=543781,https://fr.wikipedia.org/wiki/Winx Club,Article utilisant une Infobox
P\u00e9n\u00e9lope Bonna,https://fr.wikipedia.org/?curid=5436017,https://fr.wikipedia.org/wiki/P\u00e9n\u00e9lope Bonna,Wikip\u00e9dia:\u00e9bauche judo
"Liste des comtesses, marquises et duchesses de Cambridge",https://fr.wikipedia.org/?curid=5453319,"https://fr.wikipedia.org/wiki/Liste des comtesses, marquises et duchesses de Cambridge",Article utilisant une Infobox
Sinead Keenan,https://fr.wikipedia.org/?curid=5452273,https://fr.wikipedia.org/wiki/Sinead Keenan,Article utilisant une Infobox
Christine Majerus,https://fr.wikipedia.org/?curid=5463793,https://fr.wikipedia.org/wiki/Christine Majerus,Page utilisant P1477
\u00c7a\u011fla Ak\u0131n,https://fr.wikipedia.org/?curid=5465465,https://fr.wikipedia.org/wiki/\u00c7a\u011fla Ak\u0131n,Article utilisant une Infobox
Olga Antonova,https://fr.wikipedia.org/?curid=5454054,https://fr.wikipedia.org/wiki/Olga Antonova,Wikip\u00e9dia:\u00e9bauche athl\u00e8te russe
Aelita Yurchenko,https://fr.wikipedia.org/?curid=5454105,https://fr.wikipedia.org/wiki/Aelita Yurchenko,Wikip\u00e9dia:\u00e9bauche athl\u00e8te sovi\u00e9tique
Where Them Girls At,https://fr.wikipedia.org/?curid=5455521,https://fr.wikipedia.org/wiki/Where Them Girls At,Article utilisant une Infobox
Maria Mukhortova,https://fr.wikipedia.org/?curid=5449753,https://fr.wikipedia.org/wiki/Maria Mukhortova,Wikip\u00e9dia:\u00e9bauche patinage artistique
Nathalie Amiel,https://fr.wikipedia.org/?curid=543550,https://fr.wikipedia.org/wiki/Nathalie Amiel,Article utilisant une Infobox
Madelein Svensson,https://fr.wikipedia.org/?curid=5400959,https://fr.wikipedia.org/wiki/Madelein Svensson,Wikip\u00e9dia:\u00e9bauche athl\u00e8te su\u00e9dois
Zoya Ivanova,https://fr.wikipedia.org/?curid=5422456,https://fr.wikipedia.org/wiki/Zoya Ivanova,Wikip\u00e9dia:\u00e9bauche athl\u00e8te sovi\u00e9tique
Ma Tong,https://fr.wikipedia.org/?curid=5242742,https://fr.wikipedia.org/wiki/Ma Tong,Wikip\u00e9dia:\u00e9bauche saut \u00e0 ski
Sally Peers,https://fr.wikipedia.org/?curid=5243004,https://fr.wikipedia.org/wiki/Sally Peers,Article utilisant une Infobox
Fernanda Venturini,https://fr.wikipedia.org/?curid=5247469,https://fr.wikipedia.org/wiki/Fernanda Venturini,Article utilisant une Infobox
Laura Partenio,https://fr.wikipedia.org/?curid=5227244,https://fr.wikipedia.org/wiki/Laura Partenio,Wikip\u00e9dia:\u00e9bauche joueuse italienne de volley-ball
Mar Arranz,https://fr.wikipedia.org/?curid=5227258,https://fr.wikipedia.org/wiki/Mar Arranz,Article utilisant une Infobox
Laura Kenny,https://fr.wikipedia.org/?curid=5252404,https://fr.wikipedia.org/wiki/Laura Kenny,Article contenant un lien mort
Tereza Van\u017eurov\u00e1,https://fr.wikipedia.org/?curid=5202777,https://fr.wikipedia.org/wiki/Tereza Van\u017eurov\u00e1,Article utilisant une Infobox
Ewelina Brzezi\u0144ska,https://fr.wikipedia.org/?curid=5202907,https://fr.wikipedia.org/wiki/Ewelina Brzezi\u0144ska,Article utilisant une Infobox
Katarzyna Gujska,https://fr.wikipedia.org/?curid=5216918,https://fr.wikipedia.org/wiki/Katarzyna Gujska,Article \u00e0 illustrer Joueur de volley-ball
Didem Durmaz,https://fr.wikipedia.org/?curid=5216947,https://fr.wikipedia.org/wiki/Didem Durmaz,Article \u00e0 illustrer Joueur de volley-ball
Milena Rosner,https://fr.wikipedia.org/?curid=5204782,https://fr.wikipedia.org/wiki/Milena Rosner,Article utilisant une Infobox
Zhao Jing (natation),https://fr.wikipedia.org/?curid=5206271,https://fr.wikipedia.org/wiki/Zhao Jing (natation),Article \u00e0 illustrer Nageur
Sophie Merigot,https://fr.wikipedia.org/?curid=5206275,https://fr.wikipedia.org/wiki/Sophie Merigot,Article manquant de r\u00e9f\u00e9rences depuis juin 2018
Chen Qian (natation),https://fr.wikipedia.org/?curid=5206365,https://fr.wikipedia.org/wiki/Chen Qian (natation),Wikip\u00e9dia:\u00e9bauche natation
Liu Jing (natation),https://fr.wikipedia.org/?curid=5206384,https://fr.wikipedia.org/wiki/Liu Jing (natation),Article \u00e0 illustrer Nageur
Zhu Qianwei,https://fr.wikipedia.org/?curid=5206502,https://fr.wikipedia.org/wiki/Zhu Qianwei,Article \u00e0 illustrer Nageur
Liu Zige,https://fr.wikipedia.org/?curid=5206634,https://fr.wikipedia.org/wiki/Liu Zige,Article \u00e0 illustrer Nageur
Gabriela Sabatini,https://fr.wikipedia.org/?curid=520530,https://fr.wikipedia.org/wiki/Gabriela Sabatini,Article utilisant une Infobox
Petra Granlund,https://fr.wikipedia.org/?curid=5205605,https://fr.wikipedia.org/wiki/Petra Granlund,Article \u00e0 illustrer Nageur
Gao Chang,https://fr.wikipedia.org/?curid=5207461,https://fr.wikipedia.org/wiki/Gao Chang,Wikip\u00e9dia:\u00e9bauche natation
Kelly Stubbins,https://fr.wikipedia.org/?curid=5214759,https://fr.wikipedia.org/wiki/Kelly Stubbins,Article \u00e0 illustrer Nageur
Kotuku Ngawati,https://fr.wikipedia.org/?curid=5214862,https://fr.wikipedia.org/wiki/Kotuku Ngawati,Article \u00e0 illustrer Nageur
Missy Franklin,https://fr.wikipedia.org/?curid=5214949,https://fr.wikipedia.org/wiki/Missy Franklin,Article utilisant une Infobox
Anna St\u00f6hr,https://fr.wikipedia.org/?curid=5214971,https://fr.wikipedia.org/wiki/Anna St\u00f6hr,Article utilisant une Infobox
Martina Boscoscuro,https://fr.wikipedia.org/?curid=5214975,https://fr.wikipedia.org/wiki/Martina Boscoscuro,Wikip\u00e9dia:\u00e9bauche joueuse italienne de volley-ball
Mercedes Peris Minguet,https://fr.wikipedia.org/?curid=5214987,https://fr.wikipedia.org/wiki/Mercedes Peris Minguet,Article \u00e0 illustrer Nageur
Rikke M\u00f8ller Pedersen,https://fr.wikipedia.org/?curid=5215049,https://fr.wikipedia.org/wiki/Rikke M\u00f8ller Pedersen,Article utilisant une Infobox
Angela Eiter,https://fr.wikipedia.org/?curid=5215050,https://fr.wikipedia.org/wiki/Angela Eiter,Article utilisant une Infobox
Sun Ye,https://fr.wikipedia.org/?curid=5213303,https://fr.wikipedia.org/wiki/Sun Ye,Wikip\u00e9dia:\u00e9bauche natation
Zhou Yanxin,https://fr.wikipedia.org/?curid=5214332,https://fr.wikipedia.org/wiki/Zhou Yanxin,Article \u00e0 illustrer Nageur
Arianna Vanderpool-Wallace,https://fr.wikipedia.org/?curid=5215232,https://fr.wikipedia.org/wiki/Arianna Vanderpool-Wallace,Article \u00e0 illustrer Nageur
Annamaria Quaranta,https://fr.wikipedia.org/?curid=5212242,https://fr.wikipedia.org/wiki/Annamaria Quaranta,Wikip\u00e9dia:\u00e9bauche joueuse italienne de volley-ball
Anastassia Chtchourinova,https://fr.wikipedia.org/?curid=5212349,https://fr.wikipedia.org/wiki/Anastassia Chtchourinova,Article \u00e0 illustrer Joueur de volley-ball
Nihal Ye\u015fil,https://fr.wikipedia.org/?curid=5241018,https://fr.wikipedia.org/wiki/Nihal Ye\u015fil,Article \u00e0 illustrer Joueur de volley-ball
Iekaterina Kalachnikova,https://fr.wikipedia.org/?curid=5241045,https://fr.wikipedia.org/wiki/Iekaterina Kalachnikova,Article \u00e0 illustrer Joueur de volley-ball
Lucile Le Thuc,https://fr.wikipedia.org/?curid=5241049,https://fr.wikipedia.org/wiki/Lucile Le Thuc,Article \u00e0 illustrer Joueur de volley-ball
Agnieszka Starzyk,https://fr.wikipedia.org/?curid=5241060,https://fr.wikipedia.org/wiki/Agnieszka Starzyk,Article utilisant une Infobox
Brankica Niki\u0107,https://fr.wikipedia.org/?curid=5241085,https://fr.wikipedia.org/wiki/Brankica Niki\u0107,Article \u00e0 illustrer Joueur de volley-ball
Julie Dara\u00eeche,https://fr.wikipedia.org/?curid=5228150,https://fr.wikipedia.org/wiki/Julie Dara\u00eeche,Page utilisant P569
St\u00e9phanie Crouvisier,https://fr.wikipedia.org/?curid=5235366,https://fr.wikipedia.org/wiki/St\u00e9phanie Crouvisier,Wikip\u00e9dia:\u00e9bauche escalade
Cl\u00e9mence DesRochers,https://fr.wikipedia.org/?curid=523543,https://fr.wikipedia.org/wiki/Cl\u00e9mence DesRochers,Page utilisant P569
Justine Dufour-Lapointe,https://fr.wikipedia.org/?curid=5235442,https://fr.wikipedia.org/wiki/Justine Dufour-Lapointe,Article utilisant une Infobox
Nadejda Naliotkina,https://fr.wikipedia.org/?curid=5245400,https://fr.wikipedia.org/wiki/Nadejda Naliotkina,Article \u00e0 illustrer Joueur de volley-ball
M\u00e1rcia Cunha,https://fr.wikipedia.org/?curid=5245430,https://fr.wikipedia.org/wiki/M\u00e1rcia Cunha,Article \u00e0 illustrer Joueur de volley-ball
Jemma Lowe,https://fr.wikipedia.org/?curid=5201059,https://fr.wikipedia.org/wiki/Jemma Lowe,Article \u00e0 illustrer Nageur
Anna Kallistov\u00e1,https://fr.wikipedia.org/?curid=5200176,https://fr.wikipedia.org/wiki/Anna Kallistov\u00e1,Article \u00e0 illustrer Joueur de volley-ball
Elizabeth Gillies,https://fr.wikipedia.org/?curid=5200544,https://fr.wikipedia.org/wiki/Elizabeth Gillies,Article utilisant une Infobox
Klaudia Kaczorowska,https://fr.wikipedia.org/?curid=5193779,https://fr.wikipedia.org/wiki/Klaudia Kaczorowska,Article utilisant une Infobox
Ewelina Toborek,https://fr.wikipedia.org/?curid=5236631,https://fr.wikipedia.org/wiki/Ewelina Toborek,Article utilisant une Infobox
Caroline Ciavaldini,https://fr.wikipedia.org/?curid=5236777,https://fr.wikipedia.org/wiki/Caroline Ciavaldini,Wikip\u00e9dia:\u00e9bauche escalade
Johanna Halkoaho,https://fr.wikipedia.org/?curid=5241942,https://fr.wikipedia.org/wiki/Johanna Halkoaho,Wikip\u00e9dia:\u00e9bauche athl\u00e8te finlandais
Olesia Rykhliuk,https://fr.wikipedia.org/?curid=5243213,https://fr.wikipedia.org/wiki/Olesia Rykhliuk,Article utilisant une Infobox
Kseniya Ryzhova,https://fr.wikipedia.org/?curid=5243443,https://fr.wikipedia.org/wiki/Kseniya Ryzhova,Wikip\u00e9dia:\u00e9bauche athl\u00e8te russe
Christine Gambert,https://fr.wikipedia.org/?curid=5239567,https://fr.wikipedia.org/wiki/Christine Gambert,Wikip\u00e9dia:\u00e9bauche alpinisme
Nina Caprez,https://fr.wikipedia.org/?curid=5240097,https://fr.wikipedia.org/wiki/Nina Caprez,Wikip\u00e9dia:\u00e9bauche escalade
Izabela Be\u0142cik,https://fr.wikipedia.org/?curid=5241343,https://fr.wikipedia.org/wiki/Izabela Be\u0142cik,Article utilisant une Infobox
Maria Liktoras,https://fr.wikipedia.org/?curid=5241397,https://fr.wikipedia.org/wiki/Maria Liktoras,Article utilisant une Infobox
Sara Rado\u0161evi\u0107,https://fr.wikipedia.org/?curid=5238948,https://fr.wikipedia.org/wiki/Sara Rado\u0161evi\u0107,Article \u00e0 illustrer Joueur de volley-ball
Ana\u00efs D\u00e9camp,https://fr.wikipedia.org/?curid=5238972,https://fr.wikipedia.org/wiki/Ana\u00efs D\u00e9camp,Wikip\u00e9dia:\u00e9bauche joueuse fran\u00e7aise de volley-ball
Evangelion: 2.0 You Can (Not) Advance,https://fr.wikipedia.org/?curid=5201457,https://fr.wikipedia.org/wiki/Evangelion: 2.0 You Can (Not) Advance,Wikip\u00e9dia:\u00e9bauche animation et bande dessin\u00e9e asiatiques
Hilde Gjermundshaug Pedersen,https://fr.wikipedia.org/?curid=520909,https://fr.wikipedia.org/wiki/Hilde Gjermundshaug Pedersen,Wikip\u00e9dia:\u00e9bauche personnalit\u00e9 norv\u00e9gienne
Kathrin Zettel,https://fr.wikipedia.org/?curid=520916,https://fr.wikipedia.org/wiki/Kathrin Zettel,Article utilisant une Infobox
Martina Beck,https://fr.wikipedia.org/?curid=520874,https://fr.wikipedia.org/wiki/Martina Beck,Article utilisant une Infobox
Sara Renner,https://fr.wikipedia.org/?curid=520877,https://fr.wikipedia.org/wiki/Sara Renner,Wikip\u00e9dia:\u00e9bauche ski de fond
Liste des distinctions de Miley Cyrus,https://fr.wikipedia.org/?curid=5207916,https://fr.wikipedia.org/wiki/Liste des distinctions de Miley Cyrus,Article contenant un lien mort
Claudia Nystad,https://fr.wikipedia.org/?curid=520861,https://fr.wikipedia.org/wiki/Claudia Nystad,Wikip\u00e9dia:\u00e9bauche sportif allemand
Oriane de Guermantes,https://fr.wikipedia.org/?curid=5234810,https://fr.wikipedia.org/wiki/Oriane de Guermantes,Portail:Litt\u00e9rature/Articles li\u00e9s
Aliz\u00e9e Dufraisse,https://fr.wikipedia.org/?curid=5236575,https://fr.wikipedia.org/wiki/Aliz\u00e9e Dufraisse,Article \u00e0 r\u00e9f\u00e9rence n\u00e9cessaire
Karla Echenique,https://fr.wikipedia.org/?curid=5236596,https://fr.wikipedia.org/wiki/Karla Echenique,Wikip\u00e9dia:\u00e9bauche joueuse dominicaine de volley-ball
Ebru Uygurta\u015f,https://fr.wikipedia.org/?curid=5238706,https://fr.wikipedia.org/wiki/Ebru Uygurta\u015f,Article utilisant une Infobox
Beth Rodden,https://fr.wikipedia.org/?curid=5237980,https://fr.wikipedia.org/wiki/Beth Rodden,Wikip\u00e9dia:\u00e9bauche escalade
Corinne Labrune,https://fr.wikipedia.org/?curid=5237728,https://fr.wikipedia.org/wiki/Corinne Labrune,Wikip\u00e9dia:\u00e9bauche sportif fran\u00e7ais
Ievguenia Zolotova,https://fr.wikipedia.org/?curid=5266173,https://fr.wikipedia.org/wiki/Ievguenia Zolotova,Wikip\u00e9dia:\u00e9bauche athl\u00e8te russe
Jenny Schecter,https://fr.wikipedia.org/?curid=5268213,https://fr.wikipedia.org/wiki/Jenny Schecter,Article manquant de r\u00e9f\u00e9rences depuis juin 2023
Iekaterina Gromova,https://fr.wikipedia.org/?curid=5265543,https://fr.wikipedia.org/wiki/Iekaterina Gromova,Article \u00e0 illustrer Joueur de volley-ball
Rushlee Buchanan,https://fr.wikipedia.org/?curid=5391728,https://fr.wikipedia.org/wiki/Rushlee Buchanan,Page utilisant P569
Elizabeth Rice,https://fr.wikipedia.org/?curid=5390084,https://fr.wikipedia.org/wiki/Elizabeth Rice,Article \u00e0 illustrer Personnalit\u00e9 du cin\u00e9ma
Emmalyn Estrada,https://fr.wikipedia.org/?curid=5391823,https://fr.wikipedia.org/wiki/Emmalyn Estrada,Article manquant de r\u00e9f\u00e9rences depuis mars 2011
Monika Sm\u00e1k,https://fr.wikipedia.org/?curid=5392225,https://fr.wikipedia.org/wiki/Monika Sm\u00e1k,Article \u00e0 illustrer Joueur de volley-ball
Min Chunfeng,https://fr.wikipedia.org/?curid=5392288,https://fr.wikipedia.org/wiki/Min Chunfeng,Wikip\u00e9dia:\u00e9bauche athl\u00e8te chinois
Phylis Smith,https://fr.wikipedia.org/?curid=5390153,https://fr.wikipedia.org/wiki/Phylis Smith,Wikip\u00e9dia:\u00e9bauche athl\u00e8te britannique
Wendy Vereen,https://fr.wikipedia.org/?curid=5388191,https://fr.wikipedia.org/wiki/Wendy Vereen,Wikip\u00e9dia:\u00e9bauche athl\u00e8te am\u00e9ricain
Linda Keough,https://fr.wikipedia.org/?curid=5388425,https://fr.wikipedia.org/wiki/Linda Keough,Wikip\u00e9dia:\u00e9bauche athl\u00e8te britannique
Brigitte Seiwald,https://fr.wikipedia.org/?curid=5388556,https://fr.wikipedia.org/wiki/Brigitte Seiwald,Wikip\u00e9dia:\u00e9bauche ski alpin
Dominika Nowakowska,https://fr.wikipedia.org/?curid=5388571,https://fr.wikipedia.org/wiki/Dominika Nowakowska,Article utilisant une Infobox
Salome Dell,https://fr.wikipedia.org/?curid=5375005,https://fr.wikipedia.org/wiki/Salome Dell,Wikip\u00e9dia:\u00e9bauche athl\u00e8te
Svetla Mitkova-S\u0131n\u0131rta\u015f,https://fr.wikipedia.org/?curid=5375174,https://fr.wikipedia.org/wiki/Svetla Mitkova-S\u0131n\u0131rta\u015f,Wikip\u00e9dia:\u00e9bauche athl\u00e8te turc
Ana Ivanovi\u0107,https://fr.wikipedia.org/?curid=537624,https://fr.wikipedia.org/wiki/Ana Ivanovi\u0107,Article utilisant une Infobox
Anu\u021ba C\u0103tun\u0103,https://fr.wikipedia.org/?curid=5376310,https://fr.wikipedia.org/wiki/Anu\u021ba C\u0103tun\u0103,Wikip\u00e9dia:\u00e9bauche athl\u00e8te roumain
Yelena Andreyeva,https://fr.wikipedia.org/?curid=5375302,https://fr.wikipedia.org/wiki/Yelena Andreyeva,Wikip\u00e9dia:\u00e9bauche athl\u00e8te russe
Marianne Hoepfner,https://fr.wikipedia.org/?curid=5379722,https://fr.wikipedia.org/wiki/Marianne Hoepfner,Wikip\u00e9dia:\u00e9bauche endurance automobile
Christine Dacremont,https://fr.wikipedia.org/?curid=5379839,https://fr.wikipedia.org/wiki/Christine Dacremont,Wikip\u00e9dia:\u00e9bauche endurance automobile
Paola Do\u0161en,https://fr.wikipedia.org/?curid=5378414,https://fr.wikipedia.org/wiki/Paola Do\u0161en,Article \u00e0 illustrer Joueur de volley-ball
Anne Murray,https://fr.wikipedia.org/?curid=537881,https://fr.wikipedia.org/wiki/Anne Murray,Page utilisant P569
Magdalena Saad,https://fr.wikipedia.org/?curid=5357919,https://fr.wikipedia.org/wiki/Magdalena Saad,Article utilisant une Infobox
Olessia Charavska\u00efa,https://fr.wikipedia.org/?curid=5367136,https://fr.wikipedia.org/wiki/Olessia Charavska\u00efa,Article \u00e0 illustrer Joueur de volley-ball
Tanja Schneider,https://fr.wikipedia.org/?curid=5372088,https://fr.wikipedia.org/wiki/Tanja Schneider,Page utilisant P569
"Gladiator (film, 2000)",https://fr.wikipedia.org/?curid=53722,"https://fr.wikipedia.org/wiki/Gladiator (film, 2000)",Article contenant un lien mort
Alina Berchakova,https://fr.wikipedia.org/?curid=5371348,https://fr.wikipedia.org/wiki/Alina Berchakova,Article \u00e0 illustrer Joueur de volley-ball
Gabriele Becker,https://fr.wikipedia.org/?curid=5369660,https://fr.wikipedia.org/wiki/Gabriele Becker,Wikip\u00e9dia:\u00e9bauche athl\u00e8te allemand
Christina Perri,https://fr.wikipedia.org/?curid=5369789,https://fr.wikipedia.org/wiki/Christina Perri,Article utilisant une Infobox
Lee Naylor (athl\u00e9tisme),https://fr.wikipedia.org/?curid=5373844,https://fr.wikipedia.org/wiki/Lee Naylor (athl\u00e9tisme),Wikip\u00e9dia:\u00e9bauche athl\u00e8te australien
Felicia \u021ailea-Moldovan,https://fr.wikipedia.org/?curid=5374029,https://fr.wikipedia.org/wiki/Felicia \u021ailea-Moldovan,Wikip\u00e9dia:\u00e9bauche athl\u00e8te roumain
Yao Weili,https://fr.wikipedia.org/?curid=5373014,https://fr.wikipedia.org/wiki/Yao Weili,Wikip\u00e9dia:\u00e9bauche athl\u00e8te chinois
Prince of Persia : L'\u00c2me du guerrier,https://fr.wikipedia.org/?curid=536949,https://fr.wikipedia.org/wiki/Prince of Persia : L'\u00c2me du guerrier,Page utilisant P856
Svetlana Buraga,https://fr.wikipedia.org/?curid=5386368,https://fr.wikipedia.org/wiki/Svetlana Buraga,Wikip\u00e9dia:\u00e9bauche athl\u00e8te bi\u00e9lorusse
Brooke Tessmacher,https://fr.wikipedia.org/?curid=5386686,https://fr.wikipedia.org/wiki/Brooke Tessmacher,Article \u00e0 recycler/Liste compl\u00e8te
Margo Harshman,https://fr.wikipedia.org/?curid=5396478,https://fr.wikipedia.org/wiki/Margo Harshman,Article utilisant une Infobox
Martine Olivier,https://fr.wikipedia.org/?curid=5396979,https://fr.wikipedia.org/wiki/Martine Olivier,Article \u00e0 illustrer Patineur artistique
Svetlana Lukasheva,https://fr.wikipedia.org/?curid=5394936,https://fr.wikipedia.org/wiki/Svetlana Lukasheva,Wikip\u00e9dia:\u00e9bauche athl\u00e8te kazakh
Tracy Goddard,https://fr.wikipedia.org/?curid=5394947,https://fr.wikipedia.org/wiki/Tracy Goddard,Wikip\u00e9dia:\u00e9bauche athl\u00e8te britannique
Yuliya Shelukhina,https://fr.wikipedia.org/?curid=5360147,https://fr.wikipedia.org/wiki/Yuliya Shelukhina,Article utilisant une Infobox
Krystyna Strasz,https://fr.wikipedia.org/?curid=5360169,https://fr.wikipedia.org/wiki/Krystyna Strasz,Article utilisant une Infobox
El\u017cbieta Skowro\u0144ska,https://fr.wikipedia.org/?curid=5360196,https://fr.wikipedia.org/wiki/El\u017cbieta Skowro\u0144ska,Article utilisant une Infobox
The Artist,https://fr.wikipedia.org/?curid=5358228,https://fr.wikipedia.org/wiki/The Artist,Identifiant Allocin\u00e9 titre identique sur Wikidata
"Les Visiteurs (film, 1993)",https://fr.wikipedia.org/?curid=53663,"https://fr.wikipedia.org/wiki/Les Visiteurs (film, 1993)",Article utilisant une Infobox
Rodica Mateescu,https://fr.wikipedia.org/?curid=5364803,https://fr.wikipedia.org/wiki/Rodica Mateescu,Wikip\u00e9dia:\u00e9bauche athl\u00e8te roumain
Olga Kardopoltseva,https://fr.wikipedia.org/?curid=5364644,https://fr.wikipedia.org/wiki/Olga Kardopoltseva,Wikip\u00e9dia:\u00e9bauche athl\u00e8te bi\u00e9lorusse
Danielle Rowe,https://fr.wikipedia.org/?curid=5382513,https://fr.wikipedia.org/wiki/Danielle Rowe,Page utilisant P1477
Jaime Nielsen,https://fr.wikipedia.org/?curid=5382566,https://fr.wikipedia.org/wiki/Jaime Nielsen,Page utilisant P569
Marine De Sousa,https://fr.wikipedia.org/?curid=5382743,https://fr.wikipedia.org/wiki/Marine De Sousa,Article \u00e0 illustrer Footballeur
Joanna Kuligowska,https://fr.wikipedia.org/?curid=5387922,https://fr.wikipedia.org/wiki/Joanna Kuligowska,Article utilisant une Infobox
Tomoe Abe,https://fr.wikipedia.org/?curid=5388002,https://fr.wikipedia.org/wiki/Tomoe Abe,Wikip\u00e9dia:\u00e9bauche athl\u00e8te japonais
So\u0148a Mikyskov\u00e1,https://fr.wikipedia.org/?curid=5384668,https://fr.wikipedia.org/wiki/So\u0148a Mikyskov\u00e1,Article utilisant une Infobox
Sigrid Kirchmann,https://fr.wikipedia.org/?curid=5384676,https://fr.wikipedia.org/wiki/Sigrid Kirchmann,Wikip\u00e9dia:\u00e9bauche athl\u00e8te autrichien
Ewa Kowalkowska,https://fr.wikipedia.org/?curid=5384680,https://fr.wikipedia.org/wiki/Ewa Kowalkowska,Article utilisant une Infobox
Jessica Houara-d'Hommeaux,https://fr.wikipedia.org/?curid=5362308,https://fr.wikipedia.org/wiki/Jessica Houara-d'Hommeaux,Article utilisant une Infobox
Alicja Leszczy\u0144ska,https://fr.wikipedia.org/?curid=5362496,https://fr.wikipedia.org/wiki/Alicja Leszczy\u0144ska,Article utilisant une Infobox
Paulina Szpak,https://fr.wikipedia.org/?curid=5362518,https://fr.wikipedia.org/wiki/Paulina Szpak,Article utilisant une Infobox
Wang Yan (athl\u00e9tisme),https://fr.wikipedia.org/?curid=5352580,https://fr.wikipedia.org/wiki/Wang Yan (athl\u00e9tisme),Wikip\u00e9dia:\u00e9bauche athl\u00e8te chinois
Laure Boulleau,https://fr.wikipedia.org/?curid=5359734,https://fr.wikipedia.org/wiki/Laure Boulleau,Article utilisant une Infobox
Allison Curbishley,https://fr.wikipedia.org/?curid=5357461,https://fr.wikipedia.org/wiki/Allison Curbishley,Wikip\u00e9dia:\u00e9bauche athl\u00e8te britannique
Muriel Robin,https://fr.wikipedia.org/?curid=535097,https://fr.wikipedia.org/wiki/Muriel Robin,Page utilisant Lien pour un article existant
Natalia M\u0119drzyk,https://fr.wikipedia.org/?curid=5356076,https://fr.wikipedia.org/wiki/Natalia M\u0119drzyk,Article utilisant une Infobox
Luchia Yishak,https://fr.wikipedia.org/?curid=5356112,https://fr.wikipedia.org/wiki/Luchia Yishak,Wikip\u00e9dia:\u00e9bauche athl\u00e8te \u00e9thiopien
Irina Mejonnova,https://fr.wikipedia.org/?curid=5354151,https://fr.wikipedia.org/wiki/Irina Mejonnova,Article utilisant une Infobox
Suziann Reid,https://fr.wikipedia.org/?curid=5354719,https://fr.wikipedia.org/wiki/Suziann Reid,Wikip\u00e9dia:\u00e9bauche athl\u00e8te am\u00e9ricain
Agnes Osazuwa,https://fr.wikipedia.org/?curid=5469505,https://fr.wikipedia.org/wiki/Agnes Osazuwa,Wikip\u00e9dia:\u00e9bauche athl\u00e8te nig\u00e9rian
La Couleur pourpre (film),https://fr.wikipedia.org/?curid=549384,https://fr.wikipedia.org/wiki/La Couleur pourpre (film),Article utilisant une Infobox
Alexandra Dascalu,https://fr.wikipedia.org/?curid=5489946,https://fr.wikipedia.org/wiki/Alexandra Dascalu,Article utilisant une Infobox
Ielena Valova,https://fr.wikipedia.org/?curid=5491284,https://fr.wikipedia.org/wiki/Ielena Valova,Wikip\u00e9dia:\u00e9bauche patinage artistique
Elisa Manzano,https://fr.wikipedia.org/?curid=5491331,https://fr.wikipedia.org/wiki/Elisa Manzano,Wikip\u00e9dia:\u00e9bauche joueuse italienne de volley-ball
Linetta Wilson,https://fr.wikipedia.org/?curid=5491608,https://fr.wikipedia.org/wiki/Linetta Wilson,Wikip\u00e9dia:\u00e9bauche athl\u00e8te am\u00e9ricain
Sonja Simani\u0107,https://fr.wikipedia.org/?curid=5492998,https://fr.wikipedia.org/wiki/Sonja Simani\u0107,Article \u00e0 illustrer Joueur de volley-ball
Diane Allahgreen,https://fr.wikipedia.org/?curid=5491166,https://fr.wikipedia.org/wiki/Diane Allahgreen,Wikip\u00e9dia:\u00e9bauche athl\u00e8te britannique
Olga Tereshkova,https://fr.wikipedia.org/?curid=5482865,https://fr.wikipedia.org/wiki/Olga Tereshkova,Wikip\u00e9dia:\u00e9bauche athl\u00e8te kazakh
Maura Tombelli,https://fr.wikipedia.org/?curid=548299,https://fr.wikipedia.org/wiki/Maura Tombelli,Wikip\u00e9dia:\u00e9bauche astronome italien
Galina Mura\u0161ova,https://fr.wikipedia.org/?curid=5467455,https://fr.wikipedia.org/wiki/Galina Mura\u0161ova,Wikip\u00e9dia:\u00e9bauche athl\u00e8te sovi\u00e9tique
Milena Strnadov\u00e1,https://fr.wikipedia.org/?curid=5467591,https://fr.wikipedia.org/wiki/Milena Strnadov\u00e1,Wikip\u00e9dia:\u00e9bauche athl\u00e8te tch\u00e8que
Marianne Dickerson,https://fr.wikipedia.org/?curid=5467615,https://fr.wikipedia.org/wiki/Marianne Dickerson,Wikip\u00e9dia:\u00e9bauche athl\u00e8te am\u00e9ricain
Raisa Katyukova-Smekhnova,https://fr.wikipedia.org/?curid=5467665,https://fr.wikipedia.org/wiki/Raisa Katyukova-Smekhnova,Wikip\u00e9dia:\u00e9bauche athl\u00e8te sovi\u00e9tique
Marina Ivanova-Kharlamova,https://fr.wikipedia.org/?curid=5467683,https://fr.wikipedia.org/wiki/Marina Ivanova-Kharlamova,Wikip\u00e9dia:\u00e9bauche athl\u00e8te sovi\u00e9tique
Jessica Zelinka,https://fr.wikipedia.org/?curid=5483489,https://fr.wikipedia.org/wiki/Jessica Zelinka,Wikip\u00e9dia:\u00e9bauche athl\u00e8te canadien
Femmes ministres en France,https://fr.wikipedia.org/?curid=5479926,https://fr.wikipedia.org/wiki/Femmes ministres en France,Article \u00e0 r\u00e9f\u00e9rence n\u00e9cessaire
Pauline Konga,https://fr.wikipedia.org/?curid=5485323,https://fr.wikipedia.org/wiki/Pauline Konga,Wikip\u00e9dia:\u00e9bauche athl\u00e8te k\u00e9nyan
Y\u016bko Arimori,https://fr.wikipedia.org/?curid=5485392,https://fr.wikipedia.org/wiki/Y\u016bko Arimori,Wikip\u00e9dia:\u00e9bauche athl\u00e8te japonais
Crystal Cox,https://fr.wikipedia.org/?curid=5471017,https://fr.wikipedia.org/wiki/Crystal Cox,Wikip\u00e9dia:\u00e9bauche athl\u00e8te am\u00e9ricain
Moushaumi Robinson,https://fr.wikipedia.org/?curid=5471147,https://fr.wikipedia.org/wiki/Moushaumi Robinson,Wikip\u00e9dia:\u00e9bauche athl\u00e8te am\u00e9ricain
Dilara Ba\u011fc\u0131,https://fr.wikipedia.org/?curid=5465586,https://fr.wikipedia.org/wiki/Dilara Ba\u011fc\u0131,Article utilisant une Infobox
Asl\u0131 Kala\u00e7,https://fr.wikipedia.org/?curid=5465601,https://fr.wikipedia.org/wiki/Asl\u0131 Kala\u00e7,Article utilisant une Infobox
\u00c1nna Vero\u00fali,https://fr.wikipedia.org/?curid=5465712,https://fr.wikipedia.org/wiki/\u00c1nna Vero\u00fali,Wikip\u00e9dia:\u00e9bauche athl\u00e8te grec
Joan Baptiste,https://fr.wikipedia.org/?curid=5465805,https://fr.wikipedia.org/wiki/Joan Baptiste,Wikip\u00e9dia:\u00e9bauche athl\u00e8te britannique
Allison G\u00f6hler,https://fr.wikipedia.org/?curid=5475326,https://fr.wikipedia.org/wiki/Allison G\u00f6hler,Wikip\u00e9dia:\u00e9bauche personnalit\u00e9 chilienne
Margot Laffite,https://fr.wikipedia.org/?curid=5474383,https://fr.wikipedia.org/wiki/Margot Laffite,Page utilisant P569
Le Grand Bleu,https://fr.wikipedia.org/?curid=55021,https://fr.wikipedia.org/wiki/Le Grand Bleu,Article contenant un lien mort
Marion Lorblanchet,https://fr.wikipedia.org/?curid=5502572,https://fr.wikipedia.org/wiki/Marion Lorblanchet,Article \u00e0 illustrer Sportif
Marina Shmonina,https://fr.wikipedia.org/?curid=5500426,https://fr.wikipedia.org/wiki/Marina Shmonina,Wikip\u00e9dia:\u00e9bauche athl\u00e8te sovi\u00e9tique
Martina Zellner,https://fr.wikipedia.org/?curid=547237,https://fr.wikipedia.org/wiki/Martina Zellner,Wikip\u00e9dia:\u00e9bauche ski de fond
Simone Hauswald,https://fr.wikipedia.org/?curid=547243,https://fr.wikipedia.org/wiki/Simone Hauswald,Wikip\u00e9dia:\u00e9bauche biathlon
Olena Petrova,https://fr.wikipedia.org/?curid=547250,https://fr.wikipedia.org/wiki/Olena Petrova,Wikip\u00e9dia:\u00e9bauche biathlon
Lauren Hewett,https://fr.wikipedia.org/?curid=5472618,https://fr.wikipedia.org/wiki/Lauren Hewett,Page utilisant P569
Li Ling (perchiste),https://fr.wikipedia.org/?curid=5480388,https://fr.wikipedia.org/wiki/Li Ling (perchiste),Article \u00e0 illustrer Athl\u00e8te
Liu Xianying,https://fr.wikipedia.org/?curid=547820,https://fr.wikipedia.org/wiki/Liu Xianying,Wikip\u00e9dia:\u00e9bauche biathlon
Ekaterina Dafovska,https://fr.wikipedia.org/?curid=547838,https://fr.wikipedia.org/wiki/Ekaterina Dafovska,Wikip\u00e9dia:\u00e9bauche biathlon
Arzu G\u00f6ll\u00fc,https://fr.wikipedia.org/?curid=5477818,https://fr.wikipedia.org/wiki/Arzu G\u00f6ll\u00fc,Article \u00e0 illustrer Joueur de volley-ball
Andrea Anderson,https://fr.wikipedia.org/?curid=5477916,https://fr.wikipedia.org/wiki/Andrea Anderson,Wikip\u00e9dia:\u00e9bauche athl\u00e8te am\u00e9ricain
Nanceen Perry,https://fr.wikipedia.org/?curid=5478021,https://fr.wikipedia.org/wiki/Nanceen Perry,Wikip\u00e9dia:\u00e9bauche athl\u00e8te am\u00e9ricain
Eldece Clarke-Lewis,https://fr.wikipedia.org/?curid=5473185,https://fr.wikipedia.org/wiki/Eldece Clarke-Lewis,Wikip\u00e9dia:\u00e9bauche athl\u00e8te baham\u00e9en
Helma Knorscheidt,https://fr.wikipedia.org/?curid=5467363,https://fr.wikipedia.org/wiki/Helma Knorscheidt,Wikip\u00e9dia:\u00e9bauche athl\u00e8te allemand
Judit Forg\u00e1cs,https://fr.wikipedia.org/?curid=5470274,https://fr.wikipedia.org/wiki/Judit Forg\u00e1cs,Wikip\u00e9dia:\u00e9bauche athl\u00e8te hongrois
Gypsy Heart Tour,https://fr.wikipedia.org/?curid=5496521,https://fr.wikipedia.org/wiki/Gypsy Heart Tour,Article utilisant une Infobox
Veronika Shutkova,https://fr.wikipedia.org/?curid=5496753,https://fr.wikipedia.org/wiki/Veronika Shutkova,Wikip\u00e9dia:\u00e9bauche athl\u00e8te bi\u00e9lorusse
Consuella Moore,https://fr.wikipedia.org/?curid=5491836,https://fr.wikipedia.org/wiki/Consuella Moore,Article utilisant une Infobox
Liste des ministres allemandes,https://fr.wikipedia.org/?curid=5492122,https://fr.wikipedia.org/wiki/Liste des ministres allemandes,Article contenant un appel \u00e0 traduction en anglais
Elisabeth Schwarz,https://fr.wikipedia.org/?curid=5495393,https://fr.wikipedia.org/wiki/Elisabeth Schwarz,Wikip\u00e9dia:\u00e9bauche patinage artistique
Nina Zhuk,https://fr.wikipedia.org/?curid=5495490,https://fr.wikipedia.org/wiki/Nina Zhuk,Wikip\u00e9dia:\u00e9bauche patinage artistique
Tatiana Zhuk,https://fr.wikipedia.org/?curid=5496974,https://fr.wikipedia.org/wiki/Tatiana Zhuk,Wikip\u00e9dia:\u00e9bauche patinage artistique
Faith Idehen,https://fr.wikipedia.org/?curid=5498444,https://fr.wikipedia.org/wiki/Faith Idehen,Wikip\u00e9dia:\u00e9bauche athl\u00e8te nig\u00e9rian
Francesca Devetag,https://fr.wikipedia.org/?curid=5489034,https://fr.wikipedia.org/wiki/Francesca Devetag,Wikip\u00e9dia:\u00e9bauche joueuse italienne de volley-ball
Elena Perinelli,https://fr.wikipedia.org/?curid=5489055,https://fr.wikipedia.org/wiki/Elena Perinelli,Wikip\u00e9dia:\u00e9bauche joueuse italienne de volley-ball
Kimberly Jess,https://fr.wikipedia.org/?curid=5489075,https://fr.wikipedia.org/wiki/Kimberly Jess,Wikip\u00e9dia:\u00e9bauche athl\u00e8te allemand
Mirela Demireva,https://fr.wikipedia.org/?curid=5538722,https://fr.wikipedia.org/wiki/Mirela Demireva,Article utilisant une Infobox
Sabrina Mulrain,https://fr.wikipedia.org/?curid=5539008,https://fr.wikipedia.org/wiki/Sabrina Mulrain,Wikip\u00e9dia:\u00e9bauche athl\u00e8te allemand
Mareen von R\u00f6mer,https://fr.wikipedia.org/?curid=5541246,https://fr.wikipedia.org/wiki/Mareen von R\u00f6mer,Article utilisant une Infobox
Sabrina De Leeuw,https://fr.wikipedia.org/?curid=5538322,https://fr.wikipedia.org/wiki/Sabrina De Leeuw,Wikip\u00e9dia:\u00e9bauche athl\u00e8te belge
Fanny Besson,https://fr.wikipedia.org/?curid=5538546,https://fr.wikipedia.org/wiki/Fanny Besson,Article \u00e0 illustrer Patineur artistique
Alena Iourieva,https://fr.wikipedia.org/?curid=5512041,https://fr.wikipedia.org/wiki/Alena Iourieva,Article utilisant une Infobox
Laimut\u0117 Baikauskait\u0117,https://fr.wikipedia.org/?curid=5506880,https://fr.wikipedia.org/wiki/Laimut\u0117 Baikauskait\u0117,Wikip\u00e9dia:\u00e9bauche athl\u00e8te lituanien
Sabrina Delannoy,https://fr.wikipedia.org/?curid=5513018,https://fr.wikipedia.org/wiki/Sabrina Delannoy,Article utilisant une Infobox
Danielle Carruthers,https://fr.wikipedia.org/?curid=5535996,https://fr.wikipedia.org/wiki/Danielle Carruthers,Article utilisant une Infobox
Antonija Kaleb,https://fr.wikipedia.org/?curid=5534682,https://fr.wikipedia.org/wiki/Antonija Kaleb,Article \u00e0 illustrer Joueur de volley-ball
Irina Vostrikova,https://fr.wikipedia.org/?curid=5511507,https://fr.wikipedia.org/wiki/Irina Vostrikova,Wikip\u00e9dia:\u00e9bauche athl\u00e8te russe
Marry the Night,https://fr.wikipedia.org/?curid=5521613,https://fr.wikipedia.org/wiki/Marry the Night,Wikip\u00e9dia:\u00e9bauche chanson
Tobin Heath,https://fr.wikipedia.org/?curid=5527725,https://fr.wikipedia.org/wiki/Tobin Heath,Article contenant un lien mort
Jamala,https://fr.wikipedia.org/?curid=5526393,https://fr.wikipedia.org/wiki/Jamala,Article utilisant une Infobox
Eszter Kov\u00e1cs,https://fr.wikipedia.org/?curid=5508326,https://fr.wikipedia.org/wiki/Eszter Kov\u00e1cs,Article \u00e0 illustrer Joueur de volley-ball
Christina Becker,https://fr.wikipedia.org/?curid=5319059,https://fr.wikipedia.org/wiki/Christina Becker,Wikip\u00e9dia:\u00e9bauche coureur cycliste allemand
Wynter Gordon,https://fr.wikipedia.org/?curid=5315412,https://fr.wikipedia.org/wiki/Wynter Gordon,Article utilisant une Infobox
Ludovica Dalia,https://fr.wikipedia.org/?curid=5324333,https://fr.wikipedia.org/wiki/Ludovica Dalia,Wikip\u00e9dia:\u00e9bauche joueuse italienne de volley-ball
Natalia Bamber,https://fr.wikipedia.org/?curid=5324351,https://fr.wikipedia.org/wiki/Natalia Bamber,Article utilisant une Infobox
Kit Porter,https://fr.wikipedia.org/?curid=5327011,https://fr.wikipedia.org/wiki/Kit Porter,Article utilisant une Infobox
Manuela Roani,https://fr.wikipedia.org/?curid=5326481,https://fr.wikipedia.org/wiki/Manuela Roani,Wikip\u00e9dia:\u00e9bauche joueuse italienne de volley-ball
Sevin\u00e7 Dalg\u0131\u00e7,https://fr.wikipedia.org/?curid=5326502,https://fr.wikipedia.org/wiki/Sevin\u00e7 Dalg\u0131\u00e7,Article \u00e0 illustrer Joueur de volley-ball
Sylwia Wojcieska,https://fr.wikipedia.org/?curid=5326527,https://fr.wikipedia.org/wiki/Sylwia Wojcieska,Article utilisant une Infobox
Le Pauvre Matelot,https://fr.wikipedia.org/?curid=5326632,https://fr.wikipedia.org/wiki/Le Pauvre Matelot,Page utilisant P5358
Anna Santamans,https://fr.wikipedia.org/?curid=5331378,https://fr.wikipedia.org/wiki/Anna Santamans,Wikip\u00e9dia:\u00e9bauche natation
Sophie Boilley,https://fr.wikipedia.org/?curid=5331698,https://fr.wikipedia.org/wiki/Sophie Boilley,Article utilisant une Infobox
Milagros Moy,https://fr.wikipedia.org/?curid=5330702,https://fr.wikipedia.org/wiki/Milagros Moy,Article \u00e0 illustrer Joueur de volley-ball
Iwona Walig\u00f3ra,https://fr.wikipedia.org/?curid=5330760,https://fr.wikipedia.org/wiki/Iwona Walig\u00f3ra,Article utilisant une Infobox
Kylie Travis,https://fr.wikipedia.org/?curid=5330062,https://fr.wikipedia.org/wiki/Kylie Travis,Article \u00e0 illustrer Personnalit\u00e9 du cin\u00e9ma
3e Temps,https://fr.wikipedia.org/?curid=5331860,https://fr.wikipedia.org/wiki/3e Temps,Wikip\u00e9dia:\u00e9bauche album
Olesya Bufalova-Zabara,https://fr.wikipedia.org/?curid=5335549,https://fr.wikipedia.org/wiki/Olesya Bufalova-Zabara,Wikip\u00e9dia:\u00e9bauche athl\u00e8te russe
Ekaterina Sharmina,https://fr.wikipedia.org/?curid=5335691,https://fr.wikipedia.org/wiki/Ekaterina Sharmina,Wikip\u00e9dia:\u00e9bauche athl\u00e8te russe
Anna Larina,https://fr.wikipedia.org/?curid=5332878,https://fr.wikipedia.org/wiki/Anna Larina,Article \u00e0 illustrer Joueur de volley-ball
Deborah van Daelen,https://fr.wikipedia.org/?curid=5332894,https://fr.wikipedia.org/wiki/Deborah van Daelen,Article utilisant une Infobox
C\u00e9sar du meilleur espoir f\u00e9minin,https://fr.wikipedia.org/?curid=53364,https://fr.wikipedia.org/wiki/C\u00e9sar du meilleur espoir f\u00e9minin,Article contenant un lien mort
Ielena Arjakova,https://fr.wikipedia.org/?curid=5335202,https://fr.wikipedia.org/wiki/Ielena Arjakova,Wikip\u00e9dia:\u00e9bauche athl\u00e8te russe
Josephine Terlecki,https://fr.wikipedia.org/?curid=5334607,https://fr.wikipedia.org/wiki/Josephine Terlecki,Wikip\u00e9dia:\u00e9bauche athl\u00e8te allemand
Melanie Roche,https://fr.wikipedia.org/?curid=5291862,https://fr.wikipedia.org/wiki/Melanie Roche,Wikip\u00e9dia:\u00e9bauche Jeux olympiques
Natalie Ward,https://fr.wikipedia.org/?curid=5291884,https://fr.wikipedia.org/wiki/Natalie Ward,Wikip\u00e9dia:\u00e9bauche baseball
Giuseppina Astarita,https://fr.wikipedia.org/?curid=5291885,https://fr.wikipedia.org/wiki/Giuseppina Astarita,Wikip\u00e9dia:\u00e9bauche joueuse italienne de volley-ball
Martina Nosekov\u00e1,https://fr.wikipedia.org/?curid=5291923,https://fr.wikipedia.org/wiki/Martina Nosekov\u00e1,Article \u00e0 illustrer Joueur de volley-ball
Stella Mwangi,https://fr.wikipedia.org/?curid=5291502,https://fr.wikipedia.org/wiki/Stella Mwangi,Article utilisant une Infobox
Leah O'Brien,https://fr.wikipedia.org/?curid=5280557,https://fr.wikipedia.org/wiki/Leah O'Brien,Article \u00e0 illustrer Sportif
Douchka Esposito,https://fr.wikipedia.org/?curid=528459,https://fr.wikipedia.org/wiki/Douchka Esposito,Article contenant un lien mort
Angelli Nesma,https://fr.wikipedia.org/?curid=5286117,https://fr.wikipedia.org/wiki/Angelli Nesma,Article utilisant une Infobox
Costanza Manfredini,https://fr.wikipedia.org/?curid=5287703,https://fr.wikipedia.org/wiki/Costanza Manfredini,Wikip\u00e9dia:\u00e9bauche joueuse italienne de volley-ball
Sandra Allen,https://fr.wikipedia.org/?curid=5287159,https://fr.wikipedia.org/wiki/Sandra Allen,Wikip\u00e9dia:\u00e9bauche softball
Stefania Corna,https://fr.wikipedia.org/?curid=5278973,https://fr.wikipedia.org/wiki/Stefania Corna,Wikip\u00e9dia:\u00e9bauche joueuse italienne de volley-ball
Daria Tchikrizova,https://fr.wikipedia.org/?curid=5279005,https://fr.wikipedia.org/wiki/Daria Tchikrizova,Article utilisant une Infobox
Ielena Irissova,https://fr.wikipedia.org/?curid=5283369,https://fr.wikipedia.org/wiki/Ielena Irissova,Article \u00e0 illustrer Joueur de volley-ball
Seda T\u00fcrkkan,https://fr.wikipedia.org/?curid=5283382,https://fr.wikipedia.org/wiki/Seda T\u00fcrkkan,Article utilisant une Infobox
Aiga Grabuste,https://fr.wikipedia.org/?curid=5283778,https://fr.wikipedia.org/wiki/Aiga Grabuste,Article utilisant une Infobox
Ancu\u021ba Bobocel,https://fr.wikipedia.org/?curid=5275501,https://fr.wikipedia.org/wiki/Ancu\u021ba Bobocel,Article utilisant une Infobox
Irina Rosikhina,https://fr.wikipedia.org/?curid=5198381,https://fr.wikipedia.org/wiki/Irina Rosikhina,Wikip\u00e9dia:\u00e9bauche athl\u00e8te russe
Iwona Kandora,https://fr.wikipedia.org/?curid=5197795,https://fr.wikipedia.org/wiki/Iwona Kandora,Article utilisant une Infobox
\u0160\u00e1rka Melich\u00e1rkov\u00e1,https://fr.wikipedia.org/?curid=5197821,https://fr.wikipedia.org/wiki/\u0160\u00e1rka Melich\u00e1rkov\u00e1,Article \u00e0 illustrer Joueur de volley-ball
Viktoria Tchaplina,https://fr.wikipedia.org/?curid=5231724,https://fr.wikipedia.org/wiki/Viktoria Tchaplina,Article utilisant une Infobox
Yelena Parfenova,https://fr.wikipedia.org/?curid=5229509,https://fr.wikipedia.org/wiki/Yelena Parfenova,Wikip\u00e9dia:\u00e9bauche athl\u00e8te kazakh
Petya Tsekova,https://fr.wikipedia.org/?curid=5229622,https://fr.wikipedia.org/wiki/Petya Tsekova,Article \u00e0 illustrer Joueur de volley-ball
Martina \u010cufar,https://fr.wikipedia.org/?curid=5226690,https://fr.wikipedia.org/wiki/Martina \u010cufar,Article utilisant une Infobox
Akira Kurosawa,https://fr.wikipedia.org/?curid=44,https://fr.wikipedia.org/wiki/Akira Kurosawa,Article utilisant une Infobox
Lee Young-sun,https://fr.wikipedia.org/?curid=5317831,https://fr.wikipedia.org/wiki/Lee Young-sun,Wikip\u00e9dia:\u00e9bauche athl\u00e8te sud-cor\u00e9en
Nuray K\u0131l\u0131\u00e7,https://fr.wikipedia.org/?curid=5317848,https://fr.wikipedia.org/wiki/Nuray K\u0131l\u0131\u00e7,Article \u00e0 illustrer Joueur de volley-ball
Valdon\u0117 Petrauskait\u0117,https://fr.wikipedia.org/?curid=5317877,https://fr.wikipedia.org/wiki/Valdon\u0117 Petrauskait\u0117,Article utilisant une Infobox
Petra \u0160tampalija,https://fr.wikipedia.org/?curid=1831840,https://fr.wikipedia.org/wiki/Petra \u0160tampalija,Wikip\u00e9dia:\u00e9bauche basket-ball
George R. R. Martin,https://fr.wikipedia.org/?curid=183071,https://fr.wikipedia.org/wiki/George R. R. Martin,Article utilisant une Infobox
Charlotte de Mecklembourg-Strelitz,https://fr.wikipedia.org/?curid=1830754,https://fr.wikipedia.org/wiki/Charlotte de Mecklembourg-Strelitz,Article utilisant une Infobox
Chris Evert,https://fr.wikipedia.org/?curid=182442,https://fr.wikipedia.org/wiki/Chris Evert,Article \u00e0 r\u00e9f\u00e9rence souhait\u00e9e
Natacha (bande dessin\u00e9e),https://fr.wikipedia.org/?curid=182456,https://fr.wikipedia.org/wiki/Natacha (bande dessin\u00e9e),Article contenant un lien mort
Kara Winger,https://fr.wikipedia.org/?curid=4811934,https://fr.wikipedia.org/wiki/Kara Winger,Wikip\u00e9dia:\u00e9bauche athl\u00e8te am\u00e9ricain
Lindsey Vonn,https://fr.wikipedia.org/?curid=482035,https://fr.wikipedia.org/wiki/Lindsey Vonn,Article utilisant une Infobox
Paola Paggi,https://fr.wikipedia.org/?curid=4820555,https://fr.wikipedia.org/wiki/Paola Paggi,Wikip\u00e9dia:\u00e9bauche joueuse italienne de volley-ball
Megan Taylor,https://fr.wikipedia.org/?curid=4817865,https://fr.wikipedia.org/wiki/Megan Taylor,Article utilisant une Infobox
Carol Gattaz,https://fr.wikipedia.org/?curid=4818756,https://fr.wikipedia.org/wiki/Carol Gattaz,Article utilisant une Infobox
Dorota \u015awieniewicz,https://fr.wikipedia.org/?curid=4818800,https://fr.wikipedia.org/wiki/Dorota \u015awieniewicz,Article utilisant une Infobox
Cecilia Colledge,https://fr.wikipedia.org/?curid=4819168,https://fr.wikipedia.org/wiki/Cecilia Colledge,Article utilisant une Infobox
Elena Vallortigara,https://fr.wikipedia.org/?curid=4849567,https://fr.wikipedia.org/wiki/Elena Vallortigara,Article utilisant une Infobox
Tizita Bogale,https://fr.wikipedia.org/?curid=4849673,https://fr.wikipedia.org/wiki/Tizita Bogale,Wikip\u00e9dia:\u00e9bauche athl\u00e8te \u00e9thiopien
Johanna Larsson,https://fr.wikipedia.org/?curid=4849683,https://fr.wikipedia.org/wiki/Johanna Larsson,Article utilisant une Infobox
Hitomi Shiraishi,https://fr.wikipedia.org/?curid=4862367,https://fr.wikipedia.org/wiki/Hitomi Shiraishi,Article utilisant une Infobox
Ileana Salvador,https://fr.wikipedia.org/?curid=4860152,https://fr.wikipedia.org/wiki/Ileana Salvador,Wikip\u00e9dia:\u00e9bauche athl\u00e8te italien
Riitta Salin,https://fr.wikipedia.org/?curid=4849121,https://fr.wikipedia.org/wiki/Riitta Salin,Page utilisant P569
Kristy Thirsk,https://fr.wikipedia.org/?curid=4843594,https://fr.wikipedia.org/wiki/Kristy Thirsk,Article utilisant une Infobox
Tayyiba Haneef,https://fr.wikipedia.org/?curid=4843962,https://fr.wikipedia.org/wiki/Tayyiba Haneef,Wikip\u00e9dia:\u00e9bauche joueuse am\u00e9ricaine de volley-ball
Isabelle Pedersen,https://fr.wikipedia.org/?curid=4846082,https://fr.wikipedia.org/wiki/Isabelle Pedersen,Wikip\u00e9dia:\u00e9bauche athl\u00e8te norv\u00e9gien
Shaunae Miller-Uibo,https://fr.wikipedia.org/?curid=4848715,https://fr.wikipedia.org/wiki/Shaunae Miller-Uibo,Article utilisant une Infobox
Natalia Alimova,https://fr.wikipedia.org/?curid=4842245,https://fr.wikipedia.org/wiki/Natalia Alimova,Article \u00e0 illustrer Joueur de volley-ball
Helga Margr\u00e9t \u00deorsteinsd\u00f3ttir,https://fr.wikipedia.org/?curid=4847016,https://fr.wikipedia.org/wiki/Helga Margr\u00e9t \u00deorsteinsd\u00f3ttir,Wikip\u00e9dia:\u00e9bauche athl\u00e8te
L\u012bna M\u016bze,https://fr.wikipedia.org/?curid=4847196,https://fr.wikipedia.org/wiki/L\u012bna M\u016bze,Wikip\u00e9dia:\u00e9bauche athl\u00e8te letton
Dafne Schippers,https://fr.wikipedia.org/?curid=4847791,https://fr.wikipedia.org/wiki/Dafne Schippers,Article utilisant une Infobox
Angelica Bengtsson,https://fr.wikipedia.org/?curid=4847831,https://fr.wikipedia.org/wiki/Angelica Bengtsson,Article utilisant une Infobox
Leilani Mitchell,https://fr.wikipedia.org/?curid=4842844,https://fr.wikipedia.org/wiki/Leilani Mitchell,Article utilisant une Infobox
C\u00e9lia Barrot,https://fr.wikipedia.org/?curid=4870817,https://fr.wikipedia.org/wiki/C\u00e9lia Barrot,Wikip\u00e9dia:\u00e9bauche natation
Maria Kondratieva,https://fr.wikipedia.org/?curid=4852542,https://fr.wikipedia.org/wiki/Maria Kondratieva,Article \u00e0 illustrer Joueur de tennis
Alexe\u00ef A\u00efgui,https://fr.wikipedia.org/?curid=4855440,https://fr.wikipedia.org/wiki/Alexe\u00ef A\u00efgui,Wikip\u00e9dia:\u00e9bauche compositeur russe
Sne\u017eana Rodi\u010d,https://fr.wikipedia.org/?curid=4855737,https://fr.wikipedia.org/wiki/Sne\u017eana Rodi\u010d,Wikip\u00e9dia:\u00e9bauche athl\u00e8te slov\u00e8ne
Olivera Jevti\u0107,https://fr.wikipedia.org/?curid=4855804,https://fr.wikipedia.org/wiki/Olivera Jevti\u0107,Wikip\u00e9dia:\u00e9bauche athl\u00e8te serbe
J\u00e9ssica Augusto,https://fr.wikipedia.org/?curid=4854994,https://fr.wikipedia.org/wiki/J\u00e9ssica Augusto,Wikip\u00e9dia:\u00e9bauche athl\u00e8te portugais
Zinaida Sendri\u016bt\u0117,https://fr.wikipedia.org/?curid=4854485,https://fr.wikipedia.org/wiki/Zinaida Sendri\u016bt\u0117,Wikip\u00e9dia:\u00e9bauche athl\u00e8te lituanien
Marija Vukovi\u0107,https://fr.wikipedia.org/?curid=4849517,https://fr.wikipedia.org/wiki/Marija Vukovi\u0107,Article utilisant une Infobox
M\u00e9lanie Renaud,https://fr.wikipedia.org/?curid=4858514,https://fr.wikipedia.org/wiki/M\u00e9lanie Renaud,Article utilisant une Infobox
Perri Shakes-Drayton,https://fr.wikipedia.org/?curid=4858563,https://fr.wikipedia.org/wiki/Perri Shakes-Drayton,Article utilisant une Infobox
Marta Milani,https://fr.wikipedia.org/?curid=4859826,https://fr.wikipedia.org/wiki/Marta Milani,Wikip\u00e9dia:\u00e9bauche athl\u00e8te italien
Svetlana Bolshakova,https://fr.wikipedia.org/?curid=4859626,https://fr.wikipedia.org/wiki/Svetlana Bolshakova,Article utilisant une Infobox
Viktoriya Rybalko,https://fr.wikipedia.org/?curid=4856949,https://fr.wikipedia.org/wiki/Viktoriya Rybalko,Wikip\u00e9dia:\u00e9bauche athl\u00e8te ukrainien
Zuzana Hejnov\u00e1,https://fr.wikipedia.org/?curid=4808645,https://fr.wikipedia.org/wiki/Zuzana Hejnov\u00e1,Article utilisant une Infobox
Naoko Takeuchi,https://fr.wikipedia.org/?curid=480883,https://fr.wikipedia.org/wiki/Naoko Takeuchi,Article manquant de r\u00e9f\u00e9rences depuis janvier 2009
Serena Ortolani,https://fr.wikipedia.org/?curid=4813453,https://fr.wikipedia.org/wiki/Serena Ortolani,Wikip\u00e9dia:\u00e9bauche joueuse italienne de volley-ball
Genzebe Dibaba,https://fr.wikipedia.org/?curid=4843264,https://fr.wikipedia.org/wiki/Genzebe Dibaba,Article utilisant une Infobox
Jodie Williams,https://fr.wikipedia.org/?curid=4843355,https://fr.wikipedia.org/wiki/Jodie Williams,Article utilisant une Infobox
Katsiaryna Belanovich,https://fr.wikipedia.org/?curid=4847969,https://fr.wikipedia.org/wiki/Katsiaryna Belanovich,Wikip\u00e9dia:\u00e9bauche athl\u00e8te bi\u00e9lorusse
Jamile Samuel,https://fr.wikipedia.org/?curid=4848055,https://fr.wikipedia.org/wiki/Jamile Samuel,Wikip\u00e9dia:\u00e9bauche athl\u00e8te n\u00e9erlandais
Laura Tomsia,https://fr.wikipedia.org/?curid=4852963,https://fr.wikipedia.org/wiki/Laura Tomsia,Article utilisant une Infobox
Dailenys Alc\u00e1ntara,https://fr.wikipedia.org/?curid=4850850,https://fr.wikipedia.org/wiki/Dailenys Alc\u00e1ntara,Wikip\u00e9dia:\u00e9bauche athl\u00e8te cubain
Mara Abbott,https://fr.wikipedia.org/?curid=4851522,https://fr.wikipedia.org/wiki/Mara Abbott,Page utilisant P569
Joey King,https://fr.wikipedia.org/?curid=4850778,https://fr.wikipedia.org/wiki/Joey King,Article utilisant une Infobox
Merriwether Williams,https://fr.wikipedia.org/?curid=4835524,https://fr.wikipedia.org/wiki/Merriwether Williams,Page utilisant P569
Helena Havelkov\u00e1,https://fr.wikipedia.org/?curid=4835533,https://fr.wikipedia.org/wiki/Helena Havelkov\u00e1,Article utilisant une Infobox
Lea Martini,https://fr.wikipedia.org/?curid=4834461,https://fr.wikipedia.org/wiki/Lea Martini,Page utilisant P569
Nancy Carrillo,https://fr.wikipedia.org/?curid=4807755,https://fr.wikipedia.org/wiki/Nancy Carrillo,Article \u00e0 illustrer Joueur de volley-ball
Alan Mills,https://fr.wikipedia.org/?curid=4810955,https://fr.wikipedia.org/wiki/Alan Mills,Wikip\u00e9dia:\u00e9bauche chanteur qu\u00e9b\u00e9cois
Pink Friday,https://fr.wikipedia.org/?curid=5154539,https://fr.wikipedia.org/wiki/Pink Friday,Wikip\u00e9dia:\u00e9bauche album de hip-hop
Dominika Schulz,https://fr.wikipedia.org/?curid=5151763,https://fr.wikipedia.org/wiki/Dominika Schulz,Article utilisant une Infobox
Ielena Sozina,https://fr.wikipedia.org/?curid=5151783,https://fr.wikipedia.org/wiki/Ielena Sozina,Article \u00e0 illustrer Joueur de volley-ball
Olga Savenchuk,https://fr.wikipedia.org/?curid=5153752,https://fr.wikipedia.org/wiki/Olga Savenchuk,Article utilisant une Infobox
Magdalena Mazurek,https://fr.wikipedia.org/?curid=5153787,https://fr.wikipedia.org/wiki/Magdalena Mazurek,Article utilisant une Infobox
Yeliz Ba\u015fa,https://fr.wikipedia.org/?curid=5153832,https://fr.wikipedia.org/wiki/Yeliz Ba\u015fa,Article utilisant une Infobox
Christoph Br\u00fcx,https://fr.wikipedia.org/?curid=5153896,https://fr.wikipedia.org/wiki/Christoph Br\u00fcx,Article utilisant une Infobox
Marguerite de La Marck-Arenberg,https://fr.wikipedia.org/?curid=5127472,https://fr.wikipedia.org/wiki/Marguerite de La Marck-Arenberg,Article contenant un appel \u00e0 traduction en allemand
Damla \u00c7ak\u0131ro\u011flu,https://fr.wikipedia.org/?curid=5125483,https://fr.wikipedia.org/wiki/Damla \u00c7ak\u0131ro\u011flu,Article utilisant une Infobox
Anna Nowakowska,https://fr.wikipedia.org/?curid=5144508,https://fr.wikipedia.org/wiki/Anna Nowakowska,Article utilisant une Infobox
Beate Anders,https://fr.wikipedia.org/?curid=5143926,https://fr.wikipedia.org/wiki/Beate Anders,Wikip\u00e9dia:\u00e9bauche athl\u00e8te allemand
Katarzyna J\u00f3\u017awicka,https://fr.wikipedia.org/?curid=5141726,https://fr.wikipedia.org/wiki/Katarzyna J\u00f3\u017awicka,Article utilisant une Infobox
Wes Anderson,https://fr.wikipedia.org/?curid=514187,https://fr.wikipedia.org/wiki/Wes Anderson,Article utilisant une Infobox
Anna Carin Olofsson-Zidek,https://fr.wikipedia.org/?curid=512394,https://fr.wikipedia.org/wiki/Anna Carin Olofsson-Zidek,Article utilisant une Infobox
Ielena Tkatchiova,https://fr.wikipedia.org/?curid=5147664,https://fr.wikipedia.org/wiki/Ielena Tkatchiova,Article \u00e0 illustrer Joueur de volley-ball
Eliana Merlina,https://fr.wikipedia.org/?curid=5147680,https://fr.wikipedia.org/wiki/Eliana Merlina,Article \u00e0 illustrer Joueur de volley-ball
Natalia Skrzypkowska,https://fr.wikipedia.org/?curid=5147697,https://fr.wikipedia.org/wiki/Natalia Skrzypkowska,Article utilisant une Infobox
Daniela Iraschko-Stolz,https://fr.wikipedia.org/?curid=5150501,https://fr.wikipedia.org/wiki/Daniela Iraschko-Stolz,Article utilisant une Infobox
Beatrix Loughran,https://fr.wikipedia.org/?curid=5146128,https://fr.wikipedia.org/wiki/Beatrix Loughran,Wikip\u00e9dia:\u00e9bauche patinage artistique
Necla Esepa\u015fa,https://fr.wikipedia.org/?curid=5147777,https://fr.wikipedia.org/wiki/Necla Esepa\u015fa,Article utilisant une Infobox
Jessica Jerome,https://fr.wikipedia.org/?curid=5148110,https://fr.wikipedia.org/wiki/Jessica Jerome,Article contenant un lien mort
Ioulia Tsvetkova,https://fr.wikipedia.org/?curid=5150061,https://fr.wikipedia.org/wiki/Ioulia Tsvetkova,Article \u00e0 illustrer Joueur de volley-ball
Anna Klimakova,https://fr.wikipedia.org/?curid=5150073,https://fr.wikipedia.org/wiki/Anna Klimakova,Article utilisant une Infobox
Jelena Alajbeg,https://fr.wikipedia.org/?curid=5115768,https://fr.wikipedia.org/wiki/Jelena Alajbeg,Article utilisant une Infobox
Christa Harmotto,https://fr.wikipedia.org/?curid=5115786,https://fr.wikipedia.org/wiki/Christa Harmotto,Wikip\u00e9dia:\u00e9bauche joueuse am\u00e9ricaine de volley-ball
Dominika Golec,https://fr.wikipedia.org/?curid=5137621,https://fr.wikipedia.org/wiki/Dominika Golec,Article utilisant une Infobox
Aleksandra Liniarska,https://fr.wikipedia.org/?curid=5139661,https://fr.wikipedia.org/wiki/Aleksandra Liniarska,Article utilisant une Infobox
Carolina de Moras,https://fr.wikipedia.org/?curid=5128962,https://fr.wikipedia.org/wiki/Carolina de Moras,Article utilisant une Infobox
Joanna Kapturska,https://fr.wikipedia.org/?curid=5131927,https://fr.wikipedia.org/wiki/Joanna Kapturska,Article utilisant une Infobox
