Name,URL1,URL2,First Category
K\u00fcbra Kegan,https://fr.wikipedia.org/?curid=5465578,https://fr.wikipedia.org/wiki/K\u00fcbra Kegan,Article utilisant une Infobox
Ceylan Ar\u0131san,https://fr.wikipedia.org/?curid=5465593,https://fr.wikipedia.org/wiki/Ceylan Ar\u0131san,Article utilisant une Infobox
Ceyda Akta\u015f,https://fr.wikipedia.org/?curid=5465615,https://fr.wikipedia.org/wiki/Ceyda Akta\u015f,Article utilisant une Infobox
Zuzana Morav\u010d\u00edkov\u00e1,https://fr.wikipedia.org/?curid=5465770,https://fr.wikipedia.org/wiki/Zuzana Morav\u010d\u00edkov\u00e1,Wikip\u00e9dia:\u00e9bauche athl\u00e8te
The Edge of Glory,https://fr.wikipedia.org/?curid=5469088,https://fr.wikipedia.org/wiki/The Edge of Glory,Article contenant un lien mort
Filmographie de Jacques-Yves Cousteau,https://fr.wikipedia.org/?curid=546916,https://fr.wikipedia.org/wiki/Filmographie de Jacques-Yves Cousteau,Article \u00e0 wikifier depuis juin 2022
Nadia Ali (chanteuse),https://fr.wikipedia.org/?curid=5466611,https://fr.wikipedia.org/wiki/Nadia Ali (chanteuse),Article utilisant une Infobox
Leleith Hodges,https://fr.wikipedia.org/?curid=5466652,https://fr.wikipedia.org/wiki/Leleith Hodges,Wikip\u00e9dia:\u00e9bauche athl\u00e8te jama\u00efcain
Jacqueline Pusey,https://fr.wikipedia.org/?curid=5466710,https://fr.wikipedia.org/wiki/Jacqueline Pusey,Wikip\u00e9dia:\u00e9bauche athl\u00e8te jama\u00efcain
Passion Richardson,https://fr.wikipedia.org/?curid=5478184,https://fr.wikipedia.org/wiki/Passion Richardson,Wikip\u00e9dia:\u00e9bauche athl\u00e8te am\u00e9ricain
Cleopatra Borel,https://fr.wikipedia.org/?curid=5478260,https://fr.wikipedia.org/wiki/Cleopatra Borel,Wikip\u00e9dia:\u00e9bauche athl\u00e8te trinidadien
Kate\u0159ina Holubcov\u00e1,https://fr.wikipedia.org/?curid=547834,https://fr.wikipedia.org/wiki/Kate\u0159ina Holubcov\u00e1,Wikip\u00e9dia:\u00e9bauche biathlon
Katharine Merry,https://fr.wikipedia.org/?curid=5478452,https://fr.wikipedia.org/wiki/Katharine Merry,Wikip\u00e9dia:\u00e9bauche athl\u00e8te britannique
Micheline Lannoy,https://fr.wikipedia.org/?curid=5488024,https://fr.wikipedia.org/wiki/Micheline Lannoy,Wikip\u00e9dia:\u00e9bauche patinage artistique
Anna H\u00fcbler,https://fr.wikipedia.org/?curid=5488060,https://fr.wikipedia.org/wiki/Anna H\u00fcbler,Wikip\u00e9dia:\u00e9bauche patinage artistique
Andria Lloyd,https://fr.wikipedia.org/?curid=5485005,https://fr.wikipedia.org/wiki/Andria Lloyd,Wikip\u00e9dia:\u00e9bauche athl\u00e8te jama\u00efcain
Linda Kisabaka,https://fr.wikipedia.org/?curid=5485238,https://fr.wikipedia.org/wiki/Linda Kisabaka,Wikip\u00e9dia:\u00e9bauche athl\u00e8te allemand
Super Bass,https://fr.wikipedia.org/?curid=5486534,https://fr.wikipedia.org/wiki/Super Bass,Article contenant un lien mort
Sla\u0111ana Buli\u0107,https://fr.wikipedia.org/?curid=5489044,https://fr.wikipedia.org/wiki/Sla\u0111ana Buli\u0107,Article utilisant une Infobox
Kiesha Brown,https://fr.wikipedia.org/?curid=5477129,https://fr.wikipedia.org/wiki/Kiesha Brown,Article \u00e0 illustrer Joueur de basket-ball
Ofra Haza,https://fr.wikipedia.org/?curid=547730,https://fr.wikipedia.org/wiki/Ofra Haza,Article utilisant une Infobox
Michelle Carter,https://fr.wikipedia.org/?curid=5480179,https://fr.wikipedia.org/wiki/Michelle Carter,Article utilisant une Infobox
Li Ling (lanceuse de poids),https://fr.wikipedia.org/?curid=5480351,https://fr.wikipedia.org/wiki/Li Ling (lanceuse de poids),Wikip\u00e9dia:\u00e9bauche athl\u00e8te chinois
Yan Hong,https://fr.wikipedia.org/?curid=5439464,https://fr.wikipedia.org/wiki/Yan Hong,Wikip\u00e9dia:\u00e9bauche athl\u00e8te chinois
Liste des premi\u00e8res femmes par m\u00e9tier ou fonction en France,https://fr.wikipedia.org/?curid=5439570,https://fr.wikipedia.org/wiki/Liste des premi\u00e8res femmes par m\u00e9tier ou fonction en France,Article contenant un lien mort
Karen Bejarano,https://fr.wikipedia.org/?curid=5439612,https://fr.wikipedia.org/wiki/Karen Bejarano,Article utilisant une Infobox
Roneeka Hodges,https://fr.wikipedia.org/?curid=5435998,https://fr.wikipedia.org/wiki/Roneeka Hodges,Article \u00e0 illustrer Joueur de basket-ball
La\u00ebtitia Payet,https://fr.wikipedia.org/?curid=5436092,https://fr.wikipedia.org/wiki/La\u00ebtitia Payet,Article \u00e0 illustrer Judoka
Adrijana Kne\u017eevi\u0107,https://fr.wikipedia.org/?curid=5436362,https://fr.wikipedia.org/wiki/Adrijana Kne\u017eevi\u0107,Article utilisant une Infobox
Olena Zubrilova,https://fr.wikipedia.org/?curid=543643,https://fr.wikipedia.org/wiki/Olena Zubrilova,Article utilisant une Infobox
Olga Pall,https://fr.wikipedia.org/?curid=550433,https://fr.wikipedia.org/wiki/Olga Pall,Page utilisant P569
Beatrice Utondu,https://fr.wikipedia.org/?curid=5504666,https://fr.wikipedia.org/wiki/Beatrice Utondu,Wikip\u00e9dia:\u00e9bauche athl\u00e8te nig\u00e9rian
Sandra Douglas,https://fr.wikipedia.org/?curid=5504784,https://fr.wikipedia.org/wiki/Sandra Douglas,Wikip\u00e9dia:\u00e9bauche athl\u00e8te britannique
Li Chunxiu,https://fr.wikipedia.org/?curid=5505354,https://fr.wikipedia.org/wiki/Li Chunxiu,Wikip\u00e9dia:\u00e9bauche athl\u00e8te chinois
Y\u016bki Nagasato,https://fr.wikipedia.org/?curid=5469606,https://fr.wikipedia.org/wiki/Y\u016bki Nagasato,Article utilisant une Infobox
Ebru Mandac\u0131,https://fr.wikipedia.org/?curid=5476134,https://fr.wikipedia.org/wiki/Ebru Mandac\u0131,Article utilisant une Infobox
Daria Ievtoukhova,https://fr.wikipedia.org/?curid=5474336,https://fr.wikipedia.org/wiki/Daria Ievtoukhova,Article \u00e0 illustrer Joueur de volley-ball
Oana Pantelimon,https://fr.wikipedia.org/?curid=5474239,https://fr.wikipedia.org/wiki/Oana Pantelimon,Wikip\u00e9dia:\u00e9bauche athl\u00e8te roumain
Dana Wright,https://fr.wikipedia.org/?curid=5588234,https://fr.wikipedia.org/wiki/Dana Wright,Wikip\u00e9dia:\u00e9bauche athl\u00e8te canadien
Andreea Ogr\u0103zeanu,https://fr.wikipedia.org/?curid=5609400,https://fr.wikipedia.org/wiki/Andreea Ogr\u0103zeanu,Wikip\u00e9dia:\u00e9bauche athl\u00e8te roumain
He Wenna,https://fr.wikipedia.org/?curid=5607218,https://fr.wikipedia.org/wiki/He Wenna,Wikip\u00e9dia:\u00e9bauche gymnastique
Anna Dogonadze,https://fr.wikipedia.org/?curid=5607249,https://fr.wikipedia.org/wiki/Anna Dogonadze,Wikip\u00e9dia:\u00e9bauche gymnastique
Irina Karavaeva,https://fr.wikipedia.org/?curid=5607251,https://fr.wikipedia.org/wiki/Irina Karavaeva,Image locale correspondant \u00e0 celle de Wikidata
Darya Pizhankova,https://fr.wikipedia.org/?curid=5610755,https://fr.wikipedia.org/wiki/Darya Pizhankova,Wikip\u00e9dia:\u00e9bauche athl\u00e8te ukrainien
Vanessa Oliveira,https://fr.wikipedia.org/?curid=5612202,https://fr.wikipedia.org/wiki/Vanessa Oliveira,Article \u00e0 illustrer Joueur de volley-ball
Miss Afrique du Sud,https://fr.wikipedia.org/?curid=5612744,https://fr.wikipedia.org/wiki/Miss Afrique du Sud,Article utilisant une Infobox
Carla Santos,https://fr.wikipedia.org/?curid=5614672,https://fr.wikipedia.org/wiki/Carla Santos,Article \u00e0 illustrer Joueur de volley-ball
Miss Belgique 2009,https://fr.wikipedia.org/?curid=5602445,https://fr.wikipedia.org/wiki/Miss Belgique 2009,Article utilisant une Infobox
Liv Fortes,https://fr.wikipedia.org/?curid=5599115,https://fr.wikipedia.org/wiki/Liv Fortes,Article \u00e0 illustrer Joueur de volley-ball
Haruka Ayase,https://fr.wikipedia.org/?curid=5599256,https://fr.wikipedia.org/wiki/Haruka Ayase,Article \u00e0 illustrer Personnalit\u00e9 du cin\u00e9ma
Dani Vieira,https://fr.wikipedia.org/?curid=5597225,https://fr.wikipedia.org/wiki/Dani Vieira,Article \u00e0 illustrer Joueur de volley-ball
Renata Schmutz,https://fr.wikipedia.org/?curid=5604702,https://fr.wikipedia.org/wiki/Renata Schmutz,Article \u00e0 illustrer Joueur de volley-ball
Ana Beatriz Corr\u00eaa,https://fr.wikipedia.org/?curid=5606330,https://fr.wikipedia.org/wiki/Ana Beatriz Corr\u00eaa,Article utilisant une Infobox
Tetyana Kozlova,https://fr.wikipedia.org/?curid=5603049,https://fr.wikipedia.org/wiki/Tetyana Kozlova,Article utilisant une Infobox
Nancy Kruse,https://fr.wikipedia.org/?curid=5603926,https://fr.wikipedia.org/wiki/Nancy Kruse,Article \u00e0 illustrer Personnalit\u00e9 du cin\u00e9ma
Marie-Fr\u00e9d\u00e9rique Ayissi,https://fr.wikipedia.org/?curid=5594984,https://fr.wikipedia.org/wiki/Marie-Fr\u00e9d\u00e9rique Ayissi,Article \u00e0 illustrer Joueur de basket-ball
K\u00eania Barros,https://fr.wikipedia.org/?curid=5595062,https://fr.wikipedia.org/wiki/K\u00eania Barros,Article \u00e0 illustrer Joueur de volley-ball
Holly Bradshaw,https://fr.wikipedia.org/?curid=5595765,https://fr.wikipedia.org/wiki/Holly Bradshaw,Article utilisant une Infobox
Ver\u00f4nica Brito,https://fr.wikipedia.org/?curid=5589223,https://fr.wikipedia.org/wiki/Ver\u00f4nica Brito,Article \u00e0 illustrer Joueur de volley-ball
Meskerem Assefa,https://fr.wikipedia.org/?curid=5594105,https://fr.wikipedia.org/wiki/Meskerem Assefa,Wikip\u00e9dia:\u00e9bauche athl\u00e8te \u00e9thiopien
Juciely Silva,https://fr.wikipedia.org/?curid=5593139,https://fr.wikipedia.org/wiki/Juciely Silva,Article utilisant une Infobox
Juliana Valente,https://fr.wikipedia.org/?curid=5593165,https://fr.wikipedia.org/wiki/Juliana Valente,Article \u00e0 illustrer Joueur de volley-ball
Liu Chunhua,https://fr.wikipedia.org/?curid=5594257,https://fr.wikipedia.org/wiki/Liu Chunhua,Wikip\u00e9dia:\u00e9bauche athl\u00e8te chinois
Saeko Okayama,https://fr.wikipedia.org/?curid=5594259,https://fr.wikipedia.org/wiki/Saeko Okayama,Wikip\u00e9dia:\u00e9bauche athl\u00e8te japonais
Juliana Nogueira,https://fr.wikipedia.org/?curid=5591039,https://fr.wikipedia.org/wiki/Juliana Nogueira,Article utilisant une Infobox
Elisabeth G\u00f6rgl,https://fr.wikipedia.org/?curid=559128,https://fr.wikipedia.org/wiki/Elisabeth G\u00f6rgl,Wikip\u00e9dia:\u00e9bauche ski alpin
Edna Schindwein,https://fr.wikipedia.org/?curid=5587354,https://fr.wikipedia.org/wiki/Edna Schindwein,Article \u00e0 illustrer Joueur de volley-ball
T\u00e1ssia Silva,https://fr.wikipedia.org/?curid=5587382,https://fr.wikipedia.org/wiki/T\u00e1ssia Silva,Article \u00e0 illustrer Joueur de volley-ball
Marina Daloca,https://fr.wikipedia.org/?curid=5584824,https://fr.wikipedia.org/wiki/Marina Daloca,Article \u00e0 illustrer Joueur de volley-ball
Karen Putzer,https://fr.wikipedia.org/?curid=559141,https://fr.wikipedia.org/wiki/Karen Putzer,Wikip\u00e9dia:\u00e9bauche sportif italien
Ilisandra Klein,https://fr.wikipedia.org/?curid=5617871,https://fr.wikipedia.org/wiki/Ilisandra Klein,Article \u00e0 illustrer Joueur de volley-ball
Louise Dupin,https://fr.wikipedia.org/?curid=543182,https://fr.wikipedia.org/wiki/Louise Dupin,Article utilisant une Infobox
Molly Cheek,https://fr.wikipedia.org/?curid=5434162,https://fr.wikipedia.org/wiki/Molly Cheek,Article \u00e0 illustrer Personnalit\u00e9 du cin\u00e9ma
Marie-Aurore de Saxe,https://fr.wikipedia.org/?curid=543430,https://fr.wikipedia.org/wiki/Marie-Aurore de Saxe,Article utilisant une Infobox
Alex Puccio,https://fr.wikipedia.org/?curid=5432328,https://fr.wikipedia.org/wiki/Alex Puccio,Wikip\u00e9dia:\u00e9bauche escalade
Arnaud Tsamere,https://fr.wikipedia.org/?curid=5432526,https://fr.wikipedia.org/wiki/Arnaud Tsamere,Article contenant un lien mort
Patrycja Gulak-Lipka,https://fr.wikipedia.org/?curid=5434796,https://fr.wikipedia.org/wiki/Patrycja Gulak-Lipka,Wikip\u00e9dia:\u00e9bauche basket-ball
Anny-Charlotte Verney,https://fr.wikipedia.org/?curid=5404174,https://fr.wikipedia.org/wiki/Anny-Charlotte Verney,Article utilisant une Infobox
Priscah Jeptoo,https://fr.wikipedia.org/?curid=5412255,https://fr.wikipedia.org/wiki/Priscah Jeptoo,Article utilisant une Infobox
Stacy Lewis,https://fr.wikipedia.org/?curid=5414515,https://fr.wikipedia.org/wiki/Stacy Lewis,Article utilisant une Infobox
Ece Hocao\u011flu,https://fr.wikipedia.org/?curid=5415633,https://fr.wikipedia.org/wiki/Ece Hocao\u011flu,Article utilisant une Infobox
Qin Wangping,https://fr.wikipedia.org/?curid=5419438,https://fr.wikipedia.org/wiki/Qin Wangping,Wikip\u00e9dia:\u00e9bauche athl\u00e8te chinois
Buoban Pamang,https://fr.wikipedia.org/?curid=5402496,https://fr.wikipedia.org/wiki/Buoban Pamang,Wikip\u00e9dia:\u00e9bauche athl\u00e8te tha\u00eflandais
Choi Jin-sil,https://fr.wikipedia.org/?curid=5408117,https://fr.wikipedia.org/wiki/Choi Jin-sil,Wikip\u00e9dia:\u00e9bauche acteur sud-cor\u00e9en
Natalya Kovtun,https://fr.wikipedia.org/?curid=5409520,https://fr.wikipedia.org/wiki/Natalya Kovtun,Wikip\u00e9dia:\u00e9bauche athl\u00e8te sovi\u00e9tique
Yelena Vinogradova,https://fr.wikipedia.org/?curid=5409656,https://fr.wikipedia.org/wiki/Yelena Vinogradova,Wikip\u00e9dia:\u00e9bauche athl\u00e8te sovi\u00e9tique
Sabine Richter,https://fr.wikipedia.org/?curid=5408381,https://fr.wikipedia.org/wiki/Sabine Richter,Wikip\u00e9dia:\u00e9bauche athl\u00e8te allemand
Sachiko Yamashita,https://fr.wikipedia.org/?curid=5408422,https://fr.wikipedia.org/wiki/Sachiko Yamashita,Wikip\u00e9dia:\u00e9bauche athl\u00e8te japonais
Wang Xiuting,https://fr.wikipedia.org/?curid=5408660,https://fr.wikipedia.org/wiki/Wang Xiuting,Wikip\u00e9dia:\u00e9bauche athl\u00e8te chinois
Anna Bogali-Titovets,https://fr.wikipedia.org/?curid=542445,https://fr.wikipedia.org/wiki/Anna Bogali-Titovets,Article utilisant une Infobox
Carol Lewis,https://fr.wikipedia.org/?curid=5424454,https://fr.wikipedia.org/wiki/Carol Lewis,Article \u00e0 illustrer Athl\u00e8te
Linda Grubben,https://fr.wikipedia.org/?curid=542452,https://fr.wikipedia.org/wiki/Linda Grubben,Article utilisant une Infobox
Buket Y\u0131lmaz,https://fr.wikipedia.org/?curid=5413779,https://fr.wikipedia.org/wiki/Buket Y\u0131lmaz,Article utilisant une Infobox
Duygu \u00dc\u00e7da\u011f,https://fr.wikipedia.org/?curid=5413783,https://fr.wikipedia.org/wiki/Duygu \u00dc\u00e7da\u011f,Article utilisant une Infobox
Yael Castiglione,https://fr.wikipedia.org/?curid=5620041,https://fr.wikipedia.org/wiki/Yael Castiglione,Article utilisant une Infobox
Yevgeniya Kolodko,https://fr.wikipedia.org/?curid=5625724,https://fr.wikipedia.org/wiki/Yevgeniya Kolodko,Wikip\u00e9dia:\u00e9bauche athl\u00e8te russe
Nayer,https://fr.wikipedia.org/?curid=5626783,https://fr.wikipedia.org/wiki/Nayer,Article contenant un lien mort
Melissa Boekelman,https://fr.wikipedia.org/?curid=5626841,https://fr.wikipedia.org/wiki/Melissa Boekelman,Wikip\u00e9dia:\u00e9bauche athl\u00e8te n\u00e9erlandais
Selena Rose,https://fr.wikipedia.org/?curid=5621258,https://fr.wikipedia.org/wiki/Selena Rose,Wikip\u00e9dia:\u00e9bauche actrice pornographique am\u00e9ricaine
Jody Nouwen,https://fr.wikipedia.org/?curid=5633483,https://fr.wikipedia.org/wiki/Jody Nouwen,Wikip\u00e9dia:\u00e9bauche sport
Georgina Klug,https://fr.wikipedia.org/?curid=5633136,https://fr.wikipedia.org/wiki/Georgina Klug,Article \u00e0 illustrer Joueur de volley-ball
Andrea Barber,https://fr.wikipedia.org/?curid=5632620,https://fr.wikipedia.org/wiki/Andrea Barber,Wikip\u00e9dia:\u00e9bauche acteur am\u00e9ricain
Abi Olajuwon,https://fr.wikipedia.org/?curid=5624932,https://fr.wikipedia.org/wiki/Abi Olajuwon,Article \u00e0 illustrer Joueur de basket-ball
Cl\u00e9mentine Samson,https://fr.wikipedia.org/?curid=5629497,https://fr.wikipedia.org/wiki/Cl\u00e9mentine Samson,Article utilisant une Infobox
Svetlana Zalevskaya,https://fr.wikipedia.org/?curid=5627408,https://fr.wikipedia.org/wiki/Svetlana Zalevskaya,Wikip\u00e9dia:\u00e9bauche athl\u00e8te kazakh
Charlotte Sullivan,https://fr.wikipedia.org/?curid=5627685,https://fr.wikipedia.org/wiki/Charlotte Sullivan,Traduction incompl\u00e8te
Julie Blanchette,https://fr.wikipedia.org/?curid=5629451,https://fr.wikipedia.org/wiki/Julie Blanchette,Article utilisant une Infobox
Bronte Barratt,https://fr.wikipedia.org/?curid=5635988,https://fr.wikipedia.org/wiki/Bronte Barratt,Wikip\u00e9dia:\u00e9bauche natation
Katharina Molitor,https://fr.wikipedia.org/?curid=5637260,https://fr.wikipedia.org/wiki/Katharina Molitor,Wikip\u00e9dia:\u00e9bauche athl\u00e8te allemand
"Minist\u00e8re de la Famille, de la Femme, de l'Enfance et des Seniors",https://fr.wikipedia.org/?curid=5635507,"https://fr.wikipedia.org/wiki/Minist\u00e8re de la Famille, de la Femme, de l'Enfance et des Seniors",Wikip\u00e9dia:\u00e9bauche politique tunisienne
Nooralotta Neziri,https://fr.wikipedia.org/?curid=5635750,https://fr.wikipedia.org/wiki/Nooralotta Neziri,Wikip\u00e9dia:\u00e9bauche athl\u00e8te finlandais
Yekaterina Kostetskaya,https://fr.wikipedia.org/?curid=5635854,https://fr.wikipedia.org/wiki/Yekaterina Kostetskaya,Wikip\u00e9dia:\u00e9bauche athl\u00e8te russe
Sosthene Moguenara,https://fr.wikipedia.org/?curid=5636421,https://fr.wikipedia.org/wiki/Sosthene Moguenara,Article utilisant une Infobox
Bianca Kappler,https://fr.wikipedia.org/?curid=5636488,https://fr.wikipedia.org/wiki/Bianca Kappler,Wikip\u00e9dia:\u00e9bauche athl\u00e8te allemand
Evelyn Delogu,https://fr.wikipedia.org/?curid=5636996,https://fr.wikipedia.org/wiki/Evelyn Delogu,Article \u00e0 illustrer Joueur de volley-ball
Alessandra Fratoni,https://fr.wikipedia.org/?curid=5639059,https://fr.wikipedia.org/wiki/Alessandra Fratoni,Article \u00e0 illustrer Joueur de volley-ball
Cher Lloyd,https://fr.wikipedia.org/?curid=5649095,https://fr.wikipedia.org/wiki/Cher Lloyd,Article utilisant une Infobox
Hannah England,https://fr.wikipedia.org/?curid=5649128,https://fr.wikipedia.org/wiki/Hannah England,Wikip\u00e9dia:\u00e9bauche athl\u00e8te britannique
Lucia Nikmonov\u00e1,https://fr.wikipedia.org/?curid=5643891,https://fr.wikipedia.org/wiki/Lucia Nikmonov\u00e1,Article \u00e0 illustrer Joueur de volley-ball
Birtukan Adamu,https://fr.wikipedia.org/?curid=5644092,https://fr.wikipedia.org/wiki/Birtukan Adamu,Wikip\u00e9dia:\u00e9bauche athl\u00e8te \u00e9thiopien
Fernanda Ferreira,https://fr.wikipedia.org/?curid=5628847,https://fr.wikipedia.org/wiki/Fernanda Ferreira,Article utilisant une Infobox
Vanessa Morgan,https://fr.wikipedia.org/?curid=5642030,https://fr.wikipedia.org/wiki/Vanessa Morgan,Wikip\u00e9dia:\u00e9bauche acteur canadien
Sonakshi Sinha,https://fr.wikipedia.org/?curid=5642319,https://fr.wikipedia.org/wiki/Sonakshi Sinha,Article utilisant une Infobox
Julie Madeleine Sophie Forget,https://fr.wikipedia.org/?curid=5641391,https://fr.wikipedia.org/wiki/Julie Madeleine Sophie Forget,Article utilisant une Infobox
Liste des \u00e9pouses des souverains russes,https://fr.wikipedia.org/?curid=5641408,https://fr.wikipedia.org/wiki/Liste des \u00e9pouses des souverains russes,Portail:Russie/Articles li\u00e9s
Adja Konteh,https://fr.wikipedia.org/?curid=5641737,https://fr.wikipedia.org/wiki/Adja Konteh,Article utilisant une Infobox
Jennifer Hartley,https://fr.wikipedia.org/?curid=5643127,https://fr.wikipedia.org/wiki/Jennifer Hartley,Article contenant un lien mort
Cibele Barboza,https://fr.wikipedia.org/?curid=5641039,https://fr.wikipedia.org/wiki/Cibele Barboza,Article \u00e0 illustrer Joueur de volley-ball
Katja Kortesoja,https://fr.wikipedia.org/?curid=5641267,https://fr.wikipedia.org/wiki/Katja Kortesoja,Wikip\u00e9dia:\u00e9bauche sportif finlandais
Marjukka Virta,https://fr.wikipedia.org/?curid=5641269,https://fr.wikipedia.org/wiki/Marjukka Virta,Wikip\u00e9dia:\u00e9bauche sportif finlandais
Salla Kyh\u00e4l\u00e4,https://fr.wikipedia.org/?curid=5641271,https://fr.wikipedia.org/wiki/Salla Kyh\u00e4l\u00e4,Wikip\u00e9dia:\u00e9bauche sportif finlandais
Grace Wanjiru,https://fr.wikipedia.org/?curid=5639400,https://fr.wikipedia.org/wiki/Grace Wanjiru,Wikip\u00e9dia:\u00e9bauche athl\u00e8te k\u00e9nyan
Hanna Ryzhykova,https://fr.wikipedia.org/?curid=5622582,https://fr.wikipedia.org/wiki/Hanna Ryzhykova,Wikip\u00e9dia:\u00e9bauche athl\u00e8te ukrainien
Brigitte Oertli,https://fr.wikipedia.org/?curid=562371,https://fr.wikipedia.org/wiki/Brigitte Oertli,Wikip\u00e9dia:\u00e9bauche personnalit\u00e9 suisse
Brackcides Khadambi,https://fr.wikipedia.org/?curid=5623278,https://fr.wikipedia.org/wiki/Brackcides Khadambi,Article \u00e0 illustrer Joueur de volley-ball
Gabriella Souza,https://fr.wikipedia.org/?curid=5621625,https://fr.wikipedia.org/wiki/Gabriella Souza,Article \u00e0 illustrer Joueur de volley-ball
Heloiza Pereira,https://fr.wikipedia.org/?curid=5621629,https://fr.wikipedia.org/wiki/Heloiza Pereira,Article contenant un lien mort
Vera Rebrik,https://fr.wikipedia.org/?curid=4032273,https://fr.wikipedia.org/wiki/Vera Rebrik,Wikip\u00e9dia:\u00e9bauche athl\u00e8te ukrainien
Wude Ayalew,https://fr.wikipedia.org/?curid=4031068,https://fr.wikipedia.org/wiki/Wude Ayalew,Wikip\u00e9dia:\u00e9bauche athl\u00e8te \u00e9thiopien
Mabel Gay,https://fr.wikipedia.org/?curid=4031114,https://fr.wikipedia.org/wiki/Mabel Gay,Wikip\u00e9dia:\u00e9bauche athl\u00e8te cubain
Verena Sailer,https://fr.wikipedia.org/?curid=4034224,https://fr.wikipedia.org/wiki/Verena Sailer,Article utilisant une Infobox
Masumi Fuchise,https://fr.wikipedia.org/?curid=4034236,https://fr.wikipedia.org/wiki/Masumi Fuchise,Wikip\u00e9dia:\u00e9bauche athl\u00e8te japonais
Pascal Parny,https://fr.wikipedia.org/?curid=4051370,https://fr.wikipedia.org/wiki/Pascal Parny,Wikip\u00e9dia:\u00e9bauche ultra-trail
Katy Mixon,https://fr.wikipedia.org/?curid=4050227,https://fr.wikipedia.org/wiki/Katy Mixon,Article utilisant une Infobox
Yoshie Ueno,https://fr.wikipedia.org/?curid=4060777,https://fr.wikipedia.org/wiki/Yoshie Ueno,Wikip\u00e9dia:\u00e9bauche judo
Idalys Ort\u00edz,https://fr.wikipedia.org/?curid=4061150,https://fr.wikipedia.org/wiki/Idalys Ort\u00edz,Page utilisant P569
Bianca Knight,https://fr.wikipedia.org/?curid=4060699,https://fr.wikipedia.org/wiki/Bianca Knight,Article utilisant une Infobox
Kellie Pickler,https://fr.wikipedia.org/?curid=4081063,https://fr.wikipedia.org/wiki/Kellie Pickler,Traduction incompl\u00e8te
Leyla Tuifua,https://fr.wikipedia.org/?curid=4075711,https://fr.wikipedia.org/wiki/Leyla Tuifua,Wikip\u00e9dia:\u00e9bauche joueuse fran\u00e7aise de volley-ball
L\u00e9a Fehner,https://fr.wikipedia.org/?curid=4077291,https://fr.wikipedia.org/wiki/L\u00e9a Fehner,Wikip\u00e9dia:\u00e9bauche r\u00e9alisateur fran\u00e7ais
Pauline Ferrand-Pr\u00e9vot,https://fr.wikipedia.org/?curid=4095794,https://fr.wikipedia.org/wiki/Pauline Ferrand-Pr\u00e9vot,Article contenant un lien mort
C\u00e9cile Corbel,https://fr.wikipedia.org/?curid=4096654,https://fr.wikipedia.org/wiki/C\u00e9cile Corbel,Article utilisant une Infobox
LaVerne Jones-Ferrette,https://fr.wikipedia.org/?curid=4099045,https://fr.wikipedia.org/wiki/LaVerne Jones-Ferrette,Article utilisant une Infobox
Lindsay Duncan,https://fr.wikipedia.org/?curid=4068830,https://fr.wikipedia.org/wiki/Lindsay Duncan,Wikip\u00e9dia:\u00e9bauche acteur britannique
Star Screen Award de la meilleure actrice,https://fr.wikipedia.org/?curid=4093464,https://fr.wikipedia.org/wiki/Star Screen Award de la meilleure actrice,Portail:Cin\u00e9ma indien/Articles li\u00e9s
Emiko Shiratori,https://fr.wikipedia.org/?curid=4094338,https://fr.wikipedia.org/wiki/Emiko Shiratori,Article utilisant une Infobox
International Indian Film Academy Award de la meilleure actrice,https://fr.wikipedia.org/?curid=4093515,https://fr.wikipedia.org/wiki/International Indian Film Academy Award de la meilleure actrice,Portail:Cin\u00e9ma indien/Articles li\u00e9s
Alaina Huffman,https://fr.wikipedia.org/?curid=4093569,https://fr.wikipedia.org/wiki/Alaina Huffman,Wikip\u00e9dia:\u00e9bauche acteur canadien
Zhang Liyin,https://fr.wikipedia.org/?curid=4067735,https://fr.wikipedia.org/wiki/Zhang Liyin,Article utilisant une Infobox
Son Dam-bi,https://fr.wikipedia.org/?curid=4063507,https://fr.wikipedia.org/wiki/Son Dam-bi,Article contenant un lien mort
Alana Blanchard,https://fr.wikipedia.org/?curid=4063711,https://fr.wikipedia.org/wiki/Alana Blanchard,Article utilisant une Infobox
Miss Tunisie,https://fr.wikipedia.org/?curid=4300114,https://fr.wikipedia.org/wiki/Miss Tunisie,Wikip\u00e9dia:\u00e9bauche concours de beaut\u00e9
Liste des chansons de Lady Gaga,https://fr.wikipedia.org/?curid=4325557,https://fr.wikipedia.org/wiki/Liste des chansons de Lady Gaga,Portail:Musique/Articles li\u00e9s
Mildred McDaniel,https://fr.wikipedia.org/?curid=4323832,https://fr.wikipedia.org/wiki/Mildred McDaniel,Wikip\u00e9dia:\u00e9bauche athl\u00e8te am\u00e9ricain
Inese Jaunzeme,https://fr.wikipedia.org/?curid=4326443,https://fr.wikipedia.org/wiki/Inese Jaunzeme,Wikip\u00e9dia:\u00e9bauche athl\u00e8te letton
Ma\u00e9-B\u00e9r\u00e9nice M\u00e9it\u00e9,https://fr.wikipedia.org/?curid=4320714,https://fr.wikipedia.org/wiki/Ma\u00e9-B\u00e9r\u00e9nice M\u00e9it\u00e9,Article \u00e0 mettre \u00e0 jour
Ne nous f\u00e2chons pas,https://fr.wikipedia.org/?curid=43219,https://fr.wikipedia.org/wiki/Ne nous f\u00e2chons pas,Article utilisant une Infobox
Yelena Nikolayeva,https://fr.wikipedia.org/?curid=4321364,https://fr.wikipedia.org/wiki/Yelena Nikolayeva,Article utilisant une Infobox
Bridgit Mendler,https://fr.wikipedia.org/?curid=4320137,https://fr.wikipedia.org/wiki/Bridgit Mendler,Article contenant un lien mort
This Is Me... Then,https://fr.wikipedia.org/?curid=4304078,https://fr.wikipedia.org/wiki/This Is Me... Then,Article contenant un lien mort
Irina Khazova,https://fr.wikipedia.org/?curid=4304903,https://fr.wikipedia.org/wiki/Irina Khazova,Wikip\u00e9dia:\u00e9bauche ski de fond
Celine Brun-Lie,https://fr.wikipedia.org/?curid=4308884,https://fr.wikipedia.org/wiki/Celine Brun-Lie,Wikip\u00e9dia:\u00e9bauche ski de fond
Dominique Blanc,https://fr.wikipedia.org/?curid=430903,https://fr.wikipedia.org/wiki/Dominique Blanc,Article utilisant une Infobox
Isabelle Carr\u00e9,https://fr.wikipedia.org/?curid=431177,https://fr.wikipedia.org/wiki/Isabelle Carr\u00e9,Article utilisant une Infobox
La Clef (Guitry),https://fr.wikipedia.org/?curid=4310053,https://fr.wikipedia.org/wiki/La Clef (Guitry),Wikip\u00e9dia:\u00e9bauche pi\u00e8ce de th\u00e9\u00e2tre
Miriam Welte,https://fr.wikipedia.org/?curid=4311161,https://fr.wikipedia.org/wiki/Miriam Welte,Page utilisant P569
Ida Ingemarsdotter,https://fr.wikipedia.org/?curid=4308505,https://fr.wikipedia.org/wiki/Ida Ingemarsdotter,Article utilisant une Infobox
Rani Mukherjee,https://fr.wikipedia.org/?curid=431465,https://fr.wikipedia.org/wiki/Rani Mukherjee,Page utilisant P19
Yvette Williams,https://fr.wikipedia.org/?curid=4330179,https://fr.wikipedia.org/wiki/Yvette Williams,Article utilisant une Infobox
Anna Kournikova,https://fr.wikipedia.org/?curid=433160,https://fr.wikipedia.org/wiki/Anna Kournikova,Article contenant un lien mort
Olga Gyarmati,https://fr.wikipedia.org/?curid=4333312,https://fr.wikipedia.org/wiki/Olga Gyarmati,Wikip\u00e9dia:\u00e9bauche athl\u00e8te hongrois
Isabelle Nanty,https://fr.wikipedia.org/?curid=433127,https://fr.wikipedia.org/wiki/Isabelle Nanty,Identifiant Allocin\u00e9 nom identique sur Wikidata
Black Swan (film),https://fr.wikipedia.org/?curid=4332562,https://fr.wikipedia.org/wiki/Black Swan (film),Article utilisant une Infobox
Dirty Harry (chanson),https://fr.wikipedia.org/?curid=4333711,https://fr.wikipedia.org/wiki/Dirty Harry (chanson),Article manquant de r\u00e9f\u00e9rences depuis janvier 2018
Miloslav Me\u010d\u00ed\u0159,https://fr.wikipedia.org/?curid=431896,https://fr.wikipedia.org/wiki/Miloslav Me\u010d\u00ed\u0159,Article utilisant une Infobox
Damia (chanteuse),https://fr.wikipedia.org/?curid=42150,https://fr.wikipedia.org/wiki/Damia (chanteuse),Page utilisant P569
Gabriela P\u00e9rez del Solar,https://fr.wikipedia.org/?curid=422353,https://fr.wikipedia.org/wiki/Gabriela P\u00e9rez del Solar,Article utilisant une Infobox
Jeanette Kwakye,https://fr.wikipedia.org/?curid=4249900,https://fr.wikipedia.org/wiki/Jeanette Kwakye,Wikip\u00e9dia:\u00e9bauche athl\u00e8te britannique
Diana Gansky,https://fr.wikipedia.org/?curid=4230066,https://fr.wikipedia.org/wiki/Diana Gansky,Wikip\u00e9dia:\u00e9bauche athl\u00e8te allemand
Fanny Chmelar,https://fr.wikipedia.org/?curid=4242878,https://fr.wikipedia.org/wiki/Fanny Chmelar,Wikip\u00e9dia:\u00e9bauche ski alpin
Atsuko Maeda,https://fr.wikipedia.org/?curid=4243512,https://fr.wikipedia.org/wiki/Atsuko Maeda,Article contenant un lien mort
Delphine Py-Bilot,https://fr.wikipedia.org/?curid=4234945,https://fr.wikipedia.org/wiki/Delphine Py-Bilot,Article utilisant une Infobox
Amy Gough,https://fr.wikipedia.org/?curid=4237668,https://fr.wikipedia.org/wiki/Amy Gough,Article \u00e0 illustrer Sportif
Olga Chernyavskaya,https://fr.wikipedia.org/?curid=4240922,https://fr.wikipedia.org/wiki/Olga Chernyavskaya,Page utilisant P569
The Monster Ball Tour,https://fr.wikipedia.org/?curid=4252100,https://fr.wikipedia.org/wiki/The Monster Ball Tour,Article utilisant une Infobox
Plantes contre zombies,https://fr.wikipedia.org/?curid=4175327,https://fr.wikipedia.org/wiki/Plantes contre zombies,Wikip\u00e9dia:\u00e9bauche jeu vid\u00e9o
Dani\u00e8le Debernard,https://fr.wikipedia.org/?curid=417302,https://fr.wikipedia.org/wiki/Dani\u00e8le Debernard,Wikip\u00e9dia:\u00e9bauche ski alpin
Eline Berings,https://fr.wikipedia.org/?curid=4175699,https://fr.wikipedia.org/wiki/Eline Berings,Article utilisant une Infobox
Liste des comtesses et duchesses d'Angoul\u00eame,https://fr.wikipedia.org/?curid=4197363,https://fr.wikipedia.org/wiki/Liste des comtesses et duchesses d'Angoul\u00eame,Article manquant de r\u00e9f\u00e9rences depuis juin 2019
Elinor Ostrom,https://fr.wikipedia.org/?curid=4153753,https://fr.wikipedia.org/wiki/Elinor Ostrom,Article contenant un lien mort
Gabriella Fox,https://fr.wikipedia.org/?curid=4165269,https://fr.wikipedia.org/wiki/Gabriella Fox,Article utilisant une Infobox
Adeline Canac,https://fr.wikipedia.org/?curid=4208119,https://fr.wikipedia.org/wiki/Adeline Canac,Article utilisant une Infobox
Ma\u00eblle Ricker,https://fr.wikipedia.org/?curid=4205180,https://fr.wikipedia.org/wiki/Ma\u00eblle Ricker,Wikip\u00e9dia:\u00e9bauche snowboard
Vanessa James,https://fr.wikipedia.org/?curid=4202544,https://fr.wikipedia.org/wiki/Vanessa James,Article utilisant une Infobox
Tracy Chapman,https://fr.wikipedia.org/?curid=420173,https://fr.wikipedia.org/wiki/Tracy Chapman,Article utilisant une Infobox
Nicola Sturgeon,https://fr.wikipedia.org/?curid=4203194,https://fr.wikipedia.org/wiki/Nicola Sturgeon,Article utilisant une Infobox
Gaby Barbey,https://fr.wikipedia.org/?curid=4184466,https://fr.wikipedia.org/wiki/Gaby Barbey,Page utilisant P569
Micachu,https://fr.wikipedia.org/?curid=4184314,https://fr.wikipedia.org/wiki/Micachu,Article utilisant une Infobox
Miss Venezuela,https://fr.wikipedia.org/?curid=4209754,https://fr.wikipedia.org/wiki/Miss Venezuela,Article \u00e0 illustrer R\u00e9compense
Ielena Sokolova (athl\u00e9tisme),https://fr.wikipedia.org/?curid=4212230,https://fr.wikipedia.org/wiki/Ielena Sokolova (athl\u00e9tisme),Wikip\u00e9dia:\u00e9bauche athl\u00e8te russe
Kia Stevens,https://fr.wikipedia.org/?curid=4158631,https://fr.wikipedia.org/wiki/Kia Stevens,Article \u00e0 recycler/Liste compl\u00e8te
Mich\u00e8le Jacot,https://fr.wikipedia.org/?curid=415609,https://fr.wikipedia.org/wiki/Mich\u00e8le Jacot,Page utilisant P569
Perrine Pelen,https://fr.wikipedia.org/?curid=415660,https://fr.wikipedia.org/wiki/Perrine Pelen,Article utilisant une Infobox
Ingrid Lafforgue,https://fr.wikipedia.org/?curid=416953,https://fr.wikipedia.org/wiki/Ingrid Lafforgue,Page utilisant P569
Marie-C\u00e9cile Gros-Gaudenier,https://fr.wikipedia.org/?curid=416969,https://fr.wikipedia.org/wiki/Marie-C\u00e9cile Gros-Gaudenier,Article utilisant une Infobox
Le Go\u00fbt des autres,https://fr.wikipedia.org/?curid=434074,https://fr.wikipedia.org/wiki/Le Go\u00fbt des autres,Identifiant Allocin\u00e9 titre identique sur Wikidata
Fabienne Saint Louis,https://fr.wikipedia.org/?curid=4352635,https://fr.wikipedia.org/wiki/Fabienne Saint Louis,Article utilisant une Infobox
Trilogie marseillaise,https://fr.wikipedia.org/?curid=435366,https://fr.wikipedia.org/wiki/Trilogie marseillaise,Article contenant un appel \u00e0 traduction en allemand
Anna Millward,https://fr.wikipedia.org/?curid=4350322,https://fr.wikipedia.org/wiki/Anna Millward,Page utilisant P1448
Christmas Tree,https://fr.wikipedia.org/?curid=4338172,https://fr.wikipedia.org/wiki/Christmas Tree,Article utilisant une Infobox
\u00c9ric Rohmer,https://fr.wikipedia.org/?curid=43711,https://fr.wikipedia.org/wiki/\u00c9ric Rohmer,Page utilisant P569
Ludmila Pagliero,https://fr.wikipedia.org/?curid=4346732,https://fr.wikipedia.org/wiki/Ludmila Pagliero,Article utilisant une Infobox
Herma Bauma,https://fr.wikipedia.org/?curid=4335739,https://fr.wikipedia.org/wiki/Herma Bauma,Wikip\u00e9dia:\u00e9bauche athl\u00e8te autrichien
Muriel Boucher-Zazoui,https://fr.wikipedia.org/?curid=4376115,https://fr.wikipedia.org/wiki/Muriel Boucher-Zazoui,Page utilisant P569
Millennium Actress,https://fr.wikipedia.org/?curid=437556,https://fr.wikipedia.org/wiki/Millennium Actress,Article utilisant une Infobox
Isabelle Huppert,https://fr.wikipedia.org/?curid=43734,https://fr.wikipedia.org/wiki/Isabelle Huppert,Article utilisant une Infobox
Anna Holmlund,https://fr.wikipedia.org/?curid=4345963,https://fr.wikipedia.org/wiki/Anna Holmlund,Wikip\u00e9dia:\u00e9bauche personnalit\u00e9 su\u00e9doise
Guo Xinxin,https://fr.wikipedia.org/?curid=4345980,https://fr.wikipedia.org/wiki/Guo Xinxin,Wikip\u00e9dia:\u00e9bauche ski acrobatique
Dance in the Dark,https://fr.wikipedia.org/?curid=4363376,https://fr.wikipedia.org/wiki/Dance in the Dark,Article utilisant une Infobox
Liste des conjoints des souverains d'Autriche,https://fr.wikipedia.org/?curid=4364133,https://fr.wikipedia.org/wiki/Liste des conjoints des souverains d'Autriche,Portail:Autriche/Articles li\u00e9s
Eva Simons,https://fr.wikipedia.org/?curid=4364491,https://fr.wikipedia.org/wiki/Eva Simons,Wikip\u00e9dia:\u00e9bauche chanteur n\u00e9erlandais
Speechless (chanson de Lady Gaga),https://fr.wikipedia.org/?curid=4359861,https://fr.wikipedia.org/wiki/Speechless (chanson de Lady Gaga),Article utilisant une Infobox
Katie Melua,https://fr.wikipedia.org/?curid=436113,https://fr.wikipedia.org/wiki/Katie Melua,Page utilisant P569
Maya Deren,https://fr.wikipedia.org/?curid=435000,https://fr.wikipedia.org/wiki/Maya Deren,Article utilisant une Infobox
Julia Murray,https://fr.wikipedia.org/?curid=4378066,https://fr.wikipedia.org/wiki/Julia Murray,Wikip\u00e9dia:\u00e9bauche ski acrobatique
Sanna L\u00fcdi,https://fr.wikipedia.org/?curid=4378451,https://fr.wikipedia.org/wiki/Sanna L\u00fcdi,Wikip\u00e9dia:\u00e9bauche ski acrobatique
Megan Gunning,https://fr.wikipedia.org/?curid=4378507,https://fr.wikipedia.org/wiki/Megan Gunning,Wikip\u00e9dia:\u00e9bauche ski acrobatique
Jennifer Hudak,https://fr.wikipedia.org/?curid=4378511,https://fr.wikipedia.org/wiki/Jennifer Hudak,Article manquant de r\u00e9f\u00e9rences depuis juin 2023
Alexandra Jekova,https://fr.wikipedia.org/?curid=4379504,https://fr.wikipedia.org/wiki/Alexandra Jekova,Wikip\u00e9dia:\u00e9bauche snowboard
Cai Xuetong,https://fr.wikipedia.org/?curid=4379521,https://fr.wikipedia.org/wiki/Cai Xuetong,Article utilisant une Infobox
Kimiko Zakreski,https://fr.wikipedia.org/?curid=4379531,https://fr.wikipedia.org/wiki/Kimiko Zakreski,Wikip\u00e9dia:\u00e9bauche snowboard
\u0160\u00e1rka Pan\u010dochov\u00e1,https://fr.wikipedia.org/?curid=4379607,https://fr.wikipedia.org/wiki/\u0160\u00e1rka Pan\u010dochov\u00e1,Wikip\u00e9dia:\u00e9bauche snowboard
Sun Zhifeng,https://fr.wikipedia.org/?curid=4379617,https://fr.wikipedia.org/wiki/Sun Zhifeng,Wikip\u00e9dia:\u00e9bauche snowboard
Xu Chen (snowboard),https://fr.wikipedia.org/?curid=4379626,https://fr.wikipedia.org/wiki/Xu Chen (snowboard),Wikip\u00e9dia:\u00e9bauche snowboard
Dido,https://fr.wikipedia.org/?curid=43376,https://fr.wikipedia.org/wiki/Dido,Article utilisant une Infobox
Marion Rolland,https://fr.wikipedia.org/?curid=4367958,https://fr.wikipedia.org/wiki/Marion Rolland,Article utilisant une Infobox
Elena Kolomina,https://fr.wikipedia.org/?curid=4366775,https://fr.wikipedia.org/wiki/Elena Kolomina,Wikip\u00e9dia:\u00e9bauche ski de fond
Alina Ivanova,https://fr.wikipedia.org/?curid=4337062,https://fr.wikipedia.org/wiki/Alina Ivanova,Wikip\u00e9dia:\u00e9bauche athl\u00e8te russe
Chen Yueling,https://fr.wikipedia.org/?curid=4337248,https://fr.wikipedia.org/wiki/Chen Yueling,Wikip\u00e9dia:\u00e9bauche athl\u00e8te am\u00e9ricain
Gesine Walther,https://fr.wikipedia.org/?curid=4343286,https://fr.wikipedia.org/wiki/Gesine Walther,Article utilisant une Infobox
Torah Bright,https://fr.wikipedia.org/?curid=4342630,https://fr.wikipedia.org/wiki/Torah Bright,Wikip\u00e9dia:\u00e9bauche snowboard
Lillie Leatherwood,https://fr.wikipedia.org/?curid=4339424,https://fr.wikipedia.org/wiki/Lillie Leatherwood,Article \u00e0 illustrer Athl\u00e8te
Julia Louis-Dreyfus,https://fr.wikipedia.org/?curid=435825,https://fr.wikipedia.org/wiki/Julia Louis-Dreyfus,Article utilisant une Infobox
Ji Eun-hee,https://fr.wikipedia.org/?curid=3970532,https://fr.wikipedia.org/wiki/Ji Eun-hee,Wikip\u00e9dia:\u00e9bauche golf
Alessia Trost,https://fr.wikipedia.org/?curid=3971142,https://fr.wikipedia.org/wiki/Alessia Trost,Article utilisant une Infobox
Nadiya Dusanova,https://fr.wikipedia.org/?curid=3970678,https://fr.wikipedia.org/wiki/Nadiya Dusanova,Article utilisant une Infobox
Levern Spencer,https://fr.wikipedia.org/?curid=3970701,https://fr.wikipedia.org/wiki/Levern Spencer,Article utilisant une Infobox
Yekaterina Yevseyeva,https://fr.wikipedia.org/?curid=3970722,https://fr.wikipedia.org/wiki/Yekaterina Yevseyeva,Wikip\u00e9dia:\u00e9bauche athl\u00e8te kazakh
Nicole Forrester,https://fr.wikipedia.org/?curid=3970843,https://fr.wikipedia.org/wiki/Nicole Forrester,Wikip\u00e9dia:\u00e9bauche athl\u00e8te canadien
Doreen Amata,https://fr.wikipedia.org/?curid=3970851,https://fr.wikipedia.org/wiki/Doreen Amata,Article \u00e0 illustrer Athl\u00e8te
Anna Ilju\u0161t\u0161enko,https://fr.wikipedia.org/?curid=3970865,https://fr.wikipedia.org/wiki/Anna Ilju\u0161t\u0161enko,Article utilisant une Infobox
Romary Rifka,https://fr.wikipedia.org/?curid=3970872,https://fr.wikipedia.org/wiki/Romary Rifka,Wikip\u00e9dia:\u00e9bauche athl\u00e8te mexicain
Kamila Li\u0107winko,https://fr.wikipedia.org/?curid=3971634,https://fr.wikipedia.org/wiki/Kamila Li\u0107winko,Article utilisant une Infobox
Hanna Grobler,https://fr.wikipedia.org/?curid=3971643,https://fr.wikipedia.org/wiki/Hanna Grobler,Wikip\u00e9dia:\u00e9bauche athl\u00e8te finlandais
N\u00edki Bakoyi\u00e1nni,https://fr.wikipedia.org/?curid=3972408,https://fr.wikipedia.org/wiki/N\u00edki Bakoyi\u00e1nni,Wikip\u00e9dia:\u00e9bauche athl\u00e8te grec
Yuliya Krevsun,https://fr.wikipedia.org/?curid=3972073,https://fr.wikipedia.org/wiki/Yuliya Krevsun,Wikip\u00e9dia:\u00e9bauche athl\u00e8te ukrainien
Lauren MacMullan,https://fr.wikipedia.org/?curid=4011103,https://fr.wikipedia.org/wiki/Lauren MacMullan,Wikip\u00e9dia:\u00e9bauche r\u00e9alisateur am\u00e9ricain
Tania Vicenzino,https://fr.wikipedia.org/?curid=3959931,https://fr.wikipedia.org/wiki/Tania Vicenzino,Wikip\u00e9dia:\u00e9bauche athl\u00e8te italien
Yeory\u00eda Kokl\u00f3ni,https://fr.wikipedia.org/?curid=3960013,https://fr.wikipedia.org/wiki/Yeory\u00eda Kokl\u00f3ni,Wikip\u00e9dia:\u00e9bauche athl\u00e8te grec
Karin Melis Mey,https://fr.wikipedia.org/?curid=3960067,https://fr.wikipedia.org/wiki/Karin Melis Mey,Wikip\u00e9dia:\u00e9bauche athl\u00e8te turc
El\u00e9ni Artymat\u00e1,https://fr.wikipedia.org/?curid=3960077,https://fr.wikipedia.org/wiki/El\u00e9ni Artymat\u00e1,Article utilisant une Infobox
Vita Styopina,https://fr.wikipedia.org/?curid=3968713,https://fr.wikipedia.org/wiki/Vita Styopina,Wikip\u00e9dia:\u00e9bauche athl\u00e8te ukrainien
Iva Strakov\u00e1,https://fr.wikipedia.org/?curid=3968935,https://fr.wikipedia.org/wiki/Iva Strakov\u00e1,Wikip\u00e9dia:\u00e9bauche athl\u00e8te tch\u00e8que
Romana Dubnova,https://fr.wikipedia.org/?curid=3968937,https://fr.wikipedia.org/wiki/Romana Dubnova,Wikip\u00e9dia:\u00e9bauche athl\u00e8te tch\u00e8que
Svetlana Radzivil,https://fr.wikipedia.org/?curid=3968941,https://fr.wikipedia.org/wiki/Svetlana Radzivil,Article utilisant une Infobox
Blessing Okagbare,https://fr.wikipedia.org/?curid=3968966,https://fr.wikipedia.org/wiki/Blessing Okagbare,Article utilisant une Infobox
Sharon Day-Monroe,https://fr.wikipedia.org/?curid=3966542,https://fr.wikipedia.org/wiki/Sharon Day-Monroe,Wikip\u00e9dia:\u00e9bauche athl\u00e8te am\u00e9ricain
Tasha Danvers,https://fr.wikipedia.org/?curid=3967232,https://fr.wikipedia.org/wiki/Tasha Danvers,Wikip\u00e9dia:\u00e9bauche athl\u00e8te britannique
Anastasiya Rabchenyuk,https://fr.wikipedia.org/?curid=3967236,https://fr.wikipedia.org/wiki/Anastasiya Rabchenyuk,Wikip\u00e9dia:\u00e9bauche athl\u00e8te ukrainien
Shalane Flanagan,https://fr.wikipedia.org/?curid=3967273,https://fr.wikipedia.org/wiki/Shalane Flanagan,Wikip\u00e9dia:\u00e9bauche athl\u00e8te am\u00e9ricain
Amantle Montsho,https://fr.wikipedia.org/?curid=3989734,https://fr.wikipedia.org/wiki/Amantle Montsho,Article utilisant une Infobox
Anne Zagr\u00e9,https://fr.wikipedia.org/?curid=4005981,https://fr.wikipedia.org/wiki/Anne Zagr\u00e9,Article utilisant une Infobox
Gemma Spofforth,https://fr.wikipedia.org/?curid=4000237,https://fr.wikipedia.org/wiki/Gemma Spofforth,Article utilisant une Infobox
Paraskev\u00ed Papahr\u00edstou,https://fr.wikipedia.org/?curid=4017387,https://fr.wikipedia.org/wiki/Paraskev\u00ed Papahr\u00edstou,Article utilisant une Infobox
Martina Hra\u0161nov\u00e1,https://fr.wikipedia.org/?curid=4017443,https://fr.wikipedia.org/wiki/Martina Hra\u0161nov\u00e1,Wikip\u00e9dia:\u00e9bauche athl\u00e8te slovaque
Anne\u2026 la maison aux pignons verts,https://fr.wikipedia.org/?curid=401529,https://fr.wikipedia.org/wiki/Anne\u2026 la maison aux pignons verts,Article contenant un lien mort
Lioubov Sokolova,https://fr.wikipedia.org/?curid=399741,https://fr.wikipedia.org/wiki/Lioubov Sokolova,Article utilisant une Infobox
Mariana Marrache,https://fr.wikipedia.org/?curid=3997472,https://fr.wikipedia.org/wiki/Mariana Marrache,Page utilisant P569
Sarah Sj\u00f6str\u00f6m,https://fr.wikipedia.org/?curid=3996949,https://fr.wikipedia.org/wiki/Sarah Sj\u00f6str\u00f6m,Wikip\u00e9dia:\u00e9bauche natation
Anna Bogdanova,https://fr.wikipedia.org/?curid=3996432,https://fr.wikipedia.org/wiki/Anna Bogdanova,Wikip\u00e9dia:\u00e9bauche athl\u00e8te russe
Carl Blasco,https://fr.wikipedia.org/?curid=3993314,https://fr.wikipedia.org/wiki/Carl Blasco,Article utilisant une Infobox
Lydia Oulmou,https://fr.wikipedia.org/?curid=4000807,https://fr.wikipedia.org/wiki/Lydia Oulmou,Article utilisant une Infobox
Une \u00e9ducation,https://fr.wikipedia.org/?curid=4001804,https://fr.wikipedia.org/wiki/Une \u00e9ducation,Article utilisant une Infobox
Angelina Gr\u00fcn,https://fr.wikipedia.org/?curid=398524,https://fr.wikipedia.org/wiki/Angelina Gr\u00fcn,Article utilisant une Infobox
Aleksandra Fedoriva-Spayer,https://fr.wikipedia.org/?curid=3984103,https://fr.wikipedia.org/wiki/Aleksandra Fedoriva-Spayer,Article utilisant une Infobox
Lana Parrilla,https://fr.wikipedia.org/?curid=3992943,https://fr.wikipedia.org/wiki/Lana Parrilla,Article utilisant une Infobox
Marshevet Myers,https://fr.wikipedia.org/?curid=3992118,https://fr.wikipedia.org/wiki/Marshevet Myers,Article utilisant une Infobox
Mari\u00e1nna Zahar\u00edadi,https://fr.wikipedia.org/?curid=3963384,https://fr.wikipedia.org/wiki/Mari\u00e1nna Zahar\u00edadi,Article utilisant une Infobox
Sabina Veit,https://fr.wikipedia.org/?curid=3963493,https://fr.wikipedia.org/wiki/Sabina Veit,Wikip\u00e9dia:\u00e9bauche athl\u00e8te slov\u00e8ne
Anna Giordano Bruno,https://fr.wikipedia.org/?curid=3963529,https://fr.wikipedia.org/wiki/Anna Giordano Bruno,Wikip\u00e9dia:\u00e9bauche athl\u00e8te italien
Svetlana Shkolina,https://fr.wikipedia.org/?curid=3964581,https://fr.wikipedia.org/wiki/Svetlana Shkolina,Article utilisant une Infobox
Anastas\u00eda Keles\u00eddou,https://fr.wikipedia.org/?curid=3964867,https://fr.wikipedia.org/wiki/Anastas\u00eda Keles\u00eddou,Wikip\u00e9dia:\u00e9bauche athl\u00e8te grec
Elisa Cusma,https://fr.wikipedia.org/?curid=3957639,https://fr.wikipedia.org/wiki/Elisa Cusma,Wikip\u00e9dia:\u00e9bauche athl\u00e8te italien
Zahra Bani,https://fr.wikipedia.org/?curid=3957947,https://fr.wikipedia.org/wiki/Zahra Bani,Wikip\u00e9dia:\u00e9bauche athl\u00e8te italien
S\u00e1vva L\u00edka,https://fr.wikipedia.org/?curid=3957970,https://fr.wikipedia.org/wiki/S\u00e1vva L\u00edka,Wikip\u00e9dia:\u00e9bauche athl\u00e8te grec
Jessica C\u00e9rival,https://fr.wikipedia.org/?curid=3958028,https://fr.wikipedia.org/wiki/Jessica C\u00e9rival,Wikip\u00e9dia:\u00e9bauche athl\u00e8te fran\u00e7ais
Athanas\u00eda P\u00e9rra,https://fr.wikipedia.org/?curid=3958059,https://fr.wikipedia.org/wiki/Athanas\u00eda P\u00e9rra,Wikip\u00e9dia:\u00e9bauche athl\u00e8te grec
Vera Santos,https://fr.wikipedia.org/?curid=4033639,https://fr.wikipedia.org/wiki/Vera Santos,Wikip\u00e9dia:\u00e9bauche athl\u00e8te portugais
Haruki Murakami,https://fr.wikipedia.org/?curid=40441,https://fr.wikipedia.org/wiki/Haruki Murakami,Article contenant un appel \u00e0 traduction en anglais
Natalia Rodr\u00edguez,https://fr.wikipedia.org/?curid=4044109,https://fr.wikipedia.org/wiki/Natalia Rodr\u00edguez,Wikip\u00e9dia:\u00e9bauche athl\u00e8te espagnol
Anna Pierce,https://fr.wikipedia.org/?curid=4044148,https://fr.wikipedia.org/wiki/Anna Pierce,Wikip\u00e9dia:\u00e9bauche athl\u00e8te am\u00e9ricain
Bai Xue,https://fr.wikipedia.org/?curid=4044255,https://fr.wikipedia.org/wiki/Bai Xue,Wikip\u00e9dia:\u00e9bauche athl\u00e8te chinois
Sheniqua Ferguson,https://fr.wikipedia.org/?curid=4044014,https://fr.wikipedia.org/wiki/Sheniqua Ferguson,Wikip\u00e9dia:\u00e9bauche athl\u00e8te baham\u00e9en
Halima Hachlaf,https://fr.wikipedia.org/?curid=4033066,https://fr.wikipedia.org/wiki/Halima Hachlaf,Wikip\u00e9dia:\u00e9bauche athl\u00e8te marocain
Geena Gall,https://fr.wikipedia.org/?curid=4033222,https://fr.wikipedia.org/wiki/Geena Gall,Wikip\u00e9dia:\u00e9bauche athl\u00e8te am\u00e9ricain
Shannon Rowbury,https://fr.wikipedia.org/?curid=4049751,https://fr.wikipedia.org/wiki/Shannon Rowbury,Article utilisant une Infobox
Pixie Lott,https://fr.wikipedia.org/?curid=4048956,https://fr.wikipedia.org/wiki/Pixie Lott,Article contenant un lien mort
Tatyana Firova,https://fr.wikipedia.org/?curid=4045919,https://fr.wikipedia.org/wiki/Tatyana Firova,Article utilisant une Infobox
Misato Nakamura,https://fr.wikipedia.org/?curid=4057653,https://fr.wikipedia.org/wiki/Misato Nakamura,Article \u00e0 illustrer Judoka
Florencia Lozano,https://fr.wikipedia.org/?curid=4025925,https://fr.wikipedia.org/wiki/Florencia Lozano,Wikip\u00e9dia:\u00e9bauche acteur am\u00e9ricain
Lilli Schwarzkopf,https://fr.wikipedia.org/?curid=4030052,https://fr.wikipedia.org/wiki/Lilli Schwarzkopf,Wikip\u00e9dia:\u00e9bauche athl\u00e8te allemand
Cristina Bujin,https://fr.wikipedia.org/?curid=4035291,https://fr.wikipedia.org/wiki/Cristina Bujin,Wikip\u00e9dia:\u00e9bauche athl\u00e8te roumain
Beatriz Pascual,https://fr.wikipedia.org/?curid=4034254,https://fr.wikipedia.org/wiki/Beatriz Pascual,Wikip\u00e9dia:\u00e9bauche athl\u00e8te espagnol
Habiba Ghribi,https://fr.wikipedia.org/?curid=4031693,https://fr.wikipedia.org/wiki/Habiba Ghribi,Article utilisant une Infobox
Jennifer Simpson,https://fr.wikipedia.org/?curid=4031700,https://fr.wikipedia.org/wiki/Jennifer Simpson,Article utilisant une Infobox
Yuliya Zaripova,https://fr.wikipedia.org/?curid=4034597,https://fr.wikipedia.org/wiki/Yuliya Zaripova,Wikip\u00e9dia:\u00e9bauche athl\u00e8te russe
Chelsea Johnson,https://fr.wikipedia.org/?curid=4034759,https://fr.wikipedia.org/wiki/Chelsea Johnson,Wikip\u00e9dia:\u00e9bauche athl\u00e8te am\u00e9ricain
Sylvia Kibet,https://fr.wikipedia.org/?curid=4037384,https://fr.wikipedia.org/wiki/Sylvia Kibet,Wikip\u00e9dia:\u00e9bauche athl\u00e8te k\u00e9nyan
Cindy Billaud,https://fr.wikipedia.org/?curid=4037575,https://fr.wikipedia.org/wiki/Cindy Billaud,Article utilisant une Infobox
Sara Moreira,https://fr.wikipedia.org/?curid=4037601,https://fr.wikipedia.org/wiki/Sara Moreira,Wikip\u00e9dia:\u00e9bauche athl\u00e8te portugais
Sandra Perkovi\u0107,https://fr.wikipedia.org/?curid=4037690,https://fr.wikipedia.org/wiki/Sandra Perkovi\u0107,Article contenant un appel \u00e0 traduction en anglais
Linda Stahl,https://fr.wikipedia.org/?curid=4037930,https://fr.wikipedia.org/wiki/Linda Stahl,Article utilisant une Infobox
Niurka Montalvo,https://fr.wikipedia.org/?curid=4038136,https://fr.wikipedia.org/wiki/Niurka Montalvo,Wikip\u00e9dia:\u00e9bauche athl\u00e8te cubain
Josanne Lucas,https://fr.wikipedia.org/?curid=4040375,https://fr.wikipedia.org/wiki/Josanne Lucas,Wikip\u00e9dia:\u00e9bauche athl\u00e8te trinidadien
Kaliese Carter,https://fr.wikipedia.org/?curid=4040424,https://fr.wikipedia.org/wiki/Kaliese Carter,Article utilisant une Infobox
Sultana Frizell,https://fr.wikipedia.org/?curid=4039396,https://fr.wikipedia.org/wiki/Sultana Frizell,Wikip\u00e9dia:\u00e9bauche athl\u00e8te canadien
Angela Moro\u0219anu,https://fr.wikipedia.org/?curid=4041235,https://fr.wikipedia.org/wiki/Angela Moro\u0219anu,Wikip\u00e9dia:\u00e9bauche athl\u00e8te roumain
Shara Proctor,https://fr.wikipedia.org/?curid=4041389,https://fr.wikipedia.org/wiki/Shara Proctor,Article utilisant une Infobox
Jena Lee,https://fr.wikipedia.org/?curid=4041569,https://fr.wikipedia.org/wiki/Jena Lee,Article manquant de r\u00e9f\u00e9rences depuis ao\u00fbt 2009
Li Yanfeng,https://fr.wikipedia.org/?curid=4025163,https://fr.wikipedia.org/wiki/Li Yanfeng,Article utilisant une Infobox
Solange Witteveen,https://fr.wikipedia.org/?curid=4028338,https://fr.wikipedia.org/wiki/Solange Witteveen,Wikip\u00e9dia:\u00e9bauche athl\u00e8te argentin
Nana Dzagnidz\u00e9,https://fr.wikipedia.org/?curid=3984352,https://fr.wikipedia.org/wiki/Nana Dzagnidz\u00e9,Page utilisant P1477
Brenda Asnicar,https://fr.wikipedia.org/?curid=3985784,https://fr.wikipedia.org/wiki/Brenda Asnicar,Article manquant de r\u00e9f\u00e9rences depuis septembre 2018
Deirdre Ryan,https://fr.wikipedia.org/?curid=4018297,https://fr.wikipedia.org/wiki/Deirdre Ryan,Wikip\u00e9dia:\u00e9bauche athl\u00e8te irlandais
Noengrothai Chaipetch,https://fr.wikipedia.org/?curid=4018306,https://fr.wikipedia.org/wiki/Noengrothai Chaipetch,Wikip\u00e9dia:\u00e9bauche athl\u00e8te tha\u00eflandais
Stine Kufaas,https://fr.wikipedia.org/?curid=4018325,https://fr.wikipedia.org/wiki/Stine Kufaas,Wikip\u00e9dia:\u00e9bauche athl\u00e8te norv\u00e9gien
Petrina Price,https://fr.wikipedia.org/?curid=4018339,https://fr.wikipedia.org/wiki/Petrina Price,Wikip\u00e9dia:\u00e9bauche athl\u00e8te australien
Inna,https://fr.wikipedia.org/?curid=4021228,https://fr.wikipedia.org/wiki/Inna,Article contenant un lien mort
\u00c1sd\u00eds Hj\u00e1lmsd\u00f3ttir,https://fr.wikipedia.org/?curid=4021909,https://fr.wikipedia.org/wiki/\u00c1sd\u00eds Hj\u00e1lmsd\u00f3ttir,Wikip\u00e9dia:\u00e9bauche athl\u00e8te
Madara Palameika,https://fr.wikipedia.org/?curid=4021961,https://fr.wikipedia.org/wiki/Madara Palameika,Article utilisant une Infobox
Marisa De Aniceto,https://fr.wikipedia.org/?curid=4019189,https://fr.wikipedia.org/wiki/Marisa De Aniceto,Wikip\u00e9dia:\u00e9bauche athl\u00e8te fran\u00e7ais
Kelly-Ann Baptiste,https://fr.wikipedia.org/?curid=4020593,https://fr.wikipedia.org/wiki/Kelly-Ann Baptiste,Article utilisant une Infobox
Tatyana Shchelkanova,https://fr.wikipedia.org/?curid=4396956,https://fr.wikipedia.org/wiki/Tatyana Shchelkanova,Article utilisant une Infobox
Hildrun Claus,https://fr.wikipedia.org/?curid=4397144,https://fr.wikipedia.org/wiki/Hildrun Claus,Article utilisant une Infobox
Olivia Ruiz,https://fr.wikipedia.org/?curid=441528,https://fr.wikipedia.org/wiki/Olivia Ruiz,Page utilisant P569
Princesse de Galles,https://fr.wikipedia.org/?curid=4414522,https://fr.wikipedia.org/wiki/Princesse de Galles,Article utilisant une Infobox
Puja Gupta,https://fr.wikipedia.org/?curid=4410359,https://fr.wikipedia.org/wiki/Puja Gupta,Article contenant un lien mort
Beau-p\u00e8re (film),https://fr.wikipedia.org/?curid=44115,https://fr.wikipedia.org/wiki/Beau-p\u00e8re (film),Article utilisant une Infobox
Virginie Ledoyen,https://fr.wikipedia.org/?curid=43896,https://fr.wikipedia.org/wiki/Virginie Ledoyen,Article utilisant une Infobox
Claudia Schramm,https://fr.wikipedia.org/?curid=4385655,https://fr.wikipedia.org/wiki/Claudia Schramm,Article \u00e0 illustrer Sportif
Marie-Pierre Leray,https://fr.wikipedia.org/?curid=4427538,https://fr.wikipedia.org/wiki/Marie-Pierre Leray,Wikip\u00e9dia:\u00e9bauche patinage artistique
Nathalie Desmares,https://fr.wikipedia.org/?curid=4433222,https://fr.wikipedia.org/wiki/Nathalie Desmares,Wikip\u00e9dia:\u00e9bauche snowboard
Claude Gensac,https://fr.wikipedia.org/?curid=44347,https://fr.wikipedia.org/wiki/Claude Gensac,Article utilisant une Infobox
Yu Nan,https://fr.wikipedia.org/?curid=4432093,https://fr.wikipedia.org/wiki/Yu Nan,Article utilisant une Infobox
Gina Crawford,https://fr.wikipedia.org/?curid=4445849,https://fr.wikipedia.org/wiki/Gina Crawford,Wikip\u00e9dia:\u00e9bauche triathl\u00e8te
