Name,URL1,URL2,First Category
Chimamanda Ngozi Adichie,https://fr.wikipedia.org/?curid=3390280,https://fr.wikipedia.org/wiki/Chimamanda Ngozi Adichie,Article utilisant une Infobox
Maja Poljak,https://fr.wikipedia.org/?curid=3377751,https://fr.wikipedia.org/wiki/Maja Poljak,Article \u00e0 illustrer Joueur de volley-ball
Eva Hrdinov\u00e1,https://fr.wikipedia.org/?curid=3376225,https://fr.wikipedia.org/wiki/Eva Hrdinov\u00e1,Article utilisant une Infobox
Harry Callahan (personnage),https://fr.wikipedia.org/?curid=33723,https://fr.wikipedia.org/wiki/Harry Callahan (personnage),Article contenant un appel \u00e0 traduction en anglais
Inessa Kravets,https://fr.wikipedia.org/?curid=363847,https://fr.wikipedia.org/wiki/Inessa Kravets,Wikip\u00e9dia:\u00e9bauche athl\u00e8te ukrainien
Marianna Longa,https://fr.wikipedia.org/?curid=3655947,https://fr.wikipedia.org/wiki/Marianna Longa,Wikip\u00e9dia:\u00e9bauche ski de fond
Anette Sagen,https://fr.wikipedia.org/?curid=3657311,https://fr.wikipedia.org/wiki/Anette Sagen,Article utilisant une Infobox
Fantasia Barrino,https://fr.wikipedia.org/?curid=3634167,https://fr.wikipedia.org/wiki/Fantasia Barrino,Wikip\u00e9dia:\u00e9bauche chanteur am\u00e9ricain
Amaia Montero,https://fr.wikipedia.org/?curid=363503,https://fr.wikipedia.org/wiki/Amaia Montero,Wikip\u00e9dia:\u00e9bauche chanteur espagnol
Cristina Restelli,https://fr.wikipedia.org/?curid=3644948,https://fr.wikipedia.org/wiki/Cristina Restelli,Page utilisant P569
Margit Schumann,https://fr.wikipedia.org/?curid=3650219,https://fr.wikipedia.org/wiki/Margit Schumann,Article utilisant une Infobox
Michaela Dole\u017ealov\u00e1,https://fr.wikipedia.org/?curid=3625123,https://fr.wikipedia.org/wiki/Michaela Dole\u017ealov\u00e1,Article \u00e0 illustrer Joueur de volley-ball
Camilla Nilsson,https://fr.wikipedia.org/?curid=3630147,https://fr.wikipedia.org/wiki/Camilla Nilsson,Article utilisant une Infobox
Mallika Sherawat,https://fr.wikipedia.org/?curid=3637723,https://fr.wikipedia.org/wiki/Mallika Sherawat,Wikip\u00e9dia:\u00e9bauche acteur indien
Erin Hamlin,https://fr.wikipedia.org/?curid=3623620,https://fr.wikipedia.org/wiki/Erin Hamlin,Article utilisant une Infobox
Krisztina Egerszegi,https://fr.wikipedia.org/?curid=350078,https://fr.wikipedia.org/wiki/Krisztina Egerszegi,Article utilisant une Infobox
Diane Williams,https://fr.wikipedia.org/?curid=3508394,https://fr.wikipedia.org/wiki/Diane Williams,Wikip\u00e9dia:\u00e9bauche athl\u00e8te am\u00e9ricain
Pauline Soullard,https://fr.wikipedia.org/?curid=3508419,https://fr.wikipedia.org/wiki/Pauline Soullard,Article utilisant une Infobox
Alejandra Andreu,https://fr.wikipedia.org/?curid=3514091,https://fr.wikipedia.org/wiki/Alejandra Andreu,Page utilisant P569
Elizabeth Hintemann,https://fr.wikipedia.org/?curid=3543836,https://fr.wikipedia.org/wiki/Elizabeth Hintemann,Article utilisant une Infobox
Charline Houillon,https://fr.wikipedia.org/?curid=3543980,https://fr.wikipedia.org/wiki/Charline Houillon,Article \u00e0 illustrer Joueur de volley-ball
Isaline Sager-Weider,https://fr.wikipedia.org/?curid=3544084,https://fr.wikipedia.org/wiki/Isaline Sager-Weider,Article utilisant une Infobox
Regan Hood,https://fr.wikipedia.org/?curid=3546966,https://fr.wikipedia.org/wiki/Regan Hood,Wikip\u00e9dia:\u00e9bauche joueuse am\u00e9ricaine de volley-ball
Jennifer Todd,https://fr.wikipedia.org/?curid=3547010,https://fr.wikipedia.org/wiki/Jennifer Todd,Wikip\u00e9dia:\u00e9bauche joueuse am\u00e9ricaine de volley-ball
Poker Face,https://fr.wikipedia.org/?curid=3538613,https://fr.wikipedia.org/wiki/Poker Face,Article utilisant une Infobox
Sheilla Castro,https://fr.wikipedia.org/?curid=3538627,https://fr.wikipedia.org/wiki/Sheilla Castro,Article utilisant une Infobox
Roberta Vinci,https://fr.wikipedia.org/?curid=353883,https://fr.wikipedia.org/wiki/Roberta Vinci,Article utilisant une Infobox
Elisabeth P\u00e4htz,https://fr.wikipedia.org/?curid=3533069,https://fr.wikipedia.org/wiki/Elisabeth P\u00e4htz,Page utilisant P569
Anna Semenovich,https://fr.wikipedia.org/?curid=3544600,https://fr.wikipedia.org/wiki/Anna Semenovich,Article sans source depuis juillet 2023
Amarilda Prenga,https://fr.wikipedia.org/?curid=3544725,https://fr.wikipedia.org/wiki/Amarilda Prenga,Article \u00e0 illustrer Joueur de volley-ball
Alessandra Guerra Franco,https://fr.wikipedia.org/?curid=3544738,https://fr.wikipedia.org/wiki/Alessandra Guerra Franco,Article utilisant une Infobox
Vili Slavev,https://fr.wikipedia.org/?curid=3545357,https://fr.wikipedia.org/wiki/Vili Slavev,Article \u00e0 illustrer Joueur de volley-ball
Vanessa Paterlini,https://fr.wikipedia.org/?curid=3544209,https://fr.wikipedia.org/wiki/Vanessa Paterlini,Article utilisant une Infobox
Danielle Scott-Arruda,https://fr.wikipedia.org/?curid=3507517,https://fr.wikipedia.org/wiki/Danielle Scott-Arruda,Wikip\u00e9dia:\u00e9bauche joueuse am\u00e9ricaine de volley-ball
Nathalie Arthaud,https://fr.wikipedia.org/?curid=3503516,https://fr.wikipedia.org/wiki/Nathalie Arthaud,Article utilisant une Infobox
Alexandra Burke,https://fr.wikipedia.org/?curid=3536650,https://fr.wikipedia.org/wiki/Alexandra Burke,Article utilisant une Infobox
Just Dance (chanson),https://fr.wikipedia.org/?curid=3536087,https://fr.wikipedia.org/wiki/Just Dance (chanson),Article contenant un lien mort
Walewska Oliveira,https://fr.wikipedia.org/?curid=3538379,https://fr.wikipedia.org/wiki/Walewska Oliveira,Mort r\u00e9cente
Jaqueline Carvalho,https://fr.wikipedia.org/?curid=3538519,https://fr.wikipedia.org/wiki/Jaqueline Carvalho,Article utilisant une Infobox
Audrey Syren,https://fr.wikipedia.org/?curid=3520719,https://fr.wikipedia.org/wiki/Audrey Syren,Article \u00e0 illustrer Joueur de volley-ball
Kerli,https://fr.wikipedia.org/?curid=3539697,https://fr.wikipedia.org/wiki/Kerli,Article contenant un appel \u00e0 traduction en anglais
Miss Maurice,https://fr.wikipedia.org/?curid=3541449,https://fr.wikipedia.org/wiki/Miss Maurice,Wikip\u00e9dia:\u00e9bauche Maurice
Carolina Albuquerque,https://fr.wikipedia.org/?curid=3541489,https://fr.wikipedia.org/wiki/Carolina Albuquerque,Article \u00e0 illustrer Joueur de volley-ball
Welissa Gonzaga,https://fr.wikipedia.org/?curid=3541523,https://fr.wikipedia.org/wiki/Welissa Gonzaga,Article utilisant une Infobox
Valeska Menezes,https://fr.wikipedia.org/?curid=3540437,https://fr.wikipedia.org/wiki/Valeska Menezes,Article utilisant une Infobox
Eleonora Lo Bianco,https://fr.wikipedia.org/?curid=3540508,https://fr.wikipedia.org/wiki/Eleonora Lo Bianco,Article utilisant une Infobox
Fabiana Claudino,https://fr.wikipedia.org/?curid=3541563,https://fr.wikipedia.org/wiki/Fabiana Claudino,Article utilisant une Infobox
Tha\u00edsa Menezes,https://fr.wikipedia.org/?curid=3541615,https://fr.wikipedia.org/wiki/Tha\u00edsa Menezes,Article utilisant une Infobox
Yang Hao (volley-ball),https://fr.wikipedia.org/?curid=3507904,https://fr.wikipedia.org/wiki/Yang Hao (volley-ball),Article \u00e0 illustrer Joueur de volley-ball
Feng Kun,https://fr.wikipedia.org/?curid=3507973,https://fr.wikipedia.org/wiki/Feng Kun,Article \u00e0 illustrer Joueur de volley-ball
Andreja Koblar,https://fr.wikipedia.org/?curid=3489213,https://fr.wikipedia.org/wiki/Andreja Koblar,Wikip\u00e9dia:\u00e9bauche biathlon
Hana Rached,https://fr.wikipedia.org/?curid=3521710,https://fr.wikipedia.org/wiki/Hana Rached,Wikip\u00e9dia:\u00e9bauche chanteur tunisien
Yumilka Ruiz,https://fr.wikipedia.org/?curid=3524667,https://fr.wikipedia.org/wiki/Yumilka Ruiz,Article \u00e0 illustrer Joueur de volley-ball
Regla Torres Herrera,https://fr.wikipedia.org/?curid=3524432,https://fr.wikipedia.org/wiki/Regla Torres Herrera,Article utilisant une Infobox
Veronica Campbell-Brown,https://fr.wikipedia.org/?curid=353035,https://fr.wikipedia.org/wiki/Veronica Campbell-Brown,Article utilisant une Infobox
No\u00eblle Chevigny,https://fr.wikipedia.org/?curid=3466604,https://fr.wikipedia.org/wiki/No\u00eblle Chevigny,Wikip\u00e9dia:\u00e9bauche joueuse fran\u00e7aise de volley-ball
Desma Stovall,https://fr.wikipedia.org/?curid=3466856,https://fr.wikipedia.org/wiki/Desma Stovall,Wikip\u00e9dia:\u00e9bauche joueuse am\u00e9ricaine de volley-ball
Alexandra Rochelle,https://fr.wikipedia.org/?curid=3466871,https://fr.wikipedia.org/wiki/Alexandra Rochelle,Article utilisant une Infobox
\u00d6zlem \u00d6z\u00e7elik,https://fr.wikipedia.org/?curid=3466967,https://fr.wikipedia.org/wiki/\u00d6zlem \u00d6z\u00e7elik,Article utilisant une Infobox
Vildan Do\u011fan,https://fr.wikipedia.org/?curid=3465770,https://fr.wikipedia.org/wiki/Vildan Do\u011fan,Article contenant un lien mort
Viktorija Smirnova,https://fr.wikipedia.org/?curid=3466035,https://fr.wikipedia.org/wiki/Viktorija Smirnova,Article \u00e0 illustrer Joueur de volley-ball
Liste des m\u00e9daill\u00e9s olympiques en hockey sur glace,https://fr.wikipedia.org/?curid=3466247,https://fr.wikipedia.org/wiki/Liste des m\u00e9daill\u00e9s olympiques en hockey sur glace,Portail:Hockey sur glace/Articles li\u00e9s
Discographie de Miley Cyrus,https://fr.wikipedia.org/?curid=3427187,https://fr.wikipedia.org/wiki/Discographie de Miley Cyrus,Article contenant un lien mort
Federica Pellegrini,https://fr.wikipedia.org/?curid=340702,https://fr.wikipedia.org/wiki/Federica Pellegrini,Article utilisant une Infobox
Radosveta Teneva,https://fr.wikipedia.org/?curid=341047,https://fr.wikipedia.org/wiki/Radosveta Teneva,Article utilisant une Infobox
Liste des m\u00e9daill\u00e9es olympiques f\u00e9minines en natation,https://fr.wikipedia.org/?curid=341050,https://fr.wikipedia.org/wiki/Liste des m\u00e9daill\u00e9es olympiques f\u00e9minines en natation,Portail:Natation/Articles li\u00e9s
Jacqueline Silva,https://fr.wikipedia.org/?curid=3411224,https://fr.wikipedia.org/wiki/Jacqueline Silva,Wikip\u00e9dia:\u00e9bauche surfeur br\u00e9silien
Prince of Persia : Les Deux Royaumes,https://fr.wikipedia.org/?curid=3432219,https://fr.wikipedia.org/wiki/Prince of Persia : Les Deux Royaumes,Page utilisant P856
Dionne Warwick,https://fr.wikipedia.org/?curid=342932,https://fr.wikipedia.org/wiki/Dionne Warwick,Page utilisant P569
Inglourious Basterds,https://fr.wikipedia.org/?curid=341320,https://fr.wikipedia.org/wiki/Inglourious Basterds,Article utilisant une Infobox
Anna Barnak-Mari\u0107,https://fr.wikipedia.org/?curid=3413333,https://fr.wikipedia.org/wiki/Anna Barnak-Mari\u0107,Article \u00e0 illustrer Joueur de volley-ball
N\u00e9na Petrovi\u0107,https://fr.wikipedia.org/?curid=3413368,https://fr.wikipedia.org/wiki/N\u00e9na Petrovi\u0107,Wikip\u00e9dia:\u00e9bauche joueuse de volley-ball
Marina Mileti\u0107,https://fr.wikipedia.org/?curid=3452725,https://fr.wikipedia.org/wiki/Marina Mileti\u0107,Article \u00e0 illustrer Joueur de volley-ball
Kasuga Wakabayashi,https://fr.wikipedia.org/?curid=3453142,https://fr.wikipedia.org/wiki/Kasuga Wakabayashi,Article contenant un lien mort
Patricia Kopatchinskaja,https://fr.wikipedia.org/?curid=3447321,https://fr.wikipedia.org/wiki/Patricia Kopatchinskaja,Page utilisant P569
Start All Over,https://fr.wikipedia.org/?curid=3439675,https://fr.wikipedia.org/wiki/Start All Over,Wikip\u00e9dia:\u00e9bauche chanson
Zhang Jingchu,https://fr.wikipedia.org/?curid=3439793,https://fr.wikipedia.org/wiki/Zhang Jingchu,Article utilisant une Infobox
Arnaud Boissi\u00e8res,https://fr.wikipedia.org/?curid=3448465,https://fr.wikipedia.org/wiki/Arnaud Boissi\u00e8res,Article utilisant une Infobox
"Ready, Set, Don't Go",https://fr.wikipedia.org/?curid=3449269,"https://fr.wikipedia.org/wiki/Ready, Set, Don't Go",Wikip\u00e9dia:\u00e9bauche chanson
Janet Evans,https://fr.wikipedia.org/?curid=345013,https://fr.wikipedia.org/wiki/Janet Evans,Article utilisant une Infobox
Karine Salinas,https://fr.wikipedia.org/?curid=3344575,https://fr.wikipedia.org/wiki/Karine Salinas,Article utilisant une Infobox
Samding Dorje Phagmo,https://fr.wikipedia.org/?curid=3344697,https://fr.wikipedia.org/wiki/Samding Dorje Phagmo,Portail:Tibet/Articles li\u00e9s
Samantha Davies,https://fr.wikipedia.org/?curid=3448388,https://fr.wikipedia.org/wiki/Samantha Davies,Article utilisant une Infobox
Fr\u00e9d\u00e9rique Fillon,https://fr.wikipedia.org/?curid=3457064,https://fr.wikipedia.org/wiki/Fr\u00e9d\u00e9rique Fillon,Article \u00e0 illustrer Joueur de volley-ball
Vesna Jovanovi\u0107,https://fr.wikipedia.org/?curid=3457190,https://fr.wikipedia.org/wiki/Vesna Jovanovi\u0107,Article utilisant une Infobox
Maria Sobol,https://fr.wikipedia.org/?curid=3457742,https://fr.wikipedia.org/wiki/Maria Sobol,Article contenant un lien mort
Ema Ani\u010di\u0107,https://fr.wikipedia.org/?curid=3457750,https://fr.wikipedia.org/wiki/Ema Ani\u010di\u0107,Wikip\u00e9dia:\u00e9bauche karat\u00e9ka croate
Evgeniya Podborodnikova,https://fr.wikipedia.org/?curid=3457758,https://fr.wikipedia.org/wiki/Evgeniya Podborodnikova,Wikip\u00e9dia:\u00e9bauche karat\u00e9ka
Hanne De Haes,https://fr.wikipedia.org/?curid=3456730,https://fr.wikipedia.org/wiki/Hanne De Haes,Article \u00e0 illustrer Joueur de volley-ball
Champions olympiques hongrois,https://fr.wikipedia.org/?curid=3383818,https://fr.wikipedia.org/wiki/Champions olympiques hongrois,Portail:Sport/Articles li\u00e9s
Miljana Trivuni\u0107,https://fr.wikipedia.org/?curid=3440044,https://fr.wikipedia.org/wiki/Miljana Trivuni\u0107,Article \u00e0 illustrer Joueur de volley-ball
Alma Beslagi\u0107,https://fr.wikipedia.org/?curid=3440098,https://fr.wikipedia.org/wiki/Alma Beslagi\u0107,Wikip\u00e9dia:\u00e9bauche joueuse de volley-ball
Karen Forkel,https://fr.wikipedia.org/?curid=5389763,https://fr.wikipedia.org/wiki/Karen Forkel,Wikip\u00e9dia:\u00e9bauche athl\u00e8te allemand
Monika Gorzewska,https://fr.wikipedia.org/?curid=5389896,https://fr.wikipedia.org/wiki/Monika Gorzewska,Article utilisant une Infobox
Kinga Zieli\u0144ska,https://fr.wikipedia.org/?curid=5389913,https://fr.wikipedia.org/wiki/Kinga Zieli\u0144ska,Article utilisant une Infobox
Ielena Kovalenko,https://fr.wikipedia.org/?curid=5389946,https://fr.wikipedia.org/wiki/Ielena Kovalenko,Article utilisant une Infobox
LaVonna Martin,https://fr.wikipedia.org/?curid=5390011,https://fr.wikipedia.org/wiki/LaVonna Martin,Wikip\u00e9dia:\u00e9bauche athl\u00e8te am\u00e9ricain
Brigitte McMahon,https://fr.wikipedia.org/?curid=475823,https://fr.wikipedia.org/wiki/Brigitte McMahon,Page utilisant P569
Marie de Hongrie (1505-1558),https://fr.wikipedia.org/?curid=4757618,https://fr.wikipedia.org/wiki/Marie de Hongrie (1505-1558),Article utilisant une Infobox
Misti Dawn,https://fr.wikipedia.org/?curid=4755097,https://fr.wikipedia.org/wiki/Misti Dawn,Wikip\u00e9dia:\u00e9bauche actrice pornographique am\u00e9ricaine
Linda S\u00e1nchez,https://fr.wikipedia.org/?curid=5344141,https://fr.wikipedia.org/wiki/Linda S\u00e1nchez,Article utilisant une Infobox
Natalia Nepomniachtchikh,https://fr.wikipedia.org/?curid=5350520,https://fr.wikipedia.org/wiki/Natalia Nepomniachtchikh,Article \u00e0 illustrer Joueur de volley-ball
Mimi Belete,https://fr.wikipedia.org/?curid=5430595,https://fr.wikipedia.org/wiki/Mimi Belete,Wikip\u00e9dia:\u00e9bauche athl\u00e8te bahre\u00efni
Amy Cure,https://fr.wikipedia.org/?curid=5426894,https://fr.wikipedia.org/wiki/Amy Cure,Wikip\u00e9dia:\u00e9bauche coureur cycliste australien
Charity Opara,https://fr.wikipedia.org/?curid=5451305,https://fr.wikipedia.org/wiki/Charity Opara,Article \u00e0 illustrer Athl\u00e8te
Joe Bocan,https://fr.wikipedia.org/?curid=545994,https://fr.wikipedia.org/wiki/Joe Bocan,Article utilisant une Infobox
Stacey Q,https://fr.wikipedia.org/?curid=5459526,https://fr.wikipedia.org/wiki/Stacey Q,Article utilisant une Infobox
Oh Land,https://fr.wikipedia.org/?curid=5459560,https://fr.wikipedia.org/wiki/Oh Land,Wikip\u00e9dia:\u00e9bauche chanteur danois
Yelena Korban,https://fr.wikipedia.org/?curid=5457126,https://fr.wikipedia.org/wiki/Yelena Korban,Wikip\u00e9dia:\u00e9bauche athl\u00e8te sovi\u00e9tique
Ellen Fiedler,https://fr.wikipedia.org/?curid=5457143,https://fr.wikipedia.org/wiki/Ellen Fiedler,Wikip\u00e9dia:\u00e9bauche athl\u00e8te allemand
Zamira Zaytseva,https://fr.wikipedia.org/?curid=5457176,https://fr.wikipedia.org/wiki/Zamira Zaytseva,Wikip\u00e9dia:\u00e9bauche athl\u00e8te sovi\u00e9tique
Maia Shibutani,https://fr.wikipedia.org/?curid=5453545,https://fr.wikipedia.org/wiki/Maia Shibutani,Wikip\u00e9dia:\u00e9bauche patinage artistique
Jane Frederick,https://fr.wikipedia.org/?curid=5450901,https://fr.wikipedia.org/wiki/Jane Frederick,Wikip\u00e9dia:\u00e9bauche athl\u00e8te am\u00e9ricain
Natalya Herman,https://fr.wikipedia.org/?curid=5452030,https://fr.wikipedia.org/wiki/Natalya Herman,Wikip\u00e9dia:\u00e9bauche athl\u00e8te sovi\u00e9tique
Ingrid Jacquemod,https://fr.wikipedia.org/?curid=545661,https://fr.wikipedia.org/wiki/Ingrid Jacquemod,Wikip\u00e9dia:\u00e9bauche ski alpin
Jurina Matsui,https://fr.wikipedia.org/?curid=5456783,https://fr.wikipedia.org/wiki/Jurina Matsui,Article utilisant une Infobox
Rena Matsui,https://fr.wikipedia.org/?curid=5456796,https://fr.wikipedia.org/wiki/Rena Matsui,Article contenant un lien mort
Denise Rosenthal,https://fr.wikipedia.org/?curid=5454855,https://fr.wikipedia.org/wiki/Denise Rosenthal,Article utilisant une Infobox
Elena Ivashchenko,https://fr.wikipedia.org/?curid=5449805,https://fr.wikipedia.org/wiki/Elena Ivashchenko,Wikip\u00e9dia:\u00e9bauche judo
Y\u016bko Sano,https://fr.wikipedia.org/?curid=544872,https://fr.wikipedia.org/wiki/Y\u016bko Sano,Article utilisant une Infobox
Beate Peters,https://fr.wikipedia.org/?curid=5447381,https://fr.wikipedia.org/wiki/Beate Peters,Wikip\u00e9dia:\u00e9bauche athl\u00e8te allemand
Julie Boulianne,https://fr.wikipedia.org/?curid=5447762,https://fr.wikipedia.org/wiki/Julie Boulianne,Article utilisant une Infobox
Kate Allen,https://fr.wikipedia.org/?curid=5462030,https://fr.wikipedia.org/wiki/Kate Allen,Page utilisant P569
Ivana Vuleta,https://fr.wikipedia.org/?curid=5464217,https://fr.wikipedia.org/wiki/Ivana Vuleta,Article utilisant une Infobox
Oum Kalthoum,https://fr.wikipedia.org/?curid=41806,https://fr.wikipedia.org/wiki/Oum Kalthoum,Recension temporaire pour le mod\u00e8le Ouvrage
Premi\u00e8re dame de Pologne,https://fr.wikipedia.org/?curid=4636777,https://fr.wikipedia.org/wiki/Premi\u00e8re dame de Pologne,Page utilisant P856
Harlan Coben,https://fr.wikipedia.org/?curid=465287,https://fr.wikipedia.org/wiki/Harlan Coben,Page utilisant P27
Carla Bruni,https://fr.wikipedia.org/?curid=4650283,https://fr.wikipedia.org/wiki/Carla Bruni,Article contenant un lien mort
Kristina (chanteuse),https://fr.wikipedia.org/?curid=4531035,https://fr.wikipedia.org/wiki/Kristina (chanteuse),Article utilisant une Infobox
Candela Vetrano,https://fr.wikipedia.org/?curid=4651876,https://fr.wikipedia.org/wiki/Candela Vetrano,Article utilisant une Infobox
Kim Song-hee,https://fr.wikipedia.org/?curid=4657751,https://fr.wikipedia.org/wiki/Kim Song-hee,Article utilisant une Infobox
Lee Jee-young,https://fr.wikipedia.org/?curid=4658107,https://fr.wikipedia.org/wiki/Lee Jee-young,Article utilisant une Infobox
Nicole Vaidi\u0161ov\u00e1,https://fr.wikipedia.org/?curid=466143,https://fr.wikipedia.org/wiki/Nicole Vaidi\u0161ov\u00e1,Article utilisant une Infobox
Charlyne Yi,https://fr.wikipedia.org/?curid=4645448,https://fr.wikipedia.org/wiki/Charlyne Yi,Wikip\u00e9dia:\u00e9bauche acteur am\u00e9ricain
Irina Rodnina,https://fr.wikipedia.org/?curid=4644184,https://fr.wikipedia.org/wiki/Irina Rodnina,Wikip\u00e9dia:\u00e9bauche patinage artistique
Kat Graham,https://fr.wikipedia.org/?curid=4643363,https://fr.wikipedia.org/wiki/Kat Graham,Page utilisant P19
Kourtney Kardashian,https://fr.wikipedia.org/?curid=4636136,https://fr.wikipedia.org/wiki/Kourtney Kardashian,Article contenant un lien mort
Angela Stanford,https://fr.wikipedia.org/?curid=4639312,https://fr.wikipedia.org/wiki/Angela Stanford,Wikip\u00e9dia:\u00e9bauche golf
Vera Zvonareva,https://fr.wikipedia.org/?curid=464912,https://fr.wikipedia.org/wiki/Vera Zvonareva,Article utilisant une Infobox
Maria Kirilenko,https://fr.wikipedia.org/?curid=464873,https://fr.wikipedia.org/wiki/Maria Kirilenko,Article utilisant une Infobox
Siobhan Magnus,https://fr.wikipedia.org/?curid=4647611,https://fr.wikipedia.org/wiki/Siobhan Magnus,Article \u00e0 v\u00e9rifier/biographie
Aliaksandra Herasimenia,https://fr.wikipedia.org/?curid=4899420,https://fr.wikipedia.org/wiki/Aliaksandra Herasimenia,Article utilisant une Infobox
Sandra Seuser,https://fr.wikipedia.org/?curid=4926293,https://fr.wikipedia.org/wiki/Sandra Seuser,Wikip\u00e9dia:\u00e9bauche athl\u00e8te allemand
Yuliya Tarasova,https://fr.wikipedia.org/?curid=4926398,https://fr.wikipedia.org/wiki/Yuliya Tarasova,Wikip\u00e9dia:\u00e9bauche athl\u00e8te ouzbek
Giulia Pincerato,https://fr.wikipedia.org/?curid=4927561,https://fr.wikipedia.org/wiki/Giulia Pincerato,Wikip\u00e9dia:\u00e9bauche joueuse italienne de volley-ball
Margaret Maury,https://fr.wikipedia.org/?curid=5380250,https://fr.wikipedia.org/wiki/Margaret Maury,Wikip\u00e9dia:\u00e9bauche athl\u00e8te fran\u00e7ais
Amanda Bynes,https://fr.wikipedia.org/?curid=538328,https://fr.wikipedia.org/wiki/Amanda Bynes,Article utilisant une Infobox
Elise Estrada,https://fr.wikipedia.org/?curid=5383574,https://fr.wikipedia.org/wiki/Elise Estrada,Article manquant de r\u00e9f\u00e9rences depuis mars 2011
Aksana Kavalchuk,https://fr.wikipedia.org/?curid=5382545,https://fr.wikipedia.org/wiki/Aksana Kavalchuk,Article utilisant une Infobox
Soma Biswas,https://fr.wikipedia.org/?curid=5400116,https://fr.wikipedia.org/wiki/Soma Biswas,Wikip\u00e9dia:\u00e9bauche athl\u00e8te indien
Susan Sirma,https://fr.wikipedia.org/?curid=5400405,https://fr.wikipedia.org/wiki/Susan Sirma,Wikip\u00e9dia:\u00e9bauche athl\u00e8te k\u00e9nyan
V\u0169 Th\u1ecb H\u01b0\u01a1ng,https://fr.wikipedia.org/?curid=5400443,https://fr.wikipedia.org/wiki/V\u0169 Th\u1ecb H\u01b0\u01a1ng,Wikip\u00e9dia:\u00e9bauche athl\u00e8te
Beverly Grant,https://fr.wikipedia.org/?curid=5364427,https://fr.wikipedia.org/wiki/Beverly Grant,Wikip\u00e9dia:\u00e9bauche athl\u00e8te jama\u00efcain
Marie-Claude Charmasson,https://fr.wikipedia.org/?curid=5379355,https://fr.wikipedia.org/wiki/Marie-Claude Charmasson,Article utilisant une Infobox
Am\u00e9lie Wenger-Reymond,https://fr.wikipedia.org/?curid=5374608,https://fr.wikipedia.org/wiki/Am\u00e9lie Wenger-Reymond,Article manquant de r\u00e9f\u00e9rences depuis septembre 2016
Iekaterina Ossitchkina,https://fr.wikipedia.org/?curid=5375398,https://fr.wikipedia.org/wiki/Iekaterina Ossitchkina,Article \u00e0 illustrer Joueur de volley-ball
Ren\u00e9e Poetschka,https://fr.wikipedia.org/?curid=5375797,https://fr.wikipedia.org/wiki/Ren\u00e9e Poetschka,Wikip\u00e9dia:\u00e9bauche athl\u00e8te australien
Marina Azyabina,https://fr.wikipedia.org/?curid=5378819,https://fr.wikipedia.org/wiki/Marina Azyabina,Wikip\u00e9dia:\u00e9bauche athl\u00e8te russe
Rita In\u00e1ncsi,https://fr.wikipedia.org/?curid=5370059,https://fr.wikipedia.org/wiki/Rita In\u00e1ncsi,Wikip\u00e9dia:\u00e9bauche athl\u00e8te hongrois
Ornella Ferrara,https://fr.wikipedia.org/?curid=5371955,https://fr.wikipedia.org/wiki/Ornella Ferrara,Wikip\u00e9dia:\u00e9bauche athl\u00e8te italien
Tatyana Alekseyeva,https://fr.wikipedia.org/?curid=5373827,https://fr.wikipedia.org/wiki/Tatyana Alekseyeva,Wikip\u00e9dia:\u00e9bauche athl\u00e8te russe
La\u00ebtitia Philippe,https://fr.wikipedia.org/?curid=5374112,https://fr.wikipedia.org/wiki/La\u00ebtitia Philippe,Article utilisant une Infobox
Lioubov Pronina,https://fr.wikipedia.org/?curid=5371342,https://fr.wikipedia.org/wiki/Lioubov Pronina,Article \u00e0 illustrer Joueur de volley-ball
Olga Fade\u00efeva,https://fr.wikipedia.org/?curid=5373424,https://fr.wikipedia.org/wiki/Olga Fade\u00efeva,Article \u00e0 illustrer Joueur de volley-ball
Du\u0161anka Biberovi\u0107,https://fr.wikipedia.org/?curid=5373434,https://fr.wikipedia.org/wiki/Du\u0161anka Biberovi\u0107,Article \u00e0 illustrer Joueur de volley-ball
Alaine,https://fr.wikipedia.org/?curid=5373491,https://fr.wikipedia.org/wiki/Alaine,Page utilisant P569
Cheng Xiaoyan,https://fr.wikipedia.org/?curid=5357855,https://fr.wikipedia.org/wiki/Cheng Xiaoyan,Wikip\u00e9dia:\u00e9bauche athl\u00e8te chinois
Izabela Kowali\u0144ska,https://fr.wikipedia.org/?curid=5357930,https://fr.wikipedia.org/wiki/Izabela Kowali\u0144ska,Article utilisant une Infobox
Christina Ackermann,https://fr.wikipedia.org/?curid=5361097,https://fr.wikipedia.org/wiki/Christina Ackermann,Wikip\u00e9dia:\u00e9bauche ski alpin
Janna Diomina,https://fr.wikipedia.org/?curid=5352186,https://fr.wikipedia.org/wiki/Janna Diomina,Article \u00e0 illustrer Joueur de volley-ball
Lioubov Iagodina,https://fr.wikipedia.org/?curid=5352195,https://fr.wikipedia.org/wiki/Lioubov Iagodina,Article \u00e0 illustrer Joueur de volley-ball
Helena Peabody,https://fr.wikipedia.org/?curid=5362234,https://fr.wikipedia.org/wiki/Helena Peabody,Article contenant un lien mort
Twin Peaks: Fire Walk with Me,https://fr.wikipedia.org/?curid=5357315,https://fr.wikipedia.org/wiki/Twin Peaks: Fire Walk with Me,Article utilisant une Infobox
Olena Hovorova,https://fr.wikipedia.org/?curid=5366162,https://fr.wikipedia.org/wiki/Olena Hovorova,Wikip\u00e9dia:\u00e9bauche athl\u00e8te ukrainien
Joanna Stone,https://fr.wikipedia.org/?curid=5366454,https://fr.wikipedia.org/wiki/Joanna Stone,Wikip\u00e9dia:\u00e9bauche athl\u00e8te australien
Stephanie Storp,https://fr.wikipedia.org/?curid=5366706,https://fr.wikipedia.org/wiki/Stephanie Storp,Wikip\u00e9dia:\u00e9bauche athl\u00e8te allemand
Ivana Gardovi\u0107,https://fr.wikipedia.org/?curid=5367065,https://fr.wikipedia.org/wiki/Ivana Gardovi\u0107,Article \u00e0 illustrer Joueur de volley-ball
Ana Ambrazien\u0117,https://fr.wikipedia.org/?curid=5365281,https://fr.wikipedia.org/wiki/Ana Ambrazien\u0117,Wikip\u00e9dia:\u00e9bauche athl\u00e8te sovi\u00e9tique
Encarna Granados,https://fr.wikipedia.org/?curid=5394856,https://fr.wikipedia.org/wiki/Encarna Granados,Wikip\u00e9dia:\u00e9bauche athl\u00e8te espagnol
Skyscraper,https://fr.wikipedia.org/?curid=5396998,https://fr.wikipedia.org/wiki/Skyscraper,Article utilisant une Infobox
Tatyana Efimenko,https://fr.wikipedia.org/?curid=5394558,https://fr.wikipedia.org/wiki/Tatyana Efimenko,Wikip\u00e9dia:\u00e9bauche athl\u00e8te
Nathalie Herv\u00e9,https://fr.wikipedia.org/?curid=5396643,https://fr.wikipedia.org/wiki/Nathalie Herv\u00e9,Article \u00e0 illustrer Patineur artistique
Michelle Finn-Burrell,https://fr.wikipedia.org/?curid=5395182,https://fr.wikipedia.org/wiki/Michelle Finn-Burrell,Wikip\u00e9dia:\u00e9bauche athl\u00e8te am\u00e9ricain
Patrycja Polak,https://fr.wikipedia.org/?curid=5386105,https://fr.wikipedia.org/wiki/Patrycja Polak,Article utilisant une Infobox
Agata Skiba,https://fr.wikipedia.org/?curid=5386110,https://fr.wikipedia.org/wiki/Agata Skiba,Article utilisant une Infobox
Margarita Ponomaryova,https://fr.wikipedia.org/?curid=5386250,https://fr.wikipedia.org/wiki/Margarita Ponomaryova,Wikip\u00e9dia:\u00e9bauche athl\u00e8te sovi\u00e9tique
Morena Gallizio,https://fr.wikipedia.org/?curid=5386595,https://fr.wikipedia.org/wiki/Morena Gallizio,Wikip\u00e9dia:\u00e9bauche ski alpin
Katarzyna Mr\u00f3z,https://fr.wikipedia.org/?curid=5384690,https://fr.wikipedia.org/wiki/Katarzyna Mr\u00f3z,Article utilisant une Infobox
Charlotte Leys,https://fr.wikipedia.org/?curid=5384735,https://fr.wikipedia.org/wiki/Charlotte Leys,Article utilisant une Infobox
Marta Kuehn-Jarek,https://fr.wikipedia.org/?curid=5387926,https://fr.wikipedia.org/wiki/Marta Kuehn-Jarek,Article utilisant une Infobox
Paulina Biranowska,https://fr.wikipedia.org/?curid=5380341,https://fr.wikipedia.org/wiki/Paulina Biranowska,Article utilisant une Infobox
Diana Luna,https://fr.wikipedia.org/?curid=5381122,https://fr.wikipedia.org/wiki/Diana Luna,Article utilisant une Infobox
Rumi Utsugi,https://fr.wikipedia.org/?curid=5381287,https://fr.wikipedia.org/wiki/Rumi Utsugi,Article utilisant une Infobox
Fly (chanson de Nicki Minaj),https://fr.wikipedia.org/?curid=5360188,https://fr.wikipedia.org/wiki/Fly (chanson de Nicki Minaj),Article utilisant une Infobox
Matea Iki\u0107,https://fr.wikipedia.org/?curid=5356105,https://fr.wikipedia.org/wiki/Matea Iki\u0107,Article utilisant une Infobox
Michelle Collins,https://fr.wikipedia.org/?curid=5356238,https://fr.wikipedia.org/wiki/Michelle Collins,Wikip\u00e9dia:\u00e9bauche athl\u00e8te am\u00e9ricain
Ari Ichihashi,https://fr.wikipedia.org/?curid=5351744,https://fr.wikipedia.org/wiki/Ari Ichihashi,Wikip\u00e9dia:\u00e9bauche athl\u00e8te japonais
Liu Yinghui,https://fr.wikipedia.org/?curid=5297922,https://fr.wikipedia.org/wiki/Liu Yinghui,Wikip\u00e9dia:\u00e9bauche athl\u00e8te chinois
Viktoria Orsi Toth,https://fr.wikipedia.org/?curid=5315527,https://fr.wikipedia.org/wiki/Viktoria Orsi Toth,Wikip\u00e9dia:\u00e9bauche joueuse italienne de volley-ball
Anna Kisseleva,https://fr.wikipedia.org/?curid=5315570,https://fr.wikipedia.org/wiki/Anna Kisseleva,Article \u00e0 illustrer Joueur de volley-ball
Sara Hector,https://fr.wikipedia.org/?curid=5314483,https://fr.wikipedia.org/wiki/Sara Hector,Wikip\u00e9dia:\u00e9bauche ski alpin
Giulia Leonardi,https://fr.wikipedia.org/?curid=5322485,https://fr.wikipedia.org/wiki/Giulia Leonardi,Wikip\u00e9dia:\u00e9bauche joueuse italienne de volley-ball
Anna Kargopoltseva,https://fr.wikipedia.org/?curid=5322504,https://fr.wikipedia.org/wiki/Anna Kargopoltseva,Article \u00e0 illustrer Joueur de volley-ball
Liste des premi\u00e8res ministres au Canada,https://fr.wikipedia.org/?curid=5322510,https://fr.wikipedia.org/wiki/Liste des premi\u00e8res ministres au Canada,Portail:Politique canadienne/Articles li\u00e9s
Anna Brodacka,https://fr.wikipedia.org/?curid=5322515,https://fr.wikipedia.org/wiki/Anna Brodacka,Article utilisant une Infobox
Bahar Ekinci,https://fr.wikipedia.org/?curid=5322528,https://fr.wikipedia.org/wiki/Bahar Ekinci,Article utilisant une Infobox
Getter Jaani,https://fr.wikipedia.org/?curid=5323610,https://fr.wikipedia.org/wiki/Getter Jaani,Page utilisant P569
Natalia Zemtsova,https://fr.wikipedia.org/?curid=5326545,https://fr.wikipedia.org/wiki/Natalia Zemtsova,Article utilisant une Infobox
Gabriela Pola\u0144ska,https://fr.wikipedia.org/?curid=5328639,https://fr.wikipedia.org/wiki/Gabriela Pola\u0144ska,Article utilisant une Infobox
Fulden Ural,https://fr.wikipedia.org/?curid=5328657,https://fr.wikipedia.org/wiki/Fulden Ural,Article utilisant une Infobox
Hanna Kalinouskaya,https://fr.wikipedia.org/?curid=5328671,https://fr.wikipedia.org/wiki/Hanna Kalinouskaya,Article utilisant une Infobox
Inna Eftimova,https://fr.wikipedia.org/?curid=5337154,https://fr.wikipedia.org/wiki/Inna Eftimova,Wikip\u00e9dia:\u00e9bauche athl\u00e8te bulgare
Petia Dacheva,https://fr.wikipedia.org/?curid=5337258,https://fr.wikipedia.org/wiki/Petia Dacheva,Wikip\u00e9dia:\u00e9bauche athl\u00e8te bulgare
Aleksandra Vinogradova,https://fr.wikipedia.org/?curid=5337408,https://fr.wikipedia.org/wiki/Aleksandra Vinogradova,Article \u00e0 illustrer Joueur de volley-ball
Yuliya Stepanova,https://fr.wikipedia.org/?curid=5332943,https://fr.wikipedia.org/wiki/Yuliya Stepanova,Wikip\u00e9dia:\u00e9bauche athl\u00e8te russe
Jen Taylor,https://fr.wikipedia.org/?curid=5310338,https://fr.wikipedia.org/wiki/Jen Taylor,Wikip\u00e9dia:\u00e9bauche jeu vid\u00e9o
Francesca Gentili,https://fr.wikipedia.org/?curid=5313367,https://fr.wikipedia.org/wiki/Francesca Gentili,Wikip\u00e9dia:\u00e9bauche joueuse italienne de volley-ball
Dominika Sobolska,https://fr.wikipedia.org/?curid=5313393,https://fr.wikipedia.org/wiki/Dominika Sobolska,Article utilisant une Infobox
Anna W\u00f6rner,https://fr.wikipedia.org/?curid=5313520,https://fr.wikipedia.org/wiki/Anna W\u00f6rner,Wikip\u00e9dia:\u00e9bauche ski acrobatique
Emily Cook (ski),https://fr.wikipedia.org/?curid=5313549,https://fr.wikipedia.org/wiki/Emily Cook (ski),Wikip\u00e9dia:\u00e9bauche ski acrobatique
Olga Medvedtseva,https://fr.wikipedia.org/?curid=531288,https://fr.wikipedia.org/wiki/Olga Medvedtseva,Article utilisant une Infobox
Crystal Waters,https://fr.wikipedia.org/?curid=531291,https://fr.wikipedia.org/wiki/Crystal Waters,Article utilisant une Infobox
Claudia Cagninelli,https://fr.wikipedia.org/?curid=5311176,https://fr.wikipedia.org/wiki/Claudia Cagninelli,Wikip\u00e9dia:\u00e9bauche joueuse italienne de volley-ball
Anna-Miriam Gansonre,https://fr.wikipedia.org/?curid=5311193,https://fr.wikipedia.org/wiki/Anna-Miriam Gansonre,Article utilisant une Infobox
Ana Cl\u00e1udia Lemos da Silva,https://fr.wikipedia.org/?curid=5311385,https://fr.wikipedia.org/wiki/Ana Cl\u00e1udia Lemos da Silva,Wikip\u00e9dia:\u00e9bauche athl\u00e8te br\u00e9silien
Alice Lo Cascio,https://fr.wikipedia.org/?curid=5289915,https://fr.wikipedia.org/wiki/Alice Lo Cascio,Wikip\u00e9dia:\u00e9bauche joueuse italienne de volley-ball
Ezgi G\u00fc\u00e7,https://fr.wikipedia.org/?curid=5289935,https://fr.wikipedia.org/wiki/Ezgi G\u00fc\u00e7,Article \u00e0 illustrer Joueur de volley-ball
Anita Filipovics,https://fr.wikipedia.org/?curid=5289951,https://fr.wikipedia.org/wiki/Anita Filipovics,Article utilisant une Infobox
Karolina Tymi\u0144ska,https://fr.wikipedia.org/?curid=5290770,https://fr.wikipedia.org/wiki/Karolina Tymi\u0144ska,Article utilisant une Infobox
Merve \u00c7ark\u00e7\u0131,https://fr.wikipedia.org/?curid=5306921,https://fr.wikipedia.org/wiki/Merve \u00c7ark\u00e7\u0131,Article \u00e0 illustrer Joueur de volley-ball
Bruna Mautino,https://fr.wikipedia.org/?curid=5309011,https://fr.wikipedia.org/wiki/Bruna Mautino,Wikip\u00e9dia:\u00e9bauche joueuse italienne de volley-ball
Daria Rossamakhina,https://fr.wikipedia.org/?curid=5309042,https://fr.wikipedia.org/wiki/Daria Rossamakhina,Article \u00e0 illustrer Joueur de volley-ball
Kseniya Zadorina,https://fr.wikipedia.org/?curid=5329210,https://fr.wikipedia.org/wiki/Kseniya Zadorina,Wikip\u00e9dia:\u00e9bauche athl\u00e8te russe
Kay Hagan,https://fr.wikipedia.org/?curid=5329476,https://fr.wikipedia.org/wiki/Kay Hagan,Article contenant un lien mort
Till the World Ends,https://fr.wikipedia.org/?curid=5330616,https://fr.wikipedia.org/wiki/Till the World Ends,Article contenant un lien mort
Ana\u00efs Bescond,https://fr.wikipedia.org/?curid=5331639,https://fr.wikipedia.org/wiki/Ana\u00efs Bescond,Article utilisant une Infobox
Alina Talay,https://fr.wikipedia.org/?curid=5332826,https://fr.wikipedia.org/wiki/Alina Talay,Article utilisant une Infobox
Monika Czypiruk,https://fr.wikipedia.org/?curid=5332864,https://fr.wikipedia.org/wiki/Monika Czypiruk,Article utilisant une Infobox
Remona Fransen,https://fr.wikipedia.org/?curid=5332925,https://fr.wikipedia.org/wiki/Remona Fransen,Wikip\u00e9dia:\u00e9bauche athl\u00e8te n\u00e9erlandais
Etsuko Inada,https://fr.wikipedia.org/?curid=5289267,https://fr.wikipedia.org/wiki/Etsuko Inada,Article utilisant une Infobox
Simmone Morrow,https://fr.wikipedia.org/?curid=5291840,https://fr.wikipedia.org/wiki/Simmone Morrow,Wikip\u00e9dia:\u00e9bauche Jeux olympiques
Tanya Harding,https://fr.wikipedia.org/?curid=5291847,https://fr.wikipedia.org/wiki/Tanya Harding,Wikip\u00e9dia:\u00e9bauche Jeux olympiques
Natalie Titcume,https://fr.wikipedia.org/?curid=5291874,https://fr.wikipedia.org/wiki/Natalie Titcume,Wikip\u00e9dia:\u00e9bauche Jeux olympiques
Selin Arifo\u011flu,https://fr.wikipedia.org/?curid=5291907,https://fr.wikipedia.org/wiki/Selin Arifo\u011flu,Article \u00e0 illustrer Joueur de volley-ball
Roberta Brusegan,https://fr.wikipedia.org/?curid=5298221,https://fr.wikipedia.org/wiki/Roberta Brusegan,Wikip\u00e9dia:\u00e9bauche joueuse italienne de volley-ball
Ewa Matyjaszek,https://fr.wikipedia.org/?curid=5298257,https://fr.wikipedia.org/wiki/Ewa Matyjaszek,Article utilisant une Infobox
Katja Po\u017eun,https://fr.wikipedia.org/?curid=5342719,https://fr.wikipedia.org/wiki/Katja Po\u017eun,Article contenant un lien mort
Anita Peth\u0151,https://fr.wikipedia.org/?curid=5342983,https://fr.wikipedia.org/wiki/Anita Peth\u0151,Article utilisant une Infobox
Michalina Jagodzi\u0144ska,https://fr.wikipedia.org/?curid=5343027,https://fr.wikipedia.org/wiki/Michalina Jagodzi\u0144ska,Article utilisant une Infobox
Lioudmila Malofe\u00efeva,https://fr.wikipedia.org/?curid=5343095,https://fr.wikipedia.org/wiki/Lioudmila Malofe\u00efeva,Article \u00e0 illustrer Joueur de volley-ball
Iekaterina Margatska\u00efa,https://fr.wikipedia.org/?curid=5340153,https://fr.wikipedia.org/wiki/Iekaterina Margatska\u00efa,Article \u00e0 illustrer Joueur de volley-ball
Yelena Migunova,https://fr.wikipedia.org/?curid=5341175,https://fr.wikipedia.org/wiki/Yelena Migunova,Wikip\u00e9dia:\u00e9bauche athl\u00e8te russe
Oksana Koudriavtseva,https://fr.wikipedia.org/?curid=5345506,https://fr.wikipedia.org/wiki/Oksana Koudriavtseva,Article \u00e0 illustrer Joueur de volley-ball
Daria Vekchina,https://fr.wikipedia.org/?curid=5345546,https://fr.wikipedia.org/wiki/Daria Vekchina,Article \u00e0 illustrer Joueur de volley-ball
Peta Edebone,https://fr.wikipedia.org/?curid=5295315,https://fr.wikipedia.org/wiki/Peta Edebone,Wikip\u00e9dia:\u00e9bauche Jeux olympiques
Maja Tokarska,https://fr.wikipedia.org/?curid=5296072,https://fr.wikipedia.org/wiki/Maja Tokarska,Article utilisant une Infobox
Katarzyna Mroczkowska,https://fr.wikipedia.org/?curid=5296088,https://fr.wikipedia.org/wiki/Katarzyna Mroczkowska,Article utilisant une Infobox
Carina Raich,https://fr.wikipedia.org/?curid=5303674,https://fr.wikipedia.org/wiki/Carina Raich,Article \u00e0 illustrer Sportif
Martina Balboni,https://fr.wikipedia.org/?curid=5304725,https://fr.wikipedia.org/wiki/Martina Balboni,Wikip\u00e9dia:\u00e9bauche joueuse italienne de volley-ball
Masumi Aya,https://fr.wikipedia.org/?curid=5301908,https://fr.wikipedia.org/wiki/Masumi Aya,Wikip\u00e9dia:\u00e9bauche athl\u00e8te japonais
Yoshiko Tsukioka,https://fr.wikipedia.org/?curid=5302018,https://fr.wikipedia.org/wiki/Yoshiko Tsukioka,Article \u00e0 illustrer Patineur artistique
Zuzanna Efimienko,https://fr.wikipedia.org/?curid=5302544,https://fr.wikipedia.org/wiki/Zuzanna Efimienko,Article utilisant une Infobox
Melis \u015eahin,https://fr.wikipedia.org/?curid=5304766,https://fr.wikipedia.org/wiki/Melis \u015eahin,Article \u00e0 illustrer Joueur de volley-ball
Troupe de la Com\u00e9die-Fran\u00e7aise en 1755,https://fr.wikipedia.org/?curid=557640,https://fr.wikipedia.org/wiki/Troupe de la Com\u00e9die-Fran\u00e7aise en 1755,Portail:Th\u00e9\u00e2tre/Articles li\u00e9s
Joni Huntley,https://fr.wikipedia.org/?curid=5576479,https://fr.wikipedia.org/wiki/Joni Huntley,Wikip\u00e9dia:\u00e9bauche athl\u00e8te am\u00e9ricain
Priscila Heldes,https://fr.wikipedia.org/?curid=5574554,https://fr.wikipedia.org/wiki/Priscila Heldes,Article \u00e0 illustrer Joueur de volley-ball
Thais Barbosa,https://fr.wikipedia.org/?curid=5574584,https://fr.wikipedia.org/wiki/Thais Barbosa,Article \u00e0 illustrer Joueur de volley-ball
Roberta Ratzke,https://fr.wikipedia.org/?curid=5574604,https://fr.wikipedia.org/wiki/Roberta Ratzke,Article utilisant une Infobox
Emilie Haavi,https://fr.wikipedia.org/?curid=5572553,https://fr.wikipedia.org/wiki/Emilie Haavi,Wikip\u00e9dia:\u00e9bauche footballeuse norv\u00e9gienne
Anja Brandt,https://fr.wikipedia.org/?curid=5551536,https://fr.wikipedia.org/wiki/Anja Brandt,Article utilisant une Infobox
Birgit Thumm,https://fr.wikipedia.org/?curid=5551563,https://fr.wikipedia.org/wiki/Birgit Thumm,Article utilisant une Infobox
Mona Elwassimy,https://fr.wikipedia.org/?curid=5555532,https://fr.wikipedia.org/wiki/Mona Elwassimy,Article \u00e0 illustrer Joueur de volley-ball
Angie Bland,https://fr.wikipedia.org/?curid=5555560,https://fr.wikipedia.org/wiki/Angie Bland,Article \u00e0 illustrer Joueur de volley-ball
Cornelia Eichler,https://fr.wikipedia.org/?curid=5561663,https://fr.wikipedia.org/wiki/Cornelia Eichler,Article utilisant une Infobox
Sylvia Roll,https://fr.wikipedia.org/?curid=5563624,https://fr.wikipedia.org/wiki/Sylvia Roll,Article \u00e0 illustrer Joueur de volley-ball
Tandara Caixeta,https://fr.wikipedia.org/?curid=5563640,https://fr.wikipedia.org/wiki/Tandara Caixeta,Article utilisant une Infobox
Juliana Castro,https://fr.wikipedia.org/?curid=5563694,https://fr.wikipedia.org/wiki/Juliana Castro,Article utilisant une Infobox
Ksenia Pervak,https://fr.wikipedia.org/?curid=5562446,https://fr.wikipedia.org/wiki/Ksenia Pervak,Article utilisant une Infobox
Samara Almeida,https://fr.wikipedia.org/?curid=5582674,https://fr.wikipedia.org/wiki/Samara Almeida,Article \u00e0 illustrer Joueur de volley-ball
Francynne Jacintho,https://fr.wikipedia.org/?curid=5580585,https://fr.wikipedia.org/wiki/Francynne Jacintho,Article utilisant une Infobox
Jaline Prado,https://fr.wikipedia.org/?curid=5580617,https://fr.wikipedia.org/wiki/Jaline Prado,Article utilisant une Infobox
Eugenie Bouchard,https://fr.wikipedia.org/?curid=5581115,https://fr.wikipedia.org/wiki/Eugenie Bouchard,Article contenant un lien mort
Michele Daldegan,https://fr.wikipedia.org/?curid=5582698,https://fr.wikipedia.org/wiki/Michele Daldegan,Article \u00e0 illustrer Joueur de volley-ball
Margot Kahl,https://fr.wikipedia.org/?curid=5581670,https://fr.wikipedia.org/wiki/Margot Kahl,Page utilisant P569
Nat\u00e1lia Martins,https://fr.wikipedia.org/?curid=5565593,https://fr.wikipedia.org/wiki/Nat\u00e1lia Martins,Article \u00e0 illustrer Joueur de volley-ball
Ana Tiemi,https://fr.wikipedia.org/?curid=5565622,https://fr.wikipedia.org/wiki/Ana Tiemi,Article utilisant une Infobox
Heidi-Elke Gaugel,https://fr.wikipedia.org/?curid=5565642,https://fr.wikipedia.org/wiki/Heidi-Elke Gaugel,Wikip\u00e9dia:\u00e9bauche athl\u00e8te allemand
Suelen Pinto,https://fr.wikipedia.org/?curid=5565645,https://fr.wikipedia.org/wiki/Suelen Pinto,Article \u00e0 illustrer Joueur de volley-ball
Arlene Xavier,https://fr.wikipedia.org/?curid=5565654,https://fr.wikipedia.org/wiki/Arlene Xavier,Article \u00e0 illustrer Joueur de volley-ball
Christa von Kuczkowski,https://fr.wikipedia.org/?curid=5566004,https://fr.wikipedia.org/wiki/Christa von Kuczkowski,Article \u00e0 illustrer Patineur artistique
Christine Sinclair,https://fr.wikipedia.org/?curid=5566394,https://fr.wikipedia.org/wiki/Christine Sinclair,Article utilisant une Infobox
Queen Claye,https://fr.wikipedia.org/?curid=5566792,https://fr.wikipedia.org/wiki/Queen Claye,Wikip\u00e9dia:\u00e9bauche athl\u00e8te am\u00e9ricain
George Sand,https://fr.wikipedia.org/?curid=55551,https://fr.wikipedia.org/wiki/George Sand,Page utilisant P569
Jeneba Tarmoh,https://fr.wikipedia.org/?curid=5579646,https://fr.wikipedia.org/wiki/Jeneba Tarmoh,Wikip\u00e9dia:\u00e9bauche athl\u00e8te am\u00e9ricain
Alina Fyodorova,https://fr.wikipedia.org/?curid=5579699,https://fr.wikipedia.org/wiki/Alina Fyodorova,Wikip\u00e9dia:\u00e9bauche athl\u00e8te ukrainien
Luciana Braga,https://fr.wikipedia.org/?curid=5578712,https://fr.wikipedia.org/wiki/Luciana Braga,Article utilisant une Infobox
Suelle Oliveira,https://fr.wikipedia.org/?curid=5578723,https://fr.wikipedia.org/wiki/Suelle Oliveira,Article \u00e0 illustrer Joueur de volley-ball
Fernanda Gritzbach,https://fr.wikipedia.org/?curid=5578735,https://fr.wikipedia.org/wiki/Fernanda Gritzbach,Article \u00e0 illustrer Joueur de volley-ball
Karine Guerra,https://fr.wikipedia.org/?curid=5578757,https://fr.wikipedia.org/wiki/Karine Guerra,Article utilisant une Infobox
Maya Jane Coles,https://fr.wikipedia.org/?curid=5576715,https://fr.wikipedia.org/wiki/Maya Jane Coles,Article utilisant une Infobox
Dolores Checa,https://fr.wikipedia.org/?curid=5556172,https://fr.wikipedia.org/wiki/Dolores Checa,Wikip\u00e9dia:\u00e9bauche athl\u00e8te espagnol
Simmone Jacobs,https://fr.wikipedia.org/?curid=5546270,https://fr.wikipedia.org/wiki/Simmone Jacobs,Wikip\u00e9dia:\u00e9bauche athl\u00e8te britannique
Anne-Th\u00e9r\u00e8se de Savoie-Carignan,https://fr.wikipedia.org/?curid=5546458,https://fr.wikipedia.org/wiki/Anne-Th\u00e9r\u00e8se de Savoie-Carignan,Article utilisant une Infobox
Martina Novotn\u00e1,https://fr.wikipedia.org/?curid=5559811,https://fr.wikipedia.org/wiki/Martina Novotn\u00e1,Article \u00e0 illustrer Joueur de volley-ball
Sally-Anne Stapleford,https://fr.wikipedia.org/?curid=5557717,https://fr.wikipedia.org/wiki/Sally-Anne Stapleford,Article \u00e0 illustrer Patineur artistique
Katja Medved,https://fr.wikipedia.org/?curid=5557776,https://fr.wikipedia.org/wiki/Katja Medved,Article \u00e0 illustrer Joueur de volley-ball
Marie-Reine Le Gougne,https://fr.wikipedia.org/?curid=5557820,https://fr.wikipedia.org/wiki/Marie-Reine Le Gougne,Article \u00e0 illustrer Patineur artistique
Regina Burchardt,https://fr.wikipedia.org/?curid=5557831,https://fr.wikipedia.org/wiki/Regina Burchardt,Article utilisant une Infobox
Kateryna Karsak,https://fr.wikipedia.org/?curid=5558023,https://fr.wikipedia.org/wiki/Kateryna Karsak,Wikip\u00e9dia:\u00e9bauche athl\u00e8te ukrainien
Sara Varga,https://fr.wikipedia.org/?curid=5558376,https://fr.wikipedia.org/wiki/Sara Varga,Article utilisant une Infobox
Caroline Jokris,https://fr.wikipedia.org/?curid=5558909,https://fr.wikipedia.org/wiki/Caroline Jokris,Article manquant de r\u00e9f\u00e9rences depuis juin 2011
Vanessa Marano,https://fr.wikipedia.org/?curid=5560703,https://fr.wikipedia.org/wiki/Vanessa Marano,Wikip\u00e9dia:\u00e9bauche acteur am\u00e9ricain
Antonina Yefremova,https://fr.wikipedia.org/?curid=5550748,https://fr.wikipedia.org/wiki/Antonina Yefremova,Wikip\u00e9dia:\u00e9bauche athl\u00e8te ukrainien
China Anne McClain,https://fr.wikipedia.org/?curid=5552171,https://fr.wikipedia.org/wiki/China Anne McClain,Article utilisant une Infobox
Premi\u00e8re dame du Mexique,https://fr.wikipedia.org/?curid=5552246,https://fr.wikipedia.org/wiki/Premi\u00e8re dame du Mexique,Article contenant un appel \u00e0 traduction en espagnol
Laura Pihlajam\u00e4ki,https://fr.wikipedia.org/?curid=5553598,https://fr.wikipedia.org/wiki/Laura Pihlajam\u00e4ki,Article utilisant une Infobox
Sonia Benezra,https://fr.wikipedia.org/?curid=557106,https://fr.wikipedia.org/wiki/Sonia Benezra,Wikip\u00e9dia:\u00e9bauche acteur qu\u00e9b\u00e9cois
Michelle Pav\u00e3o,https://fr.wikipedia.org/?curid=5570030,https://fr.wikipedia.org/wiki/Michelle Pav\u00e3o,Article utilisant une Infobox
Janay DeLoach,https://fr.wikipedia.org/?curid=5570219,https://fr.wikipedia.org/wiki/Janay DeLoach,Article utilisant une Infobox
Kylie Hutson,https://fr.wikipedia.org/?curid=5570772,https://fr.wikipedia.org/wiki/Kylie Hutson,Wikip\u00e9dia:\u00e9bauche athl\u00e8te am\u00e9ricain
Charmaine Crooks,https://fr.wikipedia.org/?curid=5572177,https://fr.wikipedia.org/wiki/Charmaine Crooks,Wikip\u00e9dia:\u00e9bauche athl\u00e8te canadien
Maria de Lourdes Silva,https://fr.wikipedia.org/?curid=5584865,https://fr.wikipedia.org/wiki/Maria de Lourdes Silva,Article \u00e0 illustrer Joueur de volley-ball
Eugenia Tobal,https://fr.wikipedia.org/?curid=5517182,https://fr.wikipedia.org/wiki/Eugenia Tobal,Wikip\u00e9dia:\u00e9bauche acteur argentin
Agatha Christie,https://fr.wikipedia.org/?curid=55172,https://fr.wikipedia.org/wiki/Agatha Christie,Page en semi-protection longue
Sabrina Ro\u00df,https://fr.wikipedia.org/?curid=5538919,https://fr.wikipedia.org/wiki/Sabrina Ro\u00df,Article \u00e0 illustrer Joueur de volley-ball
Jiang Lan,https://fr.wikipedia.org/?curid=5470691,https://fr.wikipedia.org/wiki/Jiang Lan,Wikip\u00e9dia:\u00e9bauche athl\u00e8te chinois
An-Sophie Mestach,https://fr.wikipedia.org/?curid=5501346,https://fr.wikipedia.org/wiki/An-Sophie Mestach,Article utilisant une Infobox
Dannette Young,https://fr.wikipedia.org/?curid=5500243,https://fr.wikipedia.org/wiki/Dannette Young,Wikip\u00e9dia:\u00e9bauche athl\u00e8te am\u00e9ricain
Jennifer Stoute,https://fr.wikipedia.org/?curid=5500565,https://fr.wikipedia.org/wiki/Jennifer Stoute,Wikip\u00e9dia:\u00e9bauche athl\u00e8te britannique
Caroline Garcia,https://fr.wikipedia.org/?curid=5510922,https://fr.wikipedia.org/wiki/Caroline Garcia,Article contenant un lien mort
Wioletta Szkudlarek,https://fr.wikipedia.org/?curid=5508318,https://fr.wikipedia.org/wiki/Wioletta Szkudlarek,Article utilisant une Infobox
Wiltrud Drexel,https://fr.wikipedia.org/?curid=553236,https://fr.wikipedia.org/wiki/Wiltrud Drexel,Page utilisant P569
Kara Hui,https://fr.wikipedia.org/?curid=5528728,https://fr.wikipedia.org/wiki/Kara Hui,Article contenant un appel \u00e0 traduction en anglais
Christiane Elien,https://fr.wikipedia.org/?curid=5534771,https://fr.wikipedia.org/wiki/Christiane Elien,Page utilisant P569
Kim Turner,https://fr.wikipedia.org/?curid=5536337,https://fr.wikipedia.org/wiki/Kim Turner,Wikip\u00e9dia:\u00e9bauche athl\u00e8te am\u00e9ricain
Diana S\u00e1nchez,https://fr.wikipedia.org/?curid=5536581,https://fr.wikipedia.org/wiki/Diana S\u00e1nchez,Article utilisant une Infobox
Ichigo Milk,https://fr.wikipedia.org/?curid=5534589,https://fr.wikipedia.org/wiki/Ichigo Milk,Article contenant un lien mort
Kim Yeon-koung,https://fr.wikipedia.org/?curid=5534619,https://fr.wikipedia.org/wiki/Kim Yeon-koung,Article utilisant une Infobox
Jolene Anderson,https://fr.wikipedia.org/?curid=5516614,https://fr.wikipedia.org/wiki/Jolene Anderson,Article \u00e0 illustrer Joueur de basket-ball
Blanche Baker,https://fr.wikipedia.org/?curid=5543926,https://fr.wikipedia.org/wiki/Blanche Baker,Article utilisant une Infobox
Aleksandra Ivanova,https://fr.wikipedia.org/?curid=5545783,https://fr.wikipedia.org/wiki/Aleksandra Ivanova,Article \u00e0 illustrer Joueur de volley-ball
Blythe Auffarth,https://fr.wikipedia.org/?curid=5546061,https://fr.wikipedia.org/wiki/Blythe Auffarth,Wikip\u00e9dia:\u00e9bauche acteur am\u00e9ricain
Renee Montgomery,https://fr.wikipedia.org/?curid=5540206,https://fr.wikipedia.org/wiki/Renee Montgomery,Article utilisant une Infobox
Evangelion: 1.0 You Are (Not) Alone,https://fr.wikipedia.org/?curid=5514861,https://fr.wikipedia.org/wiki/Evangelion: 1.0 You Are (Not) Alone,Article utilisant une Infobox
Emma Meesseman,https://fr.wikipedia.org/?curid=5513045,https://fr.wikipedia.org/wiki/Emma Meesseman,Article utilisant une Infobox
Hair (chanson),https://fr.wikipedia.org/?curid=5483693,https://fr.wikipedia.org/wiki/Hair (chanson),Article utilisant une Infobox
Fatima Yusuf,https://fr.wikipedia.org/?curid=5483810,https://fr.wikipedia.org/wiki/Fatima Yusuf,Article \u00e0 illustrer Athl\u00e8te
English Gardner,https://fr.wikipedia.org/?curid=5481528,https://fr.wikipedia.org/wiki/English Gardner,Article utilisant une Infobox
Alessya Safronova,https://fr.wikipedia.org/?curid=5481578,https://fr.wikipedia.org/wiki/Alessya Safronova,Article \u00e0 illustrer Joueur de volley-ball
On the Floor,https://fr.wikipedia.org/?curid=5473360,https://fr.wikipedia.org/wiki/On the Floor,Article contenant un lien mort
Jessica Beard,https://fr.wikipedia.org/?curid=5489489,https://fr.wikipedia.org/wiki/Jessica Beard,Wikip\u00e9dia:\u00e9bauche athl\u00e8te am\u00e9ricain
Alana Boyd,https://fr.wikipedia.org/?curid=5490237,https://fr.wikipedia.org/wiki/Alana Boyd,Article utilisant une Infobox
Valentina Biccheri,https://fr.wikipedia.org/?curid=5492975,https://fr.wikipedia.org/wiki/Valentina Biccheri,Wikip\u00e9dia:\u00e9bauche joueuse italienne de volley-ball
Carla Rossetto,https://fr.wikipedia.org/?curid=5492984,https://fr.wikipedia.org/wiki/Carla Rossetto,Wikip\u00e9dia:\u00e9bauche joueuse italienne de volley-ball
Sara Paris,https://fr.wikipedia.org/?curid=5491300,https://fr.wikipedia.org/wiki/Sara Paris,Wikip\u00e9dia:\u00e9bauche joueuse italienne de volley-ball
Lorraine Moller,https://fr.wikipedia.org/?curid=5493537,https://fr.wikipedia.org/wiki/Lorraine Moller,Wikip\u00e9dia:\u00e9bauche athl\u00e8te n\u00e9o-z\u00e9landais
Liste des femmes membres du cabinet pr\u00e9sidentiel des \u00c9tats-Unis,https://fr.wikipedia.org/?curid=5481831,https://fr.wikipedia.org/wiki/Liste des femmes membres du cabinet pr\u00e9sidentiel des \u00c9tats-Unis,Article contenant un appel \u00e0 traduction en anglais
Shareese Woods,https://fr.wikipedia.org/?curid=5496420,https://fr.wikipedia.org/wiki/Shareese Woods,Wikip\u00e9dia:\u00e9bauche athl\u00e8te am\u00e9ricain
Premi\u00e8re dame du Cameroun,https://fr.wikipedia.org/?curid=5494855,https://fr.wikipedia.org/wiki/Premi\u00e8re dame du Cameroun,Portail:Cameroun/Articles li\u00e9s
Claudia H\u00fcrtgen,https://fr.wikipedia.org/?curid=5494981,https://fr.wikipedia.org/wiki/Claudia H\u00fcrtgen,Wikip\u00e9dia:\u00e9bauche endurance automobile
Tamara Moskvina,https://fr.wikipedia.org/?curid=5494476,https://fr.wikipedia.org/wiki/Tamara Moskvina,Wikip\u00e9dia:\u00e9bauche patinage artistique
Papi (chanson),https://fr.wikipedia.org/?curid=5467502,https://fr.wikipedia.org/wiki/Papi (chanson),Article contenant un lien mort
\u015eeyma Ercan,https://fr.wikipedia.org/?curid=5465510,https://fr.wikipedia.org/wiki/\u015eeyma Ercan,Article utilisant une Infobox
K\u00fcbra \u00c7al\u0131\u015fkan,https://fr.wikipedia.org/?curid=5465517,https://fr.wikipedia.org/wiki/K\u00fcbra \u00c7al\u0131\u015fkan,Article utilisant une Infobox
Ecem Al\u0131c\u0131,https://fr.wikipedia.org/?curid=5465538,https://fr.wikipedia.org/wiki/Ecem Al\u0131c\u0131,Article utilisant une Infobox
