Name,URL1,URL2,First Category
Teta Diana,https://fr.wikipedia.org/?curid=15154807,https://fr.wikipedia.org/wiki/Teta Diana,Article au ton publicitaire/Liste compl\u00e8te
Cheyenne Parker,https://fr.wikipedia.org/?curid=13593932,https://fr.wikipedia.org/wiki/Cheyenne Parker,Article utilisant une Infobox
Twinnie-Lee Moore,https://fr.wikipedia.org/?curid=13595325,https://fr.wikipedia.org/wiki/Twinnie-Lee Moore,Article contenant un lien mort
Lakshmy Ramakrishnan,https://fr.wikipedia.org/?curid=13595791,https://fr.wikipedia.org/wiki/Lakshmy Ramakrishnan,Page utilisant P569
Rain Valdez,https://fr.wikipedia.org/?curid=13594588,https://fr.wikipedia.org/wiki/Rain Valdez,Article \u00e0 illustrer Personnalit\u00e9 du cin\u00e9ma
Alice Finot,https://fr.wikipedia.org/?curid=13589071,https://fr.wikipedia.org/wiki/Alice Finot,Article utilisant une Infobox
Un long dimanche de fian\u00e7ailles (film),https://fr.wikipedia.org/?curid=135935,https://fr.wikipedia.org/wiki/Un long dimanche de fian\u00e7ailles (film),Article \u00e0 r\u00e9f\u00e9rence n\u00e9cessaire
Kimberly Klacik,https://fr.wikipedia.org/?curid=13592644,https://fr.wikipedia.org/wiki/Kimberly Klacik,Page utilisant P569
Marcela Cubillos,https://fr.wikipedia.org/?curid=13593010,https://fr.wikipedia.org/wiki/Marcela Cubillos,Article utilisant une Infobox
Sans toit ni loi,https://fr.wikipedia.org/?curid=1359323,https://fr.wikipedia.org/wiki/Sans toit ni loi,Article utilisant une Infobox
Sarah Michelle Gellar,https://fr.wikipedia.org/?curid=135765,https://fr.wikipedia.org/wiki/Sarah Michelle Gellar,Article contenant un appel \u00e0 traduction en anglais
Maylin del Toro Carvajal,https://fr.wikipedia.org/?curid=13624532,https://fr.wikipedia.org/wiki/Maylin del Toro Carvajal,Wikip\u00e9dia:\u00e9bauche personnalit\u00e9 cubaine
Denise Zimmermann,https://fr.wikipedia.org/?curid=13622877,https://fr.wikipedia.org/wiki/Denise Zimmermann,Article \u00e0 illustrer Athl\u00e8te
No Me Ames,https://fr.wikipedia.org/?curid=13623041,https://fr.wikipedia.org/wiki/No Me Ames,Article utilisant une Infobox
Rapha\u00eblle R\u00e9my-Leleu,https://fr.wikipedia.org/?curid=13613508,https://fr.wikipedia.org/wiki/Rapha\u00eblle R\u00e9my-Leleu,Article utilisant une Infobox
Pavla Schorn\u00e1-Maty\u00e1\u0161ov\u00e1,https://fr.wikipedia.org/?curid=13612310,https://fr.wikipedia.org/wiki/Pavla Schorn\u00e1-Maty\u00e1\u0161ov\u00e1,Article utilisant une Infobox
Bilan saison par saison du CJM Bourges Basket,https://fr.wikipedia.org/?curid=1361244,https://fr.wikipedia.org/wiki/Bilan saison par saison du CJM Bourges Basket,Article \u00e0 r\u00e9f\u00e9rence n\u00e9cessaire
Dominique Arbiol,https://fr.wikipedia.org/?curid=13494569,https://fr.wikipedia.org/wiki/Dominique Arbiol,Page utilisant P569
Alexandra Coletti,https://fr.wikipedia.org/?curid=1349518,https://fr.wikipedia.org/wiki/Alexandra Coletti,Article utilisant une Infobox
Alice Modolo,https://fr.wikipedia.org/?curid=13495498,https://fr.wikipedia.org/wiki/Alice Modolo,Article \u00e0 illustrer Sportif
Naomi Rankin,https://fr.wikipedia.org/?curid=13498088,https://fr.wikipedia.org/wiki/Naomi Rankin,Article utilisant une Infobox
Mesdames (album),https://fr.wikipedia.org/?curid=13577303,https://fr.wikipedia.org/wiki/Mesdames (album),Wikip\u00e9dia:\u00e9bauche album
Saandati Moussa,https://fr.wikipedia.org/?curid=13582383,https://fr.wikipedia.org/wiki/Saandati Moussa,Wikip\u00e9dia:\u00e9bauche chanteur fran\u00e7ais
Sol\u00e8ne Gicquel,https://fr.wikipedia.org/?curid=13581590,https://fr.wikipedia.org/wiki/Sol\u00e8ne Gicquel,Page utilisant P569
Ana\u00efs Mai Desjardins,https://fr.wikipedia.org/?curid=13584570,https://fr.wikipedia.org/wiki/Ana\u00efs Mai Desjardins,Article manquant de r\u00e9f\u00e9rences depuis f\u00e9vrier 2021
Selena + Chef,https://fr.wikipedia.org/?curid=13526066,https://fr.wikipedia.org/wiki/Selena + Chef,Article \u00e0 wikifier depuis ao\u00fbt 2020
Lil\u00ed \u00c1lvarez,https://fr.wikipedia.org/?curid=1352332,https://fr.wikipedia.org/wiki/Lil\u00ed \u00c1lvarez,Article utilisant une Infobox
Ester Casajuana,https://fr.wikipedia.org/?curid=13517884,https://fr.wikipedia.org/wiki/Ester Casajuana,Article \u00e0 illustrer Athl\u00e8te
Viola Jelagat,https://fr.wikipedia.org/?curid=13701916,https://fr.wikipedia.org/wiki/Viola Jelagat,Article utilisant une Infobox
Irene Bowder,https://fr.wikipedia.org/?curid=1370409,https://fr.wikipedia.org/wiki/Irene Bowder,Article utilisant une Infobox
Pat Ward,https://fr.wikipedia.org/?curid=1345152,https://fr.wikipedia.org/wiki/Pat Ward,Article \u00e0 illustrer Joueur de tennis
Julie Bergan,https://fr.wikipedia.org/?curid=13600267,https://fr.wikipedia.org/wiki/Julie Bergan,Article utilisant une Infobox
Sara Hall,https://fr.wikipedia.org/?curid=13617690,https://fr.wikipedia.org/wiki/Sara Hall,Wikip\u00e9dia:\u00e9bauche athl\u00e8te am\u00e9ricain
Roseline \u00c9loissaint,https://fr.wikipedia.org/?curid=13615492,https://fr.wikipedia.org/wiki/Roseline \u00c9loissaint,Article \u00e0 illustrer Footballeur
Martina Trevisan,https://fr.wikipedia.org/?curid=13615507,https://fr.wikipedia.org/wiki/Martina Trevisan,Article utilisant une Infobox
Muriel Robb,https://fr.wikipedia.org/?curid=1370310,https://fr.wikipedia.org/wiki/Muriel Robb,Article utilisant une Infobox
Lusia Steele,https://fr.wikipedia.org/?curid=13723238,https://fr.wikipedia.org/wiki/Lusia Steele,Page utilisant P569
Oleksandra Lohviniuk,https://fr.wikipedia.org/?curid=13723307,https://fr.wikipedia.org/wiki/Oleksandra Lohviniuk,Page utilisant P569
Viktoriya Bondar,https://fr.wikipedia.org/?curid=13723435,https://fr.wikipedia.org/wiki/Viktoriya Bondar,Wikip\u00e9dia:\u00e9bauche coureur cycliste ukrainien
Re\u00efna-Flor Okori,https://fr.wikipedia.org/?curid=1372469,https://fr.wikipedia.org/wiki/Re\u00efna-Flor Okori,Wikip\u00e9dia:\u00e9bauche athl\u00e8te fran\u00e7ais
Katie Drabot,https://fr.wikipedia.org/?curid=13722337,https://fr.wikipedia.org/wiki/Katie Drabot,Article \u00e0 illustrer Nageur
Trace Lysette,https://fr.wikipedia.org/?curid=13710825,https://fr.wikipedia.org/wiki/Trace Lysette,Page utilisant P569
Alexandra Billings,https://fr.wikipedia.org/?curid=13710997,https://fr.wikipedia.org/wiki/Alexandra Billings,Article utilisant une Infobox
Lhaki Dolma,https://fr.wikipedia.org/?curid=13704597,https://fr.wikipedia.org/wiki/Lhaki Dolma,Page utilisant P569
Tamilisai Soundararajan,https://fr.wikipedia.org/?curid=13717987,https://fr.wikipedia.org/wiki/Tamilisai Soundararajan,Article utilisant une Infobox
Estrella L\u00f3pez Sheriff,https://fr.wikipedia.org/?curid=13718236,https://fr.wikipedia.org/wiki/Estrella L\u00f3pez Sheriff,Wikip\u00e9dia:\u00e9bauche judo
Magdalena Krssakova,https://fr.wikipedia.org/?curid=13718244,https://fr.wikipedia.org/wiki/Magdalena Krssakova,Wikip\u00e9dia:\u00e9bauche judo
Pi\u00e8ce d'un demi-franc Semeuse,https://fr.wikipedia.org/?curid=1371972,https://fr.wikipedia.org/wiki/Pi\u00e8ce d'un demi-franc Semeuse,Wikip\u00e9dia:\u00e9bauche numismatique
Camille Muffat,https://fr.wikipedia.org/?curid=1372158,https://fr.wikipedia.org/wiki/Camille Muffat,Article utilisant une Infobox
Hali Flickinger,https://fr.wikipedia.org/?curid=13721821,https://fr.wikipedia.org/wiki/Hali Flickinger,Article \u00e0 illustrer Nageur
Prisoner,https://fr.wikipedia.org/?curid=13720810,https://fr.wikipedia.org/wiki/Prisoner,Wikip\u00e9dia:\u00e9bauche chanson
Tsige Worku,https://fr.wikipedia.org/?curid=13694523,https://fr.wikipedia.org/wiki/Tsige Worku,Article utilisant une Infobox
Agnes Morton,https://fr.wikipedia.org/?curid=1369696,https://fr.wikipedia.org/wiki/Agnes Morton,Article utilisant une Infobox
May Jacks,https://fr.wikipedia.org/?curid=1369773,https://fr.wikipedia.org/wiki/May Jacks,Article \u00e0 illustrer Joueur de tennis
Oc\u00e9ane Monpierre,https://fr.wikipedia.org/?curid=13696640,https://fr.wikipedia.org/wiki/Oc\u00e9ane Monpierre,Article utilisant une Infobox
Rachel Sa\u00efdi,https://fr.wikipedia.org/?curid=13695837,https://fr.wikipedia.org/wiki/Rachel Sa\u00efdi,Article \u00e0 illustrer Footballeur
Emebet Abossa,https://fr.wikipedia.org/?curid=13689888,https://fr.wikipedia.org/wiki/Emebet Abossa,Article \u00e0 illustrer Athl\u00e8te
Katrina Jade,https://fr.wikipedia.org/?curid=13690230,https://fr.wikipedia.org/wiki/Katrina Jade,Page utilisant P569
Khin Hnin Yu,https://fr.wikipedia.org/?curid=13679058,https://fr.wikipedia.org/wiki/Khin Hnin Yu,Page utilisant P569
Kishwar Naheed,https://fr.wikipedia.org/?curid=13739483,https://fr.wikipedia.org/wiki/Kishwar Naheed,Page utilisant P569
Awa Traor\u00e9,https://fr.wikipedia.org/?curid=13739665,https://fr.wikipedia.org/wiki/Awa Traor\u00e9,Article manquant de r\u00e9f\u00e9rences depuis juillet 2023
Johanna Skottheim,https://fr.wikipedia.org/?curid=13739872,https://fr.wikipedia.org/wiki/Johanna Skottheim,Wikip\u00e9dia:\u00e9bauche sportif su\u00e9dois
Joie de vivre (album),https://fr.wikipedia.org/?curid=13764662,https://fr.wikipedia.org/wiki/Joie de vivre (album),Wikip\u00e9dia:\u00e9bauche album
Valentina Bottarelli,https://fr.wikipedia.org/?curid=13774851,https://fr.wikipedia.org/wiki/Valentina Bottarelli,Wikip\u00e9dia:\u00e9bauche athl\u00e8te italien
Kiah Melverton,https://fr.wikipedia.org/?curid=13737152,https://fr.wikipedia.org/wiki/Kiah Melverton,Article \u00e0 illustrer Nageur
Naomi Beukes-Meyer,https://fr.wikipedia.org/?curid=13740881,https://fr.wikipedia.org/wiki/Naomi Beukes-Meyer,Page utilisant P569
Apollonia Kotero,https://fr.wikipedia.org/?curid=13742289,https://fr.wikipedia.org/wiki/Apollonia Kotero,Page utilisant P19
Louise Martin,https://fr.wikipedia.org/?curid=1374752,https://fr.wikipedia.org/wiki/Louise Martin,Article utilisant une Infobox
Kumiko Osugi,https://fr.wikipedia.org/?curid=13751368,https://fr.wikipedia.org/wiki/Kumiko Osugi,Page utilisant P106
Lina Larissa Strahl,https://fr.wikipedia.org/?curid=13766706,https://fr.wikipedia.org/wiki/Lina Larissa Strahl,Article utilisant une Infobox
Discographie de Louane,https://fr.wikipedia.org/?curid=13766898,https://fr.wikipedia.org/wiki/Discographie de Louane,Article contenant un lien mort
C\u00e9line Lafaye,https://fr.wikipedia.org/?curid=13727335,https://fr.wikipedia.org/wiki/C\u00e9line Lafaye,Article utilisant une Infobox
Steph Catley,https://fr.wikipedia.org/?curid=13677057,https://fr.wikipedia.org/wiki/Steph Catley,Article utilisant une Infobox
Alexia Barrier,https://fr.wikipedia.org/?curid=13688467,https://fr.wikipedia.org/wiki/Alexia Barrier,Article utilisant une Infobox
Katarina Roxon,https://fr.wikipedia.org/?curid=13715295,https://fr.wikipedia.org/wiki/Katarina Roxon,Article \u00e0 illustrer Nageur
Liste des \u00e9pouses et compagnes des pr\u00e9sidents de la r\u00e9publique du B\u00e9nin,https://fr.wikipedia.org/?curid=13716876,https://fr.wikipedia.org/wiki/Liste des \u00e9pouses et compagnes des pr\u00e9sidents de la r\u00e9publique du B\u00e9nin,Portail:Femmes/Articles li\u00e9s
Vera Soukhova,https://fr.wikipedia.org/?curid=13633505,https://fr.wikipedia.org/wiki/Vera Soukhova,Article utilisant une Infobox
Maria Bakalova,https://fr.wikipedia.org/?curid=13662128,https://fr.wikipedia.org/wiki/Maria Bakalova,Article manquant de r\u00e9f\u00e9rences depuis octobre 2020
Mary Louise Wilson,https://fr.wikipedia.org/?curid=13662187,https://fr.wikipedia.org/wiki/Mary Louise Wilson,Article \u00e0 illustrer Personnalit\u00e9 du cin\u00e9ma
Liste des comtesses de Foix,https://fr.wikipedia.org/?curid=13647016,https://fr.wikipedia.org/wiki/Liste des comtesses de Foix,Portail:Histoire/Articles li\u00e9s
\u013dudmila Melicherov\u00e1,https://fr.wikipedia.org/?curid=13626161,https://fr.wikipedia.org/wiki/\u013dudmila Melicherov\u00e1,Article \u00e0 illustrer Athl\u00e8te
Liste des comtesses d'Eu,https://fr.wikipedia.org/?curid=13640187,https://fr.wikipedia.org/wiki/Liste des comtesses d'Eu,Portail:Moyen \u00c2ge/Articles li\u00e9s
\u00c9lise Bussaglia,https://fr.wikipedia.org/?curid=1363877,https://fr.wikipedia.org/wiki/\u00c9lise Bussaglia,Article utilisant une Infobox
Robyn Adele Anderson,https://fr.wikipedia.org/?curid=13644998,https://fr.wikipedia.org/wiki/Robyn Adele Anderson,Article \u00e0 wikifier depuis avril 2021
Elena Bondartchouk,https://fr.wikipedia.org/?curid=13632786,https://fr.wikipedia.org/wiki/Elena Bondartchouk,Page utilisant P569
Stella Castro,https://fr.wikipedia.org/?curid=13670708,https://fr.wikipedia.org/wiki/Stella Castro,Article \u00e0 illustrer Athl\u00e8te
William Mennesson,https://fr.wikipedia.org/?curid=13671404,https://fr.wikipedia.org/wiki/William Mennesson,Article \u00e0 illustrer Sportif
T\u00edmea Mer\u00e9nyi,https://fr.wikipedia.org/?curid=13651592,https://fr.wikipedia.org/wiki/T\u00edmea Mer\u00e9nyi,Article utilisant une Infobox
Simona Staicu,https://fr.wikipedia.org/?curid=13653700,https://fr.wikipedia.org/wiki/Simona Staicu,Article \u00e0 illustrer Athl\u00e8te
Anna Pavignano,https://fr.wikipedia.org/?curid=13653036,https://fr.wikipedia.org/wiki/Anna Pavignano,Page utilisant P569
Elinor Crawley,https://fr.wikipedia.org/?curid=13568588,https://fr.wikipedia.org/wiki/Elinor Crawley,Page utilisant P569
Solange Damasceno,https://fr.wikipedia.org/?curid=13436296,https://fr.wikipedia.org/wiki/Solange Damasceno,Page utilisant P569
Reema Kagti,https://fr.wikipedia.org/?curid=13505316,https://fr.wikipedia.org/wiki/Reema Kagti,Article utilisant une Infobox
Chrotais,https://fr.wikipedia.org/?curid=1350428,https://fr.wikipedia.org/wiki/Chrotais,Page utilisant P569
Natasha Thomas,https://fr.wikipedia.org/?curid=13457899,https://fr.wikipedia.org/wiki/Natasha Thomas,Page utilisant P569
Carbone (sc\u00e9nariste),https://fr.wikipedia.org/?curid=13456512,https://fr.wikipedia.org/wiki/Carbone (sc\u00e9nariste),Page utilisant P742
Joy Rieger,https://fr.wikipedia.org/?curid=13456817,https://fr.wikipedia.org/wiki/Joy Rieger,Wikip\u00e9dia:\u00e9bauche acteur isra\u00e9lien
Cornelia Sulzer,https://fr.wikipedia.org/?curid=13456894,https://fr.wikipedia.org/wiki/Cornelia Sulzer,Wikip\u00e9dia:\u00e9bauche ski de fond
Linda Lewis,https://fr.wikipedia.org/?curid=13457034,https://fr.wikipedia.org/wiki/Linda Lewis,Article contenant un lien mort
Lala Hsu,https://fr.wikipedia.org/?curid=13459976,https://fr.wikipedia.org/wiki/Lala Hsu,Article utilisant une Infobox
B\u00e9rang\u00e8re Sapowicz,https://fr.wikipedia.org/?curid=1347690,https://fr.wikipedia.org/wiki/B\u00e9rang\u00e8re Sapowicz,Article utilisant une Infobox
Liste des premi\u00e8res femmes par m\u00e9tier ou fonction au B\u00e9nin,https://fr.wikipedia.org/?curid=13462562,https://fr.wikipedia.org/wiki/Liste des premi\u00e8res femmes par m\u00e9tier ou fonction au B\u00e9nin,Article contenant un appel \u00e0 traduction en anglais
Zohra Zahia Hanous,https://fr.wikipedia.org/?curid=1346263,https://fr.wikipedia.org/wiki/Zohra Zahia Hanous,Wikip\u00e9dia:\u00e9bauche footballeuse
Candice Didier,https://fr.wikipedia.org/?curid=1348775,https://fr.wikipedia.org/wiki/Candice Didier,Article utilisant une Infobox
Yaroslava Shvedova,https://fr.wikipedia.org/?curid=1348465,https://fr.wikipedia.org/wiki/Yaroslava Shvedova,Article utilisant une Infobox
Julie Christiansen,https://fr.wikipedia.org/?curid=13508080,https://fr.wikipedia.org/wiki/Julie Christiansen,Wikip\u00e9dia:\u00e9bauche acteur danois
Tisha,https://fr.wikipedia.org/?curid=13506376,https://fr.wikipedia.org/wiki/Tisha,Article utilisant une Infobox
Marina Goglidze-Mdivani,https://fr.wikipedia.org/?curid=13508985,https://fr.wikipedia.org/wiki/Marina Goglidze-Mdivani,Article manquant de r\u00e9f\u00e9rences depuis ao\u00fbt 2020
Ella Leyers,https://fr.wikipedia.org/?curid=13509382,https://fr.wikipedia.org/wiki/Ella Leyers,Wikip\u00e9dia:\u00e9bauche acteur belge
Camille Abily,https://fr.wikipedia.org/?curid=1348123,https://fr.wikipedia.org/wiki/Camille Abily,Article utilisant une Infobox
Sarah Bouhaddi,https://fr.wikipedia.org/?curid=1347942,https://fr.wikipedia.org/wiki/Sarah Bouhaddi,Article utilisant une Infobox
Lizzie Adams,https://fr.wikipedia.org/?curid=13438566,https://fr.wikipedia.org/wiki/Lizzie Adams,Wikip\u00e9dia:\u00e9bauche athl\u00e8te
Lili Mirojnick,https://fr.wikipedia.org/?curid=13444028,https://fr.wikipedia.org/wiki/Lili Mirojnick,Page utilisant P569
Liste de tableaux d'Angelica Kauffmann,https://fr.wikipedia.org/?curid=13475709,https://fr.wikipedia.org/wiki/Liste de tableaux d'Angelica Kauffmann,Page utilisant le mod\u00e8le Autorit\u00e9 inactif
Addie Bracy,https://fr.wikipedia.org/?curid=13476186,https://fr.wikipedia.org/wiki/Addie Bracy,Article utilisant une Infobox
Julie Soyer,https://fr.wikipedia.org/?curid=1346952,https://fr.wikipedia.org/wiki/Julie Soyer,Wikip\u00e9dia:\u00e9bauche footballeuse fran\u00e7aise
Chicory: A Colorful Tale,https://fr.wikipedia.org/?curid=13430655,https://fr.wikipedia.org/wiki/Chicory: A Colorful Tale,Page utilisant P404
Karol Conka,https://fr.wikipedia.org/?curid=13430708,https://fr.wikipedia.org/wiki/Karol Conka,Page utilisant P569
Kathrin H\u00f6lzl,https://fr.wikipedia.org/?curid=1342765,https://fr.wikipedia.org/wiki/Kathrin H\u00f6lzl,Article utilisant une Infobox
Jade Hamaoui,https://fr.wikipedia.org/?curid=13431134,https://fr.wikipedia.org/wiki/Jade Hamaoui,Article utilisant une Infobox
Minna Sten,https://fr.wikipedia.org/?curid=13789609,https://fr.wikipedia.org/wiki/Minna Sten,Article \u00e0 illustrer Joueur de basket-ball
Kamila Valieva,https://fr.wikipedia.org/?curid=13808737,https://fr.wikipedia.org/wiki/Kamila Valieva,Article utilisant une Infobox
911 (chanson de Lady Gaga),https://fr.wikipedia.org/?curid=13823368,https://fr.wikipedia.org/wiki/911 (chanson de Lady Gaga),Page du mod\u00e8le Article comportant une erreur
Anna Weidel,https://fr.wikipedia.org/?curid=13820538,https://fr.wikipedia.org/wiki/Anna Weidel,Wikip\u00e9dia:\u00e9bauche biathlon
Caroline Colombo,https://fr.wikipedia.org/?curid=13822865,https://fr.wikipedia.org/wiki/Caroline Colombo,Wikip\u00e9dia:\u00e9bauche sportif fran\u00e7ais
Joan Miller Smith,https://fr.wikipedia.org/?curid=13822926,https://fr.wikipedia.org/wiki/Joan Miller Smith,Wikip\u00e9dia:\u00e9bauche sportif am\u00e9ricain
Anna Sonnerup,https://fr.wikipedia.org/?curid=13821399,https://fr.wikipedia.org/wiki/Anna Sonnerup,Wikip\u00e9dia:\u00e9bauche biathlon
Doris Popple,https://fr.wikipedia.org/?curid=1382244,https://fr.wikipedia.org/wiki/Doris Popple,Article \u00e0 illustrer Joueur de tennis
Ga\u00ebtane Thiney,https://fr.wikipedia.org/?curid=1381161,https://fr.wikipedia.org/wiki/Ga\u00ebtane Thiney,Article utilisant une Infobox
Marita Kramer,https://fr.wikipedia.org/?curid=13817150,https://fr.wikipedia.org/wiki/Marita Kramer,Article utilisant une Infobox
Rita Fontemanha,https://fr.wikipedia.org/?curid=13815988,https://fr.wikipedia.org/wiki/Rita Fontemanha,Article \u00e0 illustrer Footballeur
Claudia Purker,https://fr.wikipedia.org/?curid=13809852,https://fr.wikipedia.org/wiki/Claudia Purker,Wikip\u00e9dia:\u00e9bauche saut \u00e0 ski
Tisca Chopra,https://fr.wikipedia.org/?curid=13841370,https://fr.wikipedia.org/wiki/Tisca Chopra,Page utilisant P569
Nevena Damjanovi\u0107,https://fr.wikipedia.org/?curid=13832294,https://fr.wikipedia.org/wiki/Nevena Damjanovi\u0107,Article utilisant une Infobox
Tiffany Clarke,https://fr.wikipedia.org/?curid=13784909,https://fr.wikipedia.org/wiki/Tiffany Clarke,Article \u00e0 illustrer Joueur de basket-ball
Phoebe Dynevor,https://fr.wikipedia.org/?curid=13828860,https://fr.wikipedia.org/wiki/Phoebe Dynevor,Article \u00e0 illustrer Personnalit\u00e9 du cin\u00e9ma
Liste des \u00e9pouses des souverains et pr\u00e9tendants au tr\u00f4ne de Bade,https://fr.wikipedia.org/?curid=13827952,https://fr.wikipedia.org/wiki/Liste des \u00e9pouses des souverains et pr\u00e9tendants au tr\u00f4ne de Bade,Article contenant un appel \u00e0 traduction en bulgare
Emma Gooderham,https://fr.wikipedia.org/?curid=13828111,https://fr.wikipedia.org/wiki/Emma Gooderham,Article \u00e0 illustrer Athl\u00e8te
Louice Halvarsson,https://fr.wikipedia.org/?curid=13829232,https://fr.wikipedia.org/wiki/Louice Halvarsson,Wikip\u00e9dia:\u00e9bauche Su\u00e8de
Marie Pardon,https://fr.wikipedia.org/?curid=13829356,https://fr.wikipedia.org/wiki/Marie Pardon,Wikip\u00e9dia:\u00e9bauche joueuse fran\u00e7aise de basket-ball
Serena Kessler,https://fr.wikipedia.org/?curid=13829402,https://fr.wikipedia.org/wiki/Serena Kessler,Wikip\u00e9dia:\u00e9bauche basket-ball
Liste des joueuses du C' Chartres basket f\u00e9minin,https://fr.wikipedia.org/?curid=13786228,https://fr.wikipedia.org/wiki/Liste des joueuses du C' Chartres basket f\u00e9minin,Article utilisant une Infobox
Mink Nutcharut,https://fr.wikipedia.org/?curid=13778119,https://fr.wikipedia.org/wiki/Mink Nutcharut,Wikip\u00e9dia:\u00e9bauche snooker
Rebeca Gyumi,https://fr.wikipedia.org/?curid=13783790,https://fr.wikipedia.org/wiki/Rebeca Gyumi,Page utilisant P569
Edith Cross,https://fr.wikipedia.org/?curid=1378193,https://fr.wikipedia.org/wiki/Edith Cross,Article \u00e0 illustrer Joueur de tennis
Meighan Simmons,https://fr.wikipedia.org/?curid=13795339,https://fr.wikipedia.org/wiki/Meighan Simmons,Article utilisant une Infobox
Karin Moroder,https://fr.wikipedia.org/?curid=1379373,https://fr.wikipedia.org/wiki/Karin Moroder,Wikip\u00e9dia:\u00e9bauche ski de fond
Therese Johaug,https://fr.wikipedia.org/?curid=1379286,https://fr.wikipedia.org/wiki/Therese Johaug,Article contenant un appel \u00e0 traduction en norv\u00e9gien
Jennifer Hudson,https://fr.wikipedia.org/?curid=1373517,https://fr.wikipedia.org/wiki/Jennifer Hudson,Article utilisant une Infobox
Hannah Moore,https://fr.wikipedia.org/?curid=13735221,https://fr.wikipedia.org/wiki/Hannah Moore,Article \u00e0 illustrer Nageur
Marlena Karwacka,https://fr.wikipedia.org/?curid=13775790,https://fr.wikipedia.org/wiki/Marlena Karwacka,Page utilisant P569
Nicole Shields,https://fr.wikipedia.org/?curid=13776029,https://fr.wikipedia.org/wiki/Nicole Shields,Wikip\u00e9dia:\u00e9bauche cyclisme sur piste
Emily Osment,https://fr.wikipedia.org/?curid=1378443,https://fr.wikipedia.org/wiki/Emily Osment,Article utilisant une Infobox
Raluca Olaru,https://fr.wikipedia.org/?curid=1378460,https://fr.wikipedia.org/wiki/Raluca Olaru,Article utilisant une Infobox
Winifred McNair,https://fr.wikipedia.org/?curid=1388948,https://fr.wikipedia.org/wiki/Winifred McNair,Article \u00e0 illustrer Joueur de tennis
R\u00f8nnaug Schei Alsgaard,https://fr.wikipedia.org/?curid=13888720,https://fr.wikipedia.org/wiki/R\u00f8nnaug Schei Alsgaard,Wikip\u00e9dia:\u00e9bauche sportif norv\u00e9gien
Catherine Bertone,https://fr.wikipedia.org/?curid=13881653,https://fr.wikipedia.org/wiki/Catherine Bertone,Article utilisant une Infobox
Yao Lei,https://fr.wikipedia.org/?curid=13881582,https://fr.wikipedia.org/wiki/Yao Lei,Article contenant un lien mort
Pamela Golbin,https://fr.wikipedia.org/?curid=13881618,https://fr.wikipedia.org/wiki/Pamela Golbin,Article \u00e0 illustrer Biographie
Annika Sieff,https://fr.wikipedia.org/?curid=13882805,https://fr.wikipedia.org/wiki/Annika Sieff,Wikip\u00e9dia:\u00e9bauche combin\u00e9 nordique
Anna Levandi,https://fr.wikipedia.org/?curid=13880160,https://fr.wikipedia.org/wiki/Anna Levandi,Article utilisant une Infobox
Song Hye-kyo,https://fr.wikipedia.org/?curid=1388018,https://fr.wikipedia.org/wiki/Song Hye-kyo,Article utilisant une Infobox
Malika Tahir,https://fr.wikipedia.org/?curid=13859617,https://fr.wikipedia.org/wiki/Malika Tahir,Article \u00e0 illustrer Patineur artistique
De Una Vez,https://fr.wikipedia.org/?curid=13869461,https://fr.wikipedia.org/wiki/De Una Vez,Article \u00e0 wikifier depuis janvier 2021
Susan Jeptooo,https://fr.wikipedia.org/?curid=13873094,https://fr.wikipedia.org/wiki/Susan Jeptooo,Article utilisant une Infobox
Ariane L\u00fcthi,https://fr.wikipedia.org/?curid=13860245,https://fr.wikipedia.org/wiki/Ariane L\u00fcthi,Page utilisant P569
Irena \u0160\u00e1dkov\u00e1,https://fr.wikipedia.org/?curid=13851581,https://fr.wikipedia.org/wiki/Irena \u0160\u00e1dkov\u00e1,Article \u00e0 illustrer Athl\u00e8te
Nancy Sit,https://fr.wikipedia.org/?curid=13861161,https://fr.wikipedia.org/wiki/Nancy Sit,Article utilisant une Infobox
Kennedy Summers,https://fr.wikipedia.org/?curid=13862496,https://fr.wikipedia.org/wiki/Kennedy Summers,Article utilisant une Infobox
Renate Rungger,https://fr.wikipedia.org/?curid=13867258,https://fr.wikipedia.org/wiki/Renate Rungger,Article utilisant une Infobox
Liste des \u00e9pouses des comtes et des princes de Hohenlohe-Langenbourg,https://fr.wikipedia.org/?curid=13866496,https://fr.wikipedia.org/wiki/Liste des \u00e9pouses des comtes et des princes de Hohenlohe-Langenbourg,Article avec une section vide ou incompl\u00e8te
Edith Dorothy Holman,https://fr.wikipedia.org/?curid=1386754,https://fr.wikipedia.org/wiki/Edith Dorothy Holman,Article utilisant une Infobox
Morgan Griffin,https://fr.wikipedia.org/?curid=13895975,https://fr.wikipedia.org/wiki/Morgan Griffin,Wikip\u00e9dia:\u00e9bauche acteur australien
Baila Conmigo,https://fr.wikipedia.org/?curid=13903891,https://fr.wikipedia.org/wiki/Baila Conmigo,Article \u00e0 wikifier depuis janvier 2021
Goddess Bunny,https://fr.wikipedia.org/?curid=13904572,https://fr.wikipedia.org/wiki/Goddess Bunny,Page utilisant P569
Cordelia Fine,https://fr.wikipedia.org/?curid=13902110,https://fr.wikipedia.org/wiki/Cordelia Fine,Page utilisant P569
Anastasia Goncharova,https://fr.wikipedia.org/?curid=13903228,https://fr.wikipedia.org/wiki/Anastasia Goncharova,Wikip\u00e9dia:\u00e9bauche combin\u00e9 nordique
Macarena Santelices,https://fr.wikipedia.org/?curid=13902483,https://fr.wikipedia.org/wiki/Macarena Santelices,Page utilisant P569
Mari Leinan Lund,https://fr.wikipedia.org/?curid=13843159,https://fr.wikipedia.org/wiki/Mari Leinan Lund,Article utilisant une Infobox
Hanna Midtsundstad,https://fr.wikipedia.org/?curid=13843361,https://fr.wikipedia.org/wiki/Hanna Midtsundstad,Wikip\u00e9dia:\u00e9bauche sportif norv\u00e9gien
Janet Hopps,https://fr.wikipedia.org/?curid=1384722,https://fr.wikipedia.org/wiki/Janet Hopps,Article \u00e0 illustrer Joueur de tennis
Vir\u00e1g V\u00f6r\u00f6s,https://fr.wikipedia.org/?curid=13848398,https://fr.wikipedia.org/wiki/Vir\u00e1g V\u00f6r\u00f6s,Article utilisant une Infobox
Alice et Moi,https://fr.wikipedia.org/?curid=13896467,https://fr.wikipedia.org/wiki/Alice et Moi,Article contenant un lien mort
Loren Allred,https://fr.wikipedia.org/?curid=13893312,https://fr.wikipedia.org/wiki/Loren Allred,Article utilisant une Infobox
Phyllis Howkins,https://fr.wikipedia.org/?curid=1389236,https://fr.wikipedia.org/wiki/Phyllis Howkins,Article \u00e0 illustrer Joueur de tennis
Sandra Schmitt,https://fr.wikipedia.org/?curid=13929880,https://fr.wikipedia.org/wiki/Sandra Schmitt,Article \u00e0 illustrer Sportif
Merle Soppela,https://fr.wikipedia.org/?curid=13940040,https://fr.wikipedia.org/wiki/Merle Soppela,Article utilisant une Infobox
Mary Lewis,https://fr.wikipedia.org/?curid=13943921,https://fr.wikipedia.org/wiki/Mary Lewis,Wikip\u00e9dia:\u00e9bauche judo
Christine Penick,https://fr.wikipedia.org/?curid=13943931,https://fr.wikipedia.org/wiki/Christine Penick,Wikip\u00e9dia:\u00e9bauche judo
Wibke Meister,https://fr.wikipedia.org/?curid=13958834,https://fr.wikipedia.org/wiki/Wibke Meister,Article utilisant une Infobox
We Are the Champions,https://fr.wikipedia.org/?curid=1396112,https://fr.wikipedia.org/wiki/We Are the Champions,Article contenant un lien mort
Ariana DeBose,https://fr.wikipedia.org/?curid=13916819,https://fr.wikipedia.org/wiki/Ariana DeBose,Article \u00e0 illustrer Personnalit\u00e9 du cin\u00e9ma
Joan Austin,https://fr.wikipedia.org/?curid=1393208,https://fr.wikipedia.org/wiki/Joan Austin,Article utilisant une Infobox
Katharine McPhee,https://fr.wikipedia.org/?curid=1394860,https://fr.wikipedia.org/wiki/Katharine McPhee,Page utilisant P19
Nadine Gonska,https://fr.wikipedia.org/?curid=13948634,https://fr.wikipedia.org/wiki/Nadine Gonska,Page utilisant P569
Mutya Buena,https://fr.wikipedia.org/?curid=1395029,https://fr.wikipedia.org/wiki/Mutya Buena,Article manquant de r\u00e9f\u00e9rences depuis ao\u00fbt 2017
Tamara Falc\u00f3,https://fr.wikipedia.org/?curid=13952535,https://fr.wikipedia.org/wiki/Tamara Falc\u00f3,Page utilisant P569
Pr\u00e9nom Carmen,https://fr.wikipedia.org/?curid=1395184,https://fr.wikipedia.org/wiki/Pr\u00e9nom Carmen,Article utilisant une Infobox
Justine Saunders,https://fr.wikipedia.org/?curid=13914079,https://fr.wikipedia.org/wiki/Justine Saunders,Page utilisant P569
Barbara Klinec,https://fr.wikipedia.org/?curid=13926436,https://fr.wikipedia.org/wiki/Barbara Klinec,Wikip\u00e9dia:\u00e9bauche saut \u00e0 ski
Tatiana Zagorska\u00efa,https://fr.wikipedia.org/?curid=13934939,https://fr.wikipedia.org/wiki/Tatiana Zagorska\u00efa,Page utilisant P569
Phyllis King,https://fr.wikipedia.org/?curid=1393445,https://fr.wikipedia.org/wiki/Phyllis King,Article \u00e0 illustrer Joueur de tennis
Viola Wills,https://fr.wikipedia.org/?curid=13914118,https://fr.wikipedia.org/wiki/Viola Wills,Article utilisant une Infobox
Liniker,https://fr.wikipedia.org/?curid=13922995,https://fr.wikipedia.org/wiki/Liniker,Article contenant un appel \u00e0 traduction en anglais
Irina Kazakevitch,https://fr.wikipedia.org/?curid=13922030,https://fr.wikipedia.org/wiki/Irina Kazakevitch,Wikip\u00e9dia:\u00e9bauche sportif russe
Karin Freitag,https://fr.wikipedia.org/?curid=13912637,https://fr.wikipedia.org/wiki/Karin Freitag,Article utilisant une Infobox
Anfisa Reztsova,https://fr.wikipedia.org/?curid=1390669,https://fr.wikipedia.org/wiki/Anfisa Reztsova,Article utilisant une Infobox
La\u00ebticia Bapt\u00e9,https://fr.wikipedia.org/?curid=13955501,https://fr.wikipedia.org/wiki/La\u00ebticia Bapt\u00e9,Wikip\u00e9dia:\u00e9bauche athl\u00e8te fran\u00e7ais
Anna Shpyneva,https://fr.wikipedia.org/?curid=13954669,https://fr.wikipedia.org/wiki/Anna Shpyneva,Wikip\u00e9dia:\u00e9bauche saut \u00e0 ski
Elina Giallurachis,https://fr.wikipedia.org/?curid=13953666,https://fr.wikipedia.org/wiki/Elina Giallurachis,Wikip\u00e9dia:\u00e9bauche athl\u00e8te fran\u00e7ais
Daniela Dejori,https://fr.wikipedia.org/?curid=13953869,https://fr.wikipedia.org/wiki/Daniela Dejori,Wikip\u00e9dia:\u00e9bauche combin\u00e9 nordique
Eirin Maria Kvandal,https://fr.wikipedia.org/?curid=13955974,https://fr.wikipedia.org/wiki/Eirin Maria Kvandal,Wikip\u00e9dia:\u00e9bauche saut \u00e0 ski
Claire Palou,https://fr.wikipedia.org/?curid=13956081,https://fr.wikipedia.org/wiki/Claire Palou,Article \u00e0 illustrer Athl\u00e8te
Samantha Cooper,https://fr.wikipedia.org/?curid=13957982,https://fr.wikipedia.org/wiki/Samantha Cooper,Wikip\u00e9dia:\u00e9bauche joueuse de basket-ball
Imen Es,https://fr.wikipedia.org/?curid=13989034,https://fr.wikipedia.org/wiki/Imen Es,Article contenant un lien mort
Matea Ferk,https://fr.wikipedia.org/?curid=13987073,https://fr.wikipedia.org/wiki/Matea Ferk,Wikip\u00e9dia:\u00e9bauche ski alpin
Verena Gasslitter,https://fr.wikipedia.org/?curid=13987368,https://fr.wikipedia.org/wiki/Verena Gasslitter,Article utilisant une Infobox
Amy-Eloise Markovc,https://fr.wikipedia.org/?curid=13985392,https://fr.wikipedia.org/wiki/Amy-Eloise Markovc,Article utilisant une Infobox
Marie-Th\u00e9r\u00e8se Goutmann,https://fr.wikipedia.org/?curid=1398561,https://fr.wikipedia.org/wiki/Marie-Th\u00e9r\u00e8se Goutmann,Article \u00e0 illustrer Personnalit\u00e9 politique
Maria Gerboth,https://fr.wikipedia.org/?curid=13986205,https://fr.wikipedia.org/wiki/Maria Gerboth,Wikip\u00e9dia:\u00e9bauche combin\u00e9 nordique
Stephanie Joffroy,https://fr.wikipedia.org/?curid=13987422,https://fr.wikipedia.org/wiki/Stephanie Joffroy,Wikip\u00e9dia:\u00e9bauche ski acrobatique
Lucie Hrstkov\u00e1,https://fr.wikipedia.org/?curid=13987633,https://fr.wikipedia.org/wiki/Lucie Hrstkov\u00e1,Wikip\u00e9dia:\u00e9bauche sportif tch\u00e8que
Darya Blashko,https://fr.wikipedia.org/?curid=13967040,https://fr.wikipedia.org/wiki/Darya Blashko,Article utilisant une Infobox
Tamara Voronina,https://fr.wikipedia.org/?curid=13973116,https://fr.wikipedia.org/wiki/Tamara Voronina,Wikip\u00e9dia:\u00e9bauche sportif russe
Thaisa,https://fr.wikipedia.org/?curid=13973180,https://fr.wikipedia.org/wiki/Thaisa,Article utilisant une Infobox
Hannah Kasulka,https://fr.wikipedia.org/?curid=13979514,https://fr.wikipedia.org/wiki/Hannah Kasulka,Article utilisant une Infobox
Nadia Delago,https://fr.wikipedia.org/?curid=13984298,https://fr.wikipedia.org/wiki/Nadia Delago,Article \u00e0 illustrer Sportif
Aleksandra Klu\u015b,https://fr.wikipedia.org/?curid=13980534,https://fr.wikipedia.org/wiki/Aleksandra Klu\u015b,Article \u00e0 illustrer Sportif
Anna Berecz,https://fr.wikipedia.org/?curid=13980589,https://fr.wikipedia.org/wiki/Anna Berecz,Wikip\u00e9dia:\u00e9bauche ski alpin
Marte Monsen,https://fr.wikipedia.org/?curid=13981669,https://fr.wikipedia.org/wiki/Marte Monsen,Wikip\u00e9dia:\u00e9bauche sportif norv\u00e9gien
Ellen Breen,https://fr.wikipedia.org/?curid=14011124,https://fr.wikipedia.org/wiki/Ellen Breen,Article \u00e0 illustrer Sportif
Imogen Waterhouse,https://fr.wikipedia.org/?curid=14012541,https://fr.wikipedia.org/wiki/Imogen Waterhouse,Page utilisant P569
Cruz Salazar,https://fr.wikipedia.org/?curid=13996113,https://fr.wikipedia.org/wiki/Cruz Salazar,Article \u00e0 illustrer Athl\u00e8te
Corina Gr\u00fcnenfelder,https://fr.wikipedia.org/?curid=14005949,https://fr.wikipedia.org/wiki/Corina Gr\u00fcnenfelder,Article \u00e0 illustrer Sportif
Vanessa Voigt,https://fr.wikipedia.org/?curid=14006818,https://fr.wikipedia.org/wiki/Vanessa Voigt,Wikip\u00e9dia:\u00e9bauche biathlon
Juni Arnekleiv,https://fr.wikipedia.org/?curid=14005448,https://fr.wikipedia.org/wiki/Juni Arnekleiv,Article utilisant une Infobox
Pauline Astier,https://fr.wikipedia.org/?curid=13971821,https://fr.wikipedia.org/wiki/Pauline Astier,Wikip\u00e9dia:\u00e9bauche joueuse de basket-ball
Nathalie Fourcade,https://fr.wikipedia.org/?curid=13971940,https://fr.wikipedia.org/wiki/Nathalie Fourcade,Wikip\u00e9dia:\u00e9bauche joueuse de basket-ball
Sophie Sorschag,https://fr.wikipedia.org/?curid=13971951,https://fr.wikipedia.org/wiki/Sophie Sorschag,Wikip\u00e9dia:\u00e9bauche saut \u00e0 ski
Suvi Minkkinen,https://fr.wikipedia.org/?curid=13972069,https://fr.wikipedia.org/wiki/Suvi Minkkinen,Article utilisant une Infobox
Venla Lehtonen,https://fr.wikipedia.org/?curid=13972106,https://fr.wikipedia.org/wiki/Venla Lehtonen,Article utilisant une Infobox
Helen Gallagher,https://fr.wikipedia.org/?curid=14001901,https://fr.wikipedia.org/wiki/Helen Gallagher,Article utilisant une Infobox
Mar\u00eda Eugenia Rodr\u00edguez,https://fr.wikipedia.org/?curid=13991691,https://fr.wikipedia.org/wiki/Mar\u00eda Eugenia Rodr\u00edguez,Article \u00e0 illustrer Athl\u00e8te
Evangelion: 3.0+1.0 Thrice Upon a Time,https://fr.wikipedia.org/?curid=13990261,https://fr.wikipedia.org/wiki/Evangelion: 3.0+1.0 Thrice Upon a Time,Article utilisant une Infobox
Shan Ying,https://fr.wikipedia.org/?curid=13990384,https://fr.wikipedia.org/wiki/Shan Ying,Article \u00e0 illustrer Nageur
Zrinka Ljuti\u0107,https://fr.wikipedia.org/?curid=13992538,https://fr.wikipedia.org/wiki/Zrinka Ljuti\u0107,Wikip\u00e9dia:\u00e9bauche sportif croate
A J Hurt,https://fr.wikipedia.org/?curid=13994506,https://fr.wikipedia.org/wiki/A J Hurt,Article \u00e0 illustrer Sportif
Sophie Mathiou,https://fr.wikipedia.org/?curid=13994771,https://fr.wikipedia.org/wiki/Sophie Mathiou,Wikip\u00e9dia:\u00e9bauche sportif italien
Jennifer Romano,https://fr.wikipedia.org/?curid=13974961,https://fr.wikipedia.org/wiki/Jennifer Romano,Article \u00e0 illustrer Sportif
Jenny Adler,https://fr.wikipedia.org/?curid=13975028,https://fr.wikipedia.org/wiki/Jenny Adler,Wikip\u00e9dia:\u00e9bauche sportif allemand
Sanna Laari,https://fr.wikipedia.org/?curid=13975539,https://fr.wikipedia.org/wiki/Sanna Laari,Wikip\u00e9dia:\u00e9bauche sportif finlandais
Ida Dannewitz,https://fr.wikipedia.org/?curid=13978776,https://fr.wikipedia.org/wiki/Ida Dannewitz,Wikip\u00e9dia:\u00e9bauche sportif su\u00e9dois
Athing Mu,https://fr.wikipedia.org/?curid=13974384,https://fr.wikipedia.org/wiki/Athing Mu,Article utilisant une Infobox
Michela Carrara,https://fr.wikipedia.org/?curid=13970651,https://fr.wikipedia.org/wiki/Michela Carrara,Wikip\u00e9dia:\u00e9bauche biathlon
Lisa Fournet-Fayard,https://fr.wikipedia.org/?curid=13969459,https://fr.wikipedia.org/wiki/Lisa Fournet-Fayard,Article \u00e0 illustrer Sportif
Lou-Adriane Cassidy,https://fr.wikipedia.org/?curid=13969552,https://fr.wikipedia.org/wiki/Lou-Adriane Cassidy,Article \u00e0 wikifier depuis f\u00e9vrier 2021
Sara Rask,https://fr.wikipedia.org/?curid=13976089,https://fr.wikipedia.org/wiki/Sara Rask,Article \u00e0 illustrer Sportif
Neja Dvornik,https://fr.wikipedia.org/?curid=13976115,https://fr.wikipedia.org/wiki/Neja Dvornik,Wikip\u00e9dia:\u00e9bauche sportif slov\u00e8ne
Kaja Norbye,https://fr.wikipedia.org/?curid=13976167,https://fr.wikipedia.org/wiki/Kaja Norbye,Wikip\u00e9dia:\u00e9bauche sportif norv\u00e9gien
Nicole Good,https://fr.wikipedia.org/?curid=13978063,https://fr.wikipedia.org/wiki/Nicole Good,Wikip\u00e9dia:\u00e9bauche sportif suisse
No\u00e9mie Kolly,https://fr.wikipedia.org/?curid=13978064,https://fr.wikipedia.org/wiki/No\u00e9mie Kolly,Wikip\u00e9dia:\u00e9bauche sportif suisse
Hannah S\u00e6thereng,https://fr.wikipedia.org/?curid=13977454,https://fr.wikipedia.org/wiki/Hannah S\u00e6thereng,Wikip\u00e9dia:\u00e9bauche sportif norv\u00e9gien
Milena Todorova,https://fr.wikipedia.org/?curid=13971415,https://fr.wikipedia.org/wiki/Milena Todorova,Wikip\u00e9dia:\u00e9bauche sportif bulgare
Marine Quennehen,https://fr.wikipedia.org/?curid=13965289,https://fr.wikipedia.org/wiki/Marine Quennehen,Article manquant de r\u00e9f\u00e9rences depuis avril 2021
Ashnikko,https://fr.wikipedia.org/?curid=13968578,https://fr.wikipedia.org/wiki/Ashnikko,Article \u00e0 wikifier depuis avril 2022
Eva Urevc,https://fr.wikipedia.org/?curid=14032651,https://fr.wikipedia.org/wiki/Eva Urevc,Article utilisant une Infobox
Christine Nangle,https://fr.wikipedia.org/?curid=14036844,https://fr.wikipedia.org/wiki/Christine Nangle,Article utilisant une Infobox
Albina Gr\u010di\u0107,https://fr.wikipedia.org/?curid=14038086,https://fr.wikipedia.org/wiki/Albina Gr\u010di\u0107,Page utilisant P27
Oscar de la meilleure actrice dans un second r\u00f4le,https://fr.wikipedia.org/?curid=140468,https://fr.wikipedia.org/wiki/Oscar de la meilleure actrice dans un second r\u00f4le,Portail:Cin\u00e9ma am\u00e9ricain/Articles li\u00e9s
Andrea Filser,https://fr.wikipedia.org/?curid=14048149,https://fr.wikipedia.org/wiki/Andrea Filser,Article \u00e0 illustrer Sportif
Samantha Beckinsale,https://fr.wikipedia.org/?curid=14045349,https://fr.wikipedia.org/wiki/Samantha Beckinsale,Article \u00e0 illustrer Personnalit\u00e9 du cin\u00e9ma
Amala Akkineni,https://fr.wikipedia.org/?curid=14066313,https://fr.wikipedia.org/wiki/Amala Akkineni,Page utilisant P569
Jung Eun-chae,https://fr.wikipedia.org/?curid=14064820,https://fr.wikipedia.org/wiki/Jung Eun-chae,Article utilisant une Infobox
Francesca Gagnon,https://fr.wikipedia.org/?curid=14066882,https://fr.wikipedia.org/wiki/Francesca Gagnon,Article utilisant une Infobox
Nikki Hahn,https://fr.wikipedia.org/?curid=14066944,https://fr.wikipedia.org/wiki/Nikki Hahn,Page utilisant P569
Nirupa Roy,https://fr.wikipedia.org/?curid=14057410,https://fr.wikipedia.org/wiki/Nirupa Roy,Page utilisant P569
Elsbeth Heinzle,https://fr.wikipedia.org/?curid=14059220,https://fr.wikipedia.org/wiki/Elsbeth Heinzle,Article \u00e0 illustrer Athl\u00e8te
Mj30,https://fr.wikipedia.org/?curid=14062953,https://fr.wikipedia.org/wiki/Mj30,Wikip\u00e9dia:\u00e9bauche chanteur congolais (RDC)
Chen Qingyuan,https://fr.wikipedia.org/?curid=14062555,https://fr.wikipedia.org/wiki/Chen Qingyuan,Article \u00e0 illustrer Escrimeur
Hailey Swirbul,https://fr.wikipedia.org/?curid=14058058,https://fr.wikipedia.org/wiki/Hailey Swirbul,Article utilisant une Infobox
Katrina Lenk,https://fr.wikipedia.org/?curid=14025825,https://fr.wikipedia.org/wiki/Katrina Lenk,Article utilisant une Infobox
Tatiana Sorina,https://fr.wikipedia.org/?curid=14031259,https://fr.wikipedia.org/wiki/Tatiana Sorina,Article utilisant une Infobox
Elin Gustavsson,https://fr.wikipedia.org/?curid=14049591,https://fr.wikipedia.org/wiki/Elin Gustavsson,Article \u00e0 illustrer Joueur de basket-ball
Ndidi Nwosu,https://fr.wikipedia.org/?curid=14048558,https://fr.wikipedia.org/wiki/Ndidi Nwosu,Article \u00e0 illustrer Sportif
Liste des comtesses et duchesses de Longueville,https://fr.wikipedia.org/?curid=14044074,https://fr.wikipedia.org/wiki/Liste des comtesses et duchesses de Longueville,Article utilisant le mod\u00e8le du DHS
Julietta Quiroga,https://fr.wikipedia.org/?curid=14024373,https://fr.wikipedia.org/wiki/Julietta Quiroga,Wikip\u00e9dia:\u00e9bauche ski alpin
Rachael Beck,https://fr.wikipedia.org/?curid=14035242,https://fr.wikipedia.org/wiki/Rachael Beck,Article utilisant une Infobox
Miss Belgique 2021,https://fr.wikipedia.org/?curid=14036354,https://fr.wikipedia.org/wiki/Miss Belgique 2021,Article manquant de r\u00e9f\u00e9rences depuis janvier 2023
Evelyn Stolze,https://fr.wikipedia.org/?curid=14032520,https://fr.wikipedia.org/wiki/Evelyn Stolze,Article utilisant une Infobox
Carmen Haro,https://fr.wikipedia.org/?curid=14033906,https://fr.wikipedia.org/wiki/Carmen Haro,Article \u00e0 illustrer Sportif
Takako Takamura,https://fr.wikipedia.org/?curid=14023369,https://fr.wikipedia.org/wiki/Takako Takamura,Article \u00e0 illustrer Athl\u00e8te
Erin Kellyman,https://fr.wikipedia.org/?curid=14022148,https://fr.wikipedia.org/wiki/Erin Kellyman,Article utilisant une Infobox
Amanda Cerna,https://fr.wikipedia.org/?curid=14020362,https://fr.wikipedia.org/wiki/Amanda Cerna,Page utilisant P569
Sophie Fjellvang-S\u00f8lling,https://fr.wikipedia.org/?curid=14021103,https://fr.wikipedia.org/wiki/Sophie Fjellvang-S\u00f8lling,Article utilisant une Infobox
Maya Harrisson,https://fr.wikipedia.org/?curid=14021302,https://fr.wikipedia.org/wiki/Maya Harrisson,Wikip\u00e9dia:\u00e9bauche sportif br\u00e9silien
Alison Wright (actrice),https://fr.wikipedia.org/?curid=14019442,https://fr.wikipedia.org/wiki/Alison Wright (actrice),Article \u00e0 illustrer Personnalit\u00e9 du cin\u00e9ma
Nicol Gastaldi,https://fr.wikipedia.org/?curid=14017797,https://fr.wikipedia.org/wiki/Nicol Gastaldi,Wikip\u00e9dia:\u00e9bauche ski alpin
Shaama Sandooyea,https://fr.wikipedia.org/?curid=14018033,https://fr.wikipedia.org/wiki/Shaama Sandooyea,Wikip\u00e9dia:\u00e9bauche environnement
Barbora Luk\u00e1\u010dov\u00e1,https://fr.wikipedia.org/?curid=14019032,https://fr.wikipedia.org/wiki/Barbora Luk\u00e1\u010dov\u00e1,Wikip\u00e9dia:\u00e9bauche ski alpin
Urt\u0117 \u010ci\u017eauskait\u0117,https://fr.wikipedia.org/?curid=14070128,https://fr.wikipedia.org/wiki/Urt\u0117 \u010ci\u017eauskait\u0117,Article orphelin depuis ao\u00fbt 2023
Sharon Beck,https://fr.wikipedia.org/?curid=15346071,https://fr.wikipedia.org/wiki/Sharon Beck,Page utilisant P27
Mariela Coronel,https://fr.wikipedia.org/?curid=15347578,https://fr.wikipedia.org/wiki/Mariela Coronel,Page utilisant P27
Florencia Bonsegundo,https://fr.wikipedia.org/?curid=15347628,https://fr.wikipedia.org/wiki/Florencia Bonsegundo,Article utilisant une Infobox
Mar\u00eda Bel\u00e9n Potassa,https://fr.wikipedia.org/?curid=15347784,https://fr.wikipedia.org/wiki/Mar\u00eda Bel\u00e9n Potassa,Page utilisant P27
Kim Carroll,https://fr.wikipedia.org/?curid=15349097,https://fr.wikipedia.org/wiki/Kim Carroll,Page utilisant P27
Larissa Crummer,https://fr.wikipedia.org/?curid=15348580,https://fr.wikipedia.org/wiki/Larissa Crummer,Page utilisant P27
Flowers (chanson de Miley Cyrus),https://fr.wikipedia.org/?curid=15422665,https://fr.wikipedia.org/wiki/Flowers (chanson de Miley Cyrus),Article utilisant une Infobox
Sonja O'Hara,https://fr.wikipedia.org/?curid=15421137,https://fr.wikipedia.org/wiki/Sonja O'Hara,Page utilisant P569
Honor\u00e9 de Balzac,https://fr.wikipedia.org/?curid=1536890,https://fr.wikipedia.org/wiki/Honor\u00e9 de Balzac,Page utilisant P569
Sae It\u014d,https://fr.wikipedia.org/?curid=15375410,https://fr.wikipedia.org/wiki/Sae It\u014d,Page utilisant P569
Naomi Akakpo,https://fr.wikipedia.org/?curid=15387911,https://fr.wikipedia.org/wiki/Naomi Akakpo,Article utilisant une Infobox
Anouck Errard,https://fr.wikipedia.org/?curid=15433610,https://fr.wikipedia.org/wiki/Anouck Errard,Article \u00e0 illustrer Sportif
Maren Kirkeeide,https://fr.wikipedia.org/?curid=15431366,https://fr.wikipedia.org/wiki/Maren Kirkeeide,Article \u00e0 illustrer Sportif
Stefanie Grob,https://fr.wikipedia.org/?curid=15434168,https://fr.wikipedia.org/wiki/Stefanie Grob,Wikip\u00e9dia:\u00e9bauche sportif suisse
Lisa-Marie Allen,https://fr.wikipedia.org/?curid=15434638,https://fr.wikipedia.org/wiki/Lisa-Marie Allen,Page utilisant P569
Ha Yoon-kyung,https://fr.wikipedia.org/?curid=15345274,https://fr.wikipedia.org/wiki/Ha Yoon-kyung,Page utilisant P569
Cecilia Bartoli,https://fr.wikipedia.org/?curid=153453,https://fr.wikipedia.org/wiki/Cecilia Bartoli,Article utilisant une Infobox
Nadia Van Dyne,https://fr.wikipedia.org/?curid=15368468,https://fr.wikipedia.org/wiki/Nadia Van Dyne,Article utilisant une Infobox
Falaq Naaz,https://fr.wikipedia.org/?curid=15368595,https://fr.wikipedia.org/wiki/Falaq Naaz,Page utilisant P569
Filmographie de Charlie Chaplin,https://fr.wikipedia.org/?curid=1537112,https://fr.wikipedia.org/wiki/Filmographie de Charlie Chaplin,Portail:Cin\u00e9ma am\u00e9ricain/Articles li\u00e9s
Evelina Nikolova,https://fr.wikipedia.org/?curid=15371320,https://fr.wikipedia.org/wiki/Evelina Nikolova,Page utilisant P569
Kim Kalicki,https://fr.wikipedia.org/?curid=15333211,https://fr.wikipedia.org/wiki/Kim Kalicki,Wikip\u00e9dia:\u00e9bauche bobsleigh
Cynthia Appiah,https://fr.wikipedia.org/?curid=15333290,https://fr.wikipedia.org/wiki/Cynthia Appiah,Wikip\u00e9dia:\u00e9bauche bobsleigh
Hulleah Tsinhnahjinnie,https://fr.wikipedia.org/?curid=15427267,https://fr.wikipedia.org/wiki/Hulleah Tsinhnahjinnie,Article \u00e0 wikifier depuis janvier 2023
Matilde Vitillo,https://fr.wikipedia.org/?curid=15331184,https://fr.wikipedia.org/wiki/Matilde Vitillo,Page utilisant P569
Jone Laspiur,https://fr.wikipedia.org/?curid=15400901,https://fr.wikipedia.org/wiki/Jone Laspiur,Page utilisant P569
Muni Long,https://fr.wikipedia.org/?curid=15459965,https://fr.wikipedia.org/wiki/Muni Long,Article utilisant une Infobox
Ginoue Mond\u00e9sir,https://fr.wikipedia.org/?curid=15459972,https://fr.wikipedia.org/wiki/Ginoue Mond\u00e9sir,Article orphelin depuis f\u00e9vrier 2023
Sharifa Davronova,https://fr.wikipedia.org/?curid=15460119,https://fr.wikipedia.org/wiki/Sharifa Davronova,Wikip\u00e9dia:\u00e9bauche athl\u00e8te ouzbek
Mayu Nasu,https://fr.wikipedia.org/?curid=15505958,https://fr.wikipedia.org/wiki/Mayu Nasu,Article \u00e0 illustrer Athl\u00e8te
Lindsay Morse,https://fr.wikipedia.org/?curid=1550609,https://fr.wikipedia.org/wiki/Lindsay Morse,Article \u00e0 illustrer Joueur de tennis
Liste des m\u00e9daill\u00e9s aux Jeux olympiques d'\u00e9t\u00e9 de 2024,https://fr.wikipedia.org/?curid=15520744,https://fr.wikipedia.org/wiki/Liste des m\u00e9daill\u00e9s aux Jeux olympiques d'\u00e9t\u00e9 de 2024,Article avec une section vide ou incompl\u00e8te
Fatima Bara,https://fr.wikipedia.org/?curid=15692194,https://fr.wikipedia.org/wiki/Fatima Bara,Article \u00e0 illustrer Footballeur
Nguy\u1ec5n Th\u1ecb Thanh Nh\u00e3,https://fr.wikipedia.org/?curid=15690289,https://fr.wikipedia.org/wiki/Nguy\u1ec5n Th\u1ecb Thanh Nh\u00e3,Wikip\u00e9dia:\u00e9bauche footballeuse vietnamienne
Marion Delespierre,https://fr.wikipedia.org/?curid=15691575,https://fr.wikipedia.org/wiki/Marion Delespierre,Article \u00e0 illustrer Athl\u00e8te
Lina Mittner,https://fr.wikipedia.org/?curid=15686478,https://fr.wikipedia.org/wiki/Lina Mittner,Wikip\u00e9dia:\u00e9bauche ski alpin
Cl\u00e9mentine Geoffray,https://fr.wikipedia.org/?curid=15690059,https://fr.wikipedia.org/wiki/Cl\u00e9mentine Geoffray,Article \u00e0 illustrer Athl\u00e8te
Hella Kovac,https://fr.wikipedia.org/?curid=1568871,https://fr.wikipedia.org/wiki/Hella Kovac,Wikip\u00e9dia:\u00e9bauche tennis
Ruth Mix,https://fr.wikipedia.org/?curid=15653572,https://fr.wikipedia.org/wiki/Ruth Mix,Page utilisant P569
Sounkamba Sylla,https://fr.wikipedia.org/?curid=15653458,https://fr.wikipedia.org/wiki/Sounkamba Sylla,Wikip\u00e9dia:\u00e9bauche athl\u00e8te fran\u00e7ais
Delia Matache,https://fr.wikipedia.org/?curid=15650135,https://fr.wikipedia.org/wiki/Delia Matache,Article utilisant une Infobox
Kiki Mordi,https://fr.wikipedia.org/?curid=15651859,https://fr.wikipedia.org/wiki/Kiki Mordi,Page utilisant P569
Ingrid L\u00f6fdahl,https://fr.wikipedia.org/?curid=15651261,https://fr.wikipedia.org/wiki/Ingrid L\u00f6fdahl,Wikip\u00e9dia:\u00e9bauche tennis
Jean-Christophe Guinchard,https://fr.wikipedia.org/?curid=15651367,https://fr.wikipedia.org/wiki/Jean-Christophe Guinchard,Page utilisant P569
Katya Arag\u00e3o,https://fr.wikipedia.org/?curid=15662683,https://fr.wikipedia.org/wiki/Katya Arag\u00e3o,Page utilisant P569
Allison Fisher,https://fr.wikipedia.org/?curid=15658293,https://fr.wikipedia.org/wiki/Allison Fisher,Wikip\u00e9dia:\u00e9bauche snooker
Lucia Valerio,https://fr.wikipedia.org/?curid=1567771,https://fr.wikipedia.org/wiki/Lucia Valerio,Article utilisant une Infobox
Pierre-Antoine Baele,https://fr.wikipedia.org/?curid=15677749,https://fr.wikipedia.org/wiki/Pierre-Antoine Baele,Admissibilit\u00e9 \u00e0 v\u00e9rifier depuis juin 2023
Ida Adamoff,https://fr.wikipedia.org/?curid=1567785,https://fr.wikipedia.org/wiki/Ida Adamoff,Article utilisant une Infobox
Mari Hanafusa,https://fr.wikipedia.org/?curid=15676214,https://fr.wikipedia.org/wiki/Mari Hanafusa,Page utilisant P106
Ateyyat Al-Abnoudy,https://fr.wikipedia.org/?curid=15637997,https://fr.wikipedia.org/wiki/Ateyyat Al-Abnoudy,Article \u00e0 wikifier depuis mai 2023
Benjamin Laplace,https://fr.wikipedia.org/?curid=15682815,https://fr.wikipedia.org/wiki/Benjamin Laplace,Article utilisant une Infobox
Saki Niizoe,https://fr.wikipedia.org/?curid=15640308,https://fr.wikipedia.org/wiki/Saki Niizoe,Wikip\u00e9dia:\u00e9bauche sportif japonais
Le\u00efla Lacan,https://fr.wikipedia.org/?curid=15670726,https://fr.wikipedia.org/wiki/Le\u00efla Lacan,Wikip\u00e9dia:\u00e9bauche basket-ball
Taleesa,https://fr.wikipedia.org/?curid=15665523,https://fr.wikipedia.org/wiki/Taleesa,Article utilisant une Infobox
Gloria Lynne,https://fr.wikipedia.org/?curid=15673081,https://fr.wikipedia.org/wiki/Gloria Lynne,Article utilisant une Infobox
Mar\u00eda Eugenia Guzm\u00e1n,https://fr.wikipedia.org/?curid=1563522,https://fr.wikipedia.org/wiki/Mar\u00eda Eugenia Guzm\u00e1n,Article \u00e0 illustrer Joueur de tennis
Hilda Baci,https://fr.wikipedia.org/?curid=15647615,https://fr.wikipedia.org/wiki/Hilda Baci,Page utilisant P569
Ackelia Smith,https://fr.wikipedia.org/?curid=15646923,https://fr.wikipedia.org/wiki/Ackelia Smith,Wikip\u00e9dia:\u00e9bauche athl\u00e8te jama\u00efcain
Landie Greyling,https://fr.wikipedia.org/?curid=15641320,https://fr.wikipedia.org/wiki/Landie Greyling,Article \u00e0 illustrer Athl\u00e8te
Liste des \u00e9pouses et compagnes des pr\u00e9sidents de la R\u00e9publique de Guin\u00e9e-Bissau,https://fr.wikipedia.org/?curid=15703959,https://fr.wikipedia.org/wiki/Liste des \u00e9pouses et compagnes des pr\u00e9sidents de la R\u00e9publique de Guin\u00e9e-Bissau,Article manquant de r\u00e9f\u00e9rences depuis juin 2023
Katharina Hartmuth,https://fr.wikipedia.org/?curid=15703085,https://fr.wikipedia.org/wiki/Katharina Hartmuth,Article \u00e0 illustrer Athl\u00e8te
Yvonne Wright (paroli\u00e8re),https://fr.wikipedia.org/?curid=15709968,https://fr.wikipedia.org/wiki/Yvonne Wright (paroli\u00e8re),Article utilisant une Infobox
Michelle Setlakwe,https://fr.wikipedia.org/?curid=15699321,https://fr.wikipedia.org/wiki/Michelle Setlakwe,Article \u00e0 illustrer Personnalit\u00e9 politique
Heather Payne,https://fr.wikipedia.org/?curid=15716483,https://fr.wikipedia.org/wiki/Heather Payne,Wikip\u00e9dia:\u00e9bauche footballeuse irlandaise
