Name,URL1,URL2,First Category
Barbara Rittner,https://fr.wikipedia.org/?curid=908955,https://fr.wikipedia.org/wiki/Barbara Rittner,Article utilisant une Infobox
Jo\u00e3o Silva (triathlon),https://fr.wikipedia.org/?curid=9085624,https://fr.wikipedia.org/wiki/Jo\u00e3o Silva (triathlon),Article utilisant une Infobox
Fatiha Ouali,https://fr.wikipedia.org/?curid=9085831,https://fr.wikipedia.org/wiki/Fatiha Ouali,Wikip\u00e9dia:\u00e9bauche athl\u00e8te fran\u00e7ais
Elna Reinach,https://fr.wikipedia.org/?curid=909048,https://fr.wikipedia.org/wiki/Elna Reinach,Article \u00e0 illustrer Joueur de tennis
Martine Duvivier,https://fr.wikipedia.org/?curid=9092508,https://fr.wikipedia.org/wiki/Martine Duvivier,Wikip\u00e9dia:\u00e9bauche athl\u00e8te fran\u00e7ais
Annie Aliz\u00e9,https://fr.wikipedia.org/?curid=9092556,https://fr.wikipedia.org/wiki/Annie Aliz\u00e9,Wikip\u00e9dia:\u00e9bauche athl\u00e8te fran\u00e7ais
Marie-France Loval,https://fr.wikipedia.org/?curid=9092594,https://fr.wikipedia.org/wiki/Marie-France Loval,Wikip\u00e9dia:\u00e9bauche athl\u00e8te fran\u00e7ais
Chantal Beaugeant,https://fr.wikipedia.org/?curid=9104842,https://fr.wikipedia.org/wiki/Chantal Beaugeant,Wikip\u00e9dia:\u00e9bauche athl\u00e8te fran\u00e7ais
Mia Khalifa,https://fr.wikipedia.org/?curid=9105390,https://fr.wikipedia.org/wiki/Mia Khalifa,Page en semi-protection longue
Dmitri Polianski,https://fr.wikipedia.org/?curid=9103510,https://fr.wikipedia.org/wiki/Dmitri Polianski,Wikip\u00e9dia:\u00e9bauche triathlon
Isabel Blanco (actrice),https://fr.wikipedia.org/?curid=9102437,https://fr.wikipedia.org/wiki/Isabel Blanco (actrice),Article utilisant une Infobox
Princesses du Portugal,https://fr.wikipedia.org/?curid=9248831,https://fr.wikipedia.org/wiki/Princesses du Portugal,Portail:Monarchie/Articles li\u00e9s
Helen Yao,https://fr.wikipedia.org/?curid=9249748,https://fr.wikipedia.org/wiki/Helen Yao,Page utilisant P569
Claudia Pasquale,https://fr.wikipedia.org/?curid=9252713,https://fr.wikipedia.org/wiki/Claudia Pasquale,Article \u00e0 illustrer Joueur de tennis
Caitlin Snow,https://fr.wikipedia.org/?curid=9255519,https://fr.wikipedia.org/wiki/Caitlin Snow,Article utilisant une Infobox
Mary Elizabeth Winstead,https://fr.wikipedia.org/?curid=925583,https://fr.wikipedia.org/wiki/Mary Elizabeth Winstead,Article contenant un lien mort
Iris Riedel,https://fr.wikipedia.org/?curid=9257736,https://fr.wikipedia.org/wiki/Iris Riedel,Article \u00e0 illustrer Joueur de tennis
Nora Gjakova,https://fr.wikipedia.org/?curid=9258661,https://fr.wikipedia.org/wiki/Nora Gjakova,Wikip\u00e9dia:\u00e9bauche judo
Mar\u00eda Belibas\u00e1ki,https://fr.wikipedia.org/?curid=9243408,https://fr.wikipedia.org/wiki/Mar\u00eda Belibas\u00e1ki,Wikip\u00e9dia:\u00e9bauche athl\u00e8te grec
J\u00e9r\u00e9my Jurkiewicz,https://fr.wikipedia.org/?curid=9239876,https://fr.wikipedia.org/wiki/J\u00e9r\u00e9my Jurkiewicz,Article utilisant une Infobox
Femke Pluim,https://fr.wikipedia.org/?curid=9239927,https://fr.wikipedia.org/wiki/Femke Pluim,Wikip\u00e9dia:\u00e9bauche athl\u00e8te n\u00e9erlandais
Candace Hill,https://fr.wikipedia.org/?curid=9229471,https://fr.wikipedia.org/wiki/Candace Hill,Wikip\u00e9dia:\u00e9bauche athl\u00e8te am\u00e9ricain
Sanna K\u00e4m\u00e4r\u00e4inen,https://fr.wikipedia.org/?curid=9229684,https://fr.wikipedia.org/wiki/Sanna K\u00e4m\u00e4r\u00e4inen,Wikip\u00e9dia:\u00e9bauche athl\u00e8te finlandais
Andressa de Morais,https://fr.wikipedia.org/?curid=9226245,https://fr.wikipedia.org/wiki/Andressa de Morais,Wikip\u00e9dia:\u00e9bauche athl\u00e8te br\u00e9silien
In\u00e9s Melchor,https://fr.wikipedia.org/?curid=9226331,https://fr.wikipedia.org/wiki/In\u00e9s Melchor,Wikip\u00e9dia:\u00e9bauche athl\u00e8te p\u00e9ruvien
Muriel Coneo,https://fr.wikipedia.org/?curid=9226344,https://fr.wikipedia.org/wiki/Muriel Coneo,Wikip\u00e9dia:\u00e9bauche athl\u00e8te colombien
Jade Johnson,https://fr.wikipedia.org/?curid=9226182,https://fr.wikipedia.org/wiki/Jade Johnson,Wikip\u00e9dia:\u00e9bauche athl\u00e8te britannique
Nadine Visser,https://fr.wikipedia.org/?curid=9240544,https://fr.wikipedia.org/wiki/Nadine Visser,Article utilisant une Infobox
Lisa Gornick,https://fr.wikipedia.org/?curid=9244256,https://fr.wikipedia.org/wiki/Lisa Gornick,Wikip\u00e9dia:\u00e9bauche producteur de cin\u00e9ma
Ana Dabovi\u0107,https://fr.wikipedia.org/?curid=9244314,https://fr.wikipedia.org/wiki/Ana Dabovi\u0107,Article utilisant une Infobox
Emma Jackson,https://fr.wikipedia.org/?curid=9244342,https://fr.wikipedia.org/wiki/Emma Jackson,Article utilisant une Infobox
Kim Wilde,https://fr.wikipedia.org/?curid=924578,https://fr.wikipedia.org/wiki/Kim Wilde,Article manquant de r\u00e9f\u00e9rences depuis mars 2008
Jasmine Todd,https://fr.wikipedia.org/?curid=9246000,https://fr.wikipedia.org/wiki/Jasmine Todd,Wikip\u00e9dia:\u00e9bauche athl\u00e8te am\u00e9ricain
GUY (chanson),https://fr.wikipedia.org/?curid=9244588,https://fr.wikipedia.org/wiki/GUY (chanson),Article utilisant une Infobox
Phyllis Francis,https://fr.wikipedia.org/?curid=9244689,https://fr.wikipedia.org/wiki/Phyllis Francis,Article utilisant une Infobox
Nektar\u00eda Panay\u00ed,https://fr.wikipedia.org/?curid=9244993,https://fr.wikipedia.org/wiki/Nektar\u00eda Panay\u00ed,Wikip\u00e9dia:\u00e9bauche athl\u00e8te
Belinda Granger,https://fr.wikipedia.org/?curid=9245233,https://fr.wikipedia.org/wiki/Belinda Granger,Article utilisant une Infobox
Ram\u00f3na Papa\u00efo\u00e1nnou,https://fr.wikipedia.org/?curid=9245500,https://fr.wikipedia.org/wiki/Ram\u00f3na Papa\u00efo\u00e1nnou,Wikip\u00e9dia:\u00e9bauche athl\u00e8te
Markus Fachbach,https://fr.wikipedia.org/?curid=9220829,https://fr.wikipedia.org/wiki/Markus Fachbach,Article utilisant une Infobox
Katarzyna Niewiadoma,https://fr.wikipedia.org/?curid=9238204,https://fr.wikipedia.org/wiki/Katarzyna Niewiadoma,Page utilisant P1813
Jill Latiano,https://fr.wikipedia.org/?curid=9233972,https://fr.wikipedia.org/wiki/Jill Latiano,Article \u00e0 illustrer Personnalit\u00e9 du cin\u00e9ma
Kristin Gierisch,https://fr.wikipedia.org/?curid=9234085,https://fr.wikipedia.org/wiki/Kristin Gierisch,Article utilisant une Infobox
Erika Kinsey,https://fr.wikipedia.org/?curid=9234240,https://fr.wikipedia.org/wiki/Erika Kinsey,Article utilisant une Infobox
Elina Danielian,https://fr.wikipedia.org/?curid=9234930,https://fr.wikipedia.org/wiki/Elina Danielian,Page utilisant P569
Melanie Leupolz,https://fr.wikipedia.org/?curid=9230154,https://fr.wikipedia.org/wiki/Melanie Leupolz,Wikip\u00e9dia:\u00e9bauche footballeuse allemande
D\u00e9borah Sananes,https://fr.wikipedia.org/?curid=9230918,https://fr.wikipedia.org/wiki/D\u00e9borah Sananes,Article utilisant une Infobox
Mariya Mikhailyuk,https://fr.wikipedia.org/?curid=9230950,https://fr.wikipedia.org/wiki/Mariya Mikhailyuk,Wikip\u00e9dia:\u00e9bauche athl\u00e8te russe
Avril Lavigne,https://fr.wikipedia.org/?curid=87423,https://fr.wikipedia.org/wiki/Avril Lavigne,Page utilisant P569
Kaori Iwabuchi,https://fr.wikipedia.org/?curid=8780164,https://fr.wikipedia.org/wiki/Kaori Iwabuchi,Wikip\u00e9dia:\u00e9bauche saut \u00e0 ski
Alevtina Tanygina,https://fr.wikipedia.org/?curid=8780339,https://fr.wikipedia.org/wiki/Alevtina Tanygina,Wikip\u00e9dia:\u00e9bauche ski de fond
Marguerite Tiste,https://fr.wikipedia.org/?curid=8792168,https://fr.wikipedia.org/wiki/Marguerite Tiste,Page utilisant P551
Helen Jenkins,https://fr.wikipedia.org/?curid=8793358,https://fr.wikipedia.org/wiki/Helen Jenkins,Article utilisant une Infobox
Shanne Braspennincx,https://fr.wikipedia.org/?curid=8790818,https://fr.wikipedia.org/wiki/Shanne Braspennincx,Page utilisant P569
Les Grandes Gueules,https://fr.wikipedia.org/?curid=87928,https://fr.wikipedia.org/wiki/Les Grandes Gueules,Article utilisant une Infobox
Caitlin Gregg,https://fr.wikipedia.org/?curid=8793134,https://fr.wikipedia.org/wiki/Caitlin Gregg,Wikip\u00e9dia:\u00e9bauche ski de fond
Daria Shmeleva,https://fr.wikipedia.org/?curid=8790891,https://fr.wikipedia.org/wiki/Daria Shmeleva,Page utilisant P1477
Scott Tinley,https://fr.wikipedia.org/?curid=8791677,https://fr.wikipedia.org/wiki/Scott Tinley,Article utilisant une Infobox
Paul\u00edna Fialkov\u00e1,https://fr.wikipedia.org/?curid=8754962,https://fr.wikipedia.org/wiki/Paul\u00edna Fialkov\u00e1,Wikip\u00e9dia:\u00e9bauche biathlon
Daniel Unger,https://fr.wikipedia.org/?curid=8748431,https://fr.wikipedia.org/wiki/Daniel Unger,Article utilisant une Infobox
Lee Hyori,https://fr.wikipedia.org/?curid=874143,https://fr.wikipedia.org/wiki/Lee Hyori,Article utilisant une Infobox
Yvonne van Vlerken,https://fr.wikipedia.org/?curid=8750539,https://fr.wikipedia.org/wiki/Yvonne van Vlerken,Article utilisant une Infobox
Juliane Seyfarth,https://fr.wikipedia.org/?curid=8743813,https://fr.wikipedia.org/wiki/Juliane Seyfarth,Wikip\u00e9dia:\u00e9bauche saut \u00e0 ski
Vera Dushevina,https://fr.wikipedia.org/?curid=873487,https://fr.wikipedia.org/wiki/Vera Dushevina,Article utilisant une Infobox
Malwina Smarzek,https://fr.wikipedia.org/?curid=8735208,https://fr.wikipedia.org/wiki/Malwina Smarzek,Article utilisant une Infobox
Anna Karol\u00edna Schmiedlov\u00e1,https://fr.wikipedia.org/?curid=8788229,https://fr.wikipedia.org/wiki/Anna Karol\u00edna Schmiedlov\u00e1,Article utilisant une Infobox
Ysaline Bonaventure,https://fr.wikipedia.org/?curid=8787540,https://fr.wikipedia.org/wiki/Ysaline Bonaventure,Article utilisant une Infobox
Rebecca Peterson,https://fr.wikipedia.org/?curid=8787574,https://fr.wikipedia.org/wiki/Rebecca Peterson,Article utilisant une Infobox
Iryna Petrenko,https://fr.wikipedia.org/?curid=8752094,https://fr.wikipedia.org/wiki/Iryna Petrenko,Wikip\u00e9dia:\u00e9bauche biathlon
Karen Smyers,https://fr.wikipedia.org/?curid=8763922,https://fr.wikipedia.org/wiki/Karen Smyers,Wikip\u00e9dia:\u00e9bauche triathlon
Lyn Lemaire,https://fr.wikipedia.org/?curid=8766010,https://fr.wikipedia.org/wiki/Lyn Lemaire,Article \u00e0 illustrer Sportif
Greg Welch,https://fr.wikipedia.org/?curid=8764773,https://fr.wikipedia.org/wiki/Greg Welch,Article \u00e0 illustrer Sportif
Normann Stadler,https://fr.wikipedia.org/?curid=8773898,https://fr.wikipedia.org/wiki/Normann Stadler,Article utilisant une Infobox
Lindsey Middleton,https://fr.wikipedia.org/?curid=8756701,https://fr.wikipedia.org/wiki/Lindsey Middleton,Article utilisant une Infobox
Hinata Sat\u014d,https://fr.wikipedia.org/?curid=8756382,https://fr.wikipedia.org/wiki/Hinata Sat\u014d,Article utilisant une Infobox
Margot Bailet,https://fr.wikipedia.org/?curid=8756384,https://fr.wikipedia.org/wiki/Margot Bailet,Article utilisant une Infobox
Heather Fuhr,https://fr.wikipedia.org/?curid=8758501,https://fr.wikipedia.org/wiki/Heather Fuhr,Article utilisant une Infobox
Caitlynne Medrek,https://fr.wikipedia.org/?curid=8758901,https://fr.wikipedia.org/wiki/Caitlynne Medrek,Article \u00e0 illustrer Personnalit\u00e9 du cin\u00e9ma
Rebecca Wiasak,https://fr.wikipedia.org/?curid=8785841,https://fr.wikipedia.org/wiki/Rebecca Wiasak,Page utilisant P569
Gemma Forsyth,https://fr.wikipedia.org/?curid=8782050,https://fr.wikipedia.org/wiki/Gemma Forsyth,Article utilisant une Infobox
Monika Szcz\u0119sna,https://fr.wikipedia.org/?curid=8842461,https://fr.wikipedia.org/wiki/Monika Szcz\u0119sna,Wikip\u00e9dia:\u00e9bauche athl\u00e8te polonais
Sarah Abitbol,https://fr.wikipedia.org/?curid=884247,https://fr.wikipedia.org/wiki/Sarah Abitbol,Article utilisant une Infobox
Romina Oprandi,https://fr.wikipedia.org/?curid=885671,https://fr.wikipedia.org/wiki/Romina Oprandi,Article utilisant une Infobox
Marta Bassino,https://fr.wikipedia.org/?curid=8856713,https://fr.wikipedia.org/wiki/Marta Bassino,Wikip\u00e9dia:\u00e9bauche ski alpin
Polina Gagarina,https://fr.wikipedia.org/?curid=8857165,https://fr.wikipedia.org/wiki/Polina Gagarina,Wikip\u00e9dia:\u00e9bauche chanteur russe
Alycia Debnam-Carey,https://fr.wikipedia.org/?curid=8857380,https://fr.wikipedia.org/wiki/Alycia Debnam-Carey,Article contenant un lien mort
Bella Bayliss,https://fr.wikipedia.org/?curid=8854860,https://fr.wikipedia.org/wiki/Bella Bayliss,Article utilisant une Infobox
Paul Amey,https://fr.wikipedia.org/?curid=8852914,https://fr.wikipedia.org/wiki/Paul Amey,Wikip\u00e9dia:\u00e9bauche triathl\u00e8te
Lisa Vittozzi,https://fr.wikipedia.org/?curid=8854537,https://fr.wikipedia.org/wiki/Lisa Vittozzi,Article utilisant une Infobox
Kathrine Harsem,https://fr.wikipedia.org/?curid=8856483,https://fr.wikipedia.org/wiki/Kathrine Harsem,Wikip\u00e9dia:\u00e9bauche ski de fond
Els Callens,https://fr.wikipedia.org/?curid=885659,https://fr.wikipedia.org/wiki/Els Callens,Article utilisant une Infobox
Victoria Carl,https://fr.wikipedia.org/?curid=8742168,https://fr.wikipedia.org/wiki/Victoria Carl,Wikip\u00e9dia:\u00e9bauche sportif allemand
Eva Pinkelnig,https://fr.wikipedia.org/?curid=8860189,https://fr.wikipedia.org/wiki/Eva Pinkelnig,Article utilisant une Infobox
Alejandra Garc\u00eda,https://fr.wikipedia.org/?curid=8827284,https://fr.wikipedia.org/wiki/Alejandra Garc\u00eda,Article utilisant une Infobox
Anna Chakvetadze,https://fr.wikipedia.org/?curid=884255,https://fr.wikipedia.org/wiki/Anna Chakvetadze,Article utilisant une Infobox
Robin Beck (triathlon),https://fr.wikipedia.org/?curid=8831723,https://fr.wikipedia.org/wiki/Robin Beck (triathlon),Wikip\u00e9dia:\u00e9bauche triathl\u00e8te
Linda Sweeney,https://fr.wikipedia.org/?curid=8831747,https://fr.wikipedia.org/wiki/Linda Sweeney,Article \u00e0 illustrer Sportif
Katy Sexton,https://fr.wikipedia.org/?curid=8832888,https://fr.wikipedia.org/wiki/Katy Sexton,Wikip\u00e9dia:\u00e9bauche natation
Kathleen McCartney Hearst,https://fr.wikipedia.org/?curid=8837559,https://fr.wikipedia.org/wiki/Kathleen McCartney Hearst,Wikip\u00e9dia:\u00e9bauche triathlon
Sa\u00efda El Mehdi,https://fr.wikipedia.org/?curid=8816996,https://fr.wikipedia.org/wiki/Sa\u00efda El Mehdi,Wikip\u00e9dia:\u00e9bauche athl\u00e8te marocain
Asmae Leghzaoui,https://fr.wikipedia.org/?curid=8817046,https://fr.wikipedia.org/wiki/Asmae Leghzaoui,Wikip\u00e9dia:\u00e9bauche athl\u00e8te marocain
Jackie Fairweather,https://fr.wikipedia.org/?curid=8818472,https://fr.wikipedia.org/wiki/Jackie Fairweather,Article \u00e0 illustrer Sportif
Mon roi,https://fr.wikipedia.org/?curid=8816100,https://fr.wikipedia.org/wiki/Mon roi,Article utilisant une Infobox
Alyssa Thomas,https://fr.wikipedia.org/?curid=8814581,https://fr.wikipedia.org/wiki/Alyssa Thomas,Article utilisant une Infobox
Barbara Lindquist,https://fr.wikipedia.org/?curid=8819556,https://fr.wikipedia.org/wiki/Barbara Lindquist,Wikip\u00e9dia:\u00e9bauche triathlon
\u00darsula Ruiz,https://fr.wikipedia.org/?curid=8825361,https://fr.wikipedia.org/wiki/\u00darsula Ruiz,Wikip\u00e9dia:\u00e9bauche athl\u00e8te espagnol
Thomas Hellriegel,https://fr.wikipedia.org/?curid=8824542,https://fr.wikipedia.org/wiki/Thomas Hellriegel,Wikip\u00e9dia:\u00e9bauche triathl\u00e8te
Tom Warren,https://fr.wikipedia.org/?curid=8822027,https://fr.wikipedia.org/wiki/Tom Warren,Article \u00e0 illustrer Sportif
Joanne King (triathlon),https://fr.wikipedia.org/?curid=8821473,https://fr.wikipedia.org/wiki/Joanne King (triathlon),Wikip\u00e9dia:\u00e9bauche triathl\u00e8te
Scott Molina,https://fr.wikipedia.org/?curid=8823974,https://fr.wikipedia.org/wiki/Scott Molina,Article \u00e0 illustrer Sportif
Nicole Hackett,https://fr.wikipedia.org/?curid=8822514,https://fr.wikipedia.org/wiki/Nicole Hackett,Wikip\u00e9dia:\u00e9bauche triathl\u00e8te
Pete Jacobs (triathlon),https://fr.wikipedia.org/?curid=8801061,https://fr.wikipedia.org/wiki/Pete Jacobs (triathlon),Article \u00e0 illustrer Sportif
"Elle (film, 2016)",https://fr.wikipedia.org/?curid=8811165,"https://fr.wikipedia.org/wiki/Elle (film, 2016)",Article contenant un lien mort
Mike Pigg,https://fr.wikipedia.org/?curid=8828156,https://fr.wikipedia.org/wiki/Mike Pigg,Wikip\u00e9dia:\u00e9bauche triathlon
Virginia Berasategui,https://fr.wikipedia.org/?curid=8828407,https://fr.wikipedia.org/wiki/Virginia Berasategui,Article utilisant une Infobox
Anne-Elizabeth Stone,https://fr.wikipedia.org/?curid=8828571,https://fr.wikipedia.org/wiki/Anne-Elizabeth Stone,Article utilisant une Infobox
Maureen Koster,https://fr.wikipedia.org/?curid=8830551,https://fr.wikipedia.org/wiki/Maureen Koster,Wikip\u00e9dia:\u00e9bauche athl\u00e8te n\u00e9erlandais
Seren Bundy-Davies,https://fr.wikipedia.org/?curid=8830565,https://fr.wikipedia.org/wiki/Seren Bundy-Davies,Wikip\u00e9dia:\u00e9bauche athl\u00e8te britannique
Reto Hug,https://fr.wikipedia.org/?curid=8830675,https://fr.wikipedia.org/wiki/Reto Hug,Article \u00e0 illustrer Sportif
Jessica Barth,https://fr.wikipedia.org/?curid=8830716,https://fr.wikipedia.org/wiki/Jessica Barth,Article contenant un lien mort
Spencer Smith (triathlon),https://fr.wikipedia.org/?curid=8830736,https://fr.wikipedia.org/wiki/Spencer Smith (triathlon),Article \u00e0 illustrer Sportif
Leandro Macedo,https://fr.wikipedia.org/?curid=8830866,https://fr.wikipedia.org/wiki/Leandro Macedo,Wikip\u00e9dia:\u00e9bauche triathl\u00e8te
Patty Chang,https://fr.wikipedia.org/?curid=8829705,https://fr.wikipedia.org/wiki/Patty Chang,Page utilisant P569
Andrea Hewitt,https://fr.wikipedia.org/?curid=8827618,https://fr.wikipedia.org/wiki/Andrea Hewitt,Article utilisant une Infobox
Lucy Hatton,https://fr.wikipedia.org/?curid=8827957,https://fr.wikipedia.org/wiki/Lucy Hatton,Wikip\u00e9dia:\u00e9bauche athl\u00e8te britannique
Mario Mola,https://fr.wikipedia.org/?curid=8804156,https://fr.wikipedia.org/wiki/Mario Mola,Article utilisant une Infobox
Madara L\u012bduma,https://fr.wikipedia.org/?curid=8807349,https://fr.wikipedia.org/wiki/Madara L\u012bduma,Wikip\u00e9dia:\u00e9bauche biathlon
Marlene Favela,https://fr.wikipedia.org/?curid=929598,https://fr.wikipedia.org/wiki/Marlene Favela,Wikip\u00e9dia:\u00e9bauche acteur mexicain
Vicky Holland,https://fr.wikipedia.org/?curid=9280156,https://fr.wikipedia.org/wiki/Vicky Holland,Article utilisant une Infobox
Nadia Prasad,https://fr.wikipedia.org/?curid=9266691,https://fr.wikipedia.org/wiki/Nadia Prasad,Wikip\u00e9dia:\u00e9bauche athl\u00e8te fran\u00e7ais
H\u00e9l\u00e8ne Huart,https://fr.wikipedia.org/?curid=9266750,https://fr.wikipedia.org/wiki/H\u00e9l\u00e8ne Huart,Wikip\u00e9dia:\u00e9bauche athl\u00e8te fran\u00e7ais
Monika Fiafialoto,https://fr.wikipedia.org/?curid=9266765,https://fr.wikipedia.org/wiki/Monika Fiafialoto,Wikip\u00e9dia:\u00e9bauche athl\u00e8te fran\u00e7ais
Claudie Cuvelier,https://fr.wikipedia.org/?curid=9266867,https://fr.wikipedia.org/wiki/Claudie Cuvelier,Article \u00e0 illustrer Athl\u00e8te
Mich\u00e8le Demys,https://fr.wikipedia.org/?curid=9266884,https://fr.wikipedia.org/wiki/Mich\u00e8le Demys,Wikip\u00e9dia:\u00e9bauche athl\u00e8te fran\u00e7ais
Miss Peregrine et les Enfants particuliers (film),https://fr.wikipedia.org/?curid=9296455,https://fr.wikipedia.org/wiki/Miss Peregrine et les Enfants particuliers (film),Article utilisant une Infobox
Vincent Delebarre,https://fr.wikipedia.org/?curid=9296627,https://fr.wikipedia.org/wiki/Vincent Delebarre,Wikip\u00e9dia:\u00e9bauche ultra-trail
Christophe Jaquerod,https://fr.wikipedia.org/?curid=9296663,https://fr.wikipedia.org/wiki/Christophe Jaquerod,Wikip\u00e9dia:\u00e9bauche ultra-trail
Winnie Harlow,https://fr.wikipedia.org/?curid=9295039,https://fr.wikipedia.org/wiki/Winnie Harlow,Wikip\u00e9dia:\u00e9bauche mannequin canadien
Ayomide Folorunso,https://fr.wikipedia.org/?curid=9292698,https://fr.wikipedia.org/wiki/Ayomide Folorunso,Wikip\u00e9dia:\u00e9bauche athl\u00e8te italien
Sandrine Champion,https://fr.wikipedia.org/?curid=9273453,https://fr.wikipedia.org/wiki/Sandrine Champion,Wikip\u00e9dia:\u00e9bauche athl\u00e8te fran\u00e7ais
Katherine Plouffe,https://fr.wikipedia.org/?curid=9273493,https://fr.wikipedia.org/wiki/Katherine Plouffe,Article utilisant une Infobox
Crisanto Grajales,https://fr.wikipedia.org/?curid=9300215,https://fr.wikipedia.org/wiki/Crisanto Grajales,Wikip\u00e9dia:\u00e9bauche triathl\u00e8te
Drussyla Costa,https://fr.wikipedia.org/?curid=9303937,https://fr.wikipedia.org/wiki/Drussyla Costa,Article \u00e0 illustrer Joueur de volley-ball
Louise Dambach,https://fr.wikipedia.org/?curid=9300806,https://fr.wikipedia.org/wiki/Louise Dambach,Article \u00e0 illustrer Joueur de basket-ball
Hal Koerner,https://fr.wikipedia.org/?curid=9305940,https://fr.wikipedia.org/wiki/Hal Koerner,Page utilisant P569
Rob Krar,https://fr.wikipedia.org/?curid=9308499,https://fr.wikipedia.org/wiki/Rob Krar,Wikip\u00e9dia:\u00e9bauche ultra-trail
Gediminas Grinius,https://fr.wikipedia.org/?curid=9309310,https://fr.wikipedia.org/wiki/Gediminas Grinius,Page utilisant P569
Bethany Lewis,https://fr.wikipedia.org/?curid=9309852,https://fr.wikipedia.org/wiki/Bethany Lewis,Page utilisant P569
Ali MacGraw,https://fr.wikipedia.org/?curid=930869,https://fr.wikipedia.org/wiki/Ali MacGraw,Article utilisant une Infobox
Lotta Henttala,https://fr.wikipedia.org/?curid=9307835,https://fr.wikipedia.org/wiki/Lotta Henttala,Page utilisant P1448
Pam Smith,https://fr.wikipedia.org/?curid=9313219,https://fr.wikipedia.org/wiki/Pam Smith,Page utilisant P569
Hao Jialu,https://fr.wikipedia.org/?curid=9313425,https://fr.wikipedia.org/wiki/Hao Jialu,Article \u00e0 illustrer Escrimeur
Ashley Monroe,https://fr.wikipedia.org/?curid=9312097,https://fr.wikipedia.org/wiki/Ashley Monroe,Article utilisant une Infobox
Pauline Ranvier,https://fr.wikipedia.org/?curid=9313487,https://fr.wikipedia.org/wiki/Pauline Ranvier,Article utilisant une Infobox
Kimberly Goosen,https://fr.wikipedia.org/?curid=9315280,https://fr.wikipedia.org/wiki/Kimberly Goosen,Page utilisant P569
Darcy Piceu Africa,https://fr.wikipedia.org/?curid=9311477,https://fr.wikipedia.org/wiki/Darcy Piceu Africa,Wikip\u00e9dia:\u00e9bauche ultra-trail
Ainhoa Mur\u00faa,https://fr.wikipedia.org/?curid=9272725,https://fr.wikipedia.org/wiki/Ainhoa Mur\u00faa,Wikip\u00e9dia:\u00e9bauche triathlon
Karsta Lowe,https://fr.wikipedia.org/?curid=9272802,https://fr.wikipedia.org/wiki/Karsta Lowe,Wikip\u00e9dia:\u00e9bauche joueuse am\u00e9ricaine de volley-ball
Maud Gobert,https://fr.wikipedia.org/?curid=9282735,https://fr.wikipedia.org/wiki/Maud Gobert,Wikip\u00e9dia:\u00e9bauche athl\u00e8te fran\u00e7ais
Nathalie Mauclair,https://fr.wikipedia.org/?curid=9282759,https://fr.wikipedia.org/wiki/Nathalie Mauclair,Wikip\u00e9dia:\u00e9bauche ultra-trail
Iris DeMent,https://fr.wikipedia.org/?curid=9283081,https://fr.wikipedia.org/wiki/Iris DeMent,Article utilisant une Infobox
Alexia Bryn,https://fr.wikipedia.org/?curid=9277121,https://fr.wikipedia.org/wiki/Alexia Bryn,Wikip\u00e9dia:\u00e9bauche patinage artistique
Macris Carneiro,https://fr.wikipedia.org/?curid=9280427,https://fr.wikipedia.org/wiki/Macris Carneiro,Article utilisant une Infobox
Anna Bongiorni,https://fr.wikipedia.org/?curid=9281529,https://fr.wikipedia.org/wiki/Anna Bongiorni,Wikip\u00e9dia:\u00e9bauche athl\u00e8te italien
Bina Ramesh,https://fr.wikipedia.org/?curid=9265094,https://fr.wikipedia.org/wiki/Bina Ramesh,Wikip\u00e9dia:\u00e9bauche athl\u00e8te fran\u00e7ais
Annick Lefebvre,https://fr.wikipedia.org/?curid=9265186,https://fr.wikipedia.org/wiki/Annick Lefebvre,Wikip\u00e9dia:\u00e9bauche athl\u00e8te fran\u00e7ais
Liv Westphal,https://fr.wikipedia.org/?curid=9274512,https://fr.wikipedia.org/wiki/Liv Westphal,Article utilisant une Infobox
Rebekka Haase,https://fr.wikipedia.org/?curid=9273883,https://fr.wikipedia.org/wiki/Rebekka Haase,Article utilisant une Infobox
Dovil\u0117 Kilty,https://fr.wikipedia.org/?curid=9273903,https://fr.wikipedia.org/wiki/Dovil\u0117 Kilty,Article utilisant une Infobox
Juri Ide,https://fr.wikipedia.org/?curid=9273958,https://fr.wikipedia.org/wiki/Juri Ide,Wikip\u00e9dia:\u00e9bauche triathl\u00e8te
X\u00e9nia Krizs\u00e1n,https://fr.wikipedia.org/?curid=9273994,https://fr.wikipedia.org/wiki/X\u00e9nia Krizs\u00e1n,Wikip\u00e9dia:\u00e9bauche athl\u00e8te hongrois
Caroline W\u00f6stmann,https://fr.wikipedia.org/?curid=9274183,https://fr.wikipedia.org/wiki/Caroline W\u00f6stmann,Wikip\u00e9dia:\u00e9bauche athl\u00e8te sud-africain
Madeleine Bochatay,https://fr.wikipedia.org/?curid=9272923,https://fr.wikipedia.org/wiki/Madeleine Bochatay,Wikip\u00e9dia:\u00e9bauche ski alpin
Ma\u00ebva Contion,https://fr.wikipedia.org/?curid=9274281,https://fr.wikipedia.org/wiki/Ma\u00ebva Contion,Wikip\u00e9dia:\u00e9bauche athl\u00e8te fran\u00e7ais
Vanessa Browne-Ward,https://fr.wikipedia.org/?curid=9274843,https://fr.wikipedia.org/wiki/Vanessa Browne-Ward,Wikip\u00e9dia:\u00e9bauche athl\u00e8te australien
Heleen bij de Vaate,https://fr.wikipedia.org/?curid=9264150,https://fr.wikipedia.org/wiki/Heleen bij de Vaate,Article \u00e0 illustrer Sportif
Genevi\u00e8ve Laureau,https://fr.wikipedia.org/?curid=9266937,https://fr.wikipedia.org/wiki/Genevi\u00e8ve Laureau,Article \u00e0 illustrer Athl\u00e8te
Christiane Nuss,https://fr.wikipedia.org/?curid=9266943,https://fr.wikipedia.org/wiki/Christiane Nuss,Article \u00e0 illustrer Athl\u00e8te
Justine Palframan,https://fr.wikipedia.org/?curid=9271578,https://fr.wikipedia.org/wiki/Justine Palframan,Wikip\u00e9dia:\u00e9bauche athl\u00e8te sud-africain
Sofia Carson,https://fr.wikipedia.org/?curid=9268984,https://fr.wikipedia.org/wiki/Sofia Carson,Article utilisant une Infobox
Sarah Geronimo,https://fr.wikipedia.org/?curid=9269361,https://fr.wikipedia.org/wiki/Sarah Geronimo,Article utilisant une Infobox
Benjamin Choquert,https://fr.wikipedia.org/?curid=9271777,https://fr.wikipedia.org/wiki/Benjamin Choquert,Article \u00e0 illustrer Sportif
Violaine Averous,https://fr.wikipedia.org/?curid=9271844,https://fr.wikipedia.org/wiki/Violaine Averous,Wikip\u00e9dia:\u00e9bauche athl\u00e8te fran\u00e7ais
\u00c9milie Menuet,https://fr.wikipedia.org/?curid=9292479,https://fr.wikipedia.org/wiki/\u00c9milie Menuet,Wikip\u00e9dia:\u00e9bauche athl\u00e8te fran\u00e7ais
Anna Sanchis,https://fr.wikipedia.org/?curid=9289756,https://fr.wikipedia.org/wiki/Anna Sanchis,Page utilisant P1477
Ren\u00e9e Eykens,https://fr.wikipedia.org/?curid=9291580,https://fr.wikipedia.org/wiki/Ren\u00e9e Eykens,Wikip\u00e9dia:\u00e9bauche athl\u00e8te belge
Angelica Moser,https://fr.wikipedia.org/?curid=9291605,https://fr.wikipedia.org/wiki/Angelica Moser,Wikip\u00e9dia:\u00e9bauche athl\u00e8te suisse
Michaela Hrub\u00e1,https://fr.wikipedia.org/?curid=9291076,https://fr.wikipedia.org/wiki/Michaela Hrub\u00e1,Article utilisant une Infobox
Bernarda Br\u010di\u0107,https://fr.wikipedia.org/?curid=9289318,https://fr.wikipedia.org/wiki/Bernarda Br\u010di\u0107,Article utilisant une Infobox
Candyce McGrone,https://fr.wikipedia.org/?curid=9289964,https://fr.wikipedia.org/wiki/Candyce McGrone,Wikip\u00e9dia:\u00e9bauche athl\u00e8te am\u00e9ricain
Caroline Agnou,https://fr.wikipedia.org/?curid=9290204,https://fr.wikipedia.org/wiki/Caroline Agnou,Wikip\u00e9dia:\u00e9bauche athl\u00e8te suisse
Olena Kravatska,https://fr.wikipedia.org/?curid=9290220,https://fr.wikipedia.org/wiki/Olena Kravatska,Article utilisant une Infobox
Nzingha Prescod,https://fr.wikipedia.org/?curid=9290272,https://fr.wikipedia.org/wiki/Nzingha Prescod,Article utilisant une Infobox
Maribel Caicedo,https://fr.wikipedia.org/?curid=9290319,https://fr.wikipedia.org/wiki/Maribel Caicedo,Wikip\u00e9dia:\u00e9bauche athl\u00e8te \u00e9quatorien
Hirokatsu Tayama,https://fr.wikipedia.org/?curid=9287099,https://fr.wikipedia.org/wiki/Hirokatsu Tayama,Wikip\u00e9dia:\u00e9bauche triathl\u00e8te
Nils Frommhold,https://fr.wikipedia.org/?curid=9285444,https://fr.wikipedia.org/wiki/Nils Frommhold,Article \u00e0 illustrer Sportif
Y\u016bichi Hosoda,https://fr.wikipedia.org/?curid=9284666,https://fr.wikipedia.org/wiki/Y\u016bichi Hosoda,Wikip\u00e9dia:\u00e9bauche triathl\u00e8te
Matthew Reed,https://fr.wikipedia.org/?curid=9284670,https://fr.wikipedia.org/wiki/Matthew Reed,Wikip\u00e9dia:\u00e9bauche triathlon
Ay\u015f\u0259n Abdul\u0259zimova,https://fr.wikipedia.org/?curid=9284685,https://fr.wikipedia.org/wiki/Ay\u015f\u0259n Abdul\u0259zimova,Article utilisant une Infobox
Fanny Beznos,https://fr.wikipedia.org/?curid=9284765,https://fr.wikipedia.org/wiki/Fanny Beznos,Article utilisant une Infobox
Richard Varga,https://fr.wikipedia.org/?curid=9284995,https://fr.wikipedia.org/wiki/Richard Varga,Article utilisant une Infobox
Matt Chrabot,https://fr.wikipedia.org/?curid=9286274,https://fr.wikipedia.org/wiki/Matt Chrabot,Wikip\u00e9dia:\u00e9bauche triathl\u00e8te
Akiko Sekine,https://fr.wikipedia.org/?curid=9286529,https://fr.wikipedia.org/wiki/Akiko Sekine,Wikip\u00e9dia:\u00e9bauche triathlon
Kristiina M\u00e4ki,https://fr.wikipedia.org/?curid=9283364,https://fr.wikipedia.org/wiki/Kristiina M\u00e4ki,Wikip\u00e9dia:\u00e9bauche athl\u00e8te tch\u00e8que
Agn\u00e8s Teppe,https://fr.wikipedia.org/?curid=9266628,https://fr.wikipedia.org/wiki/Agn\u00e8s Teppe,Wikip\u00e9dia:\u00e9bauche athl\u00e8te fran\u00e7ais
Rhona Martin,https://fr.wikipedia.org/?curid=9261812,https://fr.wikipedia.org/wiki/Rhona Martin,Wikip\u00e9dia:\u00e9bauche curling
Diane Nelson,https://fr.wikipedia.org/?curid=9261887,https://fr.wikipedia.org/wiki/Diane Nelson,Wikip\u00e9dia:\u00e9bauche curling
Jour 1,https://fr.wikipedia.org/?curid=9261403,https://fr.wikipedia.org/wiki/Jour 1,Wikip\u00e9dia:\u00e9bauche single
Barbara Gourdet,https://fr.wikipedia.org/?curid=9268238,https://fr.wikipedia.org/wiki/Barbara Gourdet,Wikip\u00e9dia:\u00e9bauche athl\u00e8te fran\u00e7ais
Patricia Demilly,https://fr.wikipedia.org/?curid=9268243,https://fr.wikipedia.org/wiki/Patricia Demilly,Article \u00e0 illustrer Athl\u00e8te
V\u00e9ronique Renties,https://fr.wikipedia.org/?curid=9268291,https://fr.wikipedia.org/wiki/V\u00e9ronique Renties,Article contenant un lien mort
Barbara Schett,https://fr.wikipedia.org/?curid=903899,https://fr.wikipedia.org/wiki/Barbara Schett,Article utilisant une Infobox
Sandra Kl\u00f6sel,https://fr.wikipedia.org/?curid=9054929,https://fr.wikipedia.org/wiki/Sandra Kl\u00f6sel,Article utilisant une Infobox
Rita Pereira,https://fr.wikipedia.org/?curid=9081311,https://fr.wikipedia.org/wiki/Rita Pereira,Article utilisant une Infobox
Katranide,https://fr.wikipedia.org/?curid=9078139,https://fr.wikipedia.org/wiki/Katranide,Article utilisant une Infobox
Laura Garrone,https://fr.wikipedia.org/?curid=907815,https://fr.wikipedia.org/wiki/Laura Garrone,Article \u00e0 illustrer Joueur de tennis
Gonnelien Rothenberger,https://fr.wikipedia.org/?curid=9077771,https://fr.wikipedia.org/wiki/Gonnelien Rothenberger,Wikip\u00e9dia:\u00e9bauche \u00e9quitation
Amal Ayouch,https://fr.wikipedia.org/?curid=9067554,https://fr.wikipedia.org/wiki/Amal Ayouch,Article \u00e0 wikifier depuis mars 2020
Tigist Tufa,https://fr.wikipedia.org/?curid=9068492,https://fr.wikipedia.org/wiki/Tigist Tufa,Wikip\u00e9dia:\u00e9bauche athl\u00e8te \u00e9thiopien
Zs\u00f3fia F\u00f6ldh\u00e1zi,https://fr.wikipedia.org/?curid=9063961,https://fr.wikipedia.org/wiki/Zs\u00f3fia F\u00f6ldh\u00e1zi,Wikip\u00e9dia:\u00e9bauche personnalit\u00e9 hongroise
Ma\u0142gorzata Soba\u0144ska,https://fr.wikipedia.org/?curid=9065139,https://fr.wikipedia.org/wiki/Ma\u0142gorzata Soba\u0144ska,Wikip\u00e9dia:\u00e9bauche athl\u00e8te polonais
Aisha Dee,https://fr.wikipedia.org/?curid=9062995,https://fr.wikipedia.org/wiki/Aisha Dee,Article \u00e0 illustrer Personnalit\u00e9 du cin\u00e9ma
Julie Salmon,https://fr.wikipedia.org/?curid=9057618,https://fr.wikipedia.org/wiki/Julie Salmon,Wikip\u00e9dia:\u00e9bauche tennis
Silvija Talaja,https://fr.wikipedia.org/?curid=906338,https://fr.wikipedia.org/wiki/Silvija Talaja,Article \u00e0 illustrer Joueur de tennis
Beatriz Haddad Maia,https://fr.wikipedia.org/?curid=9046707,https://fr.wikipedia.org/wiki/Beatriz Haddad Maia,Article utilisant une Infobox
Rebecca McFarland,https://fr.wikipedia.org/?curid=9046733,https://fr.wikipedia.org/wiki/Rebecca McFarland,Article manquant de r\u00e9f\u00e9rences depuis avril 2015
Marta Dziadura,https://fr.wikipedia.org/?curid=9074552,https://fr.wikipedia.org/wiki/Marta Dziadura,Wikip\u00e9dia:\u00e9bauche sportif polonais
Kv\u011bta Peschke,https://fr.wikipedia.org/?curid=907009,https://fr.wikipedia.org/wiki/Kv\u011bta Peschke,Article utilisant une Infobox
Steffen Justus,https://fr.wikipedia.org/?curid=9075465,https://fr.wikipedia.org/wiki/Steffen Justus,Article utilisant une Infobox
Joerie Vansteelant,https://fr.wikipedia.org/?curid=9073020,https://fr.wikipedia.org/wiki/Joerie Vansteelant,Wikip\u00e9dia:\u00e9bauche triathl\u00e8te
Caroline Rotich,https://fr.wikipedia.org/?curid=9049319,https://fr.wikipedia.org/wiki/Caroline Rotich,Wikip\u00e9dia:\u00e9bauche athl\u00e8te k\u00e9nyan
Viktorija Golubic,https://fr.wikipedia.org/?curid=9049812,https://fr.wikipedia.org/wiki/Viktorija Golubic,Article utilisant une Infobox
Cecilia Vallicelli,https://fr.wikipedia.org/?curid=9049916,https://fr.wikipedia.org/wiki/Cecilia Vallicelli,Article \u00e0 illustrer Joueur de volley-ball
Meilen Tu,https://fr.wikipedia.org/?curid=904082,https://fr.wikipedia.org/wiki/Meilen Tu,Article utilisant une Infobox
Marie-Sophie en Bavi\u00e8re,https://fr.wikipedia.org/?curid=867283,https://fr.wikipedia.org/wiki/Marie-Sophie en Bavi\u00e8re,Article contenant un appel \u00e0 traduction en espagnol
Mathilde en Bavi\u00e8re,https://fr.wikipedia.org/?curid=867288,https://fr.wikipedia.org/wiki/Mathilde en Bavi\u00e8re,Article manquant de r\u00e9f\u00e9rences depuis avril 2009
Lyudmyla Kichenok,https://fr.wikipedia.org/?curid=8667892,https://fr.wikipedia.org/wiki/Lyudmyla Kichenok,Article utilisant une Infobox
Nadiia Kichenok,https://fr.wikipedia.org/?curid=8667893,https://fr.wikipedia.org/wiki/Nadiia Kichenok,Article utilisant une Infobox
Ingrid Cruz,https://fr.wikipedia.org/?curid=8700253,https://fr.wikipedia.org/wiki/Ingrid Cruz,Wikip\u00e9dia:\u00e9bauche acteur chilien
Victoria Padial Hern\u00e1ndez,https://fr.wikipedia.org/?curid=8686125,https://fr.wikipedia.org/wiki/Victoria Padial Hern\u00e1ndez,Article utilisant une Infobox
Emma Carney,https://fr.wikipedia.org/?curid=8686212,https://fr.wikipedia.org/wiki/Emma Carney,Article \u00e0 illustrer Sportif
Jennie \u00d6berg,https://fr.wikipedia.org/?curid=8712866,https://fr.wikipedia.org/wiki/Jennie \u00d6berg,Wikip\u00e9dia:\u00e9bauche sportif su\u00e9dois
Paulina Ba\u0142dyga,https://fr.wikipedia.org/?curid=8718927,https://fr.wikipedia.org/wiki/Paulina Ba\u0142dyga,Article utilisant une Infobox
Risa Shigetomo,https://fr.wikipedia.org/?curid=8714003,https://fr.wikipedia.org/wiki/Risa Shigetomo,Article utilisant une Infobox
Y\u014dko Shibui,https://fr.wikipedia.org/?curid=8714057,https://fr.wikipedia.org/wiki/Y\u014dko Shibui,Article utilisant une Infobox
Ga\u00eblle Gebet,https://fr.wikipedia.org/?curid=8845742,https://fr.wikipedia.org/wiki/Ga\u00eblle Gebet,Article utilisant une Infobox
Filip Ospal\u00fd,https://fr.wikipedia.org/?curid=8850158,https://fr.wikipedia.org/wiki/Filip Ospal\u00fd,Wikip\u00e9dia:\u00e9bauche triathl\u00e8te
Laura Maddox,https://fr.wikipedia.org/?curid=8838125,https://fr.wikipedia.org/wiki/Laura Maddox,Wikip\u00e9dia:\u00e9bauche athl\u00e8te britannique
Kirsten McAslan,https://fr.wikipedia.org/?curid=8838136,https://fr.wikipedia.org/wiki/Kirsten McAslan,Wikip\u00e9dia:\u00e9bauche athl\u00e8te britannique
Chambre 12,https://fr.wikipedia.org/?curid=8838167,https://fr.wikipedia.org/wiki/Chambre 12,Article utilisant une Infobox
Carolina Tabares,https://fr.wikipedia.org/?curid=8850965,https://fr.wikipedia.org/wiki/Carolina Tabares,Article \u00e0 illustrer Athl\u00e8te
Ewa Swoboda,https://fr.wikipedia.org/?curid=8847717,https://fr.wikipedia.org/wiki/Ewa Swoboda,Article utilisant une Infobox
Melitta Brunner,https://fr.wikipedia.org/?curid=8974021,https://fr.wikipedia.org/wiki/Melitta Brunner,Wikip\u00e9dia:\u00e9bauche patinage artistique
Anissa Meksen,https://fr.wikipedia.org/?curid=8971148,https://fr.wikipedia.org/wiki/Anissa Meksen,Article utilisant une Infobox
Lilly Scholz,https://fr.wikipedia.org/?curid=8971422,https://fr.wikipedia.org/wiki/Lilly Scholz,Wikip\u00e9dia:\u00e9bauche patinage artistique
Chris Thile,https://fr.wikipedia.org/?curid=8973208,https://fr.wikipedia.org/wiki/Chris Thile,Wikip\u00e9dia:\u00e9bauche musicien am\u00e9ricain
Natalya Artyomova,https://fr.wikipedia.org/?curid=8970564,https://fr.wikipedia.org/wiki/Natalya Artyomova,Wikip\u00e9dia:\u00e9bauche athl\u00e8te russe
Hellraiser,https://fr.wikipedia.org/?curid=895541,https://fr.wikipedia.org/wiki/Hellraiser,Article manquant de r\u00e9f\u00e9rences depuis juillet 2012
Ayumi Watase,https://fr.wikipedia.org/?curid=8960824,https://fr.wikipedia.org/wiki/Ayumi Watase,Wikip\u00e9dia:\u00e9bauche saut \u00e0 ski
Miss Hulk,https://fr.wikipedia.org/?curid=896120,https://fr.wikipedia.org/wiki/Miss Hulk,Article utilisant une Infobox
Chris Hill (triathlon),https://fr.wikipedia.org/?curid=8961284,https://fr.wikipedia.org/wiki/Chris Hill (triathlon),Wikip\u00e9dia:\u00e9bauche triathl\u00e8te
Irmgard Praetz,https://fr.wikipedia.org/?curid=8961321,https://fr.wikipedia.org/wiki/Irmgard Praetz,Article avec source \u00e0 lier
Rina Hill,https://fr.wikipedia.org/?curid=8960339,https://fr.wikipedia.org/wiki/Rina Hill,Article \u00e0 illustrer Sportif
Lisbeth Kristensen,https://fr.wikipedia.org/?curid=8967290,https://fr.wikipedia.org/wiki/Lisbeth Kristensen,Article \u00e0 illustrer Sportif
Leonor Andrade,https://fr.wikipedia.org/?curid=8964967,https://fr.wikipedia.org/wiki/Leonor Andrade,Article utilisant une Infobox
Monika Kuszy\u0144ska,https://fr.wikipedia.org/?curid=8964980,https://fr.wikipedia.org/wiki/Monika Kuszy\u0144ska,Article utilisant une Infobox
Ana Lenard,https://fr.wikipedia.org/?curid=8961525,https://fr.wikipedia.org/wiki/Ana Lenard,Wikip\u00e9dia:\u00e9bauche karat\u00e9ka croate
Timothy O'Donnell,https://fr.wikipedia.org/?curid=8961801,https://fr.wikipedia.org/wiki/Timothy O'Donnell,Article utilisant une Infobox
Emji,https://fr.wikipedia.org/?curid=8965964,https://fr.wikipedia.org/wiki/Emji,Article contenant un lien mort
Vivi-Anne Hult\u00e9n,https://fr.wikipedia.org/?curid=8962762,https://fr.wikipedia.org/wiki/Vivi-Anne Hult\u00e9n,Wikip\u00e9dia:\u00e9bauche patinage artistique
Daniela Hantuchov\u00e1,https://fr.wikipedia.org/?curid=89297,https://fr.wikipedia.org/wiki/Daniela Hantuchov\u00e1,Article utilisant une Infobox
Tatyana Lysenko (athl\u00e9tisme),https://fr.wikipedia.org/?curid=894118,https://fr.wikipedia.org/wiki/Tatyana Lysenko (athl\u00e9tisme),Article utilisant une Infobox
Alexandra Stevenson,https://fr.wikipedia.org/?curid=886284,https://fr.wikipedia.org/wiki/Alexandra Stevenson,Article utilisant une Infobox
Kathleen Smet,https://fr.wikipedia.org/?curid=8864340,https://fr.wikipedia.org/wiki/Kathleen Smet,Article utilisant une Infobox
Sara Paxton,https://fr.wikipedia.org/?curid=888549,https://fr.wikipedia.org/wiki/Sara Paxton,Article manquant de r\u00e9f\u00e9rences depuis janvier 2018
Meg Ryan,https://fr.wikipedia.org/?curid=88816,https://fr.wikipedia.org/wiki/Meg Ryan,Article utilisant une Infobox
Nino Batsiachvili,https://fr.wikipedia.org/?curid=9521181,https://fr.wikipedia.org/wiki/Nino Batsiachvili,Page utilisant P569
Dominique Damiani,https://fr.wikipedia.org/?curid=9519801,https://fr.wikipedia.org/wiki/Dominique Damiani,Article \u00e0 illustrer Sportif
Hoda Lattaf,https://fr.wikipedia.org/?curid=953421,https://fr.wikipedia.org/wiki/Hoda Lattaf,Article utilisant une Infobox
Charly Loisel,https://fr.wikipedia.org/?curid=9508280,https://fr.wikipedia.org/wiki/Charly Loisel,Article \u00e0 illustrer Sportif
Sandra Ringwald,https://fr.wikipedia.org/?curid=9531680,https://fr.wikipedia.org/wiki/Sandra Ringwald,Wikip\u00e9dia:\u00e9bauche ski de fond
Polina Tzekova,https://fr.wikipedia.org/?curid=953124,https://fr.wikipedia.org/wiki/Polina Tzekova,Article utilisant une Infobox
Lauren Schmetterling,https://fr.wikipedia.org/?curid=9410067,https://fr.wikipedia.org/wiki/Lauren Schmetterling,Wikip\u00e9dia:\u00e9bauche aviron
Sandrine Rousseau,https://fr.wikipedia.org/?curid=9440913,https://fr.wikipedia.org/wiki/Sandrine Rousseau,Article contenant un lien mort
Eunice Kadogo,https://fr.wikipedia.org/?curid=9431580,https://fr.wikipedia.org/wiki/Eunice Kadogo,Wikip\u00e9dia:\u00e9bauche athl\u00e8te k\u00e9nyan
Timna Moser,https://fr.wikipedia.org/?curid=9431648,https://fr.wikipedia.org/wiki/Timna Moser,Wikip\u00e9dia:\u00e9bauche combin\u00e9 nordique
Christina Gao,https://fr.wikipedia.org/?curid=9432398,https://fr.wikipedia.org/wiki/Christina Gao,Wikip\u00e9dia:\u00e9bauche personnalit\u00e9 am\u00e9ricaine
Charlotte Flair,https://fr.wikipedia.org/?curid=9461936,https://fr.wikipedia.org/wiki/Charlotte Flair,Page utilisant P27
Trish Stratus,https://fr.wikipedia.org/?curid=946882,https://fr.wikipedia.org/wiki/Trish Stratus,Article contenant un lien mort
Martine Bras,https://fr.wikipedia.org/?curid=9472091,https://fr.wikipedia.org/wiki/Martine Bras,Page utilisant P569
Jeanne Lehair,https://fr.wikipedia.org/?curid=9481499,https://fr.wikipedia.org/wiki/Jeanne Lehair,Article utilisant une Infobox
Revival (album de Selena Gomez),https://fr.wikipedia.org/?curid=9481618,https://fr.wikipedia.org/wiki/Revival (album de Selena Gomez),Wikip\u00e9dia:\u00e9bauche album
Mayte Mart\u00ednez,https://fr.wikipedia.org/?curid=948011,https://fr.wikipedia.org/wiki/Mayte Mart\u00ednez,Wikip\u00e9dia:\u00e9bauche athl\u00e8te espagnol
Chelsey Reist,https://fr.wikipedia.org/?curid=9480183,https://fr.wikipedia.org/wiki/Chelsey Reist,Wikip\u00e9dia:\u00e9bauche acteur canadien
Venelina Veneva-Mateeva,https://fr.wikipedia.org/?curid=947403,https://fr.wikipedia.org/wiki/Venelina Veneva-Mateeva,Article \u00e0 illustrer Athl\u00e8te
Arthur Forissier,https://fr.wikipedia.org/?curid=9474211,https://fr.wikipedia.org/wiki/Arthur Forissier,Article \u00e0 illustrer Sportif
Fl\u00e1via Oliveira,https://fr.wikipedia.org/?curid=9456551,https://fr.wikipedia.org/wiki/Fl\u00e1via Oliveira,Page utilisant P569
Rachel Platten,https://fr.wikipedia.org/?curid=9496044,https://fr.wikipedia.org/wiki/Rachel Platten,Page utilisant P569
Julia Martisova,https://fr.wikipedia.org/?curid=9496513,https://fr.wikipedia.org/wiki/Julia Martisova,Page utilisant P1559
Billie Kay,https://fr.wikipedia.org/?curid=9498554,https://fr.wikipedia.org/wiki/Billie Kay,Article \u00e0 recycler/Liste compl\u00e8te
Fernanda Ram\u00edrez,https://fr.wikipedia.org/?curid=9499624,https://fr.wikipedia.org/wiki/Fernanda Ram\u00edrez,Wikip\u00e9dia:\u00e9bauche acteur chilien
B\u00e9atrice Castets,https://fr.wikipedia.org/?curid=949064,https://fr.wikipedia.org/wiki/B\u00e9atrice Castets,Article \u00e0 illustrer Joueur de basket-ball
Tamika Whitmore,https://fr.wikipedia.org/?curid=949109,https://fr.wikipedia.org/wiki/Tamika Whitmore,Article \u00e0 illustrer Joueur de basket-ball
Emilio Mart\u00edn,https://fr.wikipedia.org/?curid=9490143,https://fr.wikipedia.org/wiki/Emilio Mart\u00edn,Wikip\u00e9dia:\u00e9bauche triathlon
Joseph Gambles,https://fr.wikipedia.org/?curid=9490432,https://fr.wikipedia.org/wiki/Joseph Gambles,Article utilisant une Infobox
Estelle Patou,https://fr.wikipedia.org/?curid=9486516,https://fr.wikipedia.org/wiki/Estelle Patou,Article \u00e0 illustrer Sportif
Yasmina Azzizi,https://fr.wikipedia.org/?curid=9484719,https://fr.wikipedia.org/wiki/Yasmina Azzizi,Article manquant de r\u00e9f\u00e9rences depuis juin 2022
Ren\u00e9 Rovera,https://fr.wikipedia.org/?curid=9486608,https://fr.wikipedia.org/wiki/Ren\u00e9 Rovera,Article \u00e0 illustrer Sportif
Antoine Guillon,https://fr.wikipedia.org/?curid=9505278,https://fr.wikipedia.org/wiki/Antoine Guillon,Wikip\u00e9dia:\u00e9bauche ultra-trail
Christophe Buquet,https://fr.wikipedia.org/?curid=9505281,https://fr.wikipedia.org/wiki/Christophe Buquet,Article utilisant une Infobox
Anna Held,https://fr.wikipedia.org/?curid=9505380,https://fr.wikipedia.org/wiki/Anna Held,Article utilisant une Infobox
Ionela T\u00e2rlea,https://fr.wikipedia.org/?curid=950379,https://fr.wikipedia.org/wiki/Ionela T\u00e2rlea,Article \u00e0 illustrer Athl\u00e8te
Souad A\u00eft Salem,https://fr.wikipedia.org/?curid=9504035,https://fr.wikipedia.org/wiki/Souad A\u00eft Salem,Article utilisant une Infobox
Peyton Royce,https://fr.wikipedia.org/?curid=9504784,https://fr.wikipedia.org/wiki/Peyton Royce,Article \u00e0 recycler/Liste compl\u00e8te
Olga Shishigina,https://fr.wikipedia.org/?curid=945904,https://fr.wikipedia.org/wiki/Olga Shishigina,Wikip\u00e9dia:\u00e9bauche athl\u00e8te kazakh
Sumie Sakai,https://fr.wikipedia.org/?curid=9467239,https://fr.wikipedia.org/wiki/Sumie Sakai,Wikip\u00e9dia:\u00e9bauche personnalit\u00e9 japonaise
Shelayna Oskan-Clarke,https://fr.wikipedia.org/?curid=9377743,https://fr.wikipedia.org/wiki/Shelayna Oskan-Clarke,Wikip\u00e9dia:\u00e9bauche athl\u00e8te britannique
Kierre Beckles,https://fr.wikipedia.org/?curid=9377791,https://fr.wikipedia.org/wiki/Kierre Beckles,Wikip\u00e9dia:\u00e9bauche athl\u00e8te barbadien
Liste de coureurs d'ultra-trail,https://fr.wikipedia.org/?curid=9378509,https://fr.wikipedia.org/wiki/Liste de coureurs d'ultra-trail,Portail:Athl\u00e9tisme/Articles li\u00e9s
Am\u00e9lie Rivat,https://fr.wikipedia.org/?curid=9378999,https://fr.wikipedia.org/wiki/Am\u00e9lie Rivat,Page utilisant P569
Khaddi Sagnia,https://fr.wikipedia.org/?curid=9379382,https://fr.wikipedia.org/wiki/Khaddi Sagnia,Wikip\u00e9dia:\u00e9bauche athl\u00e8te su\u00e9dois
Stephanie Garcia,https://fr.wikipedia.org/?curid=9376329,https://fr.wikipedia.org/wiki/Stephanie Garcia,Wikip\u00e9dia:\u00e9bauche athl\u00e8te am\u00e9ricain
Christelle Guignard,https://fr.wikipedia.org/?curid=937706,https://fr.wikipedia.org/wiki/Christelle Guignard,Article \u00e0 illustrer Sportif
Fanny Riberot,https://fr.wikipedia.org/?curid=9377396,https://fr.wikipedia.org/wiki/Fanny Riberot,Page utilisant P1449
Sung Ji-hyun,https://fr.wikipedia.org/?curid=9449862,https://fr.wikipedia.org/wiki/Sung Ji-hyun,Article utilisant une Infobox
Alice Douard,https://fr.wikipedia.org/?curid=9447794,https://fr.wikipedia.org/wiki/Alice Douard,Wikip\u00e9dia:\u00e9bauche r\u00e9alisateur fran\u00e7ais
Tai Tzu-ying,https://fr.wikipedia.org/?curid=9449481,https://fr.wikipedia.org/wiki/Tai Tzu-ying,Article utilisant une Infobox
Tatyana Ledovskaya,https://fr.wikipedia.org/?curid=944257,https://fr.wikipedia.org/wiki/Tatyana Ledovskaya,Wikip\u00e9dia:\u00e9bauche athl\u00e8te sovi\u00e9tique
Aliaksandra Sasnovich,https://fr.wikipedia.org/?curid=9441502,https://fr.wikipedia.org/wiki/Aliaksandra Sasnovich,Article utilisant une Infobox
Channon Thompson,https://fr.wikipedia.org/?curid=9365233,https://fr.wikipedia.org/wiki/Channon Thompson,Article utilisant une Infobox
Molly Bernard,https://fr.wikipedia.org/?curid=9361003,https://fr.wikipedia.org/wiki/Molly Bernard,Article utilisant une Infobox
Kathleen Bertko,https://fr.wikipedia.org/?curid=9409199,https://fr.wikipedia.org/wiki/Kathleen Bertko,Wikip\u00e9dia:\u00e9bauche aviron
Felice Mueller,https://fr.wikipedia.org/?curid=9409218,https://fr.wikipedia.org/wiki/Felice Mueller,Wikip\u00e9dia:\u00e9bauche aviron
Rebecca Chin,https://fr.wikipedia.org/?curid=9405455,https://fr.wikipedia.org/wiki/Rebecca Chin,Wikip\u00e9dia:\u00e9bauche aviron
Lucinda Gooderham,https://fr.wikipedia.org/?curid=9405475,https://fr.wikipedia.org/wiki/Lucinda Gooderham,Wikip\u00e9dia:\u00e9bauche aviron
Brianna Stubbs,https://fr.wikipedia.org/?curid=9405491,https://fr.wikipedia.org/wiki/Brianna Stubbs,Wikip\u00e9dia:\u00e9bauche aviron
Marine Brenier,https://fr.wikipedia.org/?curid=9404821,https://fr.wikipedia.org/wiki/Marine Brenier,Article utilisant une Infobox
Nicole Matthews,https://fr.wikipedia.org/?curid=9407632,https://fr.wikipedia.org/wiki/Nicole Matthews,Page utilisant P27
Ayaka Takahashi,https://fr.wikipedia.org/?curid=9392982,https://fr.wikipedia.org/wiki/Ayaka Takahashi,Wikip\u00e9dia:\u00e9bauche badminton
Mathilda Paradeiser,https://fr.wikipedia.org/?curid=9391286,https://fr.wikipedia.org/wiki/Mathilda Paradeiser,Article utilisant une Infobox
Karolina Goliat,https://fr.wikipedia.org/?curid=9391294,https://fr.wikipedia.org/wiki/Karolina Goliat,Article \u00e0 illustrer Joueur de volley-ball
Tahani Romaissa Belabiod,https://fr.wikipedia.org/?curid=9394296,https://fr.wikipedia.org/wiki/Tahani Romaissa Belabiod,Wikip\u00e9dia:\u00e9bauche athl\u00e8te alg\u00e9rien
Barbora Krej\u010d\u00edkov\u00e1,https://fr.wikipedia.org/?curid=9435684,https://fr.wikipedia.org/wiki/Barbora Krej\u010d\u00edkov\u00e1,Article utilisant une Infobox
Zhou Haiyan,https://fr.wikipedia.org/?curid=9435985,https://fr.wikipedia.org/wiki/Zhou Haiyan,Wikip\u00e9dia:\u00e9bauche athl\u00e8te chinois
Eva Nystr\u00f6m,https://fr.wikipedia.org/?curid=9433083,https://fr.wikipedia.org/wiki/Eva Nystr\u00f6m,Wikip\u00e9dia:\u00e9bauche triathl\u00e8te
Akgul Amanmuradova,https://fr.wikipedia.org/?curid=943744,https://fr.wikipedia.org/wiki/Akgul Amanmuradova,Article utilisant une Infobox
Chitra Soman,https://fr.wikipedia.org/?curid=9436041,https://fr.wikipedia.org/wiki/Chitra Soman,Wikip\u00e9dia:\u00e9bauche athl\u00e8te indien
Katrin Garfoot,https://fr.wikipedia.org/?curid=9434649,https://fr.wikipedia.org/wiki/Katrin Garfoot,Page utilisant P1477
Nadia Eke,https://fr.wikipedia.org/?curid=9413837,https://fr.wikipedia.org/wiki/Nadia Eke,Wikip\u00e9dia:\u00e9bauche athl\u00e8te ghan\u00e9en
Christina Fusano,https://fr.wikipedia.org/?curid=9414078,https://fr.wikipedia.org/wiki/Christina Fusano,Article \u00e0 illustrer Joueur de tennis
Kayla Pratt,https://fr.wikipedia.org/?curid=9417006,https://fr.wikipedia.org/wiki/Kayla Pratt,Wikip\u00e9dia:\u00e9bauche aviron
Emma Dyke,https://fr.wikipedia.org/?curid=9417026,https://fr.wikipedia.org/wiki/Emma Dyke,Wikip\u00e9dia:\u00e9bauche aviron
Aynalem Eshetu,https://fr.wikipedia.org/?curid=9419347,https://fr.wikipedia.org/wiki/Aynalem Eshetu,Wikip\u00e9dia:\u00e9bauche athl\u00e8te \u00e9thiopien
Tjipekapora Herunga,https://fr.wikipedia.org/?curid=9419565,https://fr.wikipedia.org/wiki/Tjipekapora Herunga,Wikip\u00e9dia:\u00e9bauche athl\u00e8te
Amanda Elmore,https://fr.wikipedia.org/?curid=9409724,https://fr.wikipedia.org/wiki/Amanda Elmore,Wikip\u00e9dia:\u00e9bauche aviron
Olivia Coffey,https://fr.wikipedia.org/?curid=9409769,https://fr.wikipedia.org/wiki/Olivia Coffey,Wikip\u00e9dia:\u00e9bauche aviron
Victoria Opitz,https://fr.wikipedia.org/?curid=9409798,https://fr.wikipedia.org/wiki/Victoria Opitz,Wikip\u00e9dia:\u00e9bauche aviron
Kerry Simmonds,https://fr.wikipedia.org/?curid=9409832,https://fr.wikipedia.org/wiki/Kerry Simmonds,Wikip\u00e9dia:\u00e9bauche aviron
Tessa Gobbo,https://fr.wikipedia.org/?curid=9409846,https://fr.wikipedia.org/wiki/Tessa Gobbo,Wikip\u00e9dia:\u00e9bauche aviron
Heidi Robbins,https://fr.wikipedia.org/?curid=9409851,https://fr.wikipedia.org/wiki/Heidi Robbins,Wikip\u00e9dia:\u00e9bauche aviron
Katelin Guregian,https://fr.wikipedia.org/?curid=9409858,https://fr.wikipedia.org/wiki/Katelin Guregian,Wikip\u00e9dia:\u00e9bauche aviron
Ailee,https://fr.wikipedia.org/?curid=9417470,https://fr.wikipedia.org/wiki/Ailee,Article contenant un lien mort
Kelsey Bevan,https://fr.wikipedia.org/?curid=9417709,https://fr.wikipedia.org/wiki/Kelsey Bevan,Wikip\u00e9dia:\u00e9bauche aviron
Uhunoma Osazuwa,https://fr.wikipedia.org/?curid=9425228,https://fr.wikipedia.org/wiki/Uhunoma Osazuwa,Wikip\u00e9dia:\u00e9bauche athl\u00e8te nig\u00e9rian
Jim Howard (ultra-trail),https://fr.wikipedia.org/?curid=9323869,https://fr.wikipedia.org/wiki/Jim Howard (ultra-trail),Page utilisant P569
Tina Lewis,https://fr.wikipedia.org/?curid=9323958,https://fr.wikipedia.org/wiki/Tina Lewis,Page utilisant P569
