Name,URL1,URL2,First Category
Elena Ilinykh,https://fr.wikipedia.org/?curid=7770616,https://fr.wikipedia.org/wiki/Elena Ilinykh,Wikip\u00e9dia:\u00e9bauche personnalit\u00e9 russe
Elizabeth Daily,https://fr.wikipedia.org/?curid=777002,https://fr.wikipedia.org/wiki/Elizabeth Daily,Wikip\u00e9dia:\u00e9bauche acteur am\u00e9ricain
Aur\u00e9lie Dabudyk,https://fr.wikipedia.org/?curid=7773596,https://fr.wikipedia.org/wiki/Aur\u00e9lie Dabudyk,Wikip\u00e9dia:\u00e9bauche ski de fond
Marion Buillet,https://fr.wikipedia.org/?curid=7773637,https://fr.wikipedia.org/wiki/Marion Buillet,Wikip\u00e9dia:\u00e9bauche ski de fond
Celia Diemkoudre,https://fr.wikipedia.org/?curid=7760458,https://fr.wikipedia.org/wiki/Celia Diemkoudre,Article \u00e0 illustrer Joueur de volley-ball
Julia Kykk\u00e4nen,https://fr.wikipedia.org/?curid=7760639,https://fr.wikipedia.org/wiki/Julia Kykk\u00e4nen,Wikip\u00e9dia:\u00e9bauche saut \u00e0 ski
Chiemi Chiba (volley-ball),https://fr.wikipedia.org/?curid=7750176,https://fr.wikipedia.org/wiki/Chiemi Chiba (volley-ball),Article \u00e0 illustrer Joueur de volley-ball
Ana\u00efs Chevalier-Bouchet,https://fr.wikipedia.org/?curid=7758896,https://fr.wikipedia.org/wiki/Ana\u00efs Chevalier-Bouchet,Article utilisant une Infobox
Ioulia Lipnitska\u00efa,https://fr.wikipedia.org/?curid=7755605,https://fr.wikipedia.org/wiki/Ioulia Lipnitska\u00efa,Wikip\u00e9dia:\u00e9bauche personnalit\u00e9 russe
Ye Qiaobo,https://fr.wikipedia.org/?curid=7750839,https://fr.wikipedia.org/wiki/Ye Qiaobo,Wikip\u00e9dia:\u00e9bauche patinage de vitesse
Liste des m\u00e9daill\u00e9s aux Jeux olympiques d'hiver de 1956,https://fr.wikipedia.org/?curid=7762710,https://fr.wikipedia.org/wiki/Liste des m\u00e9daill\u00e9s aux Jeux olympiques d'hiver de 1956,Portail:Jeux olympiques/Articles li\u00e9s
Marie-Pier Murray-M\u00e9thot,https://fr.wikipedia.org/?curid=7762845,https://fr.wikipedia.org/wiki/Marie-Pier Murray-M\u00e9thot,Article \u00e0 illustrer Joueur de volley-ball
Cornelia H\u00fctter,https://fr.wikipedia.org/?curid=7757817,https://fr.wikipedia.org/wiki/Cornelia H\u00fctter,Wikip\u00e9dia:\u00e9bauche ski alpin
Ashley Wagner,https://fr.wikipedia.org/?curid=7752987,https://fr.wikipedia.org/wiki/Ashley Wagner,Wikip\u00e9dia:\u00e9bauche personnalit\u00e9 am\u00e9ricaine
Satoe Mitsuhashi,https://fr.wikipedia.org/?curid=7765173,https://fr.wikipedia.org/wiki/Satoe Mitsuhashi,Article \u00e0 illustrer Joueur de volley-ball
Ala Tsuper,https://fr.wikipedia.org/?curid=7767772,https://fr.wikipedia.org/wiki/Ala Tsuper,Wikip\u00e9dia:\u00e9bauche personnalit\u00e9 bi\u00e9lorusse
Ashley Harkleroad,https://fr.wikipedia.org/?curid=776652,https://fr.wikipedia.org/wiki/Ashley Harkleroad,Article utilisant une Infobox
Tsvetana Pironkova,https://fr.wikipedia.org/?curid=776612,https://fr.wikipedia.org/wiki/Tsvetana Pironkova,Article utilisant une Infobox
Jessica G\u00f6pner,https://fr.wikipedia.org/?curid=7767318,https://fr.wikipedia.org/wiki/Jessica G\u00f6pner,Article utilisant une Infobox
Alla Mikayelyan,https://fr.wikipedia.org/?curid=7768858,https://fr.wikipedia.org/wiki/Alla Mikayelyan,Wikip\u00e9dia:\u00e9bauche personnalit\u00e9 arm\u00e9nienne
Ursina Haller,https://fr.wikipedia.org/?curid=7764844,https://fr.wikipedia.org/wiki/Ursina Haller,Wikip\u00e9dia:\u00e9bauche snowboard
Kate\u0159ina Smutn\u00e1,https://fr.wikipedia.org/?curid=7751814,https://fr.wikipedia.org/wiki/Kate\u0159ina Smutn\u00e1,Article utilisant une Infobox
Paulina Maciuszek,https://fr.wikipedia.org/?curid=7751889,https://fr.wikipedia.org/wiki/Paulina Maciuszek,Wikip\u00e9dia:\u00e9bauche ski de fond
23 (chanson),https://fr.wikipedia.org/?curid=7749696,https://fr.wikipedia.org/wiki/23 (chanson),Wikip\u00e9dia:\u00e9bauche chanson de hip-hop
Arisa Murata,https://fr.wikipedia.org/?curid=7754654,https://fr.wikipedia.org/wiki/Arisa Murata,Wikip\u00e9dia:\u00e9bauche ski acrobatique
Alija Iksanova,https://fr.wikipedia.org/?curid=7754809,https://fr.wikipedia.org/wiki/Alija Iksanova,Article utilisant une Infobox
Veronika Dost\u00e1lov\u00e1,https://fr.wikipedia.org/?curid=7755220,https://fr.wikipedia.org/wiki/Veronika Dost\u00e1lov\u00e1,Article \u00e0 illustrer Joueur de volley-ball
Cansu \u00d6zbay,https://fr.wikipedia.org/?curid=7755259,https://fr.wikipedia.org/wiki/Cansu \u00d6zbay,Article utilisant une Infobox
Yang Hyo-jin,https://fr.wikipedia.org/?curid=7646231,https://fr.wikipedia.org/wiki/Yang Hyo-jin,Article utilisant une Infobox
Gabriela Tom\u00e1\u0161ekov\u00e1,https://fr.wikipedia.org/?curid=7646380,https://fr.wikipedia.org/wiki/Gabriela Tom\u00e1\u0161ekov\u00e1,Article utilisant une Infobox
Denise Fayolle,https://fr.wikipedia.org/?curid=5563647,https://fr.wikipedia.org/wiki/Denise Fayolle,Article \u00e0 illustrer Patineur artistique
Yin Chang,https://fr.wikipedia.org/?curid=5561467,https://fr.wikipedia.org/wiki/Yin Chang,Article utilisant une Infobox
Denise Gaudin,https://fr.wikipedia.org/?curid=5563349,https://fr.wikipedia.org/wiki/Denise Gaudin,Article \u00e0 illustrer Patineur artistique
Sara Nordenstam,https://fr.wikipedia.org/?curid=5561145,https://fr.wikipedia.org/wiki/Sara Nordenstam,Wikip\u00e9dia:\u00e9bauche natation
Oksana Mammadyarova,https://fr.wikipedia.org/?curid=5728973,https://fr.wikipedia.org/wiki/Oksana Mammadyarova,Article \u00e0 illustrer Joueur de volley-ball
Babita,https://fr.wikipedia.org/?curid=5732634,https://fr.wikipedia.org/wiki/Babita,Article utilisant une Infobox
Ros\u00e2ngela Santos,https://fr.wikipedia.org/?curid=5732646,https://fr.wikipedia.org/wiki/Ros\u00e2ngela Santos,Article utilisant une Infobox
Amel Majri,https://fr.wikipedia.org/?curid=5730842,https://fr.wikipedia.org/wiki/Amel Majri,Article utilisant une Infobox
"Smash (s\u00e9rie t\u00e9l\u00e9vis\u00e9e, 2012)",https://fr.wikipedia.org/?curid=5733332,"https://fr.wikipedia.org/wiki/Smash (s\u00e9rie t\u00e9l\u00e9vis\u00e9e, 2012)",Article contenant un lien mort
Darya Zamanova,https://fr.wikipedia.org/?curid=5733591,https://fr.wikipedia.org/wiki/Darya Zamanova,Article \u00e0 illustrer Joueur de volley-ball
Nicole Fetting,https://fr.wikipedia.org/?curid=5559792,https://fr.wikipedia.org/wiki/Nicole Fetting,Article utilisant une Infobox
Johanna Sj\u00f6berg,https://fr.wikipedia.org/?curid=5559776,https://fr.wikipedia.org/wiki/Johanna Sj\u00f6berg,Wikip\u00e9dia:\u00e9bauche natation
Marina Goncharova,https://fr.wikipedia.org/?curid=5559098,https://fr.wikipedia.org/wiki/Marina Goncharova,Wikip\u00e9dia:\u00e9bauche athl\u00e8te russe
Josephine D\u00f6rfler,https://fr.wikipedia.org/?curid=5557812,https://fr.wikipedia.org/wiki/Josephine D\u00f6rfler,Article \u00e0 illustrer Joueur de volley-ball
Sooyoung,https://fr.wikipedia.org/?curid=5735722,https://fr.wikipedia.org/wiki/Sooyoung,Article utilisant une Infobox
Herv\u00e9 Faure,https://fr.wikipedia.org/?curid=5671564,https://fr.wikipedia.org/wiki/Herv\u00e9 Faure,Article utilisant une Infobox
Lucie \u0160af\u00e1\u0159ov\u00e1,https://fr.wikipedia.org/?curid=567371,https://fr.wikipedia.org/wiki/Lucie \u0160af\u00e1\u0159ov\u00e1,Article \u00e0 r\u00e9f\u00e9rence insuffisante
Onuma Sittirak,https://fr.wikipedia.org/?curid=5673370,https://fr.wikipedia.org/wiki/Onuma Sittirak,Article utilisant une Infobox
Wilavan Apinyapong,https://fr.wikipedia.org/?curid=5673396,https://fr.wikipedia.org/wiki/Wilavan Apinyapong,Article utilisant une Infobox
Gu Yuan,https://fr.wikipedia.org/?curid=5672460,https://fr.wikipedia.org/wiki/Gu Yuan,Wikip\u00e9dia:\u00e9bauche athl\u00e8te chinois
Denise Nicholas,https://fr.wikipedia.org/?curid=5726111,https://fr.wikipedia.org/wiki/Denise Nicholas,Wikip\u00e9dia:\u00e9bauche acteur am\u00e9ricain
Runa Akasaka,https://fr.wikipedia.org/?curid=5743688,https://fr.wikipedia.org/wiki/Runa Akasaka,Article utilisant une Infobox
Karena Lam,https://fr.wikipedia.org/?curid=5743747,https://fr.wikipedia.org/wiki/Karena Lam,Article utilisant une Infobox
Natavan Gasimova,https://fr.wikipedia.org/?curid=5738936,https://fr.wikipedia.org/wiki/Natavan Gasimova,Article utilisant une Infobox
Irina Turova,https://fr.wikipedia.org/?curid=5738959,https://fr.wikipedia.org/wiki/Irina Turova,Wikip\u00e9dia:\u00e9bauche athl\u00e8te sovi\u00e9tique
Laura Carmine,https://fr.wikipedia.org/?curid=5740957,https://fr.wikipedia.org/wiki/Laura Carmine,Article utilisant une Infobox
Ultra Nat\u00e9,https://fr.wikipedia.org/?curid=5742181,https://fr.wikipedia.org/wiki/Ultra Nat\u00e9,Article utilisant une Infobox
Marl\u00e8ne Farrugia,https://fr.wikipedia.org/?curid=5709390,https://fr.wikipedia.org/wiki/Marl\u00e8ne Farrugia,Wikip\u00e9dia:\u00e9bauche footballeuse fran\u00e7aise
Government Hooker,https://fr.wikipedia.org/?curid=5707534,https://fr.wikipedia.org/wiki/Government Hooker,Article utilisant une Infobox
Anna Vergun,https://fr.wikipedia.org/?curid=5708423,https://fr.wikipedia.org/wiki/Anna Vergun,Article \u00e0 illustrer Joueur de volley-ball
Dianna Ojo,https://fr.wikipedia.org/?curid=5712014,https://fr.wikipedia.org/wiki/Dianna Ojo,Article \u00e0 illustrer Joueur de volley-ball
Naoko Sakamoto (athl\u00e9tisme),https://fr.wikipedia.org/?curid=5712038,https://fr.wikipedia.org/wiki/Naoko Sakamoto (athl\u00e9tisme),Wikip\u00e9dia:\u00e9bauche athl\u00e8te japonais
Eva Trautmann,https://fr.wikipedia.org/?curid=5713468,https://fr.wikipedia.org/wiki/Eva Trautmann,Article \u00e0 illustrer Sportif
Dally Randriantefy,https://fr.wikipedia.org/?curid=570721,https://fr.wikipedia.org/wiki/Dally Randriantefy,Article \u00e0 illustrer Joueur de tennis
Yane Marques,https://fr.wikipedia.org/?curid=5720035,https://fr.wikipedia.org/wiki/Yane Marques,Wikip\u00e9dia:\u00e9bauche athl\u00e8te br\u00e9silien
Shirley Souagnon,https://fr.wikipedia.org/?curid=5722998,https://fr.wikipedia.org/wiki/Shirley Souagnon,Page utilisant P569
Lidiya Maksimenko,https://fr.wikipedia.org/?curid=5723239,https://fr.wikipedia.org/wiki/Lidiya Maksimenko,Article \u00e0 illustrer Joueur de volley-ball
Kseniya Kovalenko,https://fr.wikipedia.org/?curid=5723271,https://fr.wikipedia.org/wiki/Kseniya Kovalenko,Article utilisant une Infobox
Anne Perry,https://fr.wikipedia.org/?curid=57225,https://fr.wikipedia.org/wiki/Anne Perry,Article utilisant une Infobox
Evdokia Gretchichnikova,https://fr.wikipedia.org/?curid=5724874,https://fr.wikipedia.org/wiki/Evdokia Gretchichnikova,Wikip\u00e9dia:\u00e9bauche personnalit\u00e9 russe
Marija Usi\u0107,https://fr.wikipedia.org/?curid=5717377,https://fr.wikipedia.org/wiki/Marija Usi\u0107,Article utilisant une Infobox
Mhairi Spence,https://fr.wikipedia.org/?curid=5717443,https://fr.wikipedia.org/wiki/Mhairi Spence,Article \u00e0 illustrer Sportif
Valeria Ortega,https://fr.wikipedia.org/?curid=5585219,https://fr.wikipedia.org/wiki/Valeria Ortega,Article utilisant une Infobox
Paula Modersohn-Becker,https://fr.wikipedia.org/?curid=558558,https://fr.wikipedia.org/wiki/Paula Modersohn-Becker,Article contenant un appel \u00e0 traduction en allemand
Irina Kirillova,https://fr.wikipedia.org/?curid=558423,https://fr.wikipedia.org/wiki/Irina Kirillova,Article \u00e0 illustrer Joueur de volley-ball
Susan Hearnshaw,https://fr.wikipedia.org/?curid=5584344,https://fr.wikipedia.org/wiki/Susan Hearnshaw,Wikip\u00e9dia:\u00e9bauche athl\u00e8te britannique
Molly Killingbeck,https://fr.wikipedia.org/?curid=5586940,https://fr.wikipedia.org/wiki/Molly Killingbeck,Wikip\u00e9dia:\u00e9bauche athl\u00e8te canadien
Nath\u00e1lia Daneliczin,https://fr.wikipedia.org/?curid=5587339,https://fr.wikipedia.org/wiki/Nath\u00e1lia Daneliczin,Article \u00e0 illustrer Joueur de volley-ball
Ana Paula Larroza,https://fr.wikipedia.org/?curid=5587369,https://fr.wikipedia.org/wiki/Ana Paula Larroza,Article \u00e0 illustrer Joueur de volley-ball
Fl\u00e1via Kuchenbecker,https://fr.wikipedia.org/?curid=5584895,https://fr.wikipedia.org/wiki/Fl\u00e1via Kuchenbecker,Article \u00e0 illustrer Joueur de volley-ball
Nicole Moreno,https://fr.wikipedia.org/?curid=5585023,https://fr.wikipedia.org/wiki/Nicole Moreno,Wikip\u00e9dia:\u00e9bauche mannequin chilien
Loona (chanteuse),https://fr.wikipedia.org/?curid=5548941,https://fr.wikipedia.org/wiki/Loona (chanteuse),Article utilisant une Infobox
Renate Stecher,https://fr.wikipedia.org/?curid=554374,https://fr.wikipedia.org/wiki/Renate Stecher,Wikip\u00e9dia:\u00e9bauche athl\u00e8te allemand
Lynn Kanuka-Williams,https://fr.wikipedia.org/?curid=5543915,https://fr.wikipedia.org/wiki/Lynn Kanuka-Williams,Wikip\u00e9dia:\u00e9bauche athl\u00e8te canadien
Cheryl Peake,https://fr.wikipedia.org/?curid=5549909,https://fr.wikipedia.org/wiki/Cheryl Peake,Article \u00e0 illustrer Patineur artistique
Christina Benecke,https://fr.wikipedia.org/?curid=5553571,https://fr.wikipedia.org/wiki/Christina Benecke,Article utilisant une Infobox
Yassmina Omrani,https://fr.wikipedia.org/?curid=5579781,https://fr.wikipedia.org/wiki/Yassmina Omrani,Article utilisant une Infobox
Tatjana Jela\u010da,https://fr.wikipedia.org/?curid=5578001,https://fr.wikipedia.org/wiki/Tatjana Jela\u010da,Wikip\u00e9dia:\u00e9bauche athl\u00e8te serbe
Natalia Duco,https://fr.wikipedia.org/?curid=5578005,https://fr.wikipedia.org/wiki/Natalia Duco,Wikip\u00e9dia:\u00e9bauche athl\u00e8te chilien
Marlene Ahrens,https://fr.wikipedia.org/?curid=5581183,https://fr.wikipedia.org/wiki/Marlene Ahrens,Article utilisant une Infobox
Katherine Salosny,https://fr.wikipedia.org/?curid=5583391,https://fr.wikipedia.org/wiki/Katherine Salosny,Article utilisant une Infobox
Camila Brait,https://fr.wikipedia.org/?curid=5582607,https://fr.wikipedia.org/wiki/Camila Brait,Article utilisant une Infobox
Clarisse Peixoto,https://fr.wikipedia.org/?curid=5580564,https://fr.wikipedia.org/wiki/Clarisse Peixoto,Article \u00e0 illustrer Joueur de volley-ball
Virna Dias,https://fr.wikipedia.org/?curid=5580670,https://fr.wikipedia.org/wiki/Virna Dias,Article \u00e0 illustrer Joueur de volley-ball
Adriana Barrientos,https://fr.wikipedia.org/?curid=5581652,https://fr.wikipedia.org/wiki/Adriana Barrientos,Article utilisant une Infobox
Tamsin Sear,https://fr.wikipedia.org/?curid=5583529,https://fr.wikipedia.org/wiki/Tamsin Sear,Article \u00e0 illustrer Patineur artistique
Stephanie Main,https://fr.wikipedia.org/?curid=5583579,https://fr.wikipedia.org/wiki/Stephanie Main,Article \u00e0 illustrer Patineur artistique
Luana Vanessa de Paula,https://fr.wikipedia.org/?curid=5609926,https://fr.wikipedia.org/wiki/Luana Vanessa de Paula,Article utilisant une Infobox
Liste des conjoints des souverains de Portugal,https://fr.wikipedia.org/?curid=5607557,https://fr.wikipedia.org/wiki/Liste des conjoints des souverains de Portugal,Portail:Histoire/Articles li\u00e9s
Liste des m\u00e9daill\u00e9s olympiques en badminton,https://fr.wikipedia.org/?curid=5610626,https://fr.wikipedia.org/wiki/Liste des m\u00e9daill\u00e9s olympiques en badminton,Portail:Jeux olympiques/Articles li\u00e9s
Pia Toscano,https://fr.wikipedia.org/?curid=5608444,https://fr.wikipedia.org/wiki/Pia Toscano,Wikip\u00e9dia:\u00e9bauche chanteur am\u00e9ricain
Mari Mendes,https://fr.wikipedia.org/?curid=5584781,https://fr.wikipedia.org/wiki/Mari Mendes,Article \u00e0 illustrer Joueur de volley-ball
Wassana Winatho,https://fr.wikipedia.org/?curid=5594015,https://fr.wikipedia.org/wiki/Wassana Winatho,Wikip\u00e9dia:\u00e9bauche athl\u00e8te tha\u00eflandais
Wu Sha,https://fr.wikipedia.org/?curid=5594063,https://fr.wikipedia.org/wiki/Wu Sha,Wikip\u00e9dia:\u00e9bauche athl\u00e8te chinois
Tatjana Bokan,https://fr.wikipedia.org/?curid=5594110,https://fr.wikipedia.org/wiki/Tatjana Bokan,Article utilisant une Infobox
Choi Yun-hee,https://fr.wikipedia.org/?curid=5594252,https://fr.wikipedia.org/wiki/Choi Yun-hee,Wikip\u00e9dia:\u00e9bauche athl\u00e8te sud-cor\u00e9en
Yuka Murofushi,https://fr.wikipedia.org/?curid=5594255,https://fr.wikipedia.org/wiki/Yuka Murofushi,Wikip\u00e9dia:\u00e9bauche athl\u00e8te japonais
Marianne Williamson,https://fr.wikipedia.org/?curid=5594333,https://fr.wikipedia.org/wiki/Marianne Williamson,Article utilisant une Infobox
Iekaterina Romanova,https://fr.wikipedia.org/?curid=5595109,https://fr.wikipedia.org/wiki/Iekaterina Romanova,Article \u00e0 illustrer Joueur de volley-ball
Conjoint des chefs d'\u00c9tat allemands,https://fr.wikipedia.org/?curid=5546179,https://fr.wikipedia.org/wiki/Conjoint des chefs d'\u00c9tat allemands,Article manquant de r\u00e9f\u00e9rences depuis janvier 2018
Nikki Hamblin,https://fr.wikipedia.org/?curid=5546236,https://fr.wikipedia.org/wiki/Nikki Hamblin,Wikip\u00e9dia:\u00e9bauche athl\u00e8te n\u00e9o-z\u00e9landais
Kristin Kasperski,https://fr.wikipedia.org/?curid=5549501,https://fr.wikipedia.org/wiki/Kristin Kasperski,Article \u00e0 illustrer Joueur de volley-ball
Atika Bouagaa,https://fr.wikipedia.org/?curid=5549535,https://fr.wikipedia.org/wiki/Atika Bouagaa,Article utilisant une Infobox
Karmen Ko\u010dar,https://fr.wikipedia.org/?curid=5547558,https://fr.wikipedia.org/wiki/Karmen Ko\u010dar,Article utilisant une Infobox
Linda D\u00f6rendahl,https://fr.wikipedia.org/?curid=5547572,https://fr.wikipedia.org/wiki/Linda D\u00f6rendahl,Article utilisant une Infobox
Ivna Marra,https://fr.wikipedia.org/?curid=5578764,https://fr.wikipedia.org/wiki/Ivna Marra,Article \u00e0 illustrer Joueur de volley-ball
Crystal Reed,https://fr.wikipedia.org/?curid=5576629,https://fr.wikipedia.org/wiki/Crystal Reed,Article utilisant une Infobox
S\u00f4nia Benedito,https://fr.wikipedia.org/?curid=5576786,https://fr.wikipedia.org/wiki/S\u00f4nia Benedito,Article utilisant une Infobox
Edn\u00e9ia Anjos de Souza,https://fr.wikipedia.org/?curid=5576807,https://fr.wikipedia.org/wiki/Edn\u00e9ia Anjos de Souza,Article \u00e0 illustrer Joueur de volley-ball
Elis Bento,https://fr.wikipedia.org/?curid=5576823,https://fr.wikipedia.org/wiki/Elis Bento,Article \u00e0 illustrer Joueur de volley-ball
Juliana Gomes,https://fr.wikipedia.org/?curid=5576834,https://fr.wikipedia.org/wiki/Juliana Gomes,Article \u00e0 illustrer Joueur de volley-ball
Leslie Deniz,https://fr.wikipedia.org/?curid=5580288,https://fr.wikipedia.org/wiki/Leslie Deniz,Wikip\u00e9dia:\u00e9bauche athl\u00e8te am\u00e9ricain
Sth\u00e9fanie Paulino,https://fr.wikipedia.org/?curid=5580553,https://fr.wikipedia.org/wiki/Sth\u00e9fanie Paulino,Article \u00e0 illustrer Joueur de volley-ball
Alice Glass,https://fr.wikipedia.org/?curid=5575815,https://fr.wikipedia.org/wiki/Alice Glass,Article contenant un lien mort
Ingrid Felix,https://fr.wikipedia.org/?curid=5574633,https://fr.wikipedia.org/wiki/Ingrid Felix,Article \u00e0 illustrer Joueur de volley-ball
Meisa Kuroki,https://fr.wikipedia.org/?curid=5573696,https://fr.wikipedia.org/wiki/Meisa Kuroki,Article \u00e0 illustrer Personnalit\u00e9 du cin\u00e9ma
Gy\u00f6rgyi Zsivoczky-Farkas,https://fr.wikipedia.org/?curid=5582097,https://fr.wikipedia.org/wiki/Gy\u00f6rgyi Zsivoczky-Farkas,Article utilisant une Infobox
Morgan Uceny,https://fr.wikipedia.org/?curid=5574834,https://fr.wikipedia.org/wiki/Morgan Uceny,Wikip\u00e9dia:\u00e9bauche athl\u00e8te am\u00e9ricain
Nicole Fawcett,https://fr.wikipedia.org/?curid=5589248,https://fr.wikipedia.org/wiki/Nicole Fawcett,Wikip\u00e9dia:\u00e9bauche joueuse am\u00e9ricaine de volley-ball
Alessandra Santos,https://fr.wikipedia.org/?curid=5591023,https://fr.wikipedia.org/wiki/Alessandra Santos,Article \u00e0 illustrer Joueur de volley-ball
Camilla Ad\u00e3o,https://fr.wikipedia.org/?curid=5599099,https://fr.wikipedia.org/wiki/Camilla Ad\u00e3o,Article \u00e0 illustrer Joueur de volley-ball
Liste des m\u00e9daill\u00e9es f\u00e9minines aux Championnats d'Afrique d'athl\u00e9tisme,https://fr.wikipedia.org/?curid=5599456,https://fr.wikipedia.org/wiki/Liste des m\u00e9daill\u00e9es f\u00e9minines aux Championnats d'Afrique d'athl\u00e9tisme,Wikip\u00e9dia:\u00e9bauche athl\u00e9tisme
Fernanda Alves,https://fr.wikipedia.org/?curid=5597203,https://fr.wikipedia.org/wiki/Fernanda Alves,Article utilisant une Infobox
Giovanna Chagas,https://fr.wikipedia.org/?curid=5597244,https://fr.wikipedia.org/wiki/Giovanna Chagas,Article \u00e0 illustrer Joueur de volley-ball
Alex Morgan,https://fr.wikipedia.org/?curid=5596038,https://fr.wikipedia.org/wiki/Alex Morgan,Article contenant un appel \u00e0 traduction en anglais
Aya Sameshima,https://fr.wikipedia.org/?curid=5596587,https://fr.wikipedia.org/wiki/Aya Sameshima,Article contenant un appel \u00e0 traduction en japonais
Zuria Vega,https://fr.wikipedia.org/?curid=5660443,https://fr.wikipedia.org/wiki/Zuria Vega,Article manquant de r\u00e9f\u00e9rences depuis janvier 2014
Juge-arbitre (handball),https://fr.wikipedia.org/?curid=5660558,https://fr.wikipedia.org/wiki/Juge-arbitre (handball),Article contenant un appel \u00e0 traduction en allemand
Flavia Pennetta,https://fr.wikipedia.org/?curid=566414,https://fr.wikipedia.org/wiki/Flavia Pennetta,Article utilisant une Infobox
Liste des m\u00e9daill\u00e9s aux Jeux olympiques d'hiver de 1952,https://fr.wikipedia.org/?curid=5651363,https://fr.wikipedia.org/wiki/Liste des m\u00e9daill\u00e9s aux Jeux olympiques d'hiver de 1952,Portail:Jeux olympiques/Articles li\u00e9s
Heather Watson,https://fr.wikipedia.org/?curid=5662922,https://fr.wikipedia.org/wiki/Heather Watson,Article utilisant une Infobox
Krist\u00fdna Pl\u00ed\u0161kov\u00e1,https://fr.wikipedia.org/?curid=5662603,https://fr.wikipedia.org/wiki/Krist\u00fdna Pl\u00ed\u0161kov\u00e1,Article utilisant une Infobox
Louise Hazel,https://fr.wikipedia.org/?curid=5662161,https://fr.wikipedia.org/wiki/Louise Hazel,Wikip\u00e9dia:\u00e9bauche athl\u00e8te britannique
Brigetta Barrett,https://fr.wikipedia.org/?curid=5662293,https://fr.wikipedia.org/wiki/Brigetta Barrett,Article utilisant une Infobox
Oksana Okuneva,https://fr.wikipedia.org/?curid=5682518,https://fr.wikipedia.org/wiki/Oksana Okuneva,Article utilisant une Infobox
Marzia Caravelli,https://fr.wikipedia.org/?curid=5685033,https://fr.wikipedia.org/wiki/Marzia Caravelli,Wikip\u00e9dia:\u00e9bauche athl\u00e8te italien
Galina Koukleva,https://fr.wikipedia.org/?curid=568431,https://fr.wikipedia.org/wiki/Galina Koukleva,Wikip\u00e9dia:\u00e9bauche biathlon
Sylvie Vaquero,https://fr.wikipedia.org/?curid=5696815,https://fr.wikipedia.org/wiki/Sylvie Vaquero,Article \u00e0 illustrer Patineur artistique
Christina McHale,https://fr.wikipedia.org/?curid=5699763,https://fr.wikipedia.org/wiki/Christina McHale,Article utilisant une Infobox
Heather Fell,https://fr.wikipedia.org/?curid=5700635,https://fr.wikipedia.org/wiki/Heather Fell,Wikip\u00e9dia:\u00e9bauche personnalit\u00e9 britannique
Yarisley Silva,https://fr.wikipedia.org/?curid=5685557,https://fr.wikipedia.org/wiki/Yarisley Silva,Article utilisant une Infobox
Kalki Koechlin,https://fr.wikipedia.org/?curid=5701256,https://fr.wikipedia.org/wiki/Kalki Koechlin,Wikip\u00e9dia:\u00e9bauche acteur fran\u00e7ais
Diana Karazon,https://fr.wikipedia.org/?curid=5704677,https://fr.wikipedia.org/wiki/Diana Karazon,Article utilisant une Infobox
Lauren Bennett,https://fr.wikipedia.org/?curid=5658227,https://fr.wikipedia.org/wiki/Lauren Bennett,Article manquant de r\u00e9f\u00e9rences depuis juillet 2014
Laura Asadauskait\u0117-Zadneprovskien\u0117,https://fr.wikipedia.org/?curid=5676216,https://fr.wikipedia.org/wiki/Laura Asadauskait\u0117-Zadneprovskien\u0117,Wikip\u00e9dia:\u00e9bauche personnalit\u00e9 lituanienne
Ristananna Tracey,https://fr.wikipedia.org/?curid=5678227,https://fr.wikipedia.org/wiki/Ristananna Tracey,Wikip\u00e9dia:\u00e9bauche athl\u00e8te jama\u00efcain
Liliya Lobanova,https://fr.wikipedia.org/?curid=5678618,https://fr.wikipedia.org/wiki/Liliya Lobanova,Wikip\u00e9dia:\u00e9bauche athl\u00e8te ukrainien
Olga Kurban,https://fr.wikipedia.org/?curid=5678146,https://fr.wikipedia.org/wiki/Olga Kurban,Wikip\u00e9dia:\u00e9bauche athl\u00e8te russe
Lost in Translation,https://fr.wikipedia.org/?curid=56669,https://fr.wikipedia.org/wiki/Lost in Translation,Article contenant un lien mort
Joe Chen,https://fr.wikipedia.org/?curid=5668360,https://fr.wikipedia.org/wiki/Joe Chen,Wikip\u00e9dia:\u00e9bauche chanteur
Romane Bernies,https://fr.wikipedia.org/?curid=5665670,https://fr.wikipedia.org/wiki/Romane Bernies,Article utilisant une Infobox
Unbroken (album),https://fr.wikipedia.org/?curid=5688526,https://fr.wikipedia.org/wiki/Unbroken (album),Article contenant un lien mort
Nastassia Mironchyk-Ivanova,https://fr.wikipedia.org/?curid=5688837,https://fr.wikipedia.org/wiki/Nastassia Mironchyk-Ivanova,Wikip\u00e9dia:\u00e9bauche athl\u00e8te bi\u00e9lorusse
Aiko Sat\u014d (judo),https://fr.wikipedia.org/?curid=5686932,https://fr.wikipedia.org/wiki/Aiko Sat\u014d (judo),Wikip\u00e9dia:\u00e9bauche judo
Gabriela Guimar\u00e3es,https://fr.wikipedia.org/?curid=5687030,https://fr.wikipedia.org/wiki/Gabriela Guimar\u00e3es,Article utilisant une Infobox
Natalia Kuzyutina,https://fr.wikipedia.org/?curid=5689974,https://fr.wikipedia.org/wiki/Natalia Kuzyutina,Wikip\u00e9dia:\u00e9bauche judo
Bundmaa Munkhbaatar,https://fr.wikipedia.org/?curid=5689979,https://fr.wikipedia.org/wiki/Bundmaa Munkhbaatar,Wikip\u00e9dia:\u00e9bauche judo
Iouli\u00e9tta Boukouv\u00e1la,https://fr.wikipedia.org/?curid=5689989,https://fr.wikipedia.org/wiki/Iouli\u00e9tta Boukouv\u00e1la,Wikip\u00e9dia:\u00e9bauche judo
Ramila Yusubova,https://fr.wikipedia.org/?curid=5689997,https://fr.wikipedia.org/wiki/Ramila Yusubova,Wikip\u00e9dia:\u00e9bauche judo
Qin Qian,https://fr.wikipedia.org/?curid=5690021,https://fr.wikipedia.org/wiki/Qin Qian,Wikip\u00e9dia:\u00e9bauche judo
Christina Grimmie,https://fr.wikipedia.org/?curid=5688288,https://fr.wikipedia.org/wiki/Christina Grimmie,Page utilisant P569
Andreea Chi\u021bu,https://fr.wikipedia.org/?curid=5688326,https://fr.wikipedia.org/wiki/Andreea Chi\u021bu,Wikip\u00e9dia:\u00e9bauche judo
Akari Ogata,https://fr.wikipedia.org/?curid=5689778,https://fr.wikipedia.org/wiki/Akari Ogata,Wikip\u00e9dia:\u00e9bauche judo
Mika Sugimoto,https://fr.wikipedia.org/?curid=5689795,https://fr.wikipedia.org/wiki/Mika Sugimoto,Wikip\u00e9dia:\u00e9bauche judo
Isabellah Andersson,https://fr.wikipedia.org/?curid=5689883,https://fr.wikipedia.org/wiki/Isabellah Andersson,Wikip\u00e9dia:\u00e9bauche athl\u00e8te su\u00e9dois
Rafaela Silva,https://fr.wikipedia.org/?curid=5687375,https://fr.wikipedia.org/wiki/Rafaela Silva,Wikip\u00e9dia:\u00e9bauche judo
Le Ch\u00e2teau de Cagliostro,https://fr.wikipedia.org/?curid=569515,https://fr.wikipedia.org/wiki/Le Ch\u00e2teau de Cagliostro,Article contenant un appel \u00e0 traduction en anglais
"Conan, le fils du futur",https://fr.wikipedia.org/?curid=569534,"https://fr.wikipedia.org/wiki/Conan, le fils du futur",Article utilisant une Infobox
Emma Taylor-Isherwood,https://fr.wikipedia.org/?curid=5696274,https://fr.wikipedia.org/wiki/Emma Taylor-Isherwood,Wikip\u00e9dia:\u00e9bauche acteur canadien
Karol Kennedy,https://fr.wikipedia.org/?curid=5660368,https://fr.wikipedia.org/wiki/Karol Kennedy,Wikip\u00e9dia:\u00e9bauche patinage artistique
Meryll Wenger,https://fr.wikipedia.org/?curid=5654081,https://fr.wikipedia.org/wiki/Meryll Wenger,Article utilisant une Infobox
Belinda Hocking,https://fr.wikipedia.org/?curid=5653369,https://fr.wikipedia.org/wiki/Belinda Hocking,Wikip\u00e9dia:\u00e9bauche natation
Kyary Pamyu Pamyu,https://fr.wikipedia.org/?curid=5653434,https://fr.wikipedia.org/wiki/Kyary Pamyu Pamyu,Article utilisant une Infobox
Ellen Amaral,https://fr.wikipedia.org/?curid=5652705,https://fr.wikipedia.org/wiki/Ellen Amaral,Article \u00e0 illustrer Joueur de volley-ball
Nikolle Correa,https://fr.wikipedia.org/?curid=5628866,https://fr.wikipedia.org/wiki/Nikolle Correa,Article \u00e0 illustrer Joueur de volley-ball
Barbara Piton,https://fr.wikipedia.org/?curid=5623878,https://fr.wikipedia.org/wiki/Barbara Piton,Article \u00e0 illustrer Patineur artistique
Cristina Nicolau,https://fr.wikipedia.org/?curid=5630181,https://fr.wikipedia.org/wiki/Cristina Nicolau,Wikip\u00e9dia:\u00e9bauche athl\u00e8te roumain
Yo\u00fc and I,https://fr.wikipedia.org/?curid=5631125,https://fr.wikipedia.org/wiki/Yo\u00fc and I,Wikip\u00e9dia:\u00e9bauche single
Saki Kumagai,https://fr.wikipedia.org/?curid=5611148,https://fr.wikipedia.org/wiki/Saki Kumagai,Article utilisant une Infobox
Pokey Chatman,https://fr.wikipedia.org/?curid=5637831,https://fr.wikipedia.org/wiki/Pokey Chatman,Article utilisant une Infobox
Person of Interest,https://fr.wikipedia.org/?curid=5627585,https://fr.wikipedia.org/wiki/Person of Interest,Article utilisant une Infobox
Floren\u021ba Cr\u0103ciunescu,https://fr.wikipedia.org/?curid=5641838,https://fr.wikipedia.org/wiki/Floren\u021ba Cr\u0103ciunescu,Wikip\u00e9dia:\u00e9bauche athl\u00e8te roumain
Petra Ojaranta,https://fr.wikipedia.org/?curid=5641266,https://fr.wikipedia.org/wiki/Petra Ojaranta,Wikip\u00e9dia:\u00e9bauche sportif finlandais
Malika Akkaoui,https://fr.wikipedia.org/?curid=5639343,https://fr.wikipedia.org/wiki/Malika Akkaoui,Wikip\u00e9dia:\u00e9bauche athl\u00e8te marocain
Sally Kipyego,https://fr.wikipedia.org/?curid=5639374,https://fr.wikipedia.org/wiki/Sally Kipyego,Article contenant un lien mort
Edna Kiplagat,https://fr.wikipedia.org/?curid=5639584,https://fr.wikipedia.org/wiki/Edna Kiplagat,Wikip\u00e9dia:\u00e9bauche athl\u00e8te k\u00e9nyan
Kim Sa-rang,https://fr.wikipedia.org/?curid=5641548,https://fr.wikipedia.org/wiki/Kim Sa-rang,Article utilisant une Infobox
H\u00e9l\u00e9na Akmouche,https://fr.wikipedia.org/?curid=5641696,https://fr.wikipedia.org/wiki/H\u00e9l\u00e9na Akmouche,Article \u00e0 illustrer Joueur de basket-ball
Dan\u00fabia Wessler,https://fr.wikipedia.org/?curid=5612229,https://fr.wikipedia.org/wiki/Dan\u00fabia Wessler,Article \u00e0 illustrer Joueur de volley-ball
Stella Jongmans,https://fr.wikipedia.org/?curid=5612266,https://fr.wikipedia.org/wiki/Stella Jongmans,Wikip\u00e9dia:\u00e9bauche athl\u00e8te n\u00e9erlandais
Regiane Bidias,https://fr.wikipedia.org/?curid=5631302,https://fr.wikipedia.org/wiki/Regiane Bidias,Article utilisant une Infobox
Anne Pohjola,https://fr.wikipedia.org/?curid=5632285,https://fr.wikipedia.org/wiki/Anne Pohjola,Wikip\u00e9dia:\u00e9bauche sportif finlandais
Ananda Marinho,https://fr.wikipedia.org/?curid=5634628,https://fr.wikipedia.org/wiki/Ananda Marinho,Article \u00e0 illustrer Joueur de volley-ball
St\u00e9phanie S\u00e9guin,https://fr.wikipedia.org/?curid=5633587,https://fr.wikipedia.org/wiki/St\u00e9phanie S\u00e9guin,Article contenant un lien mort
Sandie Toletti,https://fr.wikipedia.org/?curid=5633751,https://fr.wikipedia.org/wiki/Sandie Toletti,Article utilisant une Infobox
Nicole Pratt,https://fr.wikipedia.org/?curid=564501,https://fr.wikipedia.org/wiki/Nicole Pratt,Article utilisant une Infobox
Jamie Anderson (snowboard),https://fr.wikipedia.org/?curid=5648578,https://fr.wikipedia.org/wiki/Jamie Anderson (snowboard),Wikip\u00e9dia:\u00e9bauche snowboard
Patsy Mink,https://fr.wikipedia.org/?curid=5644776,https://fr.wikipedia.org/wiki/Patsy Mink,Wikip\u00e9dia:\u00e9bauche personnalit\u00e9 politique am\u00e9ricaine
Martina Strutz,https://fr.wikipedia.org/?curid=5612490,https://fr.wikipedia.org/wiki/Martina Strutz,Wikip\u00e9dia:\u00e9bauche athl\u00e8te allemand
Miss Univers Canada,https://fr.wikipedia.org/?curid=5612861,https://fr.wikipedia.org/wiki/Miss Univers Canada,Portail:R\u00e9compenses et distinctions/Articles li\u00e9s
Lena Malkus,https://fr.wikipedia.org/?curid=5624754,https://fr.wikipedia.org/wiki/Lena Malkus,Wikip\u00e9dia:\u00e9bauche athl\u00e8te allemand
Isabelle Pousseur,https://fr.wikipedia.org/?curid=5626210,https://fr.wikipedia.org/wiki/Isabelle Pousseur,Page utilisant P569
Hanna Titimets,https://fr.wikipedia.org/?curid=5622591,https://fr.wikipedia.org/wiki/Hanna Titimets,Wikip\u00e9dia:\u00e9bauche athl\u00e8te ukrainien
Mercy Njoroge,https://fr.wikipedia.org/?curid=5622616,https://fr.wikipedia.org/wiki/Mercy Njoroge,Wikip\u00e9dia:\u00e9bauche athl\u00e8te k\u00e9nyan
Laura Antonelli,https://fr.wikipedia.org/?curid=561885,https://fr.wikipedia.org/wiki/Laura Antonelli,Article utilisant une Infobox
Solange Soares,https://fr.wikipedia.org/?curid=5620059,https://fr.wikipedia.org/wiki/Solange Soares,Article utilisant une Infobox
Carolina Freitas,https://fr.wikipedia.org/?curid=5621654,https://fr.wikipedia.org/wiki/Carolina Freitas,Article \u00e0 illustrer Joueur de volley-ball
Isabela Paquiardi,https://fr.wikipedia.org/?curid=5623299,https://fr.wikipedia.org/wiki/Isabela Paquiardi,Article \u00e0 illustrer Joueur de volley-ball
Christelle Bulteau,https://fr.wikipedia.org/?curid=5572235,https://fr.wikipedia.org/wiki/Christelle Bulteau,Wikip\u00e9dia:\u00e9bauche athl\u00e8te fran\u00e7ais
Lise Van Hecke,https://fr.wikipedia.org/?curid=5572405,https://fr.wikipedia.org/wiki/Lise Van Hecke,Article utilisant une Infobox
Mara Le\u00e3o,https://fr.wikipedia.org/?curid=5572433,https://fr.wikipedia.org/wiki/Mara Le\u00e3o,Article utilisant une Infobox
Daniele Oliveira,https://fr.wikipedia.org/?curid=5572467,https://fr.wikipedia.org/wiki/Daniele Oliveira,Article \u00e0 illustrer Joueur de volley-ball
Camila Torquette,https://fr.wikipedia.org/?curid=5570072,https://fr.wikipedia.org/wiki/Camila Torquette,Article \u00e0 illustrer Joueur de volley-ball
Fernanda Cordeiro,https://fr.wikipedia.org/?curid=5570083,https://fr.wikipedia.org/wiki/Fernanda Cordeiro,Article \u00e0 illustrer Joueur de volley-ball
Veridiana Fonseca,https://fr.wikipedia.org/?curid=5570096,https://fr.wikipedia.org/wiki/Veridiana Fonseca,Article \u00e0 illustrer Joueur de volley-ball
Nicole Sifuentes,https://fr.wikipedia.org/?curid=5567069,https://fr.wikipedia.org/wiki/Nicole Sifuentes,Wikip\u00e9dia:\u00e9bauche athl\u00e8te canadien
Molly Huddle,https://fr.wikipedia.org/?curid=5567217,https://fr.wikipedia.org/wiki/Molly Huddle,Article utilisant une Infobox
Heike Schulte-Mattler,https://fr.wikipedia.org/?curid=5568246,https://fr.wikipedia.org/wiki/Heike Schulte-Mattler,Wikip\u00e9dia:\u00e9bauche athl\u00e8te allemand
L\u00e9on (film),https://fr.wikipedia.org/?curid=56036,https://fr.wikipedia.org/wiki/L\u00e9on (film),Article utilisant une Infobox
S\u00e2mera Alcides,https://fr.wikipedia.org/?curid=5606318,https://fr.wikipedia.org/wiki/S\u00e2mera Alcides,Article \u00e0 illustrer Joueur de volley-ball
Esthera Petre,https://fr.wikipedia.org/?curid=5606930,https://fr.wikipedia.org/wiki/Esthera Petre,Wikip\u00e9dia:\u00e9bauche athl\u00e8te roumain
Charte graphique de la communication gouvernementale en France,https://fr.wikipedia.org/?curid=5606983,https://fr.wikipedia.org/wiki/Charte graphique de la communication gouvernementale en France,Article contenant un appel \u00e0 traduction en anglais
Patricia Mayr,https://fr.wikipedia.org/?curid=5606989,https://fr.wikipedia.org/wiki/Patricia Mayr,Article utilisant une Infobox
Hhadydia Mint\u00e9,https://fr.wikipedia.org/?curid=5607010,https://fr.wikipedia.org/wiki/Hhadydia Mint\u00e9,Article utilisant une Infobox
Noppawan Lertcheewakarn,https://fr.wikipedia.org/?curid=5617048,https://fr.wikipedia.org/wiki/Noppawan Lertcheewakarn,Article utilisant une Infobox
Najat Ouardad,https://fr.wikipedia.org/?curid=5615256,https://fr.wikipedia.org/wiki/Najat Ouardad,Article utilisant une Infobox
Liste des femmes ministres belges,https://fr.wikipedia.org/?curid=5619404,https://fr.wikipedia.org/wiki/Liste des femmes ministres belges,Article contenant un appel \u00e0 traduction en anglais
Joyce Victalino,https://fr.wikipedia.org/?curid=5614644,https://fr.wikipedia.org/wiki/Joyce Victalino,Article \u00e0 illustrer Joueur de volley-ball
Kelly Massey,https://fr.wikipedia.org/?curid=5555171,https://fr.wikipedia.org/wiki/Kelly Massey,Wikip\u00e9dia:\u00e9bauche athl\u00e8te britannique
Rachel Rourke,https://fr.wikipedia.org/?curid=5561748,https://fr.wikipedia.org/wiki/Rachel Rourke,Article utilisant une Infobox
Marita Payne,https://fr.wikipedia.org/?curid=5561774,https://fr.wikipedia.org/wiki/Marita Payne,Wikip\u00e9dia:\u00e9bauche athl\u00e8te canadien
Fernanda Garay,https://fr.wikipedia.org/?curid=5565560,https://fr.wikipedia.org/wiki/Fernanda Garay,Article utilisant une Infobox
Liron Cohen,https://fr.wikipedia.org/?curid=5566254,https://fr.wikipedia.org/wiki/Liron Cohen,Wikip\u00e9dia:\u00e9bauche joueuse de basket-ball
Monique Pav\u00e3o,https://fr.wikipedia.org/?curid=5567838,https://fr.wikipedia.org/wiki/Monique Pav\u00e3o,Article utilisant une Infobox
Natasha Farinea,https://fr.wikipedia.org/?curid=5567884,https://fr.wikipedia.org/wiki/Natasha Farinea,Article utilisant une Infobox
Silvana Papini,https://fr.wikipedia.org/?curid=5567930,https://fr.wikipedia.org/wiki/Silvana Papini,Article \u00e0 illustrer Joueur de volley-ball
Katie Leclerc,https://fr.wikipedia.org/?curid=5589076,https://fr.wikipedia.org/wiki/Katie Leclerc,Article utilisant une Infobox
Marcela Felinto,https://fr.wikipedia.org/?curid=5601229,https://fr.wikipedia.org/wiki/Marcela Felinto,Article \u00e0 illustrer Joueur de volley-ball
Michele Botzan,https://fr.wikipedia.org/?curid=5601211,https://fr.wikipedia.org/wiki/Michele Botzan,Article \u00e0 illustrer Joueur de volley-ball
Luiza Ungerer,https://fr.wikipedia.org/?curid=5601217,https://fr.wikipedia.org/wiki/Luiza Ungerer,Article utilisant une Infobox
Anne Buijs,https://fr.wikipedia.org/?curid=5602875,https://fr.wikipedia.org/wiki/Anne Buijs,Article utilisant une Infobox
Lucija Cigi\u0107,https://fr.wikipedia.org/?curid=5846808,https://fr.wikipedia.org/wiki/Lucija Cigi\u0107,Article \u00e0 illustrer Joueur de volley-ball
Magdalena Sadowska,https://fr.wikipedia.org/?curid=5846838,https://fr.wikipedia.org/wiki/Magdalena Sadowska,Article utilisant une Infobox
Daphne Arden,https://fr.wikipedia.org/?curid=5844794,https://fr.wikipedia.org/wiki/Daphne Arden,Wikip\u00e9dia:\u00e9bauche athl\u00e8te britannique
Svetlana Tchesnokova,https://fr.wikipedia.org/?curid=5845103,https://fr.wikipedia.org/wiki/Svetlana Tchesnokova,Article \u00e0 illustrer Joueur de volley-ball
Kate\u0159ina Ko\u010diov\u00e1,https://fr.wikipedia.org/?curid=5845166,https://fr.wikipedia.org/wiki/Kate\u0159ina Ko\u010diov\u00e1,Article utilisant une Infobox
Marilyn White,https://fr.wikipedia.org/?curid=5845182,https://fr.wikipedia.org/wiki/Marilyn White,Wikip\u00e9dia:\u00e9bauche athl\u00e8te am\u00e9ricain
Ksenija Ivanovi\u0107,https://fr.wikipedia.org/?curid=5843188,https://fr.wikipedia.org/wiki/Ksenija Ivanovi\u0107,Article \u00e0 illustrer Joueur de volley-ball
Yana De Leeuw,https://fr.wikipedia.org/?curid=5843211,https://fr.wikipedia.org/wiki/Yana De Leeuw,Article utilisant une Infobox
Ganna Sorokina,https://fr.wikipedia.org/?curid=5831896,https://fr.wikipedia.org/wiki/Ganna Sorokina,Article \u00e0 illustrer Sportif
Mira Golubovi\u0107,https://fr.wikipedia.org/?curid=5830298,https://fr.wikipedia.org/wiki/Mira Golubovi\u0107,Article \u00e0 illustrer Joueur de volley-ball
Coquille d'argent de la meilleure actrice,https://fr.wikipedia.org/?curid=5831399,https://fr.wikipedia.org/wiki/Coquille d'argent de la meilleure actrice,Portail:R\u00e9compenses et distinctions/Articles li\u00e9s
Anna Grejman,https://fr.wikipedia.org/?curid=5834383,https://fr.wikipedia.org/wiki/Anna Grejman,Article utilisant une Infobox
Zuzanna Czy\u017cnielewska,https://fr.wikipedia.org/?curid=5832325,https://fr.wikipedia.org/wiki/Zuzanna Czy\u017cnielewska,Article utilisant une Infobox
Aylin Pereyra,https://fr.wikipedia.org/?curid=5809637,https://fr.wikipedia.org/wiki/Aylin Pereyra,Article \u00e0 illustrer Joueur de volley-ball
Justyna Wojtowicz,https://fr.wikipedia.org/?curid=5828196,https://fr.wikipedia.org/wiki/Justyna Wojtowicz,Article utilisant une Infobox
Priscila Daroit,https://fr.wikipedia.org/?curid=5828232,https://fr.wikipedia.org/wiki/Priscila Daroit,Article \u00e0 illustrer Joueur de volley-ball
Jacqueline Todten,https://fr.wikipedia.org/?curid=5827792,https://fr.wikipedia.org/wiki/Jacqueline Todten,Wikip\u00e9dia:\u00e9bauche athl\u00e8te allemand
Vasilka Stoeva,https://fr.wikipedia.org/?curid=5827820,https://fr.wikipedia.org/wiki/Vasilka Stoeva,Wikip\u00e9dia:\u00e9bauche athl\u00e8te bulgare
Doris De Agostini,https://fr.wikipedia.org/?curid=583803,https://fr.wikipedia.org/wiki/Doris De Agostini,Wikip\u00e9dia:\u00e9bauche personnalit\u00e9 suisse
Katharina Gutensohn,https://fr.wikipedia.org/?curid=583850,https://fr.wikipedia.org/wiki/Katharina Gutensohn,Article utilisant une Infobox
Get Back (chanson de Demi Lovato),https://fr.wikipedia.org/?curid=5835595,https://fr.wikipedia.org/wiki/Get Back (chanson de Demi Lovato),Article utilisant une Infobox
Brigitte Totschnig,https://fr.wikipedia.org/?curid=583777,https://fr.wikipedia.org/wiki/Brigitte Totschnig,Page utilisant P569
Barbara Wirth,https://fr.wikipedia.org/?curid=5836577,https://fr.wikipedia.org/wiki/Barbara Wirth,Wikip\u00e9dia:\u00e9bauche ski alpin
Virimi Vakatawa,https://fr.wikipedia.org/?curid=5796339,https://fr.wikipedia.org/wiki/Virimi Vakatawa,Article utilisant une Infobox
Borderlands 2,https://fr.wikipedia.org/?curid=5796624,https://fr.wikipedia.org/wiki/Borderlands 2,Page utilisant P856
Emilia Mucha,https://fr.wikipedia.org/?curid=5839213,https://fr.wikipedia.org/wiki/Emilia Mucha,Article utilisant une Infobox
Tijana Male\u0161evi\u0107,https://fr.wikipedia.org/?curid=5839251,https://fr.wikipedia.org/wiki/Tijana Male\u0161evi\u0107,Article utilisant une Infobox
Na\u0111a Ninkovi\u0107,https://fr.wikipedia.org/?curid=5839320,https://fr.wikipedia.org/wiki/Na\u0111a Ninkovi\u0107,Article \u00e0 illustrer Joueur de volley-ball
Liste des livres de Jacques-Yves Cousteau,https://fr.wikipedia.org/?curid=5842742,https://fr.wikipedia.org/wiki/Liste des livres de Jacques-Yves Cousteau,Portail:Litt\u00e9rature/Articles li\u00e9s
Holland Roden,https://fr.wikipedia.org/?curid=5841160,https://fr.wikipedia.org/wiki/Holland Roden,Article utilisant une Infobox
Martina Viestov\u00e1,https://fr.wikipedia.org/?curid=5841244,https://fr.wikipedia.org/wiki/Martina Viestov\u00e1,Article utilisant une Infobox
Lina Hummel,https://fr.wikipedia.org/?curid=5841275,https://fr.wikipedia.org/wiki/Lina Hummel,Article \u00e0 illustrer Joueur de volley-ball
Betulia liberata,https://fr.wikipedia.org/?curid=5841465,https://fr.wikipedia.org/wiki/Betulia liberata,Article utilisant une Infobox
Icewind Dale II,https://fr.wikipedia.org/?curid=582483,https://fr.wikipedia.org/wiki/Icewind Dale II,Page utilisant P404
Keshia Baker,https://fr.wikipedia.org/?curid=5823397,https://fr.wikipedia.org/wiki/Keshia Baker,Wikip\u00e9dia:\u00e9bauche athl\u00e8te am\u00e9ricain
Katarzyna Mo\u017cd\u017ce\u0144,https://fr.wikipedia.org/?curid=5826190,https://fr.wikipedia.org/wiki/Katarzyna Mo\u017cd\u017ce\u0144,Article \u00e0 illustrer Joueur de volley-ball
Sanja Starovi\u0107,https://fr.wikipedia.org/?curid=5826196,https://fr.wikipedia.org/wiki/Sanja Starovi\u0107,Article utilisant une Infobox
Hikari Hino,https://fr.wikipedia.org/?curid=5823909,https://fr.wikipedia.org/wiki/Hikari Hino,Article utilisant une Infobox
Premi\u00e8re dame de Russie,https://fr.wikipedia.org/?curid=5823941,https://fr.wikipedia.org/wiki/Premi\u00e8re dame de Russie,Article manquant de r\u00e9f\u00e9rences depuis novembre 2015
Ma\u0142gorzata W\u0142aszczuk,https://fr.wikipedia.org/?curid=5824028,https://fr.wikipedia.org/wiki/Ma\u0142gorzata W\u0142aszczuk,Article utilisant une Infobox
Varvara Lepchenko,https://fr.wikipedia.org/?curid=5825954,https://fr.wikipedia.org/wiki/Varvara Lepchenko,Article utilisant une Infobox
Kateryna Tarasenko,https://fr.wikipedia.org/?curid=5825200,https://fr.wikipedia.org/wiki/Kateryna Tarasenko,Article utilisant une Infobox
Diana Yorgova,https://fr.wikipedia.org/?curid=5825262,https://fr.wikipedia.org/wiki/Diana Yorgova,Wikip\u00e9dia:\u00e9bauche athl\u00e8te bulgare
B\u00e4rbel Struppert,https://fr.wikipedia.org/?curid=5825276,https://fr.wikipedia.org/wiki/B\u00e4rbel Struppert,Wikip\u00e9dia:\u00e9bauche athl\u00e8te allemand
Eva \u0160uranov\u00e1,https://fr.wikipedia.org/?curid=5825328,https://fr.wikipedia.org/wiki/Eva \u0160uranov\u00e1,Wikip\u00e9dia:\u00e9bauche athl\u00e8te tch\u00e8que
Althea Gibson,https://fr.wikipedia.org/?curid=582562,https://fr.wikipedia.org/wiki/Althea Gibson,Article utilisant une Infobox
Lena D\u00fcrr,https://fr.wikipedia.org/?curid=5822576,https://fr.wikipedia.org/wiki/Lena D\u00fcrr,Article utilisant une Infobox
Give Me All Your Luvin',https://fr.wikipedia.org/?curid=5849486,https://fr.wikipedia.org/wiki/Give Me All Your Luvin',Article contenant un lien mort
Helena Fuchsov\u00e1,https://fr.wikipedia.org/?curid=5767377,https://fr.wikipedia.org/wiki/Helena Fuchsov\u00e1,Wikip\u00e9dia:\u00e9bauche athl\u00e8te tch\u00e8que
Georgette Thiolli\u00e8re-Miller,https://fr.wikipedia.org/?curid=578066,https://fr.wikipedia.org/wiki/Georgette Thiolli\u00e8re-Miller,Article avec source \u00e0 lier
Estelle Denis,https://fr.wikipedia.org/?curid=578085,https://fr.wikipedia.org/wiki/Estelle Denis,Article utilisant une Infobox
Sabine Appelmans,https://fr.wikipedia.org/?curid=578111,https://fr.wikipedia.org/wiki/Sabine Appelmans,Article utilisant une Infobox
Zuzana Bergrov\u00e1,https://fr.wikipedia.org/?curid=5785346,https://fr.wikipedia.org/wiki/Zuzana Bergrov\u00e1,Wikip\u00e9dia:\u00e9bauche athl\u00e8te tch\u00e8que
Imany,https://fr.wikipedia.org/?curid=5785466,https://fr.wikipedia.org/wiki/Imany,Article contenant un lien mort
Kathy McMillan,https://fr.wikipedia.org/?curid=5785288,https://fr.wikipedia.org/wiki/Kathy McMillan,Wikip\u00e9dia:\u00e9bauche athl\u00e8te am\u00e9ricain
Anna Sulima,https://fr.wikipedia.org/?curid=5775719,https://fr.wikipedia.org/wiki/Anna Sulima,Article \u00e0 illustrer Sportif
Barbara Kotowska,https://fr.wikipedia.org/?curid=5773895,https://fr.wikipedia.org/wiki/Barbara Kotowska,Article \u00e0 illustrer Sportif
Women's Royal Naval Service,https://fr.wikipedia.org/?curid=5775016,https://fr.wikipedia.org/wiki/Women's Royal Naval Service,Wikip\u00e9dia:\u00e9bauche domaine militaire
Christine Laser,https://fr.wikipedia.org/?curid=5779251,https://fr.wikipedia.org/wiki/Christine Laser,Wikip\u00e9dia:\u00e9bauche athl\u00e8te allemand
Aleksandra Crn\u010devi\u0107,https://fr.wikipedia.org/?curid=5779622,https://fr.wikipedia.org/wiki/Aleksandra Crn\u010devi\u0107,Article \u00e0 illustrer Joueur de volley-ball
Maria Golubnichaya,https://fr.wikipedia.org/?curid=5788724,https://fr.wikipedia.org/wiki/Maria Golubnichaya,Wikip\u00e9dia:\u00e9bauche athl\u00e8te sovi\u00e9tique
Anca M\u0103roiu,https://fr.wikipedia.org/?curid=5789943,https://fr.wikipedia.org/wiki/Anca M\u0103roiu,Wikip\u00e9dia:\u00e9bauche escrimeuse roumaine
Nikolina Shtereva,https://fr.wikipedia.org/?curid=5790023,https://fr.wikipedia.org/wiki/Nikolina Shtereva,Wikip\u00e9dia:\u00e9bauche athl\u00e8te bulgare
Sabine Everts,https://fr.wikipedia.org/?curid=5750788,https://fr.wikipedia.org/wiki/Sabine Everts,Wikip\u00e9dia:\u00e9bauche athl\u00e8te allemand
Shirley Strong,https://fr.wikipedia.org/?curid=5750860,https://fr.wikipedia.org/wiki/Shirley Strong,Wikip\u00e9dia:\u00e9bauche athl\u00e8te britannique
Zheng Saisai,https://fr.wikipedia.org/?curid=5750929,https://fr.wikipedia.org/wiki/Zheng Saisai,Article utilisant une Infobox
Valeria Caracuta,https://fr.wikipedia.org/?curid=5753244,https://fr.wikipedia.org/wiki/Valeria Caracuta,Wikip\u00e9dia:\u00e9bauche joueuse italienne de volley-ball
Ioana Nem\u021banu,https://fr.wikipedia.org/?curid=5759444,https://fr.wikipedia.org/wiki/Ioana Nem\u021banu,Article utilisant une Infobox
Olga Topilskaya,https://fr.wikipedia.org/?curid=5759724,https://fr.wikipedia.org/wiki/Olga Topilskaya,Wikip\u00e9dia:\u00e9bauche athl\u00e8te russe
Nicoleta Manu,https://fr.wikipedia.org/?curid=5761425,https://fr.wikipedia.org/wiki/Nicoleta Manu,Article utilisant une Infobox
Medina (chanteuse),https://fr.wikipedia.org/?curid=5760600,https://fr.wikipedia.org/wiki/Medina (chanteuse),Article utilisant une Infobox
Joyce Blau,https://fr.wikipedia.org/?curid=576161,https://fr.wikipedia.org/wiki/Joyce Blau,Wikip\u00e9dia:\u00e9bauche linguistique
Silvia Lotti,https://fr.wikipedia.org/?curid=5765001,https://fr.wikipedia.org/wiki/Silvia Lotti,Wikip\u00e9dia:\u00e9bauche joueuse italienne de volley-ball
Philomena Mensah,https://fr.wikipedia.org/?curid=5765100,https://fr.wikipedia.org/wiki/Philomena Mensah,Wikip\u00e9dia:\u00e9bauche athl\u00e8te ghan\u00e9en
Christl Haas,https://fr.wikipedia.org/?curid=576541,https://fr.wikipedia.org/wiki/Christl Haas,Wikip\u00e9dia:\u00e9bauche ski alpin
Brooke Fraser,https://fr.wikipedia.org/?curid=5763555,https://fr.wikipedia.org/wiki/Brooke Fraser,Article manquant de r\u00e9f\u00e9rences depuis d\u00e9cembre 2018
Sarolta Kov\u00e1cs,https://fr.wikipedia.org/?curid=5689250,https://fr.wikipedia.org/wiki/Sarolta Kov\u00e1cs,Wikip\u00e9dia:\u00e9bauche pentathlon moderne
Freyja Prentice,https://fr.wikipedia.org/?curid=5693294,https://fr.wikipedia.org/wiki/Freyja Prentice,Wikip\u00e9dia:\u00e9bauche personnalit\u00e9 britannique
Nicole Davis,https://fr.wikipedia.org/?curid=5719487,https://fr.wikipedia.org/wiki/Nicole Davis,Wikip\u00e9dia:\u00e9bauche joueuse am\u00e9ricaine de volley-ball
Elif Ba\u015faran,https://fr.wikipedia.org/?curid=5721054,https://fr.wikipedia.org/wiki/Elif Ba\u015faran,Article \u00e0 illustrer Joueur de volley-ball
Katharina Schwabe,https://fr.wikipedia.org/?curid=5721092,https://fr.wikipedia.org/wiki/Katharina Schwabe,Article utilisant une Infobox
Gaby Bu\u00dfmann,https://fr.wikipedia.org/?curid=5752484,https://fr.wikipedia.org/wiki/Gaby Bu\u00dfmann,Wikip\u00e9dia:\u00e9bauche athl\u00e8te allemand
Mable Fergerson,https://fr.wikipedia.org/?curid=5752607,https://fr.wikipedia.org/wiki/Mable Fergerson,Wikip\u00e9dia:\u00e9bauche athl\u00e8te am\u00e9ricain
Stefanie Scott,https://fr.wikipedia.org/?curid=5750519,https://fr.wikipedia.org/wiki/Stefanie Scott,Article manquant de r\u00e9f\u00e9rences depuis mai 2013
Evelina Tsvetanova,https://fr.wikipedia.org/?curid=5748065,https://fr.wikipedia.org/wiki/Evelina Tsvetanova,Article \u00e0 illustrer Joueur de volley-ball
Jutta Heine,https://fr.wikipedia.org/?curid=5769003,https://fr.wikipedia.org/wiki/Jutta Heine,Wikip\u00e9dia:\u00e9bauche athl\u00e8te allemand
Barbara Janiszewska,https://fr.wikipedia.org/?curid=5769197,https://fr.wikipedia.org/wiki/Barbara Janiszewska,Wikip\u00e9dia:\u00e9bauche athl\u00e8te polonais
Anna Chmelkov\u00e1,https://fr.wikipedia.org/?curid=5770402,https://fr.wikipedia.org/wiki/Anna Chmelkov\u00e1,Wikip\u00e9dia:\u00e9bauche athl\u00e8te slovaque
Tania Khalill,https://fr.wikipedia.org/?curid=5817239,https://fr.wikipedia.org/wiki/Tania Khalill,Article utilisant une Infobox
Magda Maras,https://fr.wikipedia.org/?curid=5814034,https://fr.wikipedia.org/wiki/Magda Maras,Article utilisant une Infobox
Sadhana Shivdasani,https://fr.wikipedia.org/?curid=5815588,https://fr.wikipedia.org/wiki/Sadhana Shivdasani,Article contenant un lien mort
Christina Heinich,https://fr.wikipedia.org/?curid=5802642,https://fr.wikipedia.org/wiki/Christina Heinich,Wikip\u00e9dia:\u00e9bauche athl\u00e8te allemand
Nina Dumbadze,https://fr.wikipedia.org/?curid=5802761,https://fr.wikipedia.org/wiki/Nina Dumbadze,Wikip\u00e9dia:\u00e9bauche athl\u00e8te sovi\u00e9tique
Mar\u00eda Eugenia Su\u00e1rez,https://fr.wikipedia.org/?curid=5802773,https://fr.wikipedia.org/wiki/Mar\u00eda Eugenia Su\u00e1rez,Article utilisant une Infobox
Born This Way: The Remix,https://fr.wikipedia.org/?curid=5805975,https://fr.wikipedia.org/wiki/Born This Way: The Remix,Article utilisant une Infobox
Chiara Borgogno,https://fr.wikipedia.org/?curid=5805667,https://fr.wikipedia.org/wiki/Chiara Borgogno,Wikip\u00e9dia:\u00e9bauche joueuse italienne de volley-ball
Silvia Chiv\u00e1s,https://fr.wikipedia.org/?curid=5800072,https://fr.wikipedia.org/wiki/Silvia Chiv\u00e1s,Wikip\u00e9dia:\u00e9bauche athl\u00e8te cubain
Evelin Kaufer,https://fr.wikipedia.org/?curid=5801932,https://fr.wikipedia.org/wiki/Evelin Kaufer,Wikip\u00e9dia:\u00e9bauche athl\u00e8te allemand
Carmen Vald\u00e9s,https://fr.wikipedia.org/?curid=5801840,https://fr.wikipedia.org/wiki/Carmen Vald\u00e9s,Wikip\u00e9dia:\u00e9bauche athl\u00e8te cubain
Graciela St\u00e9fani,https://fr.wikipedia.org/?curid=5804006,https://fr.wikipedia.org/wiki/Graciela St\u00e9fani,Wikip\u00e9dia:\u00e9bauche acteur argentin
Cheryl Toussaint,https://fr.wikipedia.org/?curid=5799899,https://fr.wikipedia.org/wiki/Cheryl Toussaint,Wikip\u00e9dia:\u00e9bauche athl\u00e8te am\u00e9ricain
Jenny Berggren,https://fr.wikipedia.org/?curid=5811198,https://fr.wikipedia.org/wiki/Jenny Berggren,Article contenant un lien mort
Jamie Lynn Spears,https://fr.wikipedia.org/?curid=581162,https://fr.wikipedia.org/wiki/Jamie Lynn Spears,Article utilisant une Infobox
Elisa Cella,https://fr.wikipedia.org/?curid=5811683,https://fr.wikipedia.org/wiki/Elisa Cella,Wikip\u00e9dia:\u00e9bauche joueuse italienne de volley-ball
La Servante \u00e9carlate (film),https://fr.wikipedia.org/?curid=5811945,https://fr.wikipedia.org/wiki/La Servante \u00e9carlate (film),Article utilisant une Infobox
Louis Burton,https://fr.wikipedia.org/?curid=5821492,https://fr.wikipedia.org/wiki/Louis Burton,Article utilisant une Infobox
Isabel Fern\u00e1ndez Ibarra,https://fr.wikipedia.org/?curid=5798493,https://fr.wikipedia.org/wiki/Isabel Fern\u00e1ndez Ibarra,Article \u00e0 illustrer Personnalit\u00e9 du cin\u00e9ma
Alessia Gennari,https://fr.wikipedia.org/?curid=5796192,https://fr.wikipedia.org/wiki/Alessia Gennari,Wikip\u00e9dia:\u00e9bauche joueuse italienne de volley-ball
Lyudmyla Aksenova,https://fr.wikipedia.org/?curid=5794164,https://fr.wikipedia.org/wiki/Lyudmyla Aksenova,Wikip\u00e9dia:\u00e9bauche athl\u00e8te sovi\u00e9tique
Elvira Po\u00dfekel,https://fr.wikipedia.org/?curid=5794226,https://fr.wikipedia.org/wiki/Elvira Po\u00dfekel,Wikip\u00e9dia:\u00e9bauche athl\u00e8te allemand
Natalya Lebedeva,https://fr.wikipedia.org/?curid=5794266,https://fr.wikipedia.org/wiki/Natalya Lebedeva,Wikip\u00e9dia:\u00e9bauche athl\u00e8te sovi\u00e9tique
Esha Deol,https://fr.wikipedia.org/?curid=565001,https://fr.wikipedia.org/wiki/Esha Deol,Article manquant de r\u00e9f\u00e9rences depuis novembre 2019
Michaela Gerg-Leitner,https://fr.wikipedia.org/?curid=565458,https://fr.wikipedia.org/wiki/Michaela Gerg-Leitner,Article utilisant une Infobox
Ekaterina Khuraskina,https://fr.wikipedia.org/?curid=5708192,https://fr.wikipedia.org/wiki/Ekaterina Khuraskina,Wikip\u00e9dia:\u00e9bauche personnalit\u00e9 russe
