Name,URL1,URL2,First Category
Uta Pippig,https://fr.wikipedia.org/?curid=8376838,https://fr.wikipedia.org/wiki/Uta Pippig,Wikip\u00e9dia:\u00e9bauche athl\u00e8te allemand
Venera Chernychova,https://fr.wikipedia.org/?curid=8377155,https://fr.wikipedia.org/wiki/Venera Chernychova,Wikip\u00e9dia:\u00e9bauche sportif russe
Zudikey Rodr\u00edguez,https://fr.wikipedia.org/?curid=8376617,https://fr.wikipedia.org/wiki/Zudikey Rodr\u00edguez,Wikip\u00e9dia:\u00e9bauche athl\u00e8te mexicain
Eunice Kirwa,https://fr.wikipedia.org/?curid=8374318,https://fr.wikipedia.org/wiki/Eunice Kirwa,Article utilisant une Infobox
Helene Engelmann,https://fr.wikipedia.org/?curid=837443,https://fr.wikipedia.org/wiki/Helene Engelmann,Wikip\u00e9dia:\u00e9bauche patinage artistique
Ivan Vasiliev,https://fr.wikipedia.org/?curid=8427841,https://fr.wikipedia.org/wiki/Ivan Vasiliev,Wikip\u00e9dia:\u00e9bauche triathl\u00e8te
Dorian Coninx,https://fr.wikipedia.org/?curid=8136579,https://fr.wikipedia.org/wiki/Dorian Coninx,Article utilisant une Infobox
Tezuka Productions,https://fr.wikipedia.org/?curid=8151748,https://fr.wikipedia.org/wiki/Tezuka Productions,Wikip\u00e9dia:\u00e9bauche animation et bande dessin\u00e9e asiatiques
Al'ona Shamotina,https://fr.wikipedia.org/?curid=8151878,https://fr.wikipedia.org/wiki/Al'ona Shamotina,Wikip\u00e9dia:\u00e9bauche athl\u00e8te ukrainien
Ekaterina Starygina,https://fr.wikipedia.org/?curid=8151886,https://fr.wikipedia.org/wiki/Ekaterina Starygina,Wikip\u00e9dia:\u00e9bauche athl\u00e8te russe
Nel\u0117 \u017dilinskien\u0117,https://fr.wikipedia.org/?curid=8154257,https://fr.wikipedia.org/wiki/Nel\u0117 \u017dilinskien\u0117,Wikip\u00e9dia:\u00e9bauche athl\u00e8te lituanien
Julia Bleasdale,https://fr.wikipedia.org/?curid=8200773,https://fr.wikipedia.org/wiki/Julia Bleasdale,Wikip\u00e9dia:\u00e9bauche athl\u00e8te britannique
Colleen O'Connor,https://fr.wikipedia.org/?curid=8204150,https://fr.wikipedia.org/wiki/Colleen O'Connor,Article \u00e0 illustrer Patineur artistique
Jeanne Collonge,https://fr.wikipedia.org/?curid=8204486,https://fr.wikipedia.org/wiki/Jeanne Collonge,Article utilisant une Infobox
Mission impossible : Rogue Nation,https://fr.wikipedia.org/?curid=8134588,https://fr.wikipedia.org/wiki/Mission impossible : Rogue Nation,Article utilisant une Infobox
Katja W\u00fcstenfeld,https://fr.wikipedia.org/?curid=8129119,https://fr.wikipedia.org/wiki/Katja W\u00fcstenfeld,Wikip\u00e9dia:\u00e9bauche biathlon
Ashley Caldwell,https://fr.wikipedia.org/?curid=8132499,https://fr.wikipedia.org/wiki/Ashley Caldwell,Wikip\u00e9dia:\u00e9bauche ski acrobatique
Emmy Noether,https://fr.wikipedia.org/?curid=81322,https://fr.wikipedia.org/wiki/Emmy Noether,Article utilisant une Infobox
Triton (manga),https://fr.wikipedia.org/?curid=8143491,https://fr.wikipedia.org/wiki/Triton (manga),Article utilisant une Infobox
Mary Travers (chanteuse),https://fr.wikipedia.org/?curid=8143551,https://fr.wikipedia.org/wiki/Mary Travers (chanteuse),Wikip\u00e9dia:\u00e9bauche chanteur am\u00e9ricain
Cl\u00e9mence Calvin,https://fr.wikipedia.org/?curid=8028137,https://fr.wikipedia.org/wiki/Cl\u00e9mence Calvin,Article utilisant une Infobox
Miss Nevada USA,https://fr.wikipedia.org/?curid=8034346,https://fr.wikipedia.org/wiki/Miss Nevada USA,Article contenant un lien mort
Szandra Szombathelyi,https://fr.wikipedia.org/?curid=8029769,https://fr.wikipedia.org/wiki/Szandra Szombathelyi,Article \u00e0 illustrer Joueur de volley-ball
Gretha Smit,https://fr.wikipedia.org/?curid=8030084,https://fr.wikipedia.org/wiki/Gretha Smit,Wikip\u00e9dia:\u00e9bauche patinage de vitesse
Holley Fain,https://fr.wikipedia.org/?curid=8198804,https://fr.wikipedia.org/wiki/Holley Fain,Wikip\u00e9dia:\u00e9bauche acteur am\u00e9ricain
Aliona Dubitskaya,https://fr.wikipedia.org/?curid=8198834,https://fr.wikipedia.org/wiki/Aliona Dubitskaya,Wikip\u00e9dia:\u00e9bauche athl\u00e8te bi\u00e9lorusse
Yuliya Leantsiuk,https://fr.wikipedia.org/?curid=8198857,https://fr.wikipedia.org/wiki/Yuliya Leantsiuk,Wikip\u00e9dia:\u00e9bauche athl\u00e8te bi\u00e9lorusse
Marie-Jos\u00e9e Ta Lou,https://fr.wikipedia.org/?curid=8198993,https://fr.wikipedia.org/wiki/Marie-Jos\u00e9e Ta Lou,Article utilisant une Infobox
Mary Meyers,https://fr.wikipedia.org/?curid=8199246,https://fr.wikipedia.org/wiki/Mary Meyers,Wikip\u00e9dia:\u00e9bauche patinage de vitesse
Vassy (chanteuse),https://fr.wikipedia.org/?curid=8198509,https://fr.wikipedia.org/wiki/Vassy (chanteuse),Article utilisant une Infobox
Irina Fetissova,https://fr.wikipedia.org/?curid=8193873,https://fr.wikipedia.org/wiki/Irina Fetissova,Article utilisant une Infobox
Park Bo-young,https://fr.wikipedia.org/?curid=8061494,https://fr.wikipedia.org/wiki/Park Bo-young,Article utilisant une Infobox
\u00c9milie Serain,https://fr.wikipedia.org/?curid=8062987,https://fr.wikipedia.org/wiki/\u00c9milie Serain,Wikip\u00e9dia:\u00e9bauche ski acrobatique
Michelle Bartsch-Hackley,https://fr.wikipedia.org/?curid=8066864,https://fr.wikipedia.org/wiki/Michelle Bartsch-Hackley,Wikip\u00e9dia:\u00e9bauche joueuse am\u00e9ricaine de volley-ball
Satoko Ishimine,https://fr.wikipedia.org/?curid=8025270,https://fr.wikipedia.org/wiki/Satoko Ishimine,Article utilisant une Infobox
Priya Anand,https://fr.wikipedia.org/?curid=8026547,https://fr.wikipedia.org/wiki/Priya Anand,Article utilisant une Infobox
Kori Carter,https://fr.wikipedia.org/?curid=8081022,https://fr.wikipedia.org/wiki/Kori Carter,Wikip\u00e9dia:\u00e9bauche athl\u00e8te am\u00e9ricain
Liste des m\u00e9daill\u00e9s olympiques en patinage de vitesse,https://fr.wikipedia.org/?curid=8091244,https://fr.wikipedia.org/wiki/Liste des m\u00e9daill\u00e9s olympiques en patinage de vitesse,Portail:Jeux olympiques/Articles li\u00e9s
Tamara Rylova,https://fr.wikipedia.org/?curid=8090791,https://fr.wikipedia.org/wiki/Tamara Rylova,Wikip\u00e9dia:\u00e9bauche patinage de vitesse
Nikki Sinclaire,https://fr.wikipedia.org/?curid=7941231,https://fr.wikipedia.org/wiki/Nikki Sinclaire,Article utilisant une Infobox
Magali Mendy,https://fr.wikipedia.org/?curid=7948125,https://fr.wikipedia.org/wiki/Magali Mendy,Article \u00e0 illustrer Joueur de basket-ball
Julieta Venegas,https://fr.wikipedia.org/?curid=794837,https://fr.wikipedia.org/wiki/Julieta Venegas,Article manquant de r\u00e9f\u00e9rences depuis septembre 2019
Meta Antenen,https://fr.wikipedia.org/?curid=7945939,https://fr.wikipedia.org/wiki/Meta Antenen,Article utilisant une Infobox
Woman in Love,https://fr.wikipedia.org/?curid=7948593,https://fr.wikipedia.org/wiki/Woman in Love,Wikip\u00e9dia:\u00e9bauche chanson
Marie Rosch\u00e9,https://fr.wikipedia.org/?curid=7951458,https://fr.wikipedia.org/wiki/Marie Rosch\u00e9,Article \u00e0 illustrer Joueur de basket-ball
Jana Khokhlova,https://fr.wikipedia.org/?curid=7951848,https://fr.wikipedia.org/wiki/Jana Khokhlova,Page utilisant des donn\u00e9es de Wikidata \u00e0 traduire de l'anglais
Kemi Adekoya,https://fr.wikipedia.org/?curid=7958373,https://fr.wikipedia.org/wiki/Kemi Adekoya,Wikip\u00e9dia:\u00e9bauche athl\u00e8te bahre\u00efni
Cl\u00e1udia Leitte,https://fr.wikipedia.org/?curid=795768,https://fr.wikipedia.org/wiki/Cl\u00e1udia Leitte,Article utilisant une Infobox
Candice Glover,https://fr.wikipedia.org/?curid=7922193,https://fr.wikipedia.org/wiki/Candice Glover,Article utilisant une Infobox
Marina Lisogor,https://fr.wikipedia.org/?curid=7924423,https://fr.wikipedia.org/wiki/Marina Lisogor,Wikip\u00e9dia:\u00e9bauche ski de fond
Tiffany Mason,https://fr.wikipedia.org/?curid=7921159,https://fr.wikipedia.org/wiki/Tiffany Mason,Wikip\u00e9dia:\u00e9bauche actrice pornographique am\u00e9ricaine
Isabel Derungs,https://fr.wikipedia.org/?curid=7918684,https://fr.wikipedia.org/wiki/Isabel Derungs,Wikip\u00e9dia:\u00e9bauche snowboard
Sofia Bleckur,https://fr.wikipedia.org/?curid=7921576,https://fr.wikipedia.org/wiki/Sofia Bleckur,Wikip\u00e9dia:\u00e9bauche personnalit\u00e9 su\u00e9doise
Atsede Baysa,https://fr.wikipedia.org/?curid=7920427,https://fr.wikipedia.org/wiki/Atsede Baysa,Wikip\u00e9dia:\u00e9bauche athl\u00e8te \u00e9thiopien
Laurane Picoche,https://fr.wikipedia.org/?curid=7928253,https://fr.wikipedia.org/wiki/Laurane Picoche,Article utilisant une Infobox
Teyba Erkesso,https://fr.wikipedia.org/?curid=7926724,https://fr.wikipedia.org/wiki/Teyba Erkesso,Wikip\u00e9dia:\u00e9bauche athl\u00e8te \u00e9thiopien
Irina Khromacheva,https://fr.wikipedia.org/?curid=7897338,https://fr.wikipedia.org/wiki/Irina Khromacheva,Article utilisant une Infobox
Hildegunn Mikkelsplass,https://fr.wikipedia.org/?curid=7897511,https://fr.wikipedia.org/wiki/Hildegunn Mikkelsplass,Wikip\u00e9dia:\u00e9bauche sportif norv\u00e9gien
Mariya Panfilova,https://fr.wikipedia.org/?curid=7901423,https://fr.wikipedia.org/wiki/Mariya Panfilova,Wikip\u00e9dia:\u00e9bauche biathlon
Ekaterina Yurlova-Percht,https://fr.wikipedia.org/?curid=7901485,https://fr.wikipedia.org/wiki/Ekaterina Yurlova-Percht,Article utilisant une Infobox
Tollien Schuurman,https://fr.wikipedia.org/?curid=7904969,https://fr.wikipedia.org/wiki/Tollien Schuurman,Wikip\u00e9dia:\u00e9bauche athl\u00e8te n\u00e9erlandais
Anna Telejouk,https://fr.wikipedia.org/?curid=7910900,https://fr.wikipedia.org/wiki/Anna Telejouk,Article \u00e0 illustrer Joueur de volley-ball
Svetlana Malahova-Shishkina,https://fr.wikipedia.org/?curid=7909858,https://fr.wikipedia.org/wiki/Svetlana Malahova-Shishkina,Wikip\u00e9dia:\u00e9bauche ski de fond
Dionne Rose-Henley,https://fr.wikipedia.org/?curid=7910338,https://fr.wikipedia.org/wiki/Dionne Rose-Henley,Wikip\u00e9dia:\u00e9bauche athl\u00e8te jama\u00efcain
Nadiya Didenko,https://fr.wikipedia.org/?curid=7912304,https://fr.wikipedia.org/wiki/Nadiya Didenko,Wikip\u00e9dia:\u00e9bauche personnalit\u00e9 ukrainienne
Veronika Kudermetova,https://fr.wikipedia.org/?curid=7910492,https://fr.wikipedia.org/wiki/Veronika Kudermetova,Article utilisant une Infobox
Smith Cho,https://fr.wikipedia.org/?curid=7916551,https://fr.wikipedia.org/wiki/Smith Cho,Wikip\u00e9dia:\u00e9bauche acteur am\u00e9ricain
Margarita Betova,https://fr.wikipedia.org/?curid=7916917,https://fr.wikipedia.org/wiki/Margarita Betova,Article utilisant une Infobox
Aleksandra Kruni\u0107,https://fr.wikipedia.org/?curid=7897195,https://fr.wikipedia.org/wiki/Aleksandra Kruni\u0107,Article utilisant une Infobox
Rachel Brosnahan,https://fr.wikipedia.org/?curid=8315429,https://fr.wikipedia.org/wiki/Rachel Brosnahan,Wikip\u00e9dia:\u00e9bauche acteur am\u00e9ricain
Liang Chen,https://fr.wikipedia.org/?curid=8346363,https://fr.wikipedia.org/wiki/Liang Chen,Article utilisant une Infobox
Shelly Gotlieb,https://fr.wikipedia.org/?curid=8323175,https://fr.wikipedia.org/wiki/Shelly Gotlieb,Wikip\u00e9dia:\u00e9bauche snowboard
Jean-Michel Schill\u00e9,https://fr.wikipedia.org/?curid=8328525,https://fr.wikipedia.org/wiki/Jean-Michel Schill\u00e9,Article utilisant une Infobox
Wyomia Tyus,https://fr.wikipedia.org/?curid=831916,https://fr.wikipedia.org/wiki/Wyomia Tyus,Article utilisant une Infobox
Judy Oakes,https://fr.wikipedia.org/?curid=8332735,https://fr.wikipedia.org/wiki/Judy Oakes,Article \u00e0 illustrer Athl\u00e8te
Meghan Trainor,https://fr.wikipedia.org/?curid=8335424,https://fr.wikipedia.org/wiki/Meghan Trainor,Article utilisant une Infobox
Lee Jeong-soon,https://fr.wikipedia.org/?curid=8314456,https://fr.wikipedia.org/wiki/Lee Jeong-soon,Wikip\u00e9dia:\u00e9bauche tennis
Henryk Leliwa-Roycewicz,https://fr.wikipedia.org/?curid=8311848,https://fr.wikipedia.org/wiki/Henryk Leliwa-Roycewicz,Article utilisant une Infobox
Elizabeth Gleadle,https://fr.wikipedia.org/?curid=8311012,https://fr.wikipedia.org/wiki/Elizabeth Gleadle,Wikip\u00e9dia:\u00e9bauche athl\u00e8te canadien
Yekaterina Voronina,https://fr.wikipedia.org/?curid=8373900,https://fr.wikipedia.org/wiki/Yekaterina Voronina,Wikip\u00e9dia:\u00e9bauche athl\u00e8te ouzbek
Kong Lingwei,https://fr.wikipedia.org/?curid=8374019,https://fr.wikipedia.org/wiki/Kong Lingwei,Wikip\u00e9dia:\u00e9bauche athl\u00e8te chinois
Kanako Murakami,https://fr.wikipedia.org/?curid=8471037,https://fr.wikipedia.org/wiki/Kanako Murakami,Wikip\u00e9dia:\u00e9bauche patinage artistique
Dagmar Lurz,https://fr.wikipedia.org/?curid=8472502,https://fr.wikipedia.org/wiki/Dagmar Lurz,Wikip\u00e9dia:\u00e9bauche patinage artistique
Natasha Zvereva,https://fr.wikipedia.org/?curid=852257,https://fr.wikipedia.org/wiki/Natasha Zvereva,Article utilisant une Infobox
Abbas Kiarostami,https://fr.wikipedia.org/?curid=85231,https://fr.wikipedia.org/wiki/Abbas Kiarostami,Article utilisant une Infobox
Laurie Saulnier,https://fr.wikipedia.org/?curid=8523337,https://fr.wikipedia.org/wiki/Laurie Saulnier,Article \u00e0 illustrer Footballeur
Braveheart,https://fr.wikipedia.org/?curid=85892,https://fr.wikipedia.org/wiki/Braveheart,Article contenant un lien mort
Alice Tumler,https://fr.wikipedia.org/?curid=8591197,https://fr.wikipedia.org/wiki/Alice Tumler,Article \u00e0 illustrer Animateur audiovisuel
Lisa Theresa Hauser,https://fr.wikipedia.org/?curid=8591318,https://fr.wikipedia.org/wiki/Lisa Theresa Hauser,Article utilisant une Infobox
Eneko Llanos,https://fr.wikipedia.org/?curid=8593589,https://fr.wikipedia.org/wiki/Eneko Llanos,Wikip\u00e9dia:\u00e9bauche triathl\u00e8te
Justine Braisaz-Bouchet,https://fr.wikipedia.org/?curid=8572958,https://fr.wikipedia.org/wiki/Justine Braisaz-Bouchet,Article utilisant une Infobox
LoliRock,https://fr.wikipedia.org/?curid=8573314,https://fr.wikipedia.org/wiki/LoliRock,Article manquant de r\u00e9f\u00e9rences depuis juin 2022
Louisa Lippmann,https://fr.wikipedia.org/?curid=8583088,https://fr.wikipedia.org/wiki/Louisa Lippmann,Article utilisant une Infobox
Madison Chock,https://fr.wikipedia.org/?curid=8585892,https://fr.wikipedia.org/wiki/Madison Chock,Article utilisant une Infobox
Joulia Makarova,https://fr.wikipedia.org/?curid=8581430,https://fr.wikipedia.org/wiki/Joulia Makarova,Wikip\u00e9dia:\u00e9bauche biathlon
Olga Kudrashova,https://fr.wikipedia.org/?curid=8581725,https://fr.wikipedia.org/wiki/Olga Kudrashova,Wikip\u00e9dia:\u00e9bauche biathlon
Coralie Demay,https://fr.wikipedia.org/?curid=8587302,https://fr.wikipedia.org/wiki/Coralie Demay,Page utilisant P569
Nina Kraft,https://fr.wikipedia.org/?curid=8509499,https://fr.wikipedia.org/wiki/Nina Kraft,Article utilisant une Infobox
Sui Wenjing,https://fr.wikipedia.org/?curid=8508949,https://fr.wikipedia.org/wiki/Sui Wenjing,Wikip\u00e9dia:\u00e9bauche patinage artistique
Jen Kamerman,https://fr.wikipedia.org/?curid=8512265,https://fr.wikipedia.org/wiki/Jen Kamerman,Page utilisant P569
Charlotte Saint-Sans Levacher,https://fr.wikipedia.org/?curid=8512665,https://fr.wikipedia.org/wiki/Charlotte Saint-Sans Levacher,Wikip\u00e9dia:\u00e9bauche footballeuse fran\u00e7aise
Adrienne Clarkson,https://fr.wikipedia.org/?curid=84532,https://fr.wikipedia.org/wiki/Adrienne Clarkson,Article utilisant une Infobox
Linda Fratianne,https://fr.wikipedia.org/?curid=8454477,https://fr.wikipedia.org/wiki/Linda Fratianne,Wikip\u00e9dia:\u00e9bauche patinage artistique
Paola Su\u00e1rez,https://fr.wikipedia.org/?curid=845516,https://fr.wikipedia.org/wiki/Paola Su\u00e1rez,Article utilisant une Infobox
Virginia Ruano Pascual,https://fr.wikipedia.org/?curid=845547,https://fr.wikipedia.org/wiki/Virginia Ruano Pascual,Article utilisant une Infobox
Sofia Goggia,https://fr.wikipedia.org/?curid=8458809,https://fr.wikipedia.org/wiki/Sofia Goggia,Article utilisant une Infobox
\u0160pela Bra\u010dun,https://fr.wikipedia.org/?curid=8537676,https://fr.wikipedia.org/wiki/\u0160pela Bra\u010dun,Wikip\u00e9dia:\u00e9bauche ski alpin
Yusleyni Herrera,https://fr.wikipedia.org/?curid=8541648,https://fr.wikipedia.org/wiki/Yusleyni Herrera,Article \u00e0 illustrer Joueur de volley-ball
Magdalena Grzywa,https://fr.wikipedia.org/?curid=8540175,https://fr.wikipedia.org/wiki/Magdalena Grzywa,Wikip\u00e9dia:\u00e9bauche biathlon
Ida Sargent,https://fr.wikipedia.org/?curid=8539247,https://fr.wikipedia.org/wiki/Ida Sargent,Wikip\u00e9dia:\u00e9bauche ski de fond
Berta Kolokoltseva,https://fr.wikipedia.org/?curid=8539331,https://fr.wikipedia.org/wiki/Berta Kolokoltseva,Article \u00e0 illustrer Sportif
Fuyuko Tachizaki,https://fr.wikipedia.org/?curid=8553580,https://fr.wikipedia.org/wiki/Fuyuko Tachizaki,Wikip\u00e9dia:\u00e9bauche biathlon
Oscar de la meilleure actrice,https://fr.wikipedia.org/?curid=85682,https://fr.wikipedia.org/wiki/Oscar de la meilleure actrice,Portail:Cin\u00e9ma am\u00e9ricain/Articles li\u00e9s
Jitka Landov\u00e1,https://fr.wikipedia.org/?curid=8566879,https://fr.wikipedia.org/wiki/Jitka Landov\u00e1,Wikip\u00e9dia:\u00e9bauche sportif tch\u00e8que
Inga Artamonova,https://fr.wikipedia.org/?curid=8567155,https://fr.wikipedia.org/wiki/Inga Artamonova,Article \u00e0 illustrer Sportif
Olga Podchufarova,https://fr.wikipedia.org/?curid=8567318,https://fr.wikipedia.org/wiki/Olga Podchufarova,Wikip\u00e9dia:\u00e9bauche sportif russe
Lucie Pingeon,https://fr.wikipedia.org/?curid=8527996,https://fr.wikipedia.org/wiki/Lucie Pingeon,Wikip\u00e9dia:\u00e9bauche footballeuse fran\u00e7aise
Le Seigneur des anneaux : Le Retour du roi,https://fr.wikipedia.org/?curid=85140,https://fr.wikipedia.org/wiki/Le Seigneur des anneaux : Le Retour du roi,Article utilisant une Infobox
Tijana Bo\u0161kovi\u0107,https://fr.wikipedia.org/?curid=8527333,https://fr.wikipedia.org/wiki/Tijana Bo\u0161kovi\u0107,Article utilisant une Infobox
Alona Bondarenko,https://fr.wikipedia.org/?curid=852532,https://fr.wikipedia.org/wiki/Alona Bondarenko,Article utilisant une Infobox
Laura Blanchard,https://fr.wikipedia.org/?curid=8524573,https://fr.wikipedia.org/wiki/Laura Blanchard,Article \u00e0 illustrer Footballeur
Aur\u00e9lie Gagnet,https://fr.wikipedia.org/?curid=8526515,https://fr.wikipedia.org/wiki/Aur\u00e9lie Gagnet,Article utilisant une Infobox
Chris McCormack,https://fr.wikipedia.org/?curid=8572085,https://fr.wikipedia.org/wiki/Chris McCormack,Article utilisant une Infobox
Angeli Vanlaanen,https://fr.wikipedia.org/?curid=8559024,https://fr.wikipedia.org/wiki/Angeli Vanlaanen,Wikip\u00e9dia:\u00e9bauche ski acrobatique
Peng Shuai,https://fr.wikipedia.org/?curid=855931,https://fr.wikipedia.org/wiki/Peng Shuai,Article utilisant une Infobox
Emma Louise,https://fr.wikipedia.org/?curid=8557261,https://fr.wikipedia.org/wiki/Emma Louise,Article utilisant une Infobox
"Mark Bennett (rugby \u00e0 XV, 1993)",https://fr.wikipedia.org/?curid=8569880,"https://fr.wikipedia.org/wiki/Mark Bennett (rugby \u00e0 XV, 1993)",Wikip\u00e9dia:\u00e9bauche joueur \u00e9cossais de rugby \u00e0 XV
Vanessa Hinz,https://fr.wikipedia.org/?curid=8574291,https://fr.wikipedia.org/wiki/Vanessa Hinz,Article utilisant une Infobox
Gemma Steel,https://fr.wikipedia.org/?curid=8576075,https://fr.wikipedia.org/wiki/Gemma Steel,Wikip\u00e9dia:\u00e9bauche athl\u00e8te britannique
Mariya Mouzytchouk,https://fr.wikipedia.org/?curid=8576231,https://fr.wikipedia.org/wiki/Mariya Mouzytchouk,Page utilisant P569
Park Cho-rong,https://fr.wikipedia.org/?curid=8575704,https://fr.wikipedia.org/wiki/Park Cho-rong,Article manquant de r\u00e9f\u00e9rences depuis f\u00e9vrier 2022
Timo Bracht,https://fr.wikipedia.org/?curid=8579150,https://fr.wikipedia.org/wiki/Timo Bracht,Article utilisant une Infobox
Luise Kummer,https://fr.wikipedia.org/?curid=8578478,https://fr.wikipedia.org/wiki/Luise Kummer,Wikip\u00e9dia:\u00e9bauche biathlon
Maude Mathys,https://fr.wikipedia.org/?curid=8558174,https://fr.wikipedia.org/wiki/Maude Mathys,Article utilisant une Infobox
Megan Tandy,https://fr.wikipedia.org/?curid=8545655,https://fr.wikipedia.org/wiki/Megan Tandy,Wikip\u00e9dia:\u00e9bauche biathlon
Petra Vlhov\u00e1,https://fr.wikipedia.org/?curid=8545751,https://fr.wikipedia.org/wiki/Petra Vlhov\u00e1,Article utilisant une Infobox
Cheek to Cheek Tour,https://fr.wikipedia.org/?curid=8550678,https://fr.wikipedia.org/wiki/Cheek to Cheek Tour,Article utilisant une Infobox
Alessandra Merlin,https://fr.wikipedia.org/?curid=8561871,https://fr.wikipedia.org/wiki/Alessandra Merlin,Article \u00e0 illustrer Sportif
Elena Bovina,https://fr.wikipedia.org/?curid=856206,https://fr.wikipedia.org/wiki/Elena Bovina,Article utilisant une Infobox
Suzanne Tourtellotte,https://fr.wikipedia.org/?curid=8562238,https://fr.wikipedia.org/wiki/Suzanne Tourtellotte,Page utilisant P569
Claudine Schaul,https://fr.wikipedia.org/?curid=856224,https://fr.wikipedia.org/wiki/Claudine Schaul,Article utilisant une Infobox
Anne Kremer,https://fr.wikipedia.org/?curid=856248,https://fr.wikipedia.org/wiki/Anne Kremer,Article utilisant une Infobox
Ramona Elsener,https://fr.wikipedia.org/?curid=8613813,https://fr.wikipedia.org/wiki/Ramona Elsener,Article utilisant une Infobox
Zuzana Ondr\u00e1\u0161kov\u00e1,https://fr.wikipedia.org/?curid=862699,https://fr.wikipedia.org/wiki/Zuzana Ondr\u00e1\u0161kov\u00e1,Article utilisant une Infobox
Olga Savchuk,https://fr.wikipedia.org/?curid=862740,https://fr.wikipedia.org/wiki/Olga Savchuk,Article utilisant une Infobox
Maret Ani,https://fr.wikipedia.org/?curid=862859,https://fr.wikipedia.org/wiki/Maret Ani,Article utilisant une Infobox
Elisabetta Biavaschi,https://fr.wikipedia.org/?curid=8648692,https://fr.wikipedia.org/wiki/Elisabetta Biavaschi,Article \u00e0 illustrer Sportif
Janina Kuzma,https://fr.wikipedia.org/?curid=8653735,https://fr.wikipedia.org/wiki/Janina Kuzma,Wikip\u00e9dia:\u00e9bauche ski acrobatique
Saori Obata,https://fr.wikipedia.org/?curid=862766,https://fr.wikipedia.org/wiki/Saori Obata,Article \u00e0 illustrer Joueur de tennis
Martina Kocher,https://fr.wikipedia.org/?curid=8637259,https://fr.wikipedia.org/wiki/Martina Kocher,Article utilisant une Infobox
Maja Neuenschwander,https://fr.wikipedia.org/?curid=8638269,https://fr.wikipedia.org/wiki/Maja Neuenschwander,Article utilisant une Infobox
Elena Bechke,https://fr.wikipedia.org/?curid=8637646,https://fr.wikipedia.org/wiki/Elena Bechke,Wikip\u00e9dia:\u00e9bauche patinage artistique
Fabienne Schlumpf,https://fr.wikipedia.org/?curid=8639107,https://fr.wikipedia.org/wiki/Fabienne Schlumpf,Article utilisant une Infobox
Debora Agreiter,https://fr.wikipedia.org/?curid=8639267,https://fr.wikipedia.org/wiki/Debora Agreiter,Wikip\u00e9dia:\u00e9bauche ski de fond
Jana Kulan,https://fr.wikipedia.org/?curid=8605284,https://fr.wikipedia.org/wiki/Jana Kulan,Article utilisant une Infobox
Camilla Pedersen,https://fr.wikipedia.org/?curid=8605540,https://fr.wikipedia.org/wiki/Camilla Pedersen,Article utilisant une Infobox
Maria Isakova,https://fr.wikipedia.org/?curid=8603490,https://fr.wikipedia.org/wiki/Maria Isakova,Article utilisant une Infobox
Phoebe Fox,https://fr.wikipedia.org/?curid=8618187,https://fr.wikipedia.org/wiki/Phoebe Fox,Article utilisant une Infobox
Rika Hongo,https://fr.wikipedia.org/?curid=8622784,https://fr.wikipedia.org/wiki/Rika Hongo,Wikip\u00e9dia:\u00e9bauche patinage artistique
Conchita Mart\u00ednez Granados,https://fr.wikipedia.org/?curid=862346,https://fr.wikipedia.org/wiki/Conchita Mart\u00ednez Granados,Article \u00e0 illustrer Joueur de tennis
Maria Elena Camerin,https://fr.wikipedia.org/?curid=862650,https://fr.wikipedia.org/wiki/Maria Elena Camerin,Article utilisant une Infobox
Mar\u00eda Antonia S\u00e1nchez Lorenzo,https://fr.wikipedia.org/?curid=862397,https://fr.wikipedia.org/wiki/Mar\u00eda Antonia S\u00e1nchez Lorenzo,Article \u00e0 illustrer Joueur de tennis
Sybille Bammer,https://fr.wikipedia.org/?curid=862619,https://fr.wikipedia.org/wiki/Sybille Bammer,Article utilisant une Infobox
Liste des conjointes des souverains d'Ha\u00efti,https://fr.wikipedia.org/?curid=8643462,https://fr.wikipedia.org/wiki/Liste des conjointes des souverains d'Ha\u00efti,Portail:Monarchie/Articles li\u00e9s
Jamie McDell,https://fr.wikipedia.org/?curid=8642425,https://fr.wikipedia.org/wiki/Jamie McDell,Article contenant un lien mort
Nika Razinger,https://fr.wikipedia.org/?curid=8642675,https://fr.wikipedia.org/wiki/Nika Razinger,Wikip\u00e9dia:\u00e9bauche ski de fond
Kate Conway,https://fr.wikipedia.org/?curid=8647401,https://fr.wikipedia.org/wiki/Kate Conway,Article \u00e0 illustrer Personnalit\u00e9 du cin\u00e9ma
Silvia Berger,https://fr.wikipedia.org/?curid=8595089,https://fr.wikipedia.org/wiki/Silvia Berger,Wikip\u00e9dia:\u00e9bauche ski alpin
Olga Sementina,https://fr.wikipedia.org/?curid=8595152,https://fr.wikipedia.org/wiki/Olga Sementina,Wikip\u00e9dia:\u00e9bauche ski de fond
Lauren Jauregui,https://fr.wikipedia.org/?curid=8609123,https://fr.wikipedia.org/wiki/Lauren Jauregui,Article contenant un lien mort
Selloane Tsoaeli,https://fr.wikipedia.org/?curid=8432622,https://fr.wikipedia.org/wiki/Selloane Tsoaeli,Wikip\u00e9dia:\u00e9bauche athl\u00e8te
Sabrina Carpenter,https://fr.wikipedia.org/?curid=8435562,https://fr.wikipedia.org/wiki/Sabrina Carpenter,Page utilisant P569
Tine Deckers,https://fr.wikipedia.org/?curid=8432089,https://fr.wikipedia.org/wiki/Tine Deckers,Article utilisant une Infobox
Rhizlane Siba,https://fr.wikipedia.org/?curid=8432346,https://fr.wikipedia.org/wiki/Rhizlane Siba,Wikip\u00e9dia:\u00e9bauche athl\u00e8te marocain
Helen Wills,https://fr.wikipedia.org/?curid=843235,https://fr.wikipedia.org/wiki/Helen Wills,Article utilisant une Infobox
Jo\u00eblle Mbumi Nkouindjin,https://fr.wikipedia.org/?curid=8432404,https://fr.wikipedia.org/wiki/Jo\u00eblle Mbumi Nkouindjin,Wikip\u00e9dia:\u00e9bauche athl\u00e8te camerounais
Auriol Dongmo,https://fr.wikipedia.org/?curid=8432458,https://fr.wikipedia.org/wiki/Auriol Dongmo,Article utilisant une Infobox
Erica Wilson,https://fr.wikipedia.org/?curid=8596353,https://fr.wikipedia.org/wiki/Erica Wilson,Wikip\u00e9dia:\u00e9bauche joueuse am\u00e9ricaine de volley-ball
Camila Cabello,https://fr.wikipedia.org/?curid=8608277,https://fr.wikipedia.org/wiki/Camila Cabello,Page utilisant P569
Ethel Muckelt,https://fr.wikipedia.org/?curid=8606946,https://fr.wikipedia.org/wiki/Ethel Muckelt,Wikip\u00e9dia:\u00e9bauche patinage artistique
Eva H\u00e1kov\u00e1,https://fr.wikipedia.org/?curid=8603967,https://fr.wikipedia.org/wiki/Eva H\u00e1kov\u00e1,Wikip\u00e9dia:\u00e9bauche biathlon
Reba McEntire,https://fr.wikipedia.org/?curid=859599,https://fr.wikipedia.org/wiki/Reba McEntire,Article contenant un lien mort
Katarzyna Nowak,https://fr.wikipedia.org/?curid=9056756,https://fr.wikipedia.org/wiki/Katarzyna Nowak,Wikip\u00e9dia:\u00e9bauche tennis
Alessandro Fabian,https://fr.wikipedia.org/?curid=9104348,https://fr.wikipedia.org/wiki/Alessandro Fabian,Wikip\u00e9dia:\u00e9bauche triathl\u00e8te
Caroline Honor\u00e9,https://fr.wikipedia.org/?curid=9148526,https://fr.wikipedia.org/wiki/Caroline Honor\u00e9,Wikip\u00e9dia:\u00e9bauche athl\u00e8te fran\u00e7ais
Marthe Djian,https://fr.wikipedia.org/?curid=9148718,https://fr.wikipedia.org/wiki/Marthe Djian,Article \u00e0 illustrer Athl\u00e8te
Amy Zongo,https://fr.wikipedia.org/?curid=9148802,https://fr.wikipedia.org/wiki/Amy Zongo,Wikip\u00e9dia:\u00e9bauche athl\u00e8te fran\u00e7ais
Ga\u00eblle Niar\u00e9,https://fr.wikipedia.org/?curid=9148980,https://fr.wikipedia.org/wiki/Ga\u00eblle Niar\u00e9,Wikip\u00e9dia:\u00e9bauche athl\u00e8te fran\u00e7ais
Madely Beaugendre,https://fr.wikipedia.org/?curid=9149030,https://fr.wikipedia.org/wiki/Madely Beaugendre,Article utilisant une Infobox
Virginie Fouquet,https://fr.wikipedia.org/?curid=9149170,https://fr.wikipedia.org/wiki/Virginie Fouquet,Wikip\u00e9dia:\u00e9bauche athl\u00e8te fran\u00e7ais
Aur\u00e9lie Coulaud,https://fr.wikipedia.org/?curid=9149187,https://fr.wikipedia.org/wiki/Aur\u00e9lie Coulaud,Wikip\u00e9dia:\u00e9bauche athl\u00e8te fran\u00e7ais
S\u00e9verine Foulon,https://fr.wikipedia.org/?curid=9149231,https://fr.wikipedia.org/wiki/S\u00e9verine Foulon,Wikip\u00e9dia:\u00e9bauche athl\u00e8te fran\u00e7ais
Marie-No\u00eblle Savigny,https://fr.wikipedia.org/?curid=9147486,https://fr.wikipedia.org/wiki/Marie-No\u00eblle Savigny,Wikip\u00e9dia:\u00e9bauche athl\u00e8te fran\u00e7ais
Belsy Laza,https://fr.wikipedia.org/?curid=9146790,https://fr.wikipedia.org/wiki/Belsy Laza,Wikip\u00e9dia:\u00e9bauche athl\u00e8te cubain
Simone Cr\u00e9antor,https://fr.wikipedia.org/?curid=9110545,https://fr.wikipedia.org/wiki/Simone Cr\u00e9antor,Wikip\u00e9dia:\u00e9bauche athl\u00e8te fran\u00e7ais
Kristen Bell,https://fr.wikipedia.org/?curid=911567,https://fr.wikipedia.org/wiki/Kristen Bell,Article contenant un lien mort
Kelly Bishop,https://fr.wikipedia.org/?curid=914417,https://fr.wikipedia.org/wiki/Kelly Bishop,Page utilisant P569
Sharika Nelvis,https://fr.wikipedia.org/?curid=9133659,https://fr.wikipedia.org/wiki/Sharika Nelvis,Wikip\u00e9dia:\u00e9bauche athl\u00e8te am\u00e9ricain
Laureen Beckles,https://fr.wikipedia.org/?curid=9125270,https://fr.wikipedia.org/wiki/Laureen Beckles,Article \u00e0 illustrer Athl\u00e8te
Scarlet Ortiz,https://fr.wikipedia.org/?curid=9126146,https://fr.wikipedia.org/wiki/Scarlet Ortiz,Article utilisant une Infobox
Roxane Fournier,https://fr.wikipedia.org/?curid=9126581,https://fr.wikipedia.org/wiki/Roxane Fournier,Wikip\u00e9dia:\u00e9bauche coureur cycliste fran\u00e7ais
Mathilde Andraud,https://fr.wikipedia.org/?curid=9130219,https://fr.wikipedia.org/wiki/Mathilde Andraud,Wikip\u00e9dia:\u00e9bauche athl\u00e8te fran\u00e7ais
Nathalie Marie-Nely,https://fr.wikipedia.org/?curid=9130300,https://fr.wikipedia.org/wiki/Nathalie Marie-Nely,Wikip\u00e9dia:\u00e9bauche athl\u00e8te fran\u00e7ais
Gabrielle Meyer,https://fr.wikipedia.org/?curid=9128208,https://fr.wikipedia.org/wiki/Gabrielle Meyer,Article \u00e0 illustrer Athl\u00e8te
Nora Leksir,https://fr.wikipedia.org/?curid=9128325,https://fr.wikipedia.org/wiki/Nora Leksir,Wikip\u00e9dia:\u00e9bauche athl\u00e8te fran\u00e7ais
Jacqueline Andr\u00e9,https://fr.wikipedia.org/?curid=9129286,https://fr.wikipedia.org/wiki/Jacqueline Andr\u00e9,Wikip\u00e9dia:\u00e9bauche athl\u00e8te fran\u00e7ais
Leod\u00eda Kall\u00e9nou,https://fr.wikipedia.org/?curid=9131752,https://fr.wikipedia.org/wiki/Leod\u00eda Kall\u00e9nou,Wikip\u00e9dia:\u00e9bauche athl\u00e8te
Andrea Glass,https://fr.wikipedia.org/?curid=9103679,https://fr.wikipedia.org/wiki/Andrea Glass,Article \u00e0 illustrer Joueur de tennis
Alexandr Brioukhankov,https://fr.wikipedia.org/?curid=9104006,https://fr.wikipedia.org/wiki/Alexandr Brioukhankov,Wikip\u00e9dia:\u00e9bauche triathl\u00e8te
Angelina Jolie,https://fr.wikipedia.org/?curid=90935,https://fr.wikipedia.org/wiki/Angelina Jolie,Article contenant un lien mort
Farida Fat\u00e8s,https://fr.wikipedia.org/?curid=9109276,https://fr.wikipedia.org/wiki/Farida Fat\u00e8s,Wikip\u00e9dia:\u00e9bauche athl\u00e8te fran\u00e7ais
\u017dana Novakovi\u0107,https://fr.wikipedia.org/?curid=9117813,https://fr.wikipedia.org/wiki/\u017dana Novakovi\u0107,Wikip\u00e9dia:\u00e9bauche ski alpin
Evelyn Fauth,https://fr.wikipedia.org/?curid=9116305,https://fr.wikipedia.org/wiki/Evelyn Fauth,Article \u00e0 illustrer Joueur de tennis
Odile de Roubin,https://fr.wikipedia.org/?curid=9116756,https://fr.wikipedia.org/wiki/Odile de Roubin,Article \u00e0 illustrer Joueur de tennis
Fr\u00e9d\u00e9rique Thibault,https://fr.wikipedia.org/?curid=9116950,https://fr.wikipedia.org/wiki/Fr\u00e9d\u00e9rique Thibault,Article \u00e0 illustrer Joueur de tennis
EnjoyPhoenix,https://fr.wikipedia.org/?curid=9096193,https://fr.wikipedia.org/wiki/EnjoyPhoenix,Article \u00e0 recycler/Liste compl\u00e8te
Beate Reinstadler,https://fr.wikipedia.org/?curid=9107914,https://fr.wikipedia.org/wiki/Beate Reinstadler,Article \u00e0 illustrer Joueur de tennis
Cathy Caverzasio,https://fr.wikipedia.org/?curid=9101399,https://fr.wikipedia.org/wiki/Cathy Caverzasio,Article \u00e0 illustrer Joueur de tennis
Shannon Phillips,https://fr.wikipedia.org/?curid=9106311,https://fr.wikipedia.org/wiki/Shannon Phillips,Wikip\u00e9dia:\u00e9bauche personnalit\u00e9 politique canadienne
Courtney Barnett,https://fr.wikipedia.org/?curid=9105244,https://fr.wikipedia.org/wiki/Courtney Barnett,Article utilisant une Infobox
Filles de Sing,https://fr.wikipedia.org/?curid=9099679,https://fr.wikipedia.org/wiki/Filles de Sing,Article contenant un appel \u00e0 traduction en anglais
Andreas B\u00f6cherer,https://fr.wikipedia.org/?curid=9100639,https://fr.wikipedia.org/wiki/Andreas B\u00f6cherer,Wikip\u00e9dia:\u00e9bauche triathl\u00e8te
Gabriella Zelinka,https://fr.wikipedia.org/?curid=9100672,https://fr.wikipedia.org/wiki/Gabriella Zelinka,Wikip\u00e9dia:\u00e9bauche triathl\u00e8te
Emma Sulter,https://fr.wikipedia.org/?curid=9092527,https://fr.wikipedia.org/wiki/Emma Sulter,Wikip\u00e9dia:\u00e9bauche athl\u00e8te fran\u00e7ais
Kathleen Aerts,https://fr.wikipedia.org/?curid=9094897,https://fr.wikipedia.org/wiki/Kathleen Aerts,Article utilisant une Infobox
Nicky Samuels,https://fr.wikipedia.org/?curid=9011808,https://fr.wikipedia.org/wiki/Nicky Samuels,Article utilisant une Infobox
Irina Abyssova,https://fr.wikipedia.org/?curid=9011906,https://fr.wikipedia.org/wiki/Irina Abyssova,Article utilisant une Infobox
Kathrin M\u00fcller (triathlon),https://fr.wikipedia.org/?curid=9006278,https://fr.wikipedia.org/wiki/Kathrin M\u00fcller (triathlon),Article utilisant une Infobox
Sashina Vignes Waran,https://fr.wikipedia.org/?curid=9012613,https://fr.wikipedia.org/wiki/Sashina Vignes Waran,Article utilisant une Infobox
Leticia Perdig\u00f3n,https://fr.wikipedia.org/?curid=9008532,https://fr.wikipedia.org/wiki/Leticia Perdig\u00f3n,Page utilisant P106
Michelle Dillon,https://fr.wikipedia.org/?curid=8994455,https://fr.wikipedia.org/wiki/Michelle Dillon,Article \u00e0 illustrer Sportif
Fawzia Latifa Fouad,https://fr.wikipedia.org/?curid=9018563,https://fr.wikipedia.org/wiki/Fawzia Latifa Fouad,Page utilisant P569
Adrian Piper,https://fr.wikipedia.org/?curid=9019462,https://fr.wikipedia.org/wiki/Adrian Piper,Page utilisant P2031
Amanda Zahui B.,https://fr.wikipedia.org/?curid=9020843,https://fr.wikipedia.org/wiki/Amanda Zahui B.,Article utilisant une Infobox
Naomi Mugo,https://fr.wikipedia.org/?curid=8981070,https://fr.wikipedia.org/wiki/Naomi Mugo,Article \u00e0 illustrer Athl\u00e8te
Marcianne Mukamurenzi,https://fr.wikipedia.org/?curid=8981189,https://fr.wikipedia.org/wiki/Marcianne Mukamurenzi,Wikip\u00e9dia:\u00e9bauche athl\u00e8te
Ievguenia Tarassova,https://fr.wikipedia.org/?curid=8995689,https://fr.wikipedia.org/wiki/Ievguenia Tarassova,Wikip\u00e9dia:\u00e9bauche personnalit\u00e9 russe
Tatiana Poutchek,https://fr.wikipedia.org/?curid=899841,https://fr.wikipedia.org/wiki/Tatiana Poutchek,Article utilisant une Infobox
Piper Gilles,https://fr.wikipedia.org/?curid=8995974,https://fr.wikipedia.org/wiki/Piper Gilles,Article utilisant une Infobox
Adriana Fern\u00e1ndez,https://fr.wikipedia.org/?curid=8994616,https://fr.wikipedia.org/wiki/Adriana Fern\u00e1ndez,Wikip\u00e9dia:\u00e9bauche athl\u00e8te mexicain
Soukaina Boukries,https://fr.wikipedia.org/?curid=9021618,https://fr.wikipedia.org/wiki/Soukaina Boukries,Wikip\u00e9dia:\u00e9bauche chanteur marocain
Vendula Frintov\u00e1,https://fr.wikipedia.org/?curid=9021935,https://fr.wikipedia.org/wiki/Vendula Frintov\u00e1,Wikip\u00e9dia:\u00e9bauche triathl\u00e8te
Ai Ueda,https://fr.wikipedia.org/?curid=9021981,https://fr.wikipedia.org/wiki/Ai Ueda,Article utilisant une Infobox
Shari Kain,https://fr.wikipedia.org/?curid=9023455,https://fr.wikipedia.org/wiki/Shari Kain,Wikip\u00e9dia:\u00e9bauche triathl\u00e8te
Susan Latshaw,https://fr.wikipedia.org/?curid=9023500,https://fr.wikipedia.org/wiki/Susan Latshaw,Wikip\u00e9dia:\u00e9bauche triathlon
Cameron Randolph,https://fr.wikipedia.org/?curid=9023533,https://fr.wikipedia.org/wiki/Cameron Randolph,Wikip\u00e9dia:\u00e9bauche triathlon
Michael Tobin,https://fr.wikipedia.org/?curid=9023598,https://fr.wikipedia.org/wiki/Michael Tobin,Wikip\u00e9dia:\u00e9bauche triathl\u00e8te
Shonny Vanlandingham,https://fr.wikipedia.org/?curid=9022928,https://fr.wikipedia.org/wiki/Shonny Vanlandingham,Wikip\u00e9dia:\u00e9bauche triathl\u00e8te
Jamie Whitmore,https://fr.wikipedia.org/?curid=9022971,https://fr.wikipedia.org/wiki/Jamie Whitmore,Article \u00e0 illustrer Sportif
Odile Lagarde,https://fr.wikipedia.org/?curid=9022575,https://fr.wikipedia.org/wiki/Odile Lagarde,Article utilisant une Infobox
Anne-Marie Rouchon,https://fr.wikipedia.org/?curid=9022586,https://fr.wikipedia.org/wiki/Anne-Marie Rouchon,Article contenant un lien mort
Georges Belaubre,https://fr.wikipedia.org/?curid=9022601,https://fr.wikipedia.org/wiki/Georges Belaubre,Article \u00e0 illustrer Sportif
Gr\u00e9goire Millet,https://fr.wikipedia.org/?curid=9022607,https://fr.wikipedia.org/wiki/Gr\u00e9goire Millet,Article \u00e0 illustrer Sportif
Patrick Girard (triathlon),https://fr.wikipedia.org/?curid=9022613,https://fr.wikipedia.org/wiki/Patrick Girard (triathlon),Article \u00e0 illustrer Sportif
Kimberly Garc\u00eda,https://fr.wikipedia.org/?curid=9000662,https://fr.wikipedia.org/wiki/Kimberly Garc\u00eda,Wikip\u00e9dia:\u00e9bauche athl\u00e8te p\u00e9ruvien
Cristi\u00e1n Bustos,https://fr.wikipedia.org/?curid=9001612,https://fr.wikipedia.org/wiki/Cristi\u00e1n Bustos,Article utilisant une Infobox
B\u00e9ryl Gastaldello,https://fr.wikipedia.org/?curid=9002019,https://fr.wikipedia.org/wiki/B\u00e9ryl Gastaldello,Article \u00e0 illustrer Nageur
Marisa Masullo,https://fr.wikipedia.org/?curid=9005821,https://fr.wikipedia.org/wiki/Marisa Masullo,Wikip\u00e9dia:\u00e9bauche athl\u00e8te italien
Thea Sybesma,https://fr.wikipedia.org/?curid=9002395,https://fr.wikipedia.org/wiki/Thea Sybesma,Wikip\u00e9dia:\u00e9bauche triathlon
Belle Brockhoff,https://fr.wikipedia.org/?curid=9002413,https://fr.wikipedia.org/wiki/Belle Brockhoff,Wikip\u00e9dia:\u00e9bauche snowboard
Cameron Brown,https://fr.wikipedia.org/?curid=9001204,https://fr.wikipedia.org/wiki/Cameron Brown,Article utilisant une Infobox
Luke McKenzie,https://fr.wikipedia.org/?curid=9001262,https://fr.wikipedia.org/wiki/Luke McKenzie,Article utilisant une Infobox
Rasmus Henning,https://fr.wikipedia.org/?curid=9001329,https://fr.wikipedia.org/wiki/Rasmus Henning,Article \u00e0 illustrer Sportif
Chris Lieto,https://fr.wikipedia.org/?curid=9001343,https://fr.wikipedia.org/wiki/Chris Lieto,Article utilisant une Infobox
Caydee Denney,https://fr.wikipedia.org/?curid=9003040,https://fr.wikipedia.org/wiki/Caydee Denney,Article utilisant une Infobox
Fatmata Fofanah,https://fr.wikipedia.org/?curid=8987228,https://fr.wikipedia.org/wiki/Fatmata Fofanah,Page utilisant P569
Satoko Miyahara,https://fr.wikipedia.org/?curid=8978202,https://fr.wikipedia.org/wiki/Satoko Miyahara,Page utilisant P569
Romane Miradoli,https://fr.wikipedia.org/?curid=8978361,https://fr.wikipedia.org/wiki/Romane Miradoli,Article utilisant une Infobox
Jenny Rose,https://fr.wikipedia.org/?curid=8978476,https://fr.wikipedia.org/wiki/Jenny Rose,Wikip\u00e9dia:\u00e9bauche triathl\u00e8te
Tamara Kozulina,https://fr.wikipedia.org/?curid=8985118,https://fr.wikipedia.org/wiki/Tamara Kozulina,Wikip\u00e9dia:\u00e9bauche triathl\u00e8te
Li Zijun,https://fr.wikipedia.org/?curid=8989184,https://fr.wikipedia.org/wiki/Li Zijun,Wikip\u00e9dia:\u00e9bauche patinage artistique
Neha Sharma,https://fr.wikipedia.org/?curid=8990868,https://fr.wikipedia.org/wiki/Neha Sharma,Article utilisant une Infobox
Suzanne Nielsen,https://fr.wikipedia.org/?curid=8993946,https://fr.wikipedia.org/wiki/Suzanne Nielsen,Article \u00e0 illustrer Sportif
Andrew Johns (triathlon),https://fr.wikipedia.org/?curid=8992577,https://fr.wikipedia.org/wiki/Andrew Johns (triathlon),Wikip\u00e9dia:\u00e9bauche triathl\u00e8te
Andrew MacMartin,https://fr.wikipedia.org/?curid=8992683,https://fr.wikipedia.org/wiki/Andrew MacMartin,Article \u00e0 illustrer Sportif
Marino Vanhoenacker,https://fr.wikipedia.org/?curid=8992795,https://fr.wikipedia.org/wiki/Marino Vanhoenacker,Article utilisant une Infobox
Rutger Beke,https://fr.wikipedia.org/?curid=8993067,https://fr.wikipedia.org/wiki/Rutger Beke,Article utilisant une Infobox
Jarrod Shoemaker,https://fr.wikipedia.org/?curid=8993307,https://fr.wikipedia.org/wiki/Jarrod Shoemaker,Wikip\u00e9dia:\u00e9bauche triathlon
Netsanet Gudeta,https://fr.wikipedia.org/?curid=8977594,https://fr.wikipedia.org/wiki/Netsanet Gudeta,Wikip\u00e9dia:\u00e9bauche athl\u00e8te \u00e9thiopien
Viktor Zyemtsev,https://fr.wikipedia.org/?curid=8975489,https://fr.wikipedia.org/wiki/Viktor Zyemtsev,Wikip\u00e9dia:\u00e9bauche triathl\u00e8te
M\u00e9lanie McQuaid,https://fr.wikipedia.org/?curid=8978523,https://fr.wikipedia.org/wiki/M\u00e9lanie McQuaid,Article utilisant une Infobox
Hannah Dreissigacker,https://fr.wikipedia.org/?curid=8968919,https://fr.wikipedia.org/wiki/Hannah Dreissigacker,Wikip\u00e9dia:\u00e9bauche biathlon
Karen Magnussen,https://fr.wikipedia.org/?curid=8976621,https://fr.wikipedia.org/wiki/Karen Magnussen,Wikip\u00e9dia:\u00e9bauche patinage artistique
Eva Pawlik,https://fr.wikipedia.org/?curid=8976374,https://fr.wikipedia.org/wiki/Eva Pawlik,Wikip\u00e9dia:\u00e9bauche patinage artistique
JoJo,https://fr.wikipedia.org/?curid=893678,https://fr.wikipedia.org/wiki/JoJo,Article manquant de r\u00e9f\u00e9rences depuis novembre 2008
Ma\u0142gorzata \u015amieszek,https://fr.wikipedia.org/?curid=8722004,https://fr.wikipedia.org/wiki/Ma\u0142gorzata \u015amieszek,Article utilisant une Infobox
Olga Abramova,https://fr.wikipedia.org/?curid=8724340,https://fr.wikipedia.org/wiki/Olga Abramova,Wikip\u00e9dia:\u00e9bauche biathlon
Miyabi Onitsuka,https://fr.wikipedia.org/?curid=8719949,https://fr.wikipedia.org/wiki/Miyabi Onitsuka,Wikip\u00e9dia:\u00e9bauche snowboard
\u00c9milie Gral,https://fr.wikipedia.org/?curid=8693697,https://fr.wikipedia.org/wiki/\u00c9milie Gral,Article \u00e0 illustrer Personnalit\u00e9 politique
Mary Beth Ellis,https://fr.wikipedia.org/?curid=8716004,https://fr.wikipedia.org/wiki/Mary Beth Ellis,Article utilisant une Infobox
Pola Nowakowska,https://fr.wikipedia.org/?curid=8716145,https://fr.wikipedia.org/wiki/Pola Nowakowska,Article utilisant une Infobox
R\u00e9ka Gyur\u00e1tz,https://fr.wikipedia.org/?curid=8712517,https://fr.wikipedia.org/wiki/R\u00e9ka Gyur\u00e1tz,Wikip\u00e9dia:\u00e9bauche athl\u00e8te hongrois
Gwen Jorgensen,https://fr.wikipedia.org/?curid=8687736,https://fr.wikipedia.org/wiki/Gwen Jorgensen,Page utilisant P569
Non Stanford,https://fr.wikipedia.org/?curid=8688343,https://fr.wikipedia.org/wiki/Non Stanford,Article utilisant une Infobox
Brad Beven,https://fr.wikipedia.org/?curid=8687610,https://fr.wikipedia.org/wiki/Brad Beven,Wikip\u00e9dia:\u00e9bauche triathl\u00e8te
Nell Scovell,https://fr.wikipedia.org/?curid=867735,https://fr.wikipedia.org/wiki/Nell Scovell,Article \u00e0 illustrer Personnalit\u00e9 du cin\u00e9ma
Chat Silayan,https://fr.wikipedia.org/?curid=8672818,https://fr.wikipedia.org/wiki/Chat Silayan,Article \u00e0 illustrer Miss
Zuzana Stromkov\u00e1,https://fr.wikipedia.org/?curid=8711735,https://fr.wikipedia.org/wiki/Zuzana Stromkov\u00e1,Article \u00e0 illustrer Sportif
Rachel Joyce (triathlon),https://fr.wikipedia.org/?curid=8707630,https://fr.wikipedia.org/wiki/Rachel Joyce (triathlon),Article \u00e0 illustrer Sportif
Marte Olsbu R\u00f8iseland,https://fr.wikipedia.org/?curid=8679537,https://fr.wikipedia.org/wiki/Marte Olsbu R\u00f8iseland,Article utilisant une Infobox
Anita Lane,https://fr.wikipedia.org/?curid=866195,https://fr.wikipedia.org/wiki/Anita Lane,Article manquant de r\u00e9f\u00e9rences depuis avril 2021
Ruffa Gutierrez,https://fr.wikipedia.org/?curid=8667146,https://fr.wikipedia.org/wiki/Ruffa Gutierrez,Article utilisant une Infobox
Falyn Fonoimoana,https://fr.wikipedia.org/?curid=8665795,https://fr.wikipedia.org/wiki/Falyn Fonoimoana,Wikip\u00e9dia:\u00e9bauche joueuse am\u00e9ricaine de volley-ball
Reika Sakurai,https://fr.wikipedia.org/?curid=8705910,https://fr.wikipedia.org/wiki/Reika Sakurai,Article utilisant une Infobox
Zhou Yun,https://fr.wikipedia.org/?curid=8697570,https://fr.wikipedia.org/wiki/Zhou Yun,Wikip\u00e9dia:\u00e9bauche acteur chinois
Rebecca Lenkiewicz,https://fr.wikipedia.org/?curid=8554220,https://fr.wikipedia.org/wiki/Rebecca Lenkiewicz,Wikip\u00e9dia:\u00e9bauche sc\u00e9nariste
Entra\u00eeneur (handball),https://fr.wikipedia.org/?curid=8551941,https://fr.wikipedia.org/wiki/Entra\u00eeneur (handball),Portail:Handball/Articles li\u00e9s
Aude Moreau,https://fr.wikipedia.org/?curid=8497998,https://fr.wikipedia.org/wiki/Aude Moreau,Article \u00e0 illustrer Footballeur
Unreal II: The Awakening,https://fr.wikipedia.org/?curid=849427,https://fr.wikipedia.org/wiki/Unreal II: The Awakening,Page utilisant P348
Maria Strelenko,https://fr.wikipedia.org/?curid=8500009,https://fr.wikipedia.org/wiki/Maria Strelenko,Wikip\u00e9dia:\u00e9bauche biathlon
Rosanna Crawford,https://fr.wikipedia.org/?curid=8450736,https://fr.wikipedia.org/wiki/Rosanna Crawford,Wikip\u00e9dia:\u00e9bauche biathlon
Megan Imrie,https://fr.wikipedia.org/?curid=8450771,https://fr.wikipedia.org/wiki/Megan Imrie,Wikip\u00e9dia:\u00e9bauche biathlon
Victoria Kan,https://fr.wikipedia.org/?curid=8464843,https://fr.wikipedia.org/wiki/Victoria Kan,Article utilisant une Infobox
K. Michelle,https://fr.wikipedia.org/?curid=8511583,https://fr.wikipedia.org/wiki/K. Michelle,Article utilisant une Infobox
Irena \u010cesnekov\u00e1,https://fr.wikipedia.org/?curid=8520798,https://fr.wikipedia.org/wiki/Irena \u010cesnekov\u00e1,Wikip\u00e9dia:\u00e9bauche biathlon
Dijana Grudi\u010dek-Ravnikar,https://fr.wikipedia.org/?curid=8521283,https://fr.wikipedia.org/wiki/Dijana Grudi\u010dek-Ravnikar,Article \u00e0 illustrer Sportif
Nivea Smith,https://fr.wikipedia.org/?curid=8519788,https://fr.wikipedia.org/wiki/Nivea Smith,Wikip\u00e9dia:\u00e9bauche athl\u00e8te baham\u00e9en
Cindy Perrault,https://fr.wikipedia.org/?curid=8519993,https://fr.wikipedia.org/wiki/Cindy Perrault,Wikip\u00e9dia:\u00e9bauche footballeuse fran\u00e7aise
Julie Dibens,https://fr.wikipedia.org/?curid=8475272,https://fr.wikipedia.org/wiki/Julie Dibens,Wikip\u00e9dia:\u00e9bauche triathl\u00e8te
Only (chanson de Nicki Minaj),https://fr.wikipedia.org/?curid=8482067,https://fr.wikipedia.org/wiki/Only (chanson de Nicki Minaj),Article contenant un lien mort
Kiyou Shimizu,https://fr.wikipedia.org/?curid=8484513,https://fr.wikipedia.org/wiki/Kiyou Shimizu,Article utilisant une Infobox
Barbara Harel,https://fr.wikipedia.org/?curid=847879,https://fr.wikipedia.org/wiki/Barbara Harel,Wikip\u00e9dia:\u00e9bauche sportif fran\u00e7ais
Lioudmila Jouravliova,https://fr.wikipedia.org/?curid=847895,https://fr.wikipedia.org/wiki/Lioudmila Jouravliova,Page utilisant P569
Buse Ene,https://fr.wikipedia.org/?curid=8490935,https://fr.wikipedia.org/wiki/Buse Ene,Article \u00e0 illustrer Joueur de volley-ball
Stefania Berton,https://fr.wikipedia.org/?curid=8483507,https://fr.wikipedia.org/wiki/Stefania Berton,Article utilisant une Infobox
Sachiko Masumi,https://fr.wikipedia.org/?curid=8488639,https://fr.wikipedia.org/wiki/Sachiko Masumi,Wikip\u00e9dia:\u00e9bauche athl\u00e8te japonais
Madison Beer,https://fr.wikipedia.org/?curid=8488883,https://fr.wikipedia.org/wiki/Madison Beer,Page utilisant P569
Anna Stera-Kustucz,https://fr.wikipedia.org/?curid=8490048,https://fr.wikipedia.org/wiki/Anna Stera-Kustucz,Wikip\u00e9dia:\u00e9bauche biathlon
Marion Romanelli,https://fr.wikipedia.org/?curid=8490246,https://fr.wikipedia.org/wiki/Marion Romanelli,Article utilisant une Infobox
DJane HouseKat,https://fr.wikipedia.org/?curid=8490313,https://fr.wikipedia.org/wiki/DJane HouseKat,Article contenant un lien mort
Damayanthi Dharsha,https://fr.wikipedia.org/?curid=8490772,https://fr.wikipedia.org/wiki/Damayanthi Dharsha,Wikip\u00e9dia:\u00e9bauche athl\u00e8te srilankais
Carmen Thalmann,https://fr.wikipedia.org/?curid=8493370,https://fr.wikipedia.org/wiki/Carmen Thalmann,Wikip\u00e9dia:\u00e9bauche ski alpin
Florence Giolitti,https://fr.wikipedia.org/?curid=8534048,https://fr.wikipedia.org/wiki/Florence Giolitti,Wikip\u00e9dia:\u00e9bauche athl\u00e8te fran\u00e7ais
Mariana Costa (volley-ball),https://fr.wikipedia.org/?curid=8535943,https://fr.wikipedia.org/wiki/Mariana Costa (volley-ball),Article \u00e0 illustrer Joueur de volley-ball
Nathalie Teppe,https://fr.wikipedia.org/?curid=8530192,https://fr.wikipedia.org/wiki/Nathalie Teppe,Wikip\u00e9dia:\u00e9bauche athl\u00e8te fran\u00e7ais
Katie Stevens,https://fr.wikipedia.org/?curid=8533316,https://fr.wikipedia.org/wiki/Katie Stevens,Article utilisant une Infobox
Maayan Furman-Shahaf,https://fr.wikipedia.org/?curid=8446211,https://fr.wikipedia.org/wiki/Maayan Furman-Shahaf,Wikip\u00e9dia:\u00e9bauche athl\u00e8te
Grete Udras,https://fr.wikipedia.org/?curid=8446238,https://fr.wikipedia.org/wiki/Grete Udras,Wikip\u00e9dia:\u00e9bauche athl\u00e8te estonien
Jeannelle Scheper,https://fr.wikipedia.org/?curid=8446289,https://fr.wikipedia.org/wiki/Jeannelle Scheper,Wikip\u00e9dia:\u00e9bauche athl\u00e8te
Arina Rodionova,https://fr.wikipedia.org/?curid=8448906,https://fr.wikipedia.org/wiki/Arina Rodionova,Article utilisant une Infobox
Magdalena Pajala,https://fr.wikipedia.org/?curid=8451457,https://fr.wikipedia.org/wiki/Magdalena Pajala,Wikip\u00e9dia:\u00e9bauche personnalit\u00e9 su\u00e9doise
Wang Qiang,https://fr.wikipedia.org/?curid=8448535,https://fr.wikipedia.org/wiki/Wang Qiang,Article utilisant une Infobox
Liu Yuanyuan,https://fr.wikipedia.org/?curid=8449613,https://fr.wikipedia.org/wiki/Liu Yuanyuan,Wikip\u00e9dia:\u00e9bauche biathlon
Janette Hargin,https://fr.wikipedia.org/?curid=8449793,https://fr.wikipedia.org/wiki/Janette Hargin,Wikip\u00e9dia:\u00e9bauche ski alpin
Audrey Cl\u00e9au,https://fr.wikipedia.org/?curid=8435028,https://fr.wikipedia.org/wiki/Audrey Cl\u00e9au,Article \u00e0 illustrer Sportif
Brice Daubord,https://fr.wikipedia.org/?curid=8435040,https://fr.wikipedia.org/wiki/Brice Daubord,Article utilisant une Infobox
Catherine Houseaux,https://fr.wikipedia.org/?curid=8435060,https://fr.wikipedia.org/wiki/Catherine Houseaux,Wikip\u00e9dia:\u00e9bauche triathl\u00e8te
Pierre Houseaux,https://fr.wikipedia.org/?curid=8435067,https://fr.wikipedia.org/wiki/Pierre Houseaux,Article contenant un lien mort
Franky Batelier,https://fr.wikipedia.org/?curid=8435070,https://fr.wikipedia.org/wiki/Franky Batelier,Article \u00e0 illustrer Sportif
S\u00e9bastien Berlier,https://fr.wikipedia.org/?curid=8435080,https://fr.wikipedia.org/wiki/S\u00e9bastien Berlier,Article \u00e0 illustrer Sportif
B\u00e9ryl Laram\u00e9,https://fr.wikipedia.org/?curid=8443449,https://fr.wikipedia.org/wiki/B\u00e9ryl Laram\u00e9,Wikip\u00e9dia:\u00e9bauche athl\u00e8te
Awa Dioum-Ndiaye,https://fr.wikipedia.org/?curid=8443474,https://fr.wikipedia.org/wiki/Awa Dioum-Ndiaye,Wikip\u00e9dia:\u00e9bauche athl\u00e8te s\u00e9n\u00e9galais
Anja Dittmer (triathlon),https://fr.wikipedia.org/?curid=8446813,https://fr.wikipedia.org/wiki/Anja Dittmer (triathlon),Article utilisant une Infobox
Rub\u00e9n Ruzafa,https://fr.wikipedia.org/?curid=8446834,https://fr.wikipedia.org/wiki/Rub\u00e9n Ruzafa,Article utilisant une Infobox
Dior Delophont,https://fr.wikipedia.org/?curid=8446843,https://fr.wikipedia.org/wiki/Dior Delophont,Article \u00e0 illustrer Athl\u00e8te
Camille Pin,https://fr.wikipedia.org/?curid=850253,https://fr.wikipedia.org/wiki/Camille Pin,Article utilisant une Infobox
Bea Miller,https://fr.wikipedia.org/?curid=8439343,https://fr.wikipedia.org/wiki/Bea Miller,Article utilisant une Infobox
For You (album de Selena Gomez),https://fr.wikipedia.org/?curid=8439533,https://fr.wikipedia.org/wiki/For You (album de Selena Gomez),Article utilisant une Infobox
Rinon Isono,https://fr.wikipedia.org/?curid=8439661,https://fr.wikipedia.org/wiki/Rinon Isono,Article utilisant une Infobox
Kaltouma Nadjina,https://fr.wikipedia.org/?curid=8442013,https://fr.wikipedia.org/wiki/Kaltouma Nadjina,Wikip\u00e9dia:\u00e9bauche athl\u00e8te tchadien
Natalia Ryzhenkova,https://fr.wikipedia.org/?curid=8442068,https://fr.wikipedia.org/wiki/Natalia Ryzhenkova,Wikip\u00e9dia:\u00e9bauche biathlon
Juliane Gathrat,https://fr.wikipedia.org/?curid=8486092,https://fr.wikipedia.org/wiki/Juliane Gathrat,Article \u00e0 illustrer Footballeur
\u00c1frica Zavala,https://fr.wikipedia.org/?curid=8476384,https://fr.wikipedia.org/wiki/\u00c1frica Zavala,Article utilisant une Infobox
Monika Galkowska,https://fr.wikipedia.org/?curid=8484678,https://fr.wikipedia.org/wiki/Monika Galkowska,Article utilisant une Infobox
Laura Orgu\u00e9,https://fr.wikipedia.org/?curid=8474881,https://fr.wikipedia.org/wiki/Laura Orgu\u00e9,Wikip\u00e9dia:\u00e9bauche ski de fond
