Name,URL1,URL2,First Category
Mary Spicer,https://fr.wikipedia.org/?curid=6174813,https://fr.wikipedia.org/wiki/Mary Spicer,Wikip\u00e9dia:\u00e9bauche joueuse am\u00e9ricaine de volley-ball
Hristina Vuchkova,https://fr.wikipedia.org/?curid=6174875,https://fr.wikipedia.org/wiki/Hristina Vuchkova,Article utilisant une Infobox
Dance Again,https://fr.wikipedia.org/?curid=6175356,https://fr.wikipedia.org/wiki/Dance Again,Article utilisant une Infobox
Tooji,https://fr.wikipedia.org/?curid=6066366,https://fr.wikipedia.org/wiki/Tooji,Article utilisant une Infobox
G.NA,https://fr.wikipedia.org/?curid=6071939,https://fr.wikipedia.org/wiki/G.NA,Article contenant un lien mort
Allie DeBerry,https://fr.wikipedia.org/?curid=6077590,https://fr.wikipedia.org/wiki/Allie DeBerry,Article utilisant une Infobox
Jitka Bartoni\u010dkov\u00e1,https://fr.wikipedia.org/?curid=6181467,https://fr.wikipedia.org/wiki/Jitka Bartoni\u010dkov\u00e1,Wikip\u00e9dia:\u00e9bauche athl\u00e8te tch\u00e8que
Bruno Ferrat,https://fr.wikipedia.org/?curid=6183946,https://fr.wikipedia.org/wiki/Bruno Ferrat,Article utilisant une Infobox
Diane Gu\u00e9rin,https://fr.wikipedia.org/?curid=618863,https://fr.wikipedia.org/wiki/Diane Gu\u00e9rin,Page utilisant P569
Francien Huurman,https://fr.wikipedia.org/?curid=6122858,https://fr.wikipedia.org/wiki/Francien Huurman,Article \u00e0 illustrer Joueur de volley-ball
Anah\u00ed,https://fr.wikipedia.org/?curid=614816,https://fr.wikipedia.org/wiki/Anah\u00ed,Article manquant de r\u00e9f\u00e9rences depuis septembre 2020
Kam Heskin,https://fr.wikipedia.org/?curid=6160430,https://fr.wikipedia.org/wiki/Kam Heskin,Article \u00e0 illustrer Personnalit\u00e9 du cin\u00e9ma
Right by My Side,https://fr.wikipedia.org/?curid=6154765,https://fr.wikipedia.org/wiki/Right by My Side,Article utilisant une Infobox
Tian Yumei,https://fr.wikipedia.org/?curid=6156312,https://fr.wikipedia.org/wiki/Tian Yumei,Wikip\u00e9dia:\u00e9bauche athl\u00e8te chinois
Yania Ferrales,https://fr.wikipedia.org/?curid=6101366,https://fr.wikipedia.org/wiki/Yania Ferrales,Wikip\u00e9dia:\u00e9bauche athl\u00e8te cubain
Rebecca Sch\u00e4perklaus,https://fr.wikipedia.org/?curid=6105225,https://fr.wikipedia.org/wiki/Rebecca Sch\u00e4perklaus,Article utilisant une Infobox
Katharina Stau\u00df,https://fr.wikipedia.org/?curid=6105261,https://fr.wikipedia.org/wiki/Katharina Stau\u00df,Article \u00e0 illustrer Joueur de volley-ball
Gamze Bulut,https://fr.wikipedia.org/?curid=6397405,https://fr.wikipedia.org/wiki/Gamze Bulut,Wikip\u00e9dia:\u00e9bauche athl\u00e8te turc
Joanne Pavey,https://fr.wikipedia.org/?curid=6397480,https://fr.wikipedia.org/wiki/Joanne Pavey,Wikip\u00e9dia:\u00e9bauche athl\u00e8te britannique
Zuzana Hlavo\u0148ov\u00e1,https://fr.wikipedia.org/?curid=6411567,https://fr.wikipedia.org/wiki/Zuzana Hlavo\u0148ov\u00e1,Wikip\u00e9dia:\u00e9bauche athl\u00e8te tch\u00e8que
Andrea Koss\u00e1nyiov\u00e1,https://fr.wikipedia.org/?curid=6412045,https://fr.wikipedia.org/wiki/Andrea Koss\u00e1nyiov\u00e1,Article utilisant une Infobox
Jenna Hagglund,https://fr.wikipedia.org/?curid=6412073,https://fr.wikipedia.org/wiki/Jenna Hagglund,Wikip\u00e9dia:\u00e9bauche joueuse am\u00e9ricaine de volley-ball
Sara Klisura,https://fr.wikipedia.org/?curid=6409036,https://fr.wikipedia.org/wiki/Sara Klisura,Article \u00e0 illustrer Joueur de volley-ball
Bojana Radulovi\u0107,https://fr.wikipedia.org/?curid=6400044,https://fr.wikipedia.org/wiki/Bojana Radulovi\u0107,Article utilisant une Infobox
Chelsea Hayes,https://fr.wikipedia.org/?curid=6397750,https://fr.wikipedia.org/wiki/Chelsea Hayes,Wikip\u00e9dia:\u00e9bauche athl\u00e8te am\u00e9ricain
Vivian Chukwuemeka,https://fr.wikipedia.org/?curid=6398557,https://fr.wikipedia.org/wiki/Vivian Chukwuemeka,Wikip\u00e9dia:\u00e9bauche athl\u00e8te nig\u00e9rian
Izabela Zackiewicz,https://fr.wikipedia.org/?curid=6397179,https://fr.wikipedia.org/wiki/Izabela Zackiewicz,Article \u00e0 illustrer Joueur de volley-ball
Lav\u00ednia Vlasak,https://fr.wikipedia.org/?curid=6399163,https://fr.wikipedia.org/wiki/Lav\u00ednia Vlasak,Wikip\u00e9dia:\u00e9bauche acteur br\u00e9silien
Alena Kopets,https://fr.wikipedia.org/?curid=6418957,https://fr.wikipedia.org/wiki/Alena Kopets,Wikip\u00e9dia:\u00e9bauche athl\u00e8te bi\u00e9lorusse
Ivona Svobodn\u00edkov\u00e1,https://fr.wikipedia.org/?curid=6419223,https://fr.wikipedia.org/wiki/Ivona Svobodn\u00edkov\u00e1,Article \u00e0 illustrer Joueur de volley-ball
Ana Lazarevi\u0107,https://fr.wikipedia.org/?curid=6419262,https://fr.wikipedia.org/wiki/Ana Lazarevi\u0107,Article \u00e0 illustrer Joueur de volley-ball
Trude Beiser-Jochum,https://fr.wikipedia.org/?curid=638407,https://fr.wikipedia.org/wiki/Trude Beiser-Jochum,Article \u00e0 illustrer Sportif
Anna Bulgakova,https://fr.wikipedia.org/?curid=6395372,https://fr.wikipedia.org/wiki/Anna Bulgakova,Article \u00e0 illustrer Athl\u00e8te
Olha Zemlyak,https://fr.wikipedia.org/?curid=6395888,https://fr.wikipedia.org/wiki/Olha Zemlyak,Article utilisant une Infobox
Svitlana Shmidt,https://fr.wikipedia.org/?curid=6394842,https://fr.wikipedia.org/wiki/Svitlana Shmidt,Wikip\u00e9dia:\u00e9bauche athl\u00e8te ukrainien
Antje M\u00f6ldner-Schmidt,https://fr.wikipedia.org/?curid=6394857,https://fr.wikipedia.org/wiki/Antje M\u00f6ldner-Schmidt,Wikip\u00e9dia:\u00e9bauche athl\u00e8te allemand
Olena Holosha,https://fr.wikipedia.org/?curid=6394888,https://fr.wikipedia.org/wiki/Olena Holosha,Wikip\u00e9dia:\u00e9bauche athl\u00e8te ukrainien
Olga Geyko,https://fr.wikipedia.org/?curid=6395106,https://fr.wikipedia.org/wiki/Olga Geyko,Article \u00e0 illustrer Joueur de volley-ball
Lynsey Sharp,https://fr.wikipedia.org/?curid=6393191,https://fr.wikipedia.org/wiki/Lynsey Sharp,Wikip\u00e9dia:\u00e9bauche athl\u00e8te britannique
Bente Skari,https://fr.wikipedia.org/?curid=640503,https://fr.wikipedia.org/wiki/Bente Skari,Article \u00e0 illustrer Sportif
Mellisa Hollingsworth,https://fr.wikipedia.org/?curid=640507,https://fr.wikipedia.org/wiki/Mellisa Hollingsworth,Wikip\u00e9dia:\u00e9bauche skeleton
Kathy Kreiner,https://fr.wikipedia.org/?curid=637940,https://fr.wikipedia.org/wiki/Kathy Kreiner,Page utilisant P569
Reguina Toukhbatoullina,https://fr.wikipedia.org/?curid=6403431,https://fr.wikipedia.org/wiki/Reguina Toukhbatoullina,Article \u00e0 illustrer Joueur de volley-ball
Nikol Sajdov\u00e1,https://fr.wikipedia.org/?curid=6417239,https://fr.wikipedia.org/wiki/Nikol Sajdov\u00e1,Article \u00e0 illustrer Joueur de volley-ball
Michala Kvapilov\u00e1,https://fr.wikipedia.org/?curid=6420973,https://fr.wikipedia.org/wiki/Michala Kvapilov\u00e1,Article utilisant une Infobox
Tamiris de Liz,https://fr.wikipedia.org/?curid=6421277,https://fr.wikipedia.org/wiki/Tamiris de Liz,Wikip\u00e9dia:\u00e9bauche athl\u00e8te br\u00e9silien
Rosaria Console,https://fr.wikipedia.org/?curid=6419902,https://fr.wikipedia.org/wiki/Rosaria Console,Wikip\u00e9dia:\u00e9bauche athl\u00e8te italien
Francisco Javier G\u00f3mez Noya,https://fr.wikipedia.org/?curid=6421960,https://fr.wikipedia.org/wiki/Francisco Javier G\u00f3mez Noya,Article utilisant une Infobox
Sofi Flinck,https://fr.wikipedia.org/?curid=6420255,https://fr.wikipedia.org/wiki/Sofi Flinck,Wikip\u00e9dia:\u00e9bauche athl\u00e8te su\u00e9dois
Hedy Schlunegger,https://fr.wikipedia.org/?curid=638563,https://fr.wikipedia.org/wiki/Hedy Schlunegger,Wikip\u00e9dia:\u00e9bauche ski alpin
Lyudmyla Kovalenko,https://fr.wikipedia.org/?curid=6390224,https://fr.wikipedia.org/wiki/Lyudmyla Kovalenko,Wikip\u00e9dia:\u00e9bauche athl\u00e8te bi\u00e9lorusse
Jerzy Janowicz,https://fr.wikipedia.org/?curid=6390603,https://fr.wikipedia.org/wiki/Jerzy Janowicz,Article contenant un appel \u00e0 traduction en anglais
Lilyana Tomova,https://fr.wikipedia.org/?curid=6389023,https://fr.wikipedia.org/wiki/Lilyana Tomova,Wikip\u00e9dia:\u00e9bauche athl\u00e8te bulgare
Mona-Lisa Pursiainen,https://fr.wikipedia.org/?curid=6389079,https://fr.wikipedia.org/wiki/Mona-Lisa Pursiainen,Wikip\u00e9dia:\u00e9bauche athl\u00e8te finlandais
Ossi Reichert,https://fr.wikipedia.org/?curid=638336,https://fr.wikipedia.org/wiki/Ossi Reichert,Article manquant de r\u00e9f\u00e9rences depuis avril 2016
Ren\u00e9e Colliard,https://fr.wikipedia.org/?curid=638342,https://fr.wikipedia.org/wiki/Ren\u00e9e Colliard,Wikip\u00e9dia:\u00e9bauche ski alpin
Cleopatra Stratan,https://fr.wikipedia.org/?curid=6390979,https://fr.wikipedia.org/wiki/Cleopatra Stratan,Page utilisant P569
Volha Sudarava,https://fr.wikipedia.org/?curid=6391503,https://fr.wikipedia.org/wiki/Volha Sudarava,Wikip\u00e9dia:\u00e9bauche athl\u00e8te bi\u00e9lorusse
Kwon So-hyun,https://fr.wikipedia.org/?curid=6413520,https://fr.wikipedia.org/wiki/Kwon So-hyun,Article utilisant une Infobox
Karol\u00edna Bedn\u00e1\u0159ov\u00e1,https://fr.wikipedia.org/?curid=6413581,https://fr.wikipedia.org/wiki/Karol\u00edna Bedn\u00e1\u0159ov\u00e1,Article utilisant une Infobox
Mayumi Itsuwa,https://fr.wikipedia.org/?curid=6412506,https://fr.wikipedia.org/wiki/Mayumi Itsuwa,Article utilisant une Infobox
Natalya Semenova,https://fr.wikipedia.org/?curid=6414403,https://fr.wikipedia.org/wiki/Natalya Semenova,Wikip\u00e9dia:\u00e9bauche athl\u00e8te ukrainien
Mait\u00ea Proen\u00e7a,https://fr.wikipedia.org/?curid=6412872,https://fr.wikipedia.org/wiki/Mait\u00ea Proen\u00e7a,Article utilisant une Infobox
Chloe Esposito,https://fr.wikipedia.org/?curid=6413292,https://fr.wikipedia.org/wiki/Chloe Esposito,Article \u00e0 illustrer Sportif
Barbara Ann Cochran,https://fr.wikipedia.org/?curid=637982,https://fr.wikipedia.org/wiki/Barbara Ann Cochran,Page utilisant P569
Krystyna Guzik,https://fr.wikipedia.org/?curid=637986,https://fr.wikipedia.org/wiki/Krystyna Guzik,Wikip\u00e9dia:\u00e9bauche biathlon
Delphyne Peretto,https://fr.wikipedia.org/?curid=638066,https://fr.wikipedia.org/wiki/Delphyne Peretto,Wikip\u00e9dia:\u00e9bauche biathlon
Laura Ikauniece,https://fr.wikipedia.org/?curid=6382911,https://fr.wikipedia.org/wiki/Laura Ikauniece,Article utilisant une Infobox
Megan Joy,https://fr.wikipedia.org/?curid=6382956,https://fr.wikipedia.org/wiki/Megan Joy,Article manquant de r\u00e9f\u00e9rences depuis juin 2012
Yvonne R\u00fcegg,https://fr.wikipedia.org/?curid=638296,https://fr.wikipedia.org/wiki/Yvonne R\u00fcegg,Wikip\u00e9dia:\u00e9bauche personnalit\u00e9 suisse
Liste des \u00e9pouses des pr\u00e9sidents du Gabon,https://fr.wikipedia.org/?curid=6383057,https://fr.wikipedia.org/wiki/Liste des \u00e9pouses des pr\u00e9sidents du Gabon,Article \u00e0 illustrer Poste politique
Irina Tarasova,https://fr.wikipedia.org/?curid=6384656,https://fr.wikipedia.org/wiki/Irina Tarasova,Wikip\u00e9dia:\u00e9bauche athl\u00e8te russe
Jayden Jaymes,https://fr.wikipedia.org/?curid=6378751,https://fr.wikipedia.org/wiki/Jayden Jaymes,Article utilisant une Infobox
Andrea Mead-Lawrence,https://fr.wikipedia.org/?curid=638509,https://fr.wikipedia.org/wiki/Andrea Mead-Lawrence,Article utilisant une Infobox
Julie Pomagalski,https://fr.wikipedia.org/?curid=638539,https://fr.wikipedia.org/wiki/Julie Pomagalski,Article \u00e0 illustrer Sportif
Marina Karnaushchenko,https://fr.wikipedia.org/?curid=6140124,https://fr.wikipedia.org/wiki/Marina Karnaushchenko,Wikip\u00e9dia:\u00e9bauche athl\u00e8te russe
Erica Moore,https://fr.wikipedia.org/?curid=6138171,https://fr.wikipedia.org/wiki/Erica Moore,Wikip\u00e9dia:\u00e9bauche athl\u00e8te am\u00e9ricain
Riikka Tiilikainen,https://fr.wikipedia.org/?curid=6139223,https://fr.wikipedia.org/wiki/Riikka Tiilikainen,Article \u00e0 illustrer Joueur de volley-ball
Sini H\u00e4kkinen,https://fr.wikipedia.org/?curid=6139244,https://fr.wikipedia.org/wiki/Sini H\u00e4kkinen,Article \u00e0 illustrer Joueur de volley-ball
Sherri Williams,https://fr.wikipedia.org/?curid=6139258,https://fr.wikipedia.org/wiki/Sherri Williams,Wikip\u00e9dia:\u00e9bauche joueuse am\u00e9ricaine de volley-ball
Liu Xiangrong,https://fr.wikipedia.org/?curid=6140954,https://fr.wikipedia.org/wiki/Liu Xiangrong,Wikip\u00e9dia:\u00e9bauche athl\u00e8te chinois
Paulina Bry\u015b,https://fr.wikipedia.org/?curid=6089067,https://fr.wikipedia.org/wiki/Paulina Bry\u015b,Article \u00e0 illustrer Joueur de volley-ball
Karen Li\u00dfon,https://fr.wikipedia.org/?curid=6089093,https://fr.wikipedia.org/wiki/Karen Li\u00dfon,Wikip\u00e9dia:\u00e9bauche joueuse de volley-ball
Mira Topi\u0107,https://fr.wikipedia.org/?curid=6089110,https://fr.wikipedia.org/wiki/Mira Topi\u0107,Article \u00e0 illustrer Joueur de volley-ball
Marie Sebag,https://fr.wikipedia.org/?curid=606093,https://fr.wikipedia.org/wiki/Marie Sebag,Article contenant un lien mort
Vicky Piria,https://fr.wikipedia.org/?curid=6089851,https://fr.wikipedia.org/wiki/Vicky Piria,Wikip\u00e9dia:\u00e9bauche sport automobile
Alison Inverarity,https://fr.wikipedia.org/?curid=6086930,https://fr.wikipedia.org/wiki/Alison Inverarity,Wikip\u00e9dia:\u00e9bauche athl\u00e8te australien
Liste des conjoints des princes de Monaco,https://fr.wikipedia.org/?curid=6087002,https://fr.wikipedia.org/wiki/Liste des conjoints des princes de Monaco,Portail:Histoire/Articles li\u00e9s
Sara Tunes,https://fr.wikipedia.org/?curid=6121352,https://fr.wikipedia.org/wiki/Sara Tunes,Article utilisant une Infobox
Evangelion: 3.0 You Can (Not) Redo,https://fr.wikipedia.org/?curid=6107954,https://fr.wikipedia.org/wiki/Evangelion: 3.0 You Can (Not) Redo,Wikip\u00e9dia:\u00e9bauche animation et bande dessin\u00e9e asiatiques
Kristi Castlin,https://fr.wikipedia.org/?curid=6108076,https://fr.wikipedia.org/wiki/Kristi Castlin,Wikip\u00e9dia:\u00e9bauche athl\u00e8te am\u00e9ricain
Asl\u0131 \u00c7ak\u0131r Alptekin,https://fr.wikipedia.org/?curid=6134015,https://fr.wikipedia.org/wiki/Asl\u0131 \u00c7ak\u0131r Alptekin,Wikip\u00e9dia:\u00e9bauche athl\u00e8te turc
Olga Vilukhina,https://fr.wikipedia.org/?curid=6135186,https://fr.wikipedia.org/wiki/Olga Vilukhina,Article utilisant une Infobox
Murielle Ahour\u00e9-Demps,https://fr.wikipedia.org/?curid=6135573,https://fr.wikipedia.org/wiki/Murielle Ahour\u00e9-Demps,Article utilisant une Infobox
Leslie Cole,https://fr.wikipedia.org/?curid=6137535,https://fr.wikipedia.org/wiki/Leslie Cole,Wikip\u00e9dia:\u00e9bauche athl\u00e8te am\u00e9ricain
Carly Rae Jepsen,https://fr.wikipedia.org/?curid=6093176,https://fr.wikipedia.org/wiki/Carly Rae Jepsen,Article contenant un lien mort
Linda B\u00fcsscher,https://fr.wikipedia.org/?curid=6090836,https://fr.wikipedia.org/wiki/Linda B\u00fcsscher,Article \u00e0 illustrer Joueur de volley-ball
Roman Reloaded (chanson),https://fr.wikipedia.org/?curid=6105414,https://fr.wikipedia.org/wiki/Roman Reloaded (chanson),Article contenant un lien mort
Erin Mielzynski,https://fr.wikipedia.org/?curid=6120346,https://fr.wikipedia.org/wiki/Erin Mielzynski,Article \u00e0 illustrer Sportif
Vendula M\u011brkov\u00e1,https://fr.wikipedia.org/?curid=6103406,https://fr.wikipedia.org/wiki/Vendula M\u011brkov\u00e1,Article \u00e0 illustrer Joueur de volley-ball
Patricia Thormann,https://fr.wikipedia.org/?curid=6103430,https://fr.wikipedia.org/wiki/Patricia Thormann,Article \u00e0 illustrer Joueur de volley-ball
Sandra Ferger,https://fr.wikipedia.org/?curid=6101481,https://fr.wikipedia.org/wiki/Sandra Ferger,Article utilisant une Infobox
Mareike Hindriksen,https://fr.wikipedia.org/?curid=6099044,https://fr.wikipedia.org/wiki/Mareike Hindriksen,Article utilisant une Infobox
Jule Schneider,https://fr.wikipedia.org/?curid=6107315,https://fr.wikipedia.org/wiki/Jule Schneider,Article \u00e0 illustrer Joueur de volley-ball
Jolanta Januchta,https://fr.wikipedia.org/?curid=6106921,https://fr.wikipedia.org/wiki/Jolanta Januchta,Wikip\u00e9dia:\u00e9bauche athl\u00e8te polonais
Schei\u00dfe (chanson),https://fr.wikipedia.org/?curid=6081921,https://fr.wikipedia.org/wiki/Schei\u00dfe (chanson),Article contenant un lien mort
Blue Velvet,https://fr.wikipedia.org/?curid=6082,https://fr.wikipedia.org/wiki/Blue Velvet,Article utilisant une Infobox
Elena V\u00e4lbe,https://fr.wikipedia.org/?curid=605597,https://fr.wikipedia.org/wiki/Elena V\u00e4lbe,Wikip\u00e9dia:\u00e9bauche ski de fond
Edward Gal,https://fr.wikipedia.org/?curid=6056398,https://fr.wikipedia.org/wiki/Edward Gal,Article contenant un lien mort
Hitomi Shimatani,https://fr.wikipedia.org/?curid=607922,https://fr.wikipedia.org/wiki/Hitomi Shimatani,Article contenant un lien mort
Sulli (chanteuse),https://fr.wikipedia.org/?curid=6079302,https://fr.wikipedia.org/wiki/Sulli (chanteuse),Article utilisant une Infobox
Carolyn Omine,https://fr.wikipedia.org/?curid=6079403,https://fr.wikipedia.org/wiki/Carolyn Omine,Article utilisant une Infobox
Pia Walkenhorst,https://fr.wikipedia.org/?curid=6110203,https://fr.wikipedia.org/wiki/Pia Walkenhorst,Article \u00e0 illustrer Joueur de volley-ball
Dominice Steffen,https://fr.wikipedia.org/?curid=6110222,https://fr.wikipedia.org/wiki/Dominice Steffen,Article \u00e0 illustrer Joueur de volley-ball
Clara Izzo,https://fr.wikipedia.org/?curid=6112467,https://fr.wikipedia.org/wiki/Clara Izzo,Wikip\u00e9dia:\u00e9bauche joueuse italienne de volley-ball
Clara Moto,https://fr.wikipedia.org/?curid=6112194,https://fr.wikipedia.org/wiki/Clara Moto,Wikip\u00e9dia:\u00e9bauche musique \u00e9lectronique
Karri Willms,https://fr.wikipedia.org/?curid=6116127,https://fr.wikipedia.org/wiki/Karri Willms,Wikip\u00e9dia:\u00e9bauche curling
Julia Osterloh,https://fr.wikipedia.org/?curid=6116380,https://fr.wikipedia.org/wiki/Julia Osterloh,Article utilisant une Infobox
This Is Me,https://fr.wikipedia.org/?curid=6117206,https://fr.wikipedia.org/wiki/This Is Me,Article utilisant une Infobox
Barbra Streisand (chanson),https://fr.wikipedia.org/?curid=6116736,https://fr.wikipedia.org/wiki/Barbra Streisand (chanson),Article contenant un lien mort
T\u00fcnde Vaszi,https://fr.wikipedia.org/?curid=6375924,https://fr.wikipedia.org/wiki/T\u00fcnde Vaszi,Wikip\u00e9dia:\u00e9bauche athl\u00e8te hongrois
Melanie Bauschke,https://fr.wikipedia.org/?curid=6374852,https://fr.wikipedia.org/wiki/Melanie Bauschke,Wikip\u00e9dia:\u00e9bauche athl\u00e8te allemand
Liste des m\u00e9daill\u00e9s olympiques en voile,https://fr.wikipedia.org/?curid=6338618,https://fr.wikipedia.org/wiki/Liste des m\u00e9daill\u00e9s olympiques en voile,Article contenant un appel \u00e0 traduction en anglais
Ksenia Ieremtchouk,https://fr.wikipedia.org/?curid=6357284,https://fr.wikipedia.org/wiki/Ksenia Ieremtchouk,Article utilisant une Infobox
Katherine Endacott,https://fr.wikipedia.org/?curid=6357678,https://fr.wikipedia.org/wiki/Katherine Endacott,Wikip\u00e9dia:\u00e9bauche athl\u00e8te britannique
Miss USA 2013,https://fr.wikipedia.org/?curid=6356823,https://fr.wikipedia.org/wiki/Miss USA 2013,Article utilisant une Infobox
Liste des m\u00e9daill\u00e9s aux Jeux olympiques d'hiver de 1948,https://fr.wikipedia.org/?curid=6356134,https://fr.wikipedia.org/wiki/Liste des m\u00e9daill\u00e9s aux Jeux olympiques d'hiver de 1948,Article contenant un appel \u00e0 traduction en anglais
Lioudmila Pakhomova,https://fr.wikipedia.org/?curid=6359823,https://fr.wikipedia.org/wiki/Lioudmila Pakhomova,Article contenant un lien mort
Jacky Chamoun,https://fr.wikipedia.org/?curid=6359401,https://fr.wikipedia.org/wiki/Jacky Chamoun,Wikip\u00e9dia:\u00e9bauche Liban
Waiting for Tonight,https://fr.wikipedia.org/?curid=6369146,https://fr.wikipedia.org/wiki/Waiting for Tonight,Wikip\u00e9dia:\u00e9bauche chanson
Billie Jean King,https://fr.wikipedia.org/?curid=636929,https://fr.wikipedia.org/wiki/Billie Jean King,Article contenant un lien mort
Anna Velikiy,https://fr.wikipedia.org/?curid=6369425,https://fr.wikipedia.org/wiki/Anna Velikiy,Article utilisant une Infobox
Sigrid Wolf,https://fr.wikipedia.org/?curid=637282,https://fr.wikipedia.org/wiki/Sigrid Wolf,Article utilisant une Infobox
Giuliana Rancic,https://fr.wikipedia.org/?curid=6373025,https://fr.wikipedia.org/wiki/Giuliana Rancic,Article utilisant une Infobox
Simon Delestre,https://fr.wikipedia.org/?curid=6371983,https://fr.wikipedia.org/wiki/Simon Delestre,Article utilisant une Infobox
Marina Kiehl,https://fr.wikipedia.org/?curid=637276,https://fr.wikipedia.org/wiki/Marina Kiehl,Article utilisant une Infobox
V\u00e9ronique Filozof,https://fr.wikipedia.org/?curid=6371516,https://fr.wikipedia.org/wiki/V\u00e9ronique Filozof,Page utilisant P18
Sarah Schleper,https://fr.wikipedia.org/?curid=637155,https://fr.wikipedia.org/wiki/Sarah Schleper,Wikip\u00e9dia:\u00e9bauche ski alpin
Kristina \u0160migun-V\u00e4hi,https://fr.wikipedia.org/?curid=634479,https://fr.wikipedia.org/wiki/Kristina \u0160migun-V\u00e4hi,Article utilisant une Infobox
Jonathan Brownlee,https://fr.wikipedia.org/?curid=6348927,https://fr.wikipedia.org/wiki/Jonathan Brownlee,Article utilisant une Infobox
Ielena Marian,https://fr.wikipedia.org/?curid=6351573,https://fr.wikipedia.org/wiki/Ielena Marian,Article \u00e0 illustrer Joueur de volley-ball
Anastassia Krouglova,https://fr.wikipedia.org/?curid=6351580,https://fr.wikipedia.org/wiki/Anastassia Krouglova,Article \u00e0 illustrer Joueur de volley-ball
Danica Radenkovi\u0107,https://fr.wikipedia.org/?curid=6351593,https://fr.wikipedia.org/wiki/Danica Radenkovi\u0107,Article utilisant une Infobox
Claudia Pechstein,https://fr.wikipedia.org/?curid=634410,https://fr.wikipedia.org/wiki/Claudia Pechstein,Wikip\u00e9dia:\u00e9bauche patinage de vitesse
Silvia Soler Espinosa,https://fr.wikipedia.org/?curid=6355227,https://fr.wikipedia.org/wiki/Silvia Soler Espinosa,Article utilisant une Infobox
Serafima Testiana\u00efa,https://fr.wikipedia.org/?curid=6355418,https://fr.wikipedia.org/wiki/Serafima Testiana\u00efa,Article utilisant une Infobox
Hiwot Ayalew,https://fr.wikipedia.org/?curid=6352150,https://fr.wikipedia.org/wiki/Hiwot Ayalew,Article utilisant une Infobox
Natalia Krotkova,https://fr.wikipedia.org/?curid=6353378,https://fr.wikipedia.org/wiki/Natalia Krotkova,Article utilisant une Infobox
Abiodun Oyepitan,https://fr.wikipedia.org/?curid=6353543,https://fr.wikipedia.org/wiki/Abiodun Oyepitan,Wikip\u00e9dia:\u00e9bauche athl\u00e8te britannique
Isabelle Stoehr,https://fr.wikipedia.org/?curid=6345617,https://fr.wikipedia.org/wiki/Isabelle Stoehr,Article \u00e0 illustrer Joueur de squash
Iekaterina Boulatova,https://fr.wikipedia.org/?curid=6345714,https://fr.wikipedia.org/wiki/Iekaterina Boulatova,Article \u00e0 illustrer Joueur de volley-ball
Natalya Smirnitskaya,https://fr.wikipedia.org/?curid=6341103,https://fr.wikipedia.org/wiki/Natalya Smirnitskaya,Wikip\u00e9dia:\u00e9bauche athl\u00e8te sovi\u00e9tique
Slash (guitariste),https://fr.wikipedia.org/?curid=63419,https://fr.wikipedia.org/wiki/Slash (guitariste),Article manquant de r\u00e9f\u00e9rences depuis d\u00e9cembre 2008
Chlo\u00e9 Trespeuch,https://fr.wikipedia.org/?curid=6361896,https://fr.wikipedia.org/wiki/Chlo\u00e9 Trespeuch,Wikip\u00e9dia:\u00e9bauche sportif fran\u00e7ais
Cindy Klassen,https://fr.wikipedia.org/?curid=636266,https://fr.wikipedia.org/wiki/Cindy Klassen,Page utilisant P569
Saraya (catch),https://fr.wikipedia.org/?curid=6367351,https://fr.wikipedia.org/wiki/Saraya (catch),Article \u00e0 recycler/Liste compl\u00e8te
Maisie Williams,https://fr.wikipedia.org/?curid=6364844,https://fr.wikipedia.org/wiki/Maisie Williams,Article contenant un lien mort
Sophie Turner,https://fr.wikipedia.org/?curid=6364887,https://fr.wikipedia.org/wiki/Sophie Turner,Article contenant un lien mort
Kareena Kapoor,https://fr.wikipedia.org/?curid=622975,https://fr.wikipedia.org/wiki/Kareena Kapoor,Article utilisant une Infobox
W. E. B. Du Bois,https://fr.wikipedia.org/?curid=610231,https://fr.wikipedia.org/wiki/W. E. B. Du Bois,Page utilisant P569
Lenka \u0160arounov\u00e1,https://fr.wikipedia.org/?curid=623061,https://fr.wikipedia.org/wiki/Lenka \u0160arounov\u00e1,Wikip\u00e9dia:\u00e9bauche astronome
Karisma Kapoor,https://fr.wikipedia.org/?curid=623103,https://fr.wikipedia.org/wiki/Karisma Kapoor,Article contenant un lien mort
Lizzie McGuire,https://fr.wikipedia.org/?curid=622866,https://fr.wikipedia.org/wiki/Lizzie McGuire,Article utilisant une Infobox
Ingrid Bergman,https://fr.wikipedia.org/?curid=44998,https://fr.wikipedia.org/wiki/Ingrid Bergman,Article manquant de r\u00e9f\u00e9rences depuis avril 2009
Nao Kodaira,https://fr.wikipedia.org/?curid=4532479,https://fr.wikipedia.org/wiki/Nao Kodaira,Wikip\u00e9dia:\u00e9bauche patinage de vitesse
Katarzyna Wo\u017aniak,https://fr.wikipedia.org/?curid=4532490,https://fr.wikipedia.org/wiki/Katarzyna Wo\u017aniak,Wikip\u00e9dia:\u00e9bauche patinage de vitesse
Maryse \u00c9wanj\u00e9-\u00c9p\u00e9e,https://fr.wikipedia.org/?curid=449270,https://fr.wikipedia.org/wiki/Maryse \u00c9wanj\u00e9-\u00c9p\u00e9e,Article utilisant une Infobox
Christina Liebherr,https://fr.wikipedia.org/?curid=4529887,https://fr.wikipedia.org/wiki/Christina Liebherr,Article utilisant une Infobox
Liste des distinctions de Clint Eastwood,https://fr.wikipedia.org/?curid=4740788,https://fr.wikipedia.org/wiki/Liste des distinctions de Clint Eastwood,Article utilisant une Infobox
Filmographie de Clint Eastwood,https://fr.wikipedia.org/?curid=4740847,https://fr.wikipedia.org/wiki/Filmographie de Clint Eastwood,Portail:Cin\u00e9ma am\u00e9ricain/Articles li\u00e9s
Francesca Ferretti,https://fr.wikipedia.org/?curid=4738096,https://fr.wikipedia.org/wiki/Francesca Ferretti,Wikip\u00e9dia:\u00e9bauche joueuse italienne de volley-ball
Chanelle Scheepers,https://fr.wikipedia.org/?curid=4745121,https://fr.wikipedia.org/wiki/Chanelle Scheepers,Article utilisant une Infobox
Chantal R\u00e9ga,https://fr.wikipedia.org/?curid=453884,https://fr.wikipedia.org/wiki/Chantal R\u00e9ga,Article utilisant une Infobox
Marie-Christine Cazier,https://fr.wikipedia.org/?curid=453889,https://fr.wikipedia.org/wiki/Marie-Christine Cazier,Article \u00e0 illustrer Athl\u00e8te
Laurine van Riessen,https://fr.wikipedia.org/?curid=4506749,https://fr.wikipedia.org/wiki/Laurine van Riessen,Wikip\u00e9dia:\u00e9bauche patinage de vitesse
Anushka Sharma,https://fr.wikipedia.org/?curid=4561466,https://fr.wikipedia.org/wiki/Anushka Sharma,Article utilisant une Infobox
Annie Cordy,https://fr.wikipedia.org/?curid=4746448,https://fr.wikipedia.org/wiki/Annie Cordy,Article contenant un lien mort
Pr\u00e9sentateurs du Concours Eurovision de la chanson,https://fr.wikipedia.org/?curid=4748768,https://fr.wikipedia.org/wiki/Pr\u00e9sentateurs du Concours Eurovision de la chanson,Portail:Eurovision/Articles li\u00e9s
Ma\u00efka P,https://fr.wikipedia.org/?curid=4698477,https://fr.wikipedia.org/wiki/Ma\u00efka P,Wikip\u00e9dia:\u00e9bauche chanteur fran\u00e7ais
Anastasija Sevastova,https://fr.wikipedia.org/?curid=4699592,https://fr.wikipedia.org/wiki/Anastasija Sevastova,Article utilisant une Infobox
Rita Trapanese,https://fr.wikipedia.org/?curid=4699644,https://fr.wikipedia.org/wiki/Rita Trapanese,Page utilisant P569
Isabelle Mouthon-Michellys,https://fr.wikipedia.org/?curid=4731986,https://fr.wikipedia.org/wiki/Isabelle Mouthon-Michellys,Article \u00e0 illustrer Sportif
LaShauntea Moore,https://fr.wikipedia.org/?curid=4709332,https://fr.wikipedia.org/wiki/LaShauntea Moore,Article \u00e0 illustrer Athl\u00e8te
Ai Sugiyama,https://fr.wikipedia.org/?curid=470817,https://fr.wikipedia.org/wiki/Ai Sugiyama,Article utilisant une Infobox
Ky\u014dko Okazaki,https://fr.wikipedia.org/?curid=4717039,https://fr.wikipedia.org/wiki/Ky\u014dko Okazaki,Wikip\u00e9dia:\u00e9bauche mangaka
Ding Ning,https://fr.wikipedia.org/?curid=3957104,https://fr.wikipedia.org/wiki/Ding Ning,Article utilisant une Infobox
Hinkelien Schreuder,https://fr.wikipedia.org/?curid=3969771,https://fr.wikipedia.org/wiki/Hinkelien Schreuder,Article \u00e0 illustrer Nageur
Vincenza Cal\u00ec,https://fr.wikipedia.org/?curid=3961403,https://fr.wikipedia.org/wiki/Vincenza Cal\u00ec,Wikip\u00e9dia:\u00e9bauche athl\u00e8te italien
Nadejda Kosintseva,https://fr.wikipedia.org/?curid=3961462,https://fr.wikipedia.org/wiki/Nadejda Kosintseva,Page utilisant P1559
Chryste Gaines,https://fr.wikipedia.org/?curid=397415,https://fr.wikipedia.org/wiki/Chryste Gaines,Wikip\u00e9dia:\u00e9bauche athl\u00e8te am\u00e9ricain
The Way We Were (chanson),https://fr.wikipedia.org/?curid=4148759,https://fr.wikipedia.org/wiki/The Way We Were (chanson),Wikip\u00e9dia:\u00e9bauche chanson
Lara Grangeon,https://fr.wikipedia.org/?curid=4150858,https://fr.wikipedia.org/wiki/Lara Grangeon,Article utilisant une Infobox
Leila Ben Youssef,https://fr.wikipedia.org/?curid=4150400,https://fr.wikipedia.org/wiki/Leila Ben Youssef,Wikip\u00e9dia:\u00e9bauche athl\u00e8te tunisien
Momoko Ueda,https://fr.wikipedia.org/?curid=4150538,https://fr.wikipedia.org/wiki/Momoko Ueda,Wikip\u00e9dia:\u00e9bauche golf
Jacques Rivette,https://fr.wikipedia.org/?curid=41296,https://fr.wikipedia.org/wiki/Jacques Rivette,Page utilisant P569
Stephanie Vogt,https://fr.wikipedia.org/?curid=4133481,https://fr.wikipedia.org/wiki/Stephanie Vogt,Article utilisant une Infobox
Laura Izibor,https://fr.wikipedia.org/?curid=4142207,https://fr.wikipedia.org/wiki/Laura Izibor,Article utilisant une Infobox
Marie-Laure Delie,https://fr.wikipedia.org/?curid=4140207,https://fr.wikipedia.org/wiki/Marie-Laure Delie,Article utilisant une Infobox
M\u00e9lissa Plaza,https://fr.wikipedia.org/?curid=4140232,https://fr.wikipedia.org/wiki/M\u00e9lissa Plaza,Article utilisant une Infobox
Yuridia,https://fr.wikipedia.org/?curid=4134668,https://fr.wikipedia.org/wiki/Yuridia,Article utilisant une Infobox
Natusha,https://fr.wikipedia.org/?curid=4134960,https://fr.wikipedia.org/wiki/Natusha,Article manquant de r\u00e9f\u00e9rences depuis ao\u00fbt 2018
Yvonne Mitchell,https://fr.wikipedia.org/?curid=4131148,https://fr.wikipedia.org/wiki/Yvonne Mitchell,Wikip\u00e9dia:\u00e9bauche acteur britannique
Dawn Burrell,https://fr.wikipedia.org/?curid=4110175,https://fr.wikipedia.org/wiki/Dawn Burrell,Wikip\u00e9dia:\u00e9bauche athl\u00e8te am\u00e9ricain
Philippe Lie,https://fr.wikipedia.org/?curid=8184854,https://fr.wikipedia.org/wiki/Philippe Lie,Article \u00e0 illustrer Sportif
Liste des m\u00e9daill\u00e9s aux Jeux olympiques d'\u00e9t\u00e9 de 1996,https://fr.wikipedia.org/?curid=8184858,https://fr.wikipedia.org/wiki/Liste des m\u00e9daill\u00e9s aux Jeux olympiques d'\u00e9t\u00e9 de 1996,Page utilisant une pr\u00e9sentation en colonnes avec un nombre fixe de colonnes
Alison Wheeler,https://fr.wikipedia.org/?curid=8157084,https://fr.wikipedia.org/wiki/Alison Wheeler,Page dont la protection est \u00e0 v\u00e9rifier
Sylvain Sudrie,https://fr.wikipedia.org/?curid=8215371,https://fr.wikipedia.org/wiki/Sylvain Sudrie,Article utilisant une Infobox
Ma\u0142gorzata Ho\u0142ub-Kowalik,https://fr.wikipedia.org/?curid=8215835,https://fr.wikipedia.org/wiki/Ma\u0142gorzata Ho\u0142ub-Kowalik,Article utilisant une Infobox
Anne Tilloy,https://fr.wikipedia.org/?curid=8213007,https://fr.wikipedia.org/wiki/Anne Tilloy,Article manquant de r\u00e9f\u00e9rences depuis juin 2022
Marina Markovi\u0107,https://fr.wikipedia.org/?curid=8212463,https://fr.wikipedia.org/wiki/Marina Markovi\u0107,Wikip\u00e9dia:\u00e9bauche basket-ball
Laila Traby,https://fr.wikipedia.org/?curid=8211839,https://fr.wikipedia.org/wiki/Laila Traby,Wikip\u00e9dia:\u00e9bauche athl\u00e8te fran\u00e7ais
Raneem El Weleily,https://fr.wikipedia.org/?curid=8237581,https://fr.wikipedia.org/wiki/Raneem El Weleily,Article utilisant une Infobox
Maite Z\u00fa\u00f1iga,https://fr.wikipedia.org/?curid=8236105,https://fr.wikipedia.org/wiki/Maite Z\u00fa\u00f1iga,Wikip\u00e9dia:\u00e9bauche athl\u00e8te espagnol
Ester de Vries,https://fr.wikipedia.org/?curid=8261589,https://fr.wikipedia.org/wiki/Ester de Vries,Article \u00e0 illustrer Joueur de volley-ball
Shelby Rogers,https://fr.wikipedia.org/?curid=8117402,https://fr.wikipedia.org/wiki/Shelby Rogers,Article utilisant une Infobox
Liste des Premi\u00e8res dames des \u00c9tats-Unis,https://fr.wikipedia.org/?curid=8088781,https://fr.wikipedia.org/wiki/Liste des Premi\u00e8res dames des \u00c9tats-Unis,Cat\u00e9gorie Commons avec lien local identique sur Wikidata
Gina Mancuso,https://fr.wikipedia.org/?curid=8083887,https://fr.wikipedia.org/wiki/Gina Mancuso,Wikip\u00e9dia:\u00e9bauche joueuse am\u00e9ricaine de volley-ball
Anca Heltne,https://fr.wikipedia.org/?curid=8087245,https://fr.wikipedia.org/wiki/Anca Heltne,Wikip\u00e9dia:\u00e9bauche athl\u00e8te roumain
Ayelet Shaked,https://fr.wikipedia.org/?curid=8141656,https://fr.wikipedia.org/wiki/Ayelet Shaked,Recension temporaire pour le mod\u00e8le Article
Zuzana Mudrov\u00e1,https://fr.wikipedia.org/?curid=8141729,https://fr.wikipedia.org/wiki/Zuzana Mudrov\u00e1,Article \u00e0 illustrer Joueur de volley-ball
Alemitu Heroye,https://fr.wikipedia.org/?curid=8149198,https://fr.wikipedia.org/wiki/Alemitu Heroye,Wikip\u00e9dia:\u00e9bauche athl\u00e8te \u00e9thiopien
Morgan Lake,https://fr.wikipedia.org/?curid=8149218,https://fr.wikipedia.org/wiki/Morgan Lake,Article utilisant une Infobox
Nastassia Kinnunen,https://fr.wikipedia.org/?curid=8151519,https://fr.wikipedia.org/wiki/Nastassia Kinnunen,Article utilisant une Infobox
Svetlana Nikolaeva,https://fr.wikipedia.org/?curid=8146576,https://fr.wikipedia.org/wiki/Svetlana Nikolaeva,Wikip\u00e9dia:\u00e9bauche ski de fond
Valentina Novikova,https://fr.wikipedia.org/?curid=8146611,https://fr.wikipedia.org/wiki/Valentina Novikova,Wikip\u00e9dia:\u00e9bauche ski de fond
Pills N Potions,https://fr.wikipedia.org/?curid=8078579,https://fr.wikipedia.org/wiki/Pills N Potions,Article contenant un lien mort
Marianne Fersola,https://fr.wikipedia.org/?curid=8057850,https://fr.wikipedia.org/wiki/Marianne Fersola,Wikip\u00e9dia:\u00e9bauche joueuse dominicaine de volley-ball
Yuliya Kondakova,https://fr.wikipedia.org/?curid=8055371,https://fr.wikipedia.org/wiki/Yuliya Kondakova,Wikip\u00e9dia:\u00e9bauche athl\u00e8te russe
Joanna Fiodorow,https://fr.wikipedia.org/?curid=8055475,https://fr.wikipedia.org/wiki/Joanna Fiodorow,Wikip\u00e9dia:\u00e9bauche athl\u00e8te polonais
Liste des personnages de Tokyo Mew Mew,https://fr.wikipedia.org/?curid=8156200,https://fr.wikipedia.org/wiki/Liste des personnages de Tokyo Mew Mew,Portail:Animation et bande dessin\u00e9e asiatiques/Articles li\u00e9s
Rouguy Diallo,https://fr.wikipedia.org/?curid=8155194,https://fr.wikipedia.org/wiki/Rouguy Diallo,Wikip\u00e9dia:\u00e9bauche athl\u00e8te fran\u00e7ais
Ruth Jebet,https://fr.wikipedia.org/?curid=8155211,https://fr.wikipedia.org/wiki/Ruth Jebet,Article utilisant une Infobox
Ariana Washington,https://fr.wikipedia.org/?curid=8155298,https://fr.wikipedia.org/wiki/Ariana Washington,Wikip\u00e9dia:\u00e9bauche athl\u00e8te am\u00e9ricain
Caroline Kilel,https://fr.wikipedia.org/?curid=8155652,https://fr.wikipedia.org/wiki/Caroline Kilel,Wikip\u00e9dia:\u00e9bauche athl\u00e8te k\u00e9nyan
Margaret Wambui,https://fr.wikipedia.org/?curid=8151903,https://fr.wikipedia.org/wiki/Margaret Wambui,Wikip\u00e9dia:\u00e9bauche athl\u00e8te k\u00e9nyan
Akela Jones,https://fr.wikipedia.org/?curid=8151920,https://fr.wikipedia.org/wiki/Akela Jones,Article utilisant une Infobox
Maddie Ziegler,https://fr.wikipedia.org/?curid=8155018,https://fr.wikipedia.org/wiki/Maddie Ziegler,Article utilisant une Infobox
Guo Tianqian,https://fr.wikipedia.org/?curid=8152861,https://fr.wikipedia.org/wiki/Guo Tianqian,Wikip\u00e9dia:\u00e9bauche athl\u00e8te chinois
Izabela da Silva,https://fr.wikipedia.org/?curid=8152917,https://fr.wikipedia.org/wiki/Izabela da Silva,Wikip\u00e9dia:\u00e9bauche athl\u00e8te br\u00e9silien
Sarah Fisher,https://fr.wikipedia.org/?curid=813193,https://fr.wikipedia.org/wiki/Sarah Fisher,Page utilisant P569
Kaylin Whitney,https://fr.wikipedia.org/?curid=8132109,https://fr.wikipedia.org/wiki/Kaylin Whitney,Wikip\u00e9dia:\u00e9bauche athl\u00e8te am\u00e9ricain
Kendall Baisden,https://fr.wikipedia.org/?curid=8132231,https://fr.wikipedia.org/wiki/Kendall Baisden,Wikip\u00e9dia:\u00e9bauche athl\u00e8te am\u00e9ricain
Mala Zimetbaum,https://fr.wikipedia.org/?curid=8118547,https://fr.wikipedia.org/wiki/Mala Zimetbaum,Article utilisant une Infobox
Deborah Cox,https://fr.wikipedia.org/?curid=8135279,https://fr.wikipedia.org/wiki/Deborah Cox,Article contenant un lien mort
Stephanie Schneider,https://fr.wikipedia.org/?curid=8130955,https://fr.wikipedia.org/wiki/Stephanie Schneider,Wikip\u00e9dia:\u00e9bauche bobsleigh
Miss Delaware USA,https://fr.wikipedia.org/?curid=8036115,https://fr.wikipedia.org/wiki/Miss Delaware USA,Portail:Mannequinat/Articles li\u00e9s
Liste des \u00e9pouses des princes des Asturies,https://fr.wikipedia.org/?curid=8036208,https://fr.wikipedia.org/wiki/Liste des \u00e9pouses des princes des Asturies,Article utilisant une Infobox
Emma Dahlstr\u00f6m,https://fr.wikipedia.org/?curid=8036327,https://fr.wikipedia.org/wiki/Emma Dahlstr\u00f6m,Wikip\u00e9dia:\u00e9bauche personnalit\u00e9 su\u00e9doise
Miss Alabama,https://fr.wikipedia.org/?curid=8036479,https://fr.wikipedia.org/wiki/Miss Alabama,Portail:Mannequinat/Articles li\u00e9s
Jaimie Thibeault,https://fr.wikipedia.org/?curid=8047853,https://fr.wikipedia.org/wiki/Jaimie Thibeault,Article utilisant une Infobox
Really Don't Care,https://fr.wikipedia.org/?curid=8047924,https://fr.wikipedia.org/wiki/Really Don't Care,Article utilisant une Infobox
We Are One (Ole Ola),https://fr.wikipedia.org/?curid=8048257,https://fr.wikipedia.org/wiki/We Are One (Ole Ola),Article utilisant une Infobox
Jenn Shelton,https://fr.wikipedia.org/?curid=8061262,https://fr.wikipedia.org/wiki/Jenn Shelton,Article \u00e0 illustrer Athl\u00e8te
L\u00e9ia Silva,https://fr.wikipedia.org/?curid=8063294,https://fr.wikipedia.org/wiki/L\u00e9ia Silva,Article utilisant une Infobox
Zarina Diyas,https://fr.wikipedia.org/?curid=8074198,https://fr.wikipedia.org/wiki/Zarina Diyas,Article utilisant une Infobox
Magic Knight Rayearth,https://fr.wikipedia.org/?curid=8349,https://fr.wikipedia.org/wiki/Magic Knight Rayearth,Article utilisant une Infobox
Polina Pekhova,https://fr.wikipedia.org/?curid=8292260,https://fr.wikipedia.org/wiki/Polina Pekhova,Article utilisant une Infobox
Daria Gavrilova,https://fr.wikipedia.org/?curid=8296121,https://fr.wikipedia.org/wiki/Daria Gavrilova,Article utilisant une Infobox
Anastasiya Yakimova,https://fr.wikipedia.org/?curid=829397,https://fr.wikipedia.org/wiki/Anastasiya Yakimova,Article utilisant une Infobox
Grace Min,https://fr.wikipedia.org/?curid=8296589,https://fr.wikipedia.org/wiki/Grace Min,Wikip\u00e9dia:\u00e9bauche tennis
Elizaveta Kulichkova,https://fr.wikipedia.org/?curid=8295195,https://fr.wikipedia.org/wiki/Elizaveta Kulichkova,Article utilisant une Infobox
Ana Konjuh,https://fr.wikipedia.org/?curid=8295538,https://fr.wikipedia.org/wiki/Ana Konjuh,Article utilisant une Infobox
Kate\u0159ina Siniakov\u00e1,https://fr.wikipedia.org/?curid=8307776,https://fr.wikipedia.org/wiki/Kate\u0159ina Siniakov\u00e1,Article utilisant une Infobox
Daria Talycheva,https://fr.wikipedia.org/?curid=8321804,https://fr.wikipedia.org/wiki/Daria Talycheva,Article utilisant une Infobox
Kabange Mupopo,https://fr.wikipedia.org/?curid=8317925,https://fr.wikipedia.org/wiki/Kabange Mupopo,Wikip\u00e9dia:\u00e9bauche athl\u00e8te zambien
Rikenette Steenkamp,https://fr.wikipedia.org/?curid=8318053,https://fr.wikipedia.org/wiki/Rikenette Steenkamp,Wikip\u00e9dia:\u00e9bauche athl\u00e8te sud-africain
Ami Kond\u014d,https://fr.wikipedia.org/?curid=8254413,https://fr.wikipedia.org/wiki/Ami Kond\u014d,Article \u00e0 illustrer Judoka
Nawal Meniker,https://fr.wikipedia.org/?curid=8255006,https://fr.wikipedia.org/wiki/Nawal Meniker,Article utilisant une Infobox
Ezgi Dilik,https://fr.wikipedia.org/?curid=8243886,https://fr.wikipedia.org/wiki/Ezgi Dilik,Article utilisant une Infobox
Natasha Bedingfield,https://fr.wikipedia.org/?curid=825304,https://fr.wikipedia.org/wiki/Natasha Bedingfield,Article utilisant une Infobox
Francesca Lollobrigida,https://fr.wikipedia.org/?curid=8250908,https://fr.wikipedia.org/wiki/Francesca Lollobrigida,Wikip\u00e9dia:\u00e9bauche patinage de vitesse
Le Seigneur des anneaux : La Communaut\u00e9 de l'anneau,https://fr.wikipedia.org/?curid=82335,https://fr.wikipedia.org/wiki/Le Seigneur des anneaux : La Communaut\u00e9 de l'anneau,Article utilisant une Infobox
System Shock 2,https://fr.wikipedia.org/?curid=827075,https://fr.wikipedia.org/wiki/System Shock 2,Page utilisant P407
Amanda Coetzer,https://fr.wikipedia.org/?curid=830163,https://fr.wikipedia.org/wiki/Amanda Coetzer,Article utilisant une Infobox
Nadine Caster,https://fr.wikipedia.org/?curid=8325017,https://fr.wikipedia.org/wiki/Nadine Caster,Wikip\u00e9dia:\u00e9bauche athl\u00e8te fran\u00e7ais
Nadine Fourcade,https://fr.wikipedia.org/?curid=8325039,https://fr.wikipedia.org/wiki/Nadine Fourcade,Wikip\u00e9dia:\u00e9bauche athl\u00e8te fran\u00e7ais
Jenny Fouasseau,https://fr.wikipedia.org/?curid=8329164,https://fr.wikipedia.org/wiki/Jenny Fouasseau,Article utilisant une Infobox
Vera Klimovich,https://fr.wikipedia.org/?curid=8269953,https://fr.wikipedia.org/wiki/Vera Klimovich,Article utilisant une Infobox
Stephanie Morton,https://fr.wikipedia.org/?curid=8269361,https://fr.wikipedia.org/wiki/Stephanie Morton,Page utilisant P569
Tina Trstenjak,https://fr.wikipedia.org/?curid=8265419,https://fr.wikipedia.org/wiki/Tina Trstenjak,Article utilisant une Infobox
Rebecka Lazic,https://fr.wikipedia.org/?curid=8240294,https://fr.wikipedia.org/wiki/Rebecka Lazic,Article \u00e0 illustrer Joueur de volley-ball
Yelizaveta Demirova,https://fr.wikipedia.org/?curid=8226683,https://fr.wikipedia.org/wiki/Yelizaveta Demirova,Wikip\u00e9dia:\u00e9bauche athl\u00e8te russe
Kristina Makarenko,https://fr.wikipedia.org/?curid=8226723,https://fr.wikipedia.org/wiki/Kristina Makarenko,Wikip\u00e9dia:\u00e9bauche athl\u00e8te russe
Kirsty Balfour,https://fr.wikipedia.org/?curid=8247118,https://fr.wikipedia.org/wiki/Kirsty Balfour,Wikip\u00e9dia:\u00e9bauche natation
Ella Henderson,https://fr.wikipedia.org/?curid=8256100,https://fr.wikipedia.org/wiki/Ella Henderson,Wikip\u00e9dia:\u00e9bauche chanteur britannique
Kirsten Vlieghuis,https://fr.wikipedia.org/?curid=8278332,https://fr.wikipedia.org/wiki/Kirsten Vlieghuis,Article \u00e0 illustrer Nageur
Tavelyn James,https://fr.wikipedia.org/?curid=8072490,https://fr.wikipedia.org/wiki/Tavelyn James,Article \u00e0 illustrer Joueur de basket-ball
Le Tombeau des lucioles,https://fr.wikipedia.org/?curid=8097,https://fr.wikipedia.org/wiki/Le Tombeau des lucioles,Article utilisant une Infobox
Le Voyage de Chihiro,https://fr.wikipedia.org/?curid=8096,https://fr.wikipedia.org/wiki/Le Voyage de Chihiro,Article contenant un appel \u00e0 traduction en anglais
Corrie de Bruin,https://fr.wikipedia.org/?curid=8096173,https://fr.wikipedia.org/wiki/Corrie de Bruin,Wikip\u00e9dia:\u00e9bauche athl\u00e8te n\u00e9erlandais
The New Classic,https://fr.wikipedia.org/?curid=8096208,https://fr.wikipedia.org/wiki/The New Classic,Article contenant un appel \u00e0 traduction en anglais
Esther van Berkel,https://fr.wikipedia.org/?curid=8096422,https://fr.wikipedia.org/wiki/Esther van Berkel,Article utilisant une Infobox
Oph\u00e9lie Claude-Boxberger,https://fr.wikipedia.org/?curid=8157839,https://fr.wikipedia.org/wiki/Oph\u00e9lie Claude-Boxberger,Article utilisant une Infobox
Mami Uchiseto,https://fr.wikipedia.org/?curid=8185621,https://fr.wikipedia.org/wiki/Mami Uchiseto,Article utilisant une Infobox
Yosiris Urrutia,https://fr.wikipedia.org/?curid=8185940,https://fr.wikipedia.org/wiki/Yosiris Urrutia,Wikip\u00e9dia:\u00e9bauche athl\u00e8te colombien
Katharina Bauer,https://fr.wikipedia.org/?curid=8186336,https://fr.wikipedia.org/wiki/Katharina Bauer,Wikip\u00e9dia:\u00e9bauche athl\u00e8te allemand
Ana Borges,https://fr.wikipedia.org/?curid=8181171,https://fr.wikipedia.org/wiki/Ana Borges,Article utilisant une Infobox
Emelie Wikstr\u00f6m,https://fr.wikipedia.org/?curid=8034573,https://fr.wikipedia.org/wiki/Emelie Wikstr\u00f6m,Wikip\u00e9dia:\u00e9bauche ski alpin
Tiiamari Siev\u00e4nen,https://fr.wikipedia.org/?curid=8039575,https://fr.wikipedia.org/wiki/Tiiamari Siev\u00e4nen,Article \u00e0 illustrer Joueur de volley-ball
Lella Lombardi,https://fr.wikipedia.org/?curid=804040,https://fr.wikipedia.org/wiki/Lella Lombardi,Wikip\u00e9dia:\u00e9bauche endurance automobile
Miss Idaho USA,https://fr.wikipedia.org/?curid=8038451,https://fr.wikipedia.org/wiki/Miss Idaho USA,Portail:Mannequinat/Articles li\u00e9s
P\u0159emysl \u0160varc,https://fr.wikipedia.org/?curid=8038766,https://fr.wikipedia.org/wiki/P\u0159emysl \u0160varc,Wikip\u00e9dia:\u00e9bauche triathl\u00e8te
Saoussen Boudiaf,https://fr.wikipedia.org/?curid=8041071,https://fr.wikipedia.org/wiki/Saoussen Boudiaf,Wikip\u00e9dia:\u00e9bauche escrimeuse fran\u00e7aise
Tinashe,https://fr.wikipedia.org/?curid=8040079,https://fr.wikipedia.org/wiki/Tinashe,Article utilisant une Infobox
Problem (chanson d'Ariana Grande),https://fr.wikipedia.org/?curid=8042221,https://fr.wikipedia.org/wiki/Problem (chanson d'Ariana Grande),Article contenant un lien mort
Miss Illinois USA,https://fr.wikipedia.org/?curid=8042393,https://fr.wikipedia.org/wiki/Miss Illinois USA,Portail:Mannequinat/Articles li\u00e9s
Ana-Maria \u0218tefan,https://fr.wikipedia.org/?curid=8041581,https://fr.wikipedia.org/wiki/Ana-Maria \u0218tefan,Article \u00e0 illustrer Joueur de volley-ball
Jennifer Fish,https://fr.wikipedia.org/?curid=8195086,https://fr.wikipedia.org/wiki/Jennifer Fish,Wikip\u00e9dia:\u00e9bauche patinage de vitesse
Marlies Oberholzer,https://fr.wikipedia.org/?curid=8193783,https://fr.wikipedia.org/wiki/Marlies Oberholzer,Article \u00e0 illustrer Sportif
Charlotta Fougberg,https://fr.wikipedia.org/?curid=8186398,https://fr.wikipedia.org/wiki/Charlotta Fougberg,Wikip\u00e9dia:\u00e9bauche athl\u00e8te su\u00e9dois
Winnie Nanyondo,https://fr.wikipedia.org/?curid=8172031,https://fr.wikipedia.org/wiki/Winnie Nanyondo,Wikip\u00e9dia:\u00e9bauche athl\u00e8te ougandais
Seema Antil,https://fr.wikipedia.org/?curid=8172228,https://fr.wikipedia.org/wiki/Seema Antil,Wikip\u00e9dia:\u00e9bauche athl\u00e8te indien
Betsy Saina,https://fr.wikipedia.org/?curid=8198939,https://fr.wikipedia.org/wiki/Betsy Saina,Wikip\u00e9dia:\u00e9bauche athl\u00e8te k\u00e9nyan
Amalie Dideriksen,https://fr.wikipedia.org/?curid=8199747,https://fr.wikipedia.org/wiki/Amalie Dideriksen,Page utilisant P569
Ekaterina Stolyarova,https://fr.wikipedia.org/?curid=8158174,https://fr.wikipedia.org/wiki/Ekaterina Stolyarova,Page utilisant P569
Anth\u00ed Vasilanton\u00e1ki,https://fr.wikipedia.org/?curid=8163011,https://fr.wikipedia.org/wiki/Anth\u00ed Vasilanton\u00e1ki,Article utilisant une Infobox
Janet Kisa,https://fr.wikipedia.org/?curid=8175879,https://fr.wikipedia.org/wiki/Janet Kisa,Wikip\u00e9dia:\u00e9bauche athl\u00e8te k\u00e9nyan
Emelie Forsberg,https://fr.wikipedia.org/?curid=8204905,https://fr.wikipedia.org/wiki/Emelie Forsberg,Wikip\u00e9dia:\u00e9bauche ultra-trail
Manuela Levorato,https://fr.wikipedia.org/?curid=820523,https://fr.wikipedia.org/wiki/Manuela Levorato,Wikip\u00e9dia:\u00e9bauche athl\u00e8te italien
Manuela Gro\u00df,https://fr.wikipedia.org/?curid=8204058,https://fr.wikipedia.org/wiki/Manuela Gro\u00df,Article utilisant une Infobox
Kimberly Baldwin,https://fr.wikipedia.org/?curid=8204106,https://fr.wikipedia.org/wiki/Kimberly Baldwin,Page utilisant P1477
Gabriela Dabrowski,https://fr.wikipedia.org/?curid=8203277,https://fr.wikipedia.org/wiki/Gabriela Dabrowski,Article utilisant une Infobox
Suzanne Lenglen,https://fr.wikipedia.org/?curid=82025,https://fr.wikipedia.org/wiki/Suzanne Lenglen,Article utilisant une Infobox
Tony Moulai,https://fr.wikipedia.org/?curid=8202519,https://fr.wikipedia.org/wiki/Tony Moulai,Article \u00e0 illustrer Sportif
Philippe Fattori,https://fr.wikipedia.org/?curid=8202740,https://fr.wikipedia.org/wiki/Philippe Fattori,Article \u00e0 illustrer Sportif
Elmira Alembekova,https://fr.wikipedia.org/?curid=8217179,https://fr.wikipedia.org/wiki/Elmira Alembekova,Article utilisant une Infobox
Lyudmyla Olyanovska,https://fr.wikipedia.org/?curid=8217186,https://fr.wikipedia.org/wiki/Lyudmyla Olyanovska,Article utilisant une Infobox
Aziza Jalal,https://fr.wikipedia.org/?curid=8219167,https://fr.wikipedia.org/wiki/Aziza Jalal,Wikip\u00e9dia:\u00e9bauche Afrique
Colleen Ogilvie,https://fr.wikipedia.org/?curid=8218977,https://fr.wikipedia.org/wiki/Colleen Ogilvie,Article \u00e0 illustrer Joueur de volley-ball
Delphine Pelletier,https://fr.wikipedia.org/?curid=8216042,https://fr.wikipedia.org/wiki/Delphine Pelletier,Article utilisant une Infobox
Sviatlana Kudzelich,https://fr.wikipedia.org/?curid=8220174,https://fr.wikipedia.org/wiki/Sviatlana Kudzelich,Wikip\u00e9dia:\u00e9bauche athl\u00e8te bi\u00e9lorusse
Bela Khotenashvili,https://fr.wikipedia.org/?curid=8221866,https://fr.wikipedia.org/wiki/Bela Khotenashvili,Wikip\u00e9dia:\u00e9bauche \u00e9checs
Federica Del Buono,https://fr.wikipedia.org/?curid=8222546,https://fr.wikipedia.org/wiki/Federica Del Buono,Wikip\u00e9dia:\u00e9bauche athl\u00e8te italien
Eleanor Patterson,https://fr.wikipedia.org/?curid=8171525,https://fr.wikipedia.org/wiki/Eleanor Patterson,Article utilisant une Infobox
Marie-Jos\u00e8phe Fegue,https://fr.wikipedia.org/?curid=8164731,https://fr.wikipedia.org/wiki/Marie-Jos\u00e8phe Fegue,Article \u00e0 illustrer Sportif
Janieve Russell,https://fr.wikipedia.org/?curid=8166862,https://fr.wikipedia.org/wiki/Janieve Russell,Wikip\u00e9dia:\u00e9bauche athl\u00e8te jama\u00efcain
Bianca Williams,https://fr.wikipedia.org/?curid=8166892,https://fr.wikipedia.org/wiki/Bianca Williams,Wikip\u00e9dia:\u00e9bauche athl\u00e8te britannique
C\u00e9dric Fleureton,https://fr.wikipedia.org/?curid=8120467,https://fr.wikipedia.org/wiki/C\u00e9dric Fleureton,Article \u00e0 illustrer Sportif
Wenda Nel,https://fr.wikipedia.org/?curid=8410907,https://fr.wikipedia.org/wiki/Wenda Nel,Wikip\u00e9dia:\u00e9bauche athl\u00e8te sud-africain
Sanda Dubrav\u010di\u0107,https://fr.wikipedia.org/?curid=8408550,https://fr.wikipedia.org/wiki/Sanda Dubrav\u010di\u0107,Article \u00e0 illustrer Sportif
Cyril Viennot,https://fr.wikipedia.org/?curid=8353773,https://fr.wikipedia.org/wiki/Cyril Viennot,Article utilisant une Infobox
Ivy Latimer,https://fr.wikipedia.org/?curid=8369003,https://fr.wikipedia.org/wiki/Ivy Latimer,Article contenant un lien mort
Hellen Kimaiyo,https://fr.wikipedia.org/?curid=8390827,https://fr.wikipedia.org/wiki/Hellen Kimaiyo,Wikip\u00e9dia:\u00e9bauche athl\u00e8te k\u00e9nyan
Daniela Ryf,https://fr.wikipedia.org/?curid=8385037,https://fr.wikipedia.org/wiki/Daniela Ryf,Article utilisant une Infobox
Ann-Sophie Duyck,https://fr.wikipedia.org/?curid=8385622,https://fr.wikipedia.org/wiki/Ann-Sophie Duyck,Page utilisant P569
Je vole (chanson),https://fr.wikipedia.org/?curid=8378557,https://fr.wikipedia.org/wiki/Je vole (chanson),Wikip\u00e9dia:\u00e9bauche chanson fran\u00e7aise
Laetitia Blot,https://fr.wikipedia.org/?curid=8378981,https://fr.wikipedia.org/wiki/Laetitia Blot,Article \u00e0 illustrer Sportif
D\u00e9borah Rodr\u00edguez,https://fr.wikipedia.org/?curid=8379777,https://fr.wikipedia.org/wiki/D\u00e9borah Rodr\u00edguez,Wikip\u00e9dia:\u00e9bauche athl\u00e8te
Alexandra Louison,https://fr.wikipedia.org/?curid=8372984,https://fr.wikipedia.org/wiki/Alexandra Louison,Article utilisant une Infobox
Marlies Mej\u00edas,https://fr.wikipedia.org/?curid=8375103,https://fr.wikipedia.org/wiki/Marlies Mej\u00edas,Wikip\u00e9dia:\u00e9bauche coureur cycliste cubain
Alia Saeed Mohammed,https://fr.wikipedia.org/?curid=8373933,https://fr.wikipedia.org/wiki/Alia Saeed Mohammed,Wikip\u00e9dia:\u00e9bauche athl\u00e8te
L\u00fc Xiuzhi,https://fr.wikipedia.org/?curid=8373958,https://fr.wikipedia.org/wiki/L\u00fc Xiuzhi,Wikip\u00e9dia:\u00e9bauche athl\u00e8te chinois
Geoff Roes,https://fr.wikipedia.org/?curid=8374000,https://fr.wikipedia.org/wiki/Geoff Roes,Article \u00e0 illustrer Athl\u00e8te
Lin Huijun,https://fr.wikipedia.org/?curid=8374177,https://fr.wikipedia.org/wiki/Lin Huijun,Wikip\u00e9dia:\u00e9bauche athl\u00e8te chinois
Jessicka Havok,https://fr.wikipedia.org/?curid=8359936,https://fr.wikipedia.org/wiki/Jessicka Havok,Page utilisant des arguments dupliqu\u00e9s dans les appels de mod\u00e8le
Gigi Hadid,https://fr.wikipedia.org/?curid=8359361,https://fr.wikipedia.org/wiki/Gigi Hadid,Page utilisant P569
Valeria Chatounova,https://fr.wikipedia.org/?curid=8351729,https://fr.wikipedia.org/wiki/Valeria Chatounova,Article utilisant une Infobox
Krist\u00edna Ku\u010dov\u00e1,https://fr.wikipedia.org/?curid=8299813,https://fr.wikipedia.org/wiki/Krist\u00edna Ku\u010dov\u00e1,Article utilisant une Infobox
Marche aux Jeux olympiques,https://fr.wikipedia.org/?curid=8393100,https://fr.wikipedia.org/wiki/Marche aux Jeux olympiques,Article utilisant une Infobox
Sebastian Kienle,https://fr.wikipedia.org/?curid=8393102,https://fr.wikipedia.org/wiki/Sebastian Kienle,Article utilisant une Infobox
Krisztina Reg\u0151czy,https://fr.wikipedia.org/?curid=8395960,https://fr.wikipedia.org/wiki/Krisztina Reg\u0151czy,Wikip\u00e9dia:\u00e9bauche patinage artistique
Mare Dibaba,https://fr.wikipedia.org/?curid=8394804,https://fr.wikipedia.org/wiki/Mare Dibaba,Article utilisant une Infobox
Irina Merkushina,https://fr.wikipedia.org/?curid=8394873,https://fr.wikipedia.org/wiki/Irina Merkushina,Article \u00e0 illustrer Sportif
Shoo (chanteuse),https://fr.wikipedia.org/?curid=8392539,https://fr.wikipedia.org/wiki/Shoo (chanteuse),Page utilisant P569
Lynn Gaggioli,https://fr.wikipedia.org/?curid=8225297,https://fr.wikipedia.org/wiki/Lynn Gaggioli,Page utilisant P1477
