District	Location	Communities served
Agape Christian Academy	Burton Township, Ohio and Troy Township, Ohio	Accepts applications prior to the start of each school year
Hawken School	Gates Mills, Ohio	College preparatory day school: online application, site visit and testing
Hershey Montessori Farm School	Huntsburg Township, Ohio	parent-owned, and chartered by Ohio Department of Education: application deadline January each year
Notre Dame-Cathedral Latin	Munson Township, Ohio	Roman Catholic Diocese of Cleveland: open to 8th grade students who have attended a Catholic elementary school and others who have not
Solon/Bainbridge Montessori School of Languages	Bainbridge Township, Ohio	nonsectarian Montessori School: quarterly enrollment periods
Saint Anselm School	Chester Township, Ohio	Roman Catholic Diocese of Cleveland K - 8th grade; preschool
Saint Helen's School	Newbury, Ohio	Roman Catholic Diocese of Cleveland K - 8th grade; parishioners and non-parishioners
Saint Mary's School	Chardon, Ohio	Roman Catholic Diocese of Cleveland preschool - 8th grade; parishioners and non-parishioners
